-1.43600000E-5,4.65310444E-5
-1.43200000E-5,3.25605539E-5
-1.42800000E-5,4.31737195E-5
-1.42400000E-5,7.14156609E-5
-1.42000000E-5,3.18565897E-5
-1.41600000E-5,2.11659285E-5
-1.41200000E-5,6.07638429E-5
-1.40800000E-5,5.51768179E-5
-1.40400000E-5,3.93782862E-5
-1.40000000E-5,6.27885794E-5
-1.39600000E-5,3.77617509E-5
-1.39200000E-5,4.13182030E-5
-1.38800000E-5,3.25376944E-5
-1.38400000E-5,5.89866039E-5
-1.38000000E-5,2.16310832E-5
-1.37600000E-5,2.06777998E-5
-1.37200000E-5,5.96140072E-5
-1.36800000E-5,3.83484800E-5
-1.36400000E-5,6.79287985E-5
-1.36000000E-5,3.10726788E-5
-1.35600000E-5,1.71713966E-5
-1.35200000E-5,7.22539502E-5
-1.34800000E-5,4.94868150E-5
-1.34400000E-5,3.63870675E-5
-1.34000000E-5,7.17436391E-5
-1.33600000E-5,2.42984913E-5
-1.33200000E-5,2.26659438E-5
-1.32800000E-5,5.40479726E-5
-1.32400000E-5,1.95196862E-5
-1.32000000E-5,1.71742195E-5
-1.31600000E-5,2.70438814E-5
-1.31200000E-5,1.25517597E-5
-1.30800000E-5,3.31795935E-5
-1.30400000E-5,8.18913639E-5
-1.30000000E-5,4.33191739E-5
-1.29600000E-5,1.14121856E-5
-1.29200000E-5,1.83851380E-5
-1.28800000E-5,3.48806625E-5
-1.28400000E-5,6.07155107E-5
-1.28000000E-5,-1.91816980E-5
-1.27600000E-5,3.40419250E-5
-1.27200000E-5,3.43998676E-5
-1.26800000E-5,3.13618711E-5
-1.26400000E-5,5.07560412E-5
-1.26000000E-5,3.09242204E-5
-1.25600000E-5,2.71772528E-5
-1.25200000E-5,3.05230477E-5
-1.24800000E-5,3.32759814E-5
-1.24400000E-5,5.39972752E-5
-1.24000000E-5,2.28467510E-5
-1.23600000E-5,5.93528244E-5
-1.23200000E-5,4.33044492E-5
-1.22800000E-5,3.29323534E-5
-1.22400000E-5,4.80645432E-5
-1.22000000E-5,2.93438865E-5
-1.21600000E-5,1.98707433E-5
-1.21200000E-5,5.84797737E-5
-1.20800000E-5,3.43374782E-5
-1.20400000E-5,4.20523797E-5
-1.20000000E-5,2.80144168E-5
-1.19600000E-5,2.77269221E-5
-1.19200000E-5,6.22367548E-5
-1.18800000E-5,2.92079593E-5
-1.18400000E-5,5.21815269E-5
-1.18000000E-5,7.58038315E-5
-1.17600000E-5,2.70096922E-5
-1.17200000E-5,5.12852351E-5
-1.16800000E-5,5.73468562E-5
-1.16400000E-5,5.23025005E-5
-1.16000000E-5,3.61979538E-5
-1.15600000E-5,4.42168009E-5
-1.15200000E-5,8.54725241E-6
-1.14800000E-5,1.32223740E-5
-1.14400000E-5,2.71099806E-5
-1.14000000E-5,1.68992656E-5
-1.13600000E-5,4.38156759E-5
-1.13200000E-5,5.15827052E-5
-1.12800000E-5,6.53427102E-5
-1.12400000E-5,2.21959540E-5
-1.12000000E-5,7.46358283E-5
-1.11600000E-5,3.03987935E-5
-1.11200000E-5,4.62910903E-5
-1.10800000E-5,8.63211989E-6
-1.10400000E-5,2.48248051E-5
-1.10000000E-5,5.05294005E-5
-1.09600000E-5,1.36918012E-5
-1.09200000E-5,1.86856980E-5
-1.08800000E-5,8.11662075E-6
-1.08400000E-5,2.03679414E-5
-1.08000000E-5,1.84013886E-5
-1.07600000E-5,4.86751428E-5
-1.07200000E-5,4.92851511E-5
-1.06800000E-5,1.25383988E-5
-1.06400000E-5,5.93248055E-5
-1.06000000E-5,3.52303367E-5
-1.05600000E-5,5.58899088E-5
-1.05200000E-5,6.36844039E-5
-1.04800000E-5,2.08881803E-5
-1.04400000E-5,7.58719795E-6
-1.04000000E-5,1.12289657E-5
-1.03600000E-5,3.47983699E-5
-1.03200000E-5,3.51645141E-5
-1.02800000E-5,6.87521914E-5
-1.02400000E-5,3.26912359E-5
-1.02000000E-5,1.67449420E-5
-1.01600000E-5,3.49839645E-5
-1.01200000E-5,3.12357572E-5
-1.00800000E-5,6.12610410E-5
-1.00400000E-5,6.16051840E-5
-1.00000000E-5,4.11731396E-5
-9.96000000E-6,3.91344698E-5
-9.92000000E-6,6.32117915E-5
-9.88000000E-6,3.22866682E-5
-9.84000000E-6,5.13972156E-5
-9.80000000E-6,4.03397426E-5
-9.76000000E-6,3.02633335E-5
-9.72000000E-6,4.56666148E-5
-9.68000000E-6,1.77023643E-5
-9.64000000E-6,3.39600902E-5
-9.60000000E-6,2.07554178E-6
-9.56000000E-6,1.26675453E-5
-9.52000000E-6,7.15739709E-5
-9.48000000E-6,2.75909281E-5
-9.44000000E-6,3.14356855E-5
-9.40000000E-6,4.89953389E-5
-9.36000000E-6,4.32256566E-5
-9.32000000E-6,1.89165730E-5
-9.28000000E-6,3.02955868E-5
-9.24000000E-6,7.62530678E-6
-9.20000000E-6,4.65498317E-5
-9.16000000E-6,3.08522084E-5
-9.12000000E-6,5.19530742E-5
-9.08000000E-6,1.74465030E-5
-9.04000000E-6,5.41620892E-5
-9.00000000E-6,2.61557897E-6
-8.96000000E-6,2.62919473E-5
-8.92000000E-6,2.26661250E-5
-8.88000000E-6,2.04231592E-5
-8.84000000E-6,2.01045652E-5
-8.80000000E-6,2.27590129E-5
-8.76000000E-6,3.31058936E-5
-8.72000000E-6,3.68604619E-5
-8.68000000E-6,4.43846285E-5
-8.64000000E-6,-4.37424388E-6
-8.60000000E-6,3.30860476E-5
-8.56000000E-6,4.21277772E-5
-8.52000000E-6,8.23890087E-6
-8.48000000E-6,3.12001279E-5
-8.44000000E-6,4.88146463E-5
-8.40000000E-6,1.11471881E-5
-8.36000000E-6,4.92359495E-6
-8.32000000E-6,2.34853504E-5
-8.28000000E-6,6.85366023E-6
-8.24000000E-6,2.26578757E-5
-8.20000000E-6,1.06778754E-5
-8.16000000E-6,3.88254889E-5
-8.12000000E-6,3.50080066E-5
-8.08000000E-6,3.48824459E-5
-8.04000000E-6,2.27837608E-5
-8.00000000E-6,2.50475549E-5
-7.96000000E-6,4.93625131E-5
-7.92000000E-6,6.25200247E-5
-7.88000000E-6,2.79706336E-5
-7.84000000E-6,6.48174072E-5
-7.80000000E-6,1.72076267E-5
-7.76000000E-6,1.26071682E-5
-7.72000000E-6,3.47596794E-5
-7.68000000E-6,4.67534794E-5
-7.64000000E-6,2.52801560E-5
-7.60000000E-6,8.06114375E-5
-7.56000000E-6,3.12560514E-5
-7.52000000E-6,1.11400737E-5
-7.48000000E-6,3.12133554E-5
-7.44000000E-6,5.00771013E-5
-7.40000000E-6,5.71417781E-5
-7.36000000E-6,3.27673582E-5
-7.32000000E-6,3.20125822E-5
-7.28000000E-6,5.57187433E-5
-7.24000000E-6,4.26306973E-5
-7.20000000E-6,4.25793992E-5
-7.16000000E-6,5.65409823E-5
-7.12000000E-6,5.98124001E-5
-7.08000000E-6,4.92246499E-5
-7.04000000E-6,2.54841470E-5
-7.00000000E-6,4.54386199E-5
-6.96000000E-6,7.54740509E-5
-6.92000000E-6,5.32010716E-5
-6.88000000E-6,7.28847486E-5
-6.84000000E-6,3.49507099E-5
-6.80000000E-6,4.82677331E-5
-6.76000000E-6,4.18024693E-5
-6.72000000E-6,4.32819139E-5
-6.68000000E-6,3.98276195E-5
-6.64000000E-6,2.19697234E-5
-6.60000000E-6,2.29386661E-5
-6.56000000E-6,2.68074560E-5
-6.52000000E-6,3.14071611E-5
-6.48000000E-6,7.12256413E-5
-6.44000000E-6,1.80505604E-5
-6.40000000E-6,5.21000164E-5
-6.36000000E-6,2.65407801E-5
-6.32000000E-6,3.18968156E-5
-6.28000000E-6,3.26820711E-5
-6.24000000E-6,4.50652564E-5
-6.20000000E-6,4.72368397E-5
-6.16000000E-6,1.41430211E-6
-6.12000000E-6,2.83498241E-5
-6.08000000E-6,2.75638247E-5
-6.04000000E-6,3.42578559E-5
-6.00000000E-6,3.29894404E-5
-5.96000000E-6,5.50551576E-5
-5.92000000E-6,3.73245389E-5
-5.88000000E-6,2.93409015E-5
-5.84000000E-6,4.74767651E-5
-5.80000000E-6,4.63037075E-5
-5.76000000E-6,8.91897561E-6
-5.72000000E-6,8.18651554E-6
-5.68000000E-6,5.54734201E-5
-5.64000000E-6,3.64782864E-5
-5.60000000E-6,2.41288040E-5
-5.56000000E-6,3.40014987E-5
-5.52000000E-6,2.15208765E-5
-5.48000000E-6,1.01814127E-4
-5.44000000E-6,3.40014701E-5
-5.40000000E-6,4.82685914E-5
-5.36000000E-6,1.52551214E-5
-5.32000000E-6,4.19133625E-5
-5.28000000E-6,6.52538182E-5
-5.24000000E-6,3.60746819E-5
-5.20000000E-6,5.33976620E-5
-5.16000000E-6,4.75824608E-5
-5.12000000E-6,4.95747629E-5
-5.08000000E-6,3.88637217E-5
-5.04000000E-6,1.73610157E-5
-5.00000000E-6,5.54954309E-5
-4.96000000E-6,1.48767034E-5
-4.92000000E-6,4.42287218E-5
-4.88000000E-6,2.71636439E-5
-4.84000000E-6,4.54843200E-5
-4.80000000E-6,5.00809446E-5
-4.76000000E-6,1.67189925E-5
-4.72000000E-6,5.93084595E-5
-4.68000000E-6,-3.64588461E-6
-4.64000000E-6,5.41198033E-5
-4.60000000E-6,4.58594287E-5
-4.56000000E-6,2.30578372E-5
-4.52000000E-6,2.41643475E-5
-4.48000000E-6,4.01959476E-5
-4.44000000E-6,6.15531706E-5
-4.40000000E-6,2.28766105E-5
-4.36000000E-6,3.70766408E-5
-4.32000000E-6,9.52697164E-6
-4.28000000E-6,5.18745773E-5
-4.24000000E-6,5.02942148E-5
-4.20000000E-6,1.64901011E-5
-4.16000000E-6,2.00848813E-5
-4.12000000E-6,2.68455824E-6
-4.08000000E-6,4.72662415E-5
-4.04000000E-6,2.68374682E-5
-4.00000000E-6,3.43332725E-5
-3.96000000E-6,4.95758215E-5
-3.92000000E-6,6.91442374E-5
-3.88000000E-6,2.25245807E-5
-3.84000000E-6,4.25255643E-5
-3.80000000E-6,6.14505457E-5
-3.76000000E-6,6.47426964E-5
-3.72000000E-6,4.79543175E-5
-3.68000000E-6,4.25101338E-5
-3.64000000E-6,2.09247251E-5
-3.60000000E-6,-4.94421690E-6
-3.56000000E-6,3.72150094E-5
-3.52000000E-6,2.36279804E-6
-3.48000000E-6,2.05598970E-5
-3.44000000E-6,4.81171765E-5
-3.40000000E-6,2.33302543E-5
-3.36000000E-6,2.98680546E-5
-3.32000000E-6,4.45171225E-5
-3.28000000E-6,5.69814750E-5
-3.24000000E-6,1.23338165E-5
-3.20000000E-6,3.01047947E-5
-3.16000000E-6,3.34318499E-5
-3.12000000E-6,2.60293817E-5
-3.08000000E-6,2.10951658E-5
-3.04000000E-6,1.79554409E-5
-3.00000000E-6,3.60497910E-5
-2.96000000E-6,4.15637551E-5
-2.92000000E-6,4.89034620E-5
-2.88000000E-6,5.57545046E-6
-2.84000000E-6,-7.42461906E-6
-2.80000000E-6,3.25367216E-5
-2.76000000E-6,2.75607253E-5
-2.72000000E-6,5.44371671E-5
-2.68000000E-6,5.38550824E-5
-2.64000000E-6,3.13338426E-5
-2.60000000E-6,2.93556930E-5
-2.56000000E-6,1.84380097E-5
-2.52000000E-6,3.53792911E-5
-2.48000000E-6,7.80013284E-7
-2.44000000E-6,-3.16467005E-6
-2.40000000E-6,3.48889213E-5
-2.36000000E-6,6.98876728E-6
-2.32000000E-6,6.15691732E-5
-2.28000000E-6,2.12694594E-5
-2.24000000E-6,4.49188960E-5
-2.20000000E-6,3.19358209E-5
-2.16000000E-6,5.43136472E-5
-2.12000000E-6,3.46661891E-6
-2.08000000E-6,3.08950379E-5
-2.04000000E-6,3.31631426E-5
-2.00000000E-6,3.41884952E-5
-1.96000000E-6,6.56219270E-5
-1.92000000E-6,5.85144874E-5
-1.88000000E-6,2.76476622E-5
-1.84000000E-6,3.76566751E-5
-1.80000000E-6,-8.78617997E-6
-1.76000000E-6,3.29732756E-5
-1.72000000E-6,3.94524440E-5
-1.68000000E-6,6.33794093E-5
-1.64000000E-6,3.80015333E-5
-1.60000000E-6,1.75794548E-5
-1.56000000E-6,3.32623915E-5
-1.52000000E-6,2.63398218E-5
-1.48000000E-6,5.22627418E-5
-1.44000000E-6,7.72806535E-5
-1.40000000E-6,1.25822964E-5
-1.36000000E-6,2.65163183E-5
-1.32000000E-6,3.91769179E-5
-1.28000000E-6,4.54339373E-5
-1.24000000E-6,3.65480382E-5
-1.20000000E-6,2.71999312E-5
-1.16000000E-6,1.94152493E-5
-1.12000000E-6,2.05251356E-5
-1.08000000E-6,2.88624050E-5
-1.04000000E-6,3.33325533E-5
-1.00000000E-6,6.10287832E-5
-9.60000000E-7,3.42311816E-5
-9.20000000E-7,3.19276575E-5
-8.80000000E-7,3.14899781E-5
-8.40000000E-7,3.58393055E-5
-8.00000000E-7,2.76447631E-5
-7.60000000E-7,3.40781264E-5
-7.20000000E-7,1.14803161E-5
-6.80000000E-7,2.41939400E-5
-6.40000000E-7,1.99463411E-5
-6.00000000E-7,3.77939661E-5
-5.60000000E-7,2.54573487E-5
-5.20000000E-7,2.68025637E-5
-4.80000000E-7,3.60107952E-5
-4.40000000E-7,4.96491590E-5
-4.00000000E-7,3.43336063E-5
-3.60000000E-7,1.61942809E-5
-3.20000000E-7,6.70198786E-6
-2.80000000E-7,1.03211058E-5
-2.40000000E-7,8.02727099E-6
-2.00000000E-7,7.29749567E-5
-1.60000000E-7,4.08046493E-5
-1.20000000E-7,4.48631442E-5
-8.00000000E-8,2.28750465E-5
-4.00000000E-8,3.22500948E-5
0.00000000E+0,2.77570201E-5
4.00000000E-8,4.15146408E-5
8.00000000E-8,5.64723654E-5
1.20000000E-7,4.89895883E-5
1.60000000E-7,3.85450705E-5
2.00000000E-7,3.66019112E-5
2.40000000E-7,2.17369792E-5
2.80000000E-7,-2.37384591E-5
3.20000000E-7,2.55117734E-6
3.60000000E-7,-2.29840946E-6
4.00000000E-7,-3.33913223E-5
4.40000000E-7,-4.91221907E-5
4.80000000E-7,-9.65582404E-5
5.20000000E-7,-8.63269070E-5
5.60000000E-7,-7.75718233E-5
6.00000000E-7,-9.05358439E-5
6.40000000E-7,-1.09437174E-4
6.80000000E-7,-1.76364411E-4
7.20000000E-7,-2.07899638E-4
7.60000000E-7,-1.59063185E-4
8.00000000E-7,-1.47703206E-4
8.40000000E-7,-1.64704970E-4
8.80000000E-7,-2.36335290E-4
9.20000000E-7,-2.18830978E-4
9.60000000E-7,-2.50792679E-4
1.00000000E-6,-2.14307825E-4
1.04000000E-6,-2.82339350E-4
1.08000000E-6,-3.16812485E-4
1.12000000E-6,-3.63171493E-4
1.16000000E-6,-4.65120314E-4
1.20000000E-6,-4.41355350E-4
1.24000000E-6,-4.08727775E-4
1.28000000E-6,-2.99844062E-4
1.32000000E-6,-4.97576448E-4
1.36000000E-6,-5.49770007E-4
1.40000000E-6,-3.72955763E-4
1.44000000E-6,-5.35380357E-4
1.48000000E-6,-4.60036505E-4
1.52000000E-6,-4.92093459E-4
1.56000000E-6,-6.07323817E-4
1.60000000E-6,-6.84259008E-4
1.64000000E-6,-6.25474377E-4
1.68000000E-6,-7.92416707E-4
1.72000000E-6,-7.34155681E-4
1.76000000E-6,-6.76804031E-4
1.80000000E-6,-6.45143005E-4
1.84000000E-6,-6.86530422E-4
1.88000000E-6,-7.03226838E-4
1.92000000E-6,-7.15569626E-4
1.96000000E-6,-7.33296497E-4
2.00000000E-6,-6.93369794E-4
2.04000000E-6,-7.54778966E-4
2.08000000E-6,-9.62741187E-4
2.12000000E-6,-7.75111761E-4
2.16000000E-6,-8.50594411E-4
2.20000000E-6,-8.82796743E-4
2.24000000E-6,-9.33349715E-4
2.28000000E-6,-9.50494244E-4
2.32000000E-6,-9.35321790E-4
2.36000000E-6,-9.25408545E-4
2.40000000E-6,-9.53595765E-4
2.44000000E-6,-9.39263736E-4
2.48000000E-6,-9.28154345E-4
2.52000000E-6,-1.10400472E-3
2.56000000E-6,-1.10621205E-3
2.60000000E-6,-1.11402437E-3
2.64000000E-6,-1.05404821E-3
2.68000000E-6,-9.73046850E-4
2.72000000E-6,-1.15457420E-3
2.76000000E-6,-9.73497070E-4
2.80000000E-6,-1.26929573E-3
2.84000000E-6,-1.11501167E-3
2.88000000E-6,-9.86891608E-4
2.92000000E-6,-1.24887414E-3
2.96000000E-6,-1.13031318E-3
3.00000000E-6,-1.23208407E-3
3.04000000E-6,-1.01618558E-3
3.08000000E-6,-1.17429969E-3
3.12000000E-6,-1.26921688E-3
3.16000000E-6,-1.17221912E-3
3.20000000E-6,-1.38124527E-3
3.24000000E-6,-1.25305972E-3
3.28000000E-6,-1.44335756E-3
3.32000000E-6,-1.33878276E-3
3.36000000E-6,-1.40283395E-3
3.40000000E-6,-1.25957523E-3
3.44000000E-6,-1.29212750E-3
3.48000000E-6,-1.46560931E-3
3.52000000E-6,-1.34741369E-3
3.56000000E-6,-1.40788842E-3
3.60000000E-6,-1.37266190E-3
3.64000000E-6,-1.38018823E-3
3.68000000E-6,-1.40286075E-3
3.72000000E-6,-1.37628036E-3
3.76000000E-6,-1.53232527E-3
3.80000000E-6,-1.56682380E-3
3.84000000E-6,-1.67227205E-3
3.88000000E-6,-1.57102333E-3
3.92000000E-6,-1.68785384E-3
3.96000000E-6,-1.64267113E-3
4.00000000E-6,-1.48376614E-3
4.04000000E-6,-1.42475749E-3
4.08000000E-6,-1.42233877E-3
4.12000000E-6,-1.52091973E-3
4.16000000E-6,-1.61340902E-3
4.20000000E-6,-1.60989123E-3
4.24000000E-6,-1.61754653E-3
4.28000000E-6,-1.70930030E-3
4.32000000E-6,-1.68699261E-3
4.36000000E-6,-1.68659929E-3
4.40000000E-6,-1.68268382E-3
4.44000000E-6,-1.71347335E-3
4.48000000E-6,-1.76465543E-3
4.52000000E-6,-1.65412102E-3
4.56000000E-6,-1.78676216E-3
4.60000000E-6,-1.72060950E-3
4.64000000E-6,-1.65335837E-3
4.68000000E-6,-1.69107628E-3
4.72000000E-6,-1.76800399E-3
4.76000000E-6,-1.79416559E-3
4.80000000E-6,-2.10391064E-3
4.84000000E-6,-1.81514341E-3
4.88000000E-6,-1.87812925E-3
4.92000000E-6,-1.75054021E-3
4.96000000E-6,-1.68863307E-3
5.00000000E-6,-2.01187656E-3
5.04000000E-6,-1.87392128E-3
5.08000000E-6,-1.85585229E-3
5.12000000E-6,-1.95334101E-3
5.16000000E-6,-1.97220025E-3
5.20000000E-6,-2.04025537E-3
5.24000000E-6,-1.92256803E-3
5.28000000E-6,-1.93666752E-3
5.32000000E-6,-2.15030184E-3
5.36000000E-6,-2.17998345E-3
5.40000000E-6,-2.18153331E-3
5.44000000E-6,-1.90901141E-3
5.48000000E-6,-2.05257785E-3
5.52000000E-6,-1.94393792E-3
5.56000000E-6,-2.12296784E-3
5.60000000E-6,-1.95350590E-3
5.64000000E-6,-2.07140974E-3
5.68000000E-6,-2.04559876E-3
5.72000000E-6,-2.08134002E-3
5.76000000E-6,-2.22366798E-3
5.80000000E-6,-2.26324344E-3
5.84000000E-6,-2.18835900E-3
5.88000000E-6,-2.18533204E-3
5.92000000E-6,-2.24315333E-3
5.96000000E-6,-2.10750632E-3
6.00000000E-6,-2.31361916E-3
6.04000000E-6,-2.30213982E-3
6.08000000E-6,-2.29461534E-3
6.12000000E-6,-2.38683666E-3
6.16000000E-6,-2.24286109E-3
6.20000000E-6,-2.15202884E-3
6.24000000E-6,-2.42314184E-3
6.28000000E-6,-2.08966518E-3
6.32000000E-6,-2.29305952E-3
6.36000000E-6,-2.31338536E-3
6.40000000E-6,-2.33148027E-3
6.44000000E-6,-2.12646418E-3
6.48000000E-6,-2.46382809E-3
6.52000000E-6,-2.19933670E-3
6.56000000E-6,-2.16575168E-3
6.60000000E-6,-2.44898141E-3
6.64000000E-6,-2.30244634E-3
6.68000000E-6,-2.40300835E-3
6.72000000E-6,-2.26496605E-3
6.76000000E-6,-2.43623189E-3
6.80000000E-6,-2.29384964E-3
6.84000000E-6,-2.43225132E-3
6.88000000E-6,-2.35385569E-3
6.92000000E-6,-2.30673194E-3
6.96000000E-6,-2.50431768E-3
7.00000000E-6,-2.51075317E-3
7.04000000E-6,-2.58810030E-3
7.08000000E-6,-2.57694234E-3
7.12000000E-6,-2.46071837E-3
7.16000000E-6,-2.55252492E-3
7.20000000E-6,-2.46241892E-3
7.24000000E-6,-2.61688698E-3
7.28000000E-6,-2.52994762E-3
7.32000000E-6,-2.66080956E-3
7.36000000E-6,-2.50897737E-3
7.40000000E-6,-2.42120932E-3
7.44000000E-6,-2.62598284E-3
7.48000000E-6,-2.46287803E-3
7.52000000E-6,-2.91310929E-3
7.56000000E-6,-2.50776813E-3
7.60000000E-6,-2.49259817E-3
7.64000000E-6,-2.78125263E-3
7.68000000E-6,-2.72943865E-3
7.72000000E-6,-2.53188239E-3
7.76000000E-6,-2.37621694E-3
7.80000000E-6,-2.43580282E-3
7.84000000E-6,-2.51429582E-3
7.88000000E-6,-2.55476078E-3
7.92000000E-6,-2.66234615E-3
7.96000000E-6,-2.81350844E-3
8.00000000E-6,-2.68819135E-3
8.04000000E-6,-2.57932868E-3
8.08000000E-6,-2.66219156E-3
8.12000000E-6,-2.70126838E-3
8.16000000E-6,-2.92469274E-3
8.20000000E-6,-2.79185553E-3
8.24000000E-6,-2.54769094E-3
8.28000000E-6,-2.72219430E-3
8.32000000E-6,-2.74240482E-3
8.36000000E-6,-2.64386004E-3
8.40000000E-6,-3.01060660E-3
8.44000000E-6,-2.85309907E-3
8.48000000E-6,-2.65381864E-3
8.52000000E-6,-2.80586360E-3
8.56000000E-6,-2.72516713E-3
8.60000000E-6,-2.61091569E-3
8.64000000E-6,-2.76156738E-3
8.68000000E-6,-2.66293385E-3
8.72000000E-6,-2.76777989E-3
8.76000000E-6,-2.66952891E-3
8.80000000E-6,-2.86047895E-3
8.84000000E-6,-2.78799791E-3
8.88000000E-6,-2.81324094E-3
8.92000000E-6,-2.81080208E-3
8.96000000E-6,-2.87308912E-3
9.00000000E-6,-3.00172643E-3
9.04000000E-6,-2.86002250E-3
9.08000000E-6,-2.63766987E-3
9.12000000E-6,-2.73305819E-3
9.16000000E-6,-2.76160894E-3
9.20000000E-6,-3.02337782E-3
9.24000000E-6,-3.02292298E-3
9.28000000E-6,-2.92283792E-3
9.32000000E-6,-2.86910958E-3
9.36000000E-6,-2.80735229E-3
9.40000000E-6,-2.85909933E-3
9.44000000E-6,-2.86584897E-3
9.48000000E-6,-2.76819288E-3
9.52000000E-6,-2.99174602E-3
9.56000000E-6,-3.06221642E-3
9.60000000E-6,-2.87907918E-3
9.64000000E-6,-2.90210999E-3
9.68000000E-6,-2.99285673E-3
9.72000000E-6,-2.78738542E-3
9.76000000E-6,-3.02142138E-3
9.80000000E-6,-2.98482909E-3
9.84000000E-6,-2.79415137E-3
9.88000000E-6,-3.06947944E-3
9.92000000E-6,-3.01057419E-3
9.96000000E-6,-2.95653429E-3
1.00000000E-5,-3.02770207E-3
1.00400000E-5,-2.80581770E-3
1.00800000E-5,-2.97836151E-3
1.01200000E-5,-2.89364149E-3
1.01600000E-5,-3.17557985E-3
1.02000000E-5,-3.03043867E-3
1.02400000E-5,-2.92073284E-3
1.02800000E-5,-3.01248238E-3
1.03200000E-5,-3.16008669E-3
1.03600000E-5,-3.07290459E-3
1.04000000E-5,-3.03342395E-3
1.04400000E-5,-3.13357068E-3
1.04800000E-5,-2.62638082E-3
1.05200000E-5,-2.96031329E-3
1.05600000E-5,-2.95687458E-3
1.06000000E-5,-3.07077025E-3
1.06400000E-5,-2.90913052E-3
1.06800000E-5,-2.98070380E-3
1.07200000E-5,-3.15405342E-3
1.07600000E-5,-3.22312932E-3
1.08000000E-5,-2.86226297E-3
1.08400000E-5,-2.90049678E-3
1.08800000E-5,-3.09724326E-3
1.09200000E-5,-3.43550799E-3
1.09600000E-5,-2.70360955E-3
1.10000000E-5,-3.16771461E-3
1.10400000E-5,-2.95575800E-3
1.10800000E-5,-3.19928317E-3
1.11200000E-5,-3.19259213E-3
1.11600000E-5,-3.10815956E-3
1.12000000E-5,-3.09660177E-3
1.12400000E-5,-3.37872489E-3
1.12800000E-5,-2.91954472E-3
1.13200000E-5,-2.95238761E-3
1.13600000E-5,-3.19916075E-3
1.14000000E-5,-3.05149235E-3
1.14400000E-5,-2.96929253E-3
1.14800000E-5,-3.21736904E-3
1.15200000E-5,-3.19587111E-3
1.15600000E-5,-3.17241441E-3
1.16000000E-5,-3.31207456E-3
1.16400000E-5,-3.29166540E-3
1.16800000E-5,-3.22036970E-3
1.17200000E-5,-3.06682393E-3
1.17600000E-5,-2.97847582E-3
1.18000000E-5,-3.05778989E-3
1.18400000E-5,-3.21253926E-3
1.18800000E-5,-3.44569539E-3
1.19200000E-5,-3.07086810E-3
1.19600000E-5,-3.06200680E-3
1.20000000E-5,-3.39273626E-3
1.20400000E-5,-3.36236769E-3
1.20800000E-5,-3.35136055E-3
1.21200000E-5,-3.25703720E-3
1.21600000E-5,-3.14959673E-3
1.22000000E-5,-3.18456524E-3
1.22400000E-5,-3.16001767E-3
1.22800000E-5,-3.44146725E-3
1.23200000E-5,-3.34945472E-3
1.23600000E-5,-3.32555154E-3
1.24000000E-5,-3.38805752E-3
1.24400000E-5,-3.21696940E-3
1.24800000E-5,-3.22370108E-3
1.25200000E-5,-3.14250986E-3
1.25600000E-5,-3.26030365E-3
1.26000000E-5,-3.22615507E-3
1.26400000E-5,-3.05509866E-3
1.26800000E-5,-3.64755585E-3
1.27200000E-5,-3.49923047E-3
1.27600000E-5,-3.17413205E-3
1.28000000E-5,-3.17414263E-3
1.28400000E-5,-3.23355575E-3
1.28800000E-5,-3.14857188E-3
1.29200000E-5,-3.38013947E-3
1.29600000E-5,-3.32720230E-3
1.30000000E-5,-3.27526748E-3
1.30400000E-5,-3.38878477E-3
1.30800000E-5,-3.60601833E-3
1.31200000E-5,-3.51175602E-3
1.31600000E-5,-3.25223926E-3
1.32000000E-5,-3.54439245E-3
1.32400000E-5,-3.51350192E-3
1.32800000E-5,-3.38982275E-3
1.33200000E-5,-3.30931473E-3
1.33600000E-5,-3.17104119E-3
1.34000000E-5,-3.05885677E-3
1.34400000E-5,-3.61258853E-3
1.34800000E-5,-3.57550993E-3
1.35200000E-5,-3.40379179E-3
1.35600000E-5,-3.33165677E-3
1.36000000E-5,-3.74486584E-3
1.36400000E-5,-3.32774590E-3
1.36800000E-5,-3.10991407E-3
1.37200000E-5,-3.58626962E-3
1.37600000E-5,-3.51803690E-3
1.38000000E-5,-3.50386525E-3
1.38400000E-5,-3.52439019E-3
1.38800000E-5,-3.55163206E-3
1.39200000E-5,-3.26124460E-3
1.39600000E-5,-3.36125857E-3
1.40000000E-5,-3.30026548E-3
1.40400000E-5,-3.42663249E-3
1.40800000E-5,-3.47978171E-3
1.41200000E-5,-3.33142421E-3
1.41600000E-5,-3.35202070E-3
1.42000000E-5,-3.43308947E-3
1.42400000E-5,-3.24469442E-3
1.42800000E-5,-3.57839677E-3
1.43200000E-5,-3.64872845E-3
1.43600000E-5,-3.61026400E-3
1.44000000E-5,-3.39082491E-3
1.44400000E-5,-3.42852663E-3
1.44800000E-5,-3.25190813E-3
1.45200000E-5,-3.47767049E-3
1.45600000E-5,-3.19624607E-3
1.46000000E-5,-3.76123694E-3
1.46400000E-5,-3.43180007E-3
1.46800000E-5,-3.61242885E-3
1.47200000E-5,-3.25861334E-3
1.47600000E-5,-3.57804740E-3
1.48000000E-5,-3.27912727E-3
1.48400000E-5,-3.40623031E-3
1.48800000E-5,-3.41850826E-3
1.49200000E-5,-3.69241631E-3
1.49600000E-5,-3.49618531E-3
1.50000000E-5,-3.36842797E-3
1.50400000E-5,-3.67230877E-3
1.50800000E-5,-3.35664859E-3
1.51200000E-5,-3.33091135E-3
1.51600000E-5,-3.46740467E-3
1.52000000E-5,-3.66942673E-3
1.52400000E-5,-3.55923810E-3
1.52800000E-5,-3.33127222E-3
1.53200000E-5,-3.54964119E-3
1.53600000E-5,-3.69458868E-3
1.54000000E-5,-3.73092451E-3
1.54400000E-5,-3.50079060E-3
1.54800000E-5,-3.40777594E-3
1.55200000E-5,-3.37955089E-3
1.55600000E-5,-3.43695026E-3
1.56000000E-5,-3.42095416E-3
1.56400000E-5,-3.76449980E-3
1.56800000E-5,-3.60686604E-3
1.57200000E-5,-3.28919609E-3
1.57600000E-5,-3.39821330E-3
1.58000000E-5,-3.47923441E-3
1.58400000E-5,-3.56114512E-3
1.58800000E-5,-3.61111990E-3
1.59200000E-5,-3.45722597E-3
1.59600000E-5,-3.48621687E-3
1.60000000E-5,-3.74875104E-3
1.60400000E-5,-3.61924592E-3
1.60800000E-5,-3.52803520E-3
1.61200000E-5,-3.63201688E-3
1.61600000E-5,-3.56568677E-3
1.62000000E-5,-3.53007451E-3
1.62400000E-5,-3.67056931E-3
1.62800000E-5,-3.42928242E-3
1.63200000E-5,-3.63843570E-3
1.63600000E-5,-3.50801735E-3
1.64000000E-5,-3.37794929E-3
1.64400000E-5,-3.61476666E-3
1.64800000E-5,-3.41694924E-3
1.65200000E-5,-3.36855993E-3
1.65600000E-5,-3.35026744E-3
1.66000000E-5,-3.56241062E-3
1.66400000E-5,-3.52059984E-3
1.66800000E-5,-3.54556579E-3
1.67200000E-5,-3.44641626E-3
1.67600000E-5,-3.50886231E-3
1.68000000E-5,-3.58143237E-3
1.68400000E-5,-3.70898838E-3
1.68800000E-5,-3.71311585E-3
1.69200000E-5,-3.68066558E-3
1.69600000E-5,-3.75935428E-3
1.70000000E-5,-3.56736516E-3
1.70400000E-5,-3.63628668E-3
1.70800000E-5,-3.89901998E-3
1.71200000E-5,-3.36580829E-3
1.71600000E-5,-3.82196279E-3
1.72000000E-5,-3.62799295E-3
1.72400000E-5,-3.96105674E-3
1.72800000E-5,-3.28152966E-3
1.73200000E-5,-3.82771327E-3
1.73600000E-5,-3.44990858E-3
1.74000000E-5,-3.60601068E-3
1.74400000E-5,-3.65006998E-3
1.74800000E-5,-3.65219136E-3
1.75200000E-5,-3.67194473E-3
1.75600000E-5,-3.79249198E-3
1.76000000E-5,-3.81415048E-3
1.76400000E-5,-3.59725679E-3
1.76800000E-5,-3.44687519E-3
1.77200000E-5,-3.83416542E-3
1.77600000E-5,-3.82341105E-3
1.78000000E-5,-3.78453834E-3
1.78400000E-5,-3.98943751E-3
1.78800000E-5,-3.68445146E-3
1.79200000E-5,-3.83066194E-3
1.79600000E-5,-3.88036114E-3
1.80000000E-5,-3.74166929E-3
1.80400000E-5,-3.68246035E-3
1.80800000E-5,-3.86844526E-3
1.81200000E-5,-3.87341748E-3
1.81600000E-5,-3.62359944E-3
1.82000000E-5,-3.57865691E-3
1.82400000E-5,-3.63941834E-3
1.82800000E-5,-3.58834757E-3
1.83200000E-5,-3.47261025E-3
1.83600000E-5,-3.71432317E-3
1.84000000E-5,-3.76307647E-3
1.84400000E-5,-3.84273500E-3
1.84800000E-5,-3.79047668E-3
1.85200000E-5,-3.37675021E-3
1.85600000E-5,-3.88560721E-3
1.86000000E-5,-3.73178652E-3
1.86400000E-5,-3.91791522E-3
1.86800000E-5,-3.60180505E-3
1.87200000E-5,-3.76101986E-3
1.87600000E-5,-3.59985634E-3
1.88000000E-5,-3.60650598E-3
1.88400000E-5,-3.65019000E-3
1.88800000E-5,-3.59795385E-3
1.89200000E-5,-3.80752218E-3
1.89600000E-5,-3.50333640E-3
1.90000000E-5,-3.53352169E-3
1.90400000E-5,-3.72563538E-3
1.90800000E-5,-3.77314908E-3
1.91200000E-5,-3.61220666E-3
1.91600000E-5,-3.60190138E-3
1.92000000E-5,-3.66509928E-3
1.92400000E-5,-3.72724388E-3
1.92800000E-5,-3.73057216E-3
1.93200000E-5,-3.50614780E-3
1.93600000E-5,-3.90504138E-3
1.94000000E-5,-3.75561993E-3
1.94400000E-5,-3.69031642E-3
1.94800000E-5,-3.61096692E-3
1.95200000E-5,-3.81925938E-3
1.95600000E-5,-3.80098158E-3
1.96000000E-5,-3.62326851E-3
1.96400000E-5,-3.81812182E-3
1.96800000E-5,-3.47001563E-3
1.97200000E-5,-3.75154365E-3
1.97600000E-5,-3.70397339E-3
1.98000000E-5,-3.51209262E-3
1.98400000E-5,-3.81119833E-3
1.98800000E-5,-3.79400278E-3
1.99200000E-5,-3.67635071E-3
1.99600000E-5,-3.49883732E-3
2.00000000E-5,-3.83805427E-3
2.00400000E-5,-3.70010968E-3
2.00800000E-5,-3.83294844E-3
2.01200000E-5,-3.59812699E-3
2.01600000E-5,-3.50004286E-3
2.02000000E-5,-3.94689758E-3
2.02400000E-5,-3.80519518E-3
2.02800000E-5,-3.65420046E-3
2.03200000E-5,-3.75703886E-3
2.03600000E-5,-3.73023574E-3
2.04000000E-5,-3.68072623E-3
2.04400000E-5,-3.73852993E-3
2.04800000E-5,-4.11084959E-3
2.05200000E-5,-3.84295714E-3
2.05600000E-5,-3.68299424E-3
2.06000000E-5,-3.72699400E-3
2.06400000E-5,-3.77391066E-3
2.06800000E-5,-3.76100255E-3
2.07200000E-5,-3.88017615E-3
2.07600000E-5,-3.75476370E-3
2.08000000E-5,-3.57920777E-3
2.08400000E-5,-3.73782793E-3
2.08800000E-5,-3.77657552E-3
2.09200000E-5,-3.67829184E-3
2.09600000E-5,-3.89317244E-3
2.10000000E-5,-3.96887950E-3
2.10400000E-5,-3.80305466E-3
2.10800000E-5,-3.92880913E-3
2.11200000E-5,-3.97175385E-3
2.11600000E-5,-3.54711592E-3
2.12000000E-5,-3.59601901E-3
2.12400000E-5,-3.85252231E-3
2.12800000E-5,-3.73119936E-3
2.13200000E-5,-3.89613733E-3
2.13600000E-5,-3.85665867E-3
2.14000000E-5,-3.96054615E-3
2.14400000E-5,-3.84108407E-3
2.14800000E-5,-3.83563590E-3
2.15200000E-5,-3.53413579E-3
2.15600000E-5,-3.99357164E-3
2.16000000E-5,-3.95037297E-3
2.16400000E-5,-4.02456436E-3
2.16800000E-5,-4.06097730E-3
2.17200000E-5,-3.69070905E-3
2.17600000E-5,-4.04942313E-3
2.18000000E-5,-3.95058652E-3
2.18400000E-5,-3.67002514E-3
2.18800000E-5,-3.85127291E-3
2.19200000E-5,-3.61045058E-3
2.19600000E-5,-3.75033354E-3
2.20000000E-5,-3.51844318E-3
2.20400000E-5,-4.01860106E-3
2.20800000E-5,-3.84128325E-3
2.21200000E-5,-3.76805588E-3
2.21600000E-5,-3.83732072E-3
2.22000000E-5,-3.76676271E-3
2.22400000E-5,-3.66405585E-3
2.22800000E-5,-3.74120750E-3
2.23200000E-5,-4.07783310E-3
2.23600000E-5,-3.50957459E-3
2.24000000E-5,-3.92459157E-3
2.24400000E-5,-3.66733078E-3
2.24800000E-5,-3.82655598E-3
2.25200000E-5,-4.03809223E-3
2.25600000E-5,-4.02256944E-3
2.26000000E-5,-3.75659571E-3
2.26400000E-5,-3.90488973E-3
2.26800000E-5,-3.68735444E-3
2.27200000E-5,-3.89095862E-3
2.27600000E-5,-3.74362840E-3
2.28000000E-5,-3.69870164E-3
2.28400000E-5,-3.70313242E-3
2.28800000E-5,-3.76965227E-3
2.29200000E-5,-3.77679780E-3
2.29600000E-5,-3.82831342E-3
2.30000000E-5,-3.89344124E-3
2.30400000E-5,-3.72073902E-3
2.30800000E-5,-3.81300508E-3
2.31200000E-5,-3.70346686E-3
2.31600000E-5,-3.99779293E-3
2.32000000E-5,-3.96760770E-3
2.32400000E-5,-3.95165800E-3
2.32800000E-5,-3.98327418E-3
2.33200000E-5,-3.89874249E-3
2.33600000E-5,-3.66036668E-3
2.34000000E-5,-3.93030703E-3
2.34400000E-5,-3.88573367E-3
2.34800000E-5,-3.88511530E-3
2.35200000E-5,-3.49861069E-3
2.35600000E-5,-3.68730631E-3
2.36000000E-5,-4.04644916E-3
2.36400000E-5,-4.11381582E-3
2.36800000E-5,-4.07664178E-3
2.37200000E-5,-3.66620827E-3
2.37600000E-5,-3.97088747E-3
2.38000000E-5,-3.95091802E-3
2.38400000E-5,-3.97537821E-3
2.38800000E-5,-3.79995145E-3
2.39200000E-5,-3.84239890E-3
2.39600000E-5,-3.75376535E-3
2.40000000E-5,-3.84523003E-3
2.40400000E-5,-3.70278066E-3
2.40800000E-5,-3.90936050E-3
2.41200000E-5,-4.01261137E-3
2.41600000E-5,-3.94572947E-3
2.42000000E-5,-3.86640057E-3
2.42400000E-5,-3.71614723E-3
2.42800000E-5,-3.92118190E-3
2.43200000E-5,-3.75847506E-3
2.43600000E-5,-3.70052337E-3
2.44000000E-5,-3.82527199E-3
2.44400000E-5,-3.91833892E-3
2.44800000E-5,-3.73025589E-3
2.45200000E-5,-4.11989691E-3
2.45600000E-5,-3.96288380E-3
2.46000000E-5,-3.83580050E-3
2.46400000E-5,-3.79673847E-3
2.46800000E-5,-3.99265734E-3
2.47200000E-5,-4.16191022E-3
2.47600000E-5,-3.87672737E-3
2.48000000E-5,-3.82665592E-3
2.48400000E-5,-3.83807541E-3
2.48800000E-5,-4.14739000E-3
2.49200000E-5,-3.89538791E-3
2.49600000E-5,-3.83913577E-3
2.50000000E-5,-3.74649819E-3
2.50400000E-5,-3.97573036E-3
2.50800000E-5,-3.62601432E-3
2.51200000E-5,-3.69667300E-3
2.51600000E-5,-4.03935071E-3
2.52000000E-5,-3.84340079E-3
2.52400000E-5,-4.13892572E-3
2.52800000E-5,-3.54697662E-3
2.53200000E-5,-3.75063232E-3
2.53600000E-5,-3.69070566E-3
2.54000000E-5,-3.62803501E-3
2.54400000E-5,-3.95397533E-3
2.54800000E-5,-4.01308595E-3
2.55200000E-5,-3.76273985E-3
2.55600000E-5,-3.91051548E-3
2.56000000E-5,-3.83839451E-3
2.56400000E-5,-3.80008584E-3
2.56800000E-5,-3.71181806E-3
2.57200000E-5,-3.99732985E-3
2.57600000E-5,-4.02862259E-3
2.58000000E-5,-3.82930624E-3
2.58400000E-5,-3.94340531E-3
2.58800000E-5,-4.07035904E-3
2.59200000E-5,-3.87162063E-3
2.59600000E-5,-4.00531570E-3
2.60000000E-5,-3.82330777E-3
2.60400000E-5,-3.86098247E-3
2.60800000E-5,-3.65188845E-3
2.61200000E-5,-4.14804965E-3
2.61600000E-5,-3.87555109E-3
2.62000000E-5,-3.90086208E-3
2.62400000E-5,-4.05563987E-3
2.62800000E-5,-3.87221659E-3
2.63200000E-5,-3.60655075E-3
2.63600000E-5,-3.55783182E-3
2.64000000E-5,-3.84075959E-3
2.64400000E-5,-3.83483633E-3
2.64800000E-5,-4.22233325E-3
2.65200000E-5,-3.74948775E-3
2.65600000E-5,-4.04930811E-3
2.66000000E-5,-3.72879829E-3
2.66400000E-5,-3.97828970E-3
2.66800000E-5,-4.05980218E-3
2.67200000E-5,-3.56526771E-3
2.67600000E-5,-3.68780102E-3
2.68000000E-5,-4.03756867E-3
2.68400000E-5,-3.87986723E-3
2.68800000E-5,-4.25268151E-3
2.69200000E-5,-3.90162626E-3
2.69600000E-5,-4.24619243E-3
2.70000000E-5,-3.69186481E-3
2.70400000E-5,-3.81030127E-3
2.70800000E-5,-3.85384982E-3
2.71200000E-5,-4.17241941E-3
2.71600000E-5,-3.69677920E-3
2.72000000E-5,-3.77833294E-3
2.72400000E-5,-3.74231156E-3
2.72800000E-5,-3.75089595E-3
2.73200000E-5,-3.82941546E-3
2.73600000E-5,-3.74966975E-3
2.74000000E-5,-4.06308368E-3
2.74400000E-5,-3.85351935E-3
2.74800000E-5,-3.66662163E-3
2.75200000E-5,-4.20649833E-3
2.75600000E-5,-3.85564489E-3
2.76000000E-5,-3.94437951E-3
2.76400000E-5,-4.34425676E-3
2.76800000E-5,-3.91539827E-3
2.77200000E-5,-3.54478333E-3
2.77600000E-5,-3.65800924E-3
2.78000000E-5,-4.15097889E-3
2.78400000E-5,-4.05088608E-3
2.78800000E-5,-4.11424955E-3
2.79200000E-5,-3.76501690E-3
2.79600000E-5,-3.69367069E-3
2.80000000E-5,-3.79464755E-3
2.80400000E-5,-3.85753512E-3
2.80800000E-5,-3.97477989E-3
2.81200000E-5,-3.93497119E-3
2.81600000E-5,-3.61714774E-3
2.82000000E-5,-3.71640387E-3
2.82400000E-5,-3.90156807E-3
2.82800000E-5,-3.62128251E-3
2.83200000E-5,-3.75453244E-3
2.83600000E-5,-3.89201309E-3
2.84000000E-5,-3.76350261E-3
2.84400000E-5,-4.01258928E-3
2.84800000E-5,-4.15851516E-3
2.85200000E-5,-3.57088239E-3
2.85600000E-5,-3.71884968E-3
2.86000000E-5,-3.79259293E-3
2.86400000E-5,-3.90735358E-3
2.86800000E-5,-4.08851602E-3
2.87200000E-5,-3.66426603E-3
2.87600000E-5,-4.10810880E-3
2.88000000E-5,-3.45709984E-3
2.88400000E-5,-3.81077835E-3
2.88800000E-5,-3.77707290E-3
2.89200000E-5,-3.70352122E-3
2.89600000E-5,-4.09685778E-3
2.90000000E-5,-3.87031198E-3
2.90400000E-5,-4.14236264E-3
2.90800000E-5,-3.62573153E-3
2.91200000E-5,-3.84887388E-3
2.91600000E-5,-3.99255598E-3
2.92000000E-5,-3.96146301E-3
2.92400000E-5,-3.84927201E-3
2.92800000E-5,-3.80880531E-3
2.93200000E-5,-3.85269546E-3
2.93600000E-5,-3.56646849E-3
2.94000000E-5,-3.79079576E-3
2.94400000E-5,-3.94651922E-3
2.94800000E-5,-3.99699384E-3
2.95200000E-5,-3.73980124E-3
2.95600000E-5,-3.83864891E-3
2.96000000E-5,-3.86713688E-3
2.96400000E-5,-3.74459484E-3
2.96800000E-5,-3.91632271E-3
2.97200000E-5,-3.85018114E-3
2.97600000E-5,-3.68769404E-3
2.98000000E-5,-3.62594293E-3
2.98400000E-5,-3.87594959E-3
2.98800000E-5,-4.02439367E-3
2.99200000E-5,-3.87565346E-3
2.99600000E-5,-4.03562810E-3
3.00000000E-5,-3.85228898E-3
3.00400000E-5,-3.55488174E-3
3.00800000E-5,-3.98742943E-3
3.01200000E-5,-4.04593703E-3
3.01600000E-5,-3.99602183E-3
3.02000000E-5,-3.91079883E-3
3.02400000E-5,-3.98962073E-3
3.02800000E-5,-3.83247524E-3
3.03200000E-5,-3.95103495E-3
3.03600000E-5,-4.05239916E-3
3.04000000E-5,-3.94461347E-3
3.04400000E-5,-3.63257248E-3
3.04800000E-5,-4.06970775E-3
3.05200000E-5,-3.87176498E-3
3.05600000E-5,-4.13346251E-3
3.06000000E-5,-3.96777327E-3
3.06400000E-5,-4.09592717E-3
3.06800000E-5,-3.86917096E-3
3.07200000E-5,-3.66389818E-3
3.07600000E-5,-3.80174444E-3
3.08000000E-5,-3.78620611E-3
3.08400000E-5,-3.82209781E-3
3.08800000E-5,-4.12241343E-3
3.09200000E-5,-3.66000057E-3
3.09600000E-5,-3.81248530E-3
3.10000000E-5,-4.02617643E-3
3.10400000E-5,-4.15216695E-3
3.10800000E-5,-3.73319489E-3
3.11200000E-5,-3.96078083E-3
3.11600000E-5,-3.97771515E-3
3.12000000E-5,-3.81322472E-3
3.12400000E-5,-3.87906651E-3
3.12800000E-5,-3.89271723E-3
3.13200000E-5,-4.21796232E-3
3.13600000E-5,-4.06528819E-3
3.14000000E-5,-3.96313230E-3
3.14400000E-5,-4.17604990E-3
3.14800000E-5,-3.95635649E-3
3.15200000E-5,-4.12332962E-3
3.15600000E-5,-3.95154304E-3
3.16000000E-5,-3.81627058E-3
3.16400000E-5,-3.81058197E-3
3.16800000E-5,-4.00373395E-3
3.17200000E-5,-4.04030713E-3
3.17600000E-5,-3.89989227E-3
3.18000000E-5,-3.79316303E-3
3.18400000E-5,-3.87797706E-3
3.18800000E-5,-4.01940111E-3
3.19200000E-5,-3.77623736E-3
3.19600000E-5,-3.98037654E-3
3.20000000E-5,-3.56993949E-3
3.20400000E-5,-4.01561394E-3
3.20800000E-5,-3.96175792E-3
3.21200000E-5,-3.67367468E-3
3.21600000E-5,-3.92084531E-3
3.22000000E-5,-3.70948969E-3
3.22400000E-5,-4.06166074E-3
3.22800000E-5,-3.87871293E-3
3.23200000E-5,-3.92205194E-3
3.23600000E-5,-3.91313143E-3
3.24000000E-5,-3.79035889E-3
3.24400000E-5,-3.89807682E-3
3.24800000E-5,-3.99681128E-3
3.25200000E-5,-3.74504771E-3
3.25600000E-5,-3.95222088E-3
3.26000000E-5,-3.70769644E-3
3.26400000E-5,-3.80956565E-3
3.26800000E-5,-3.81033793E-3
3.27200000E-5,-3.73522765E-3
3.27600000E-5,-4.22569552E-3
3.28000000E-5,-4.14701609E-3
3.28400000E-5,-3.93738890E-3
3.28800000E-5,-4.12988044E-3
3.29200000E-5,-4.21776868E-3
3.29600000E-5,-3.93665541E-3
3.30000000E-5,-3.71936237E-3
3.30400000E-5,-4.04817793E-3
3.30800000E-5,-3.94467721E-3
3.31200000E-5,-3.94496399E-3
3.31600000E-5,-3.77815739E-3
3.32000000E-5,-3.52578660E-3
3.32400000E-5,-3.81321395E-3
3.32800000E-5,-3.88159506E-3
3.33200000E-5,-4.12425203E-3
3.33600000E-5,-4.05393693E-3
3.34000000E-5,-3.97916633E-3
3.34400000E-5,-3.77339980E-3
3.34800000E-5,-3.55752459E-3
3.35200000E-5,-3.87599743E-3
3.35600000E-5,-3.92339027E-3
3.36000000E-5,-3.69445494E-3
3.36400000E-5,-3.88859461E-3
3.36800000E-5,-3.87145474E-3
3.37200000E-5,-3.86781199E-3
3.37600000E-5,-4.05319892E-3
3.38000000E-5,-3.71942978E-3
3.38400000E-5,-3.80859914E-3
3.38800000E-5,-3.85420388E-3
3.39200000E-5,-3.81793140E-3
3.39600000E-5,-3.67460288E-3
3.40000000E-5,-3.72986393E-3
3.40400000E-5,-3.86354614E-3
3.40800000E-5,-3.63846953E-3
3.41200000E-5,-3.84399257E-3
3.41600000E-5,-3.81920559E-3
3.42000000E-5,-3.86772733E-3
3.42400000E-5,-4.02657721E-3
3.42800000E-5,-3.88709297E-3
3.43200000E-5,-3.71605992E-3
3.43600000E-5,-3.87820295E-3
3.44000000E-5,-3.90642193E-3
3.44400000E-5,-3.74293666E-3
3.44800000E-5,-3.62614386E-3
3.45200000E-5,-3.93067390E-3
3.45600000E-5,-3.58101710E-3
3.46000000E-5,-3.54849108E-3
3.46400000E-5,-3.79990098E-3
3.46800000E-5,-3.81712609E-3
3.47200000E-5,-3.84869389E-3
3.47600000E-5,-3.86517696E-3
3.48000000E-5,-3.97600393E-3
3.48400000E-5,-3.69488893E-3
3.48800000E-5,-3.79168509E-3
3.49200000E-5,-4.21926924E-3
3.49600000E-5,-3.66240127E-3
3.50000000E-5,-3.85811402E-3
3.50400000E-5,-3.84360581E-3
3.50800000E-5,-3.89273364E-3
3.51200000E-5,-3.66309474E-3
3.51600000E-5,-3.82153985E-3
3.52000000E-5,-3.64150302E-3
3.52400000E-5,-3.73558479E-3
3.52800000E-5,-3.70066520E-3
3.53200000E-5,-3.88441576E-3
3.53600000E-5,-3.76057406E-3
3.54000000E-5,-3.92007788E-3
3.54400000E-5,-3.67417850E-3
3.54800000E-5,-3.56239785E-3
3.55200000E-5,-3.73664416E-3
3.55600000E-5,-4.15624468E-3
3.56000000E-5,-3.85031540E-3
3.56400000E-5,-3.84327120E-3
3.56800000E-5,-3.78418143E-3
3.57200000E-5,-4.04437524E-3
3.57600000E-5,-4.11170781E-3
3.58000000E-5,-3.75386109E-3
3.58400000E-5,-3.80282112E-3
3.58800000E-5,-3.75371789E-3
3.59200000E-5,-3.90485177E-3
3.59600000E-5,-3.78605612E-3
3.60000000E-5,-3.86933966E-3
3.60400000E-5,-4.02180484E-3
3.60800000E-5,-3.73271416E-3
3.61200000E-5,-4.24712532E-3
3.61600000E-5,-3.97998072E-3
3.62000000E-5,-4.06627797E-3
3.62400000E-5,-4.02512587E-3
3.62800000E-5,-3.93491794E-3
3.63200000E-5,-3.77763140E-3
3.63600000E-5,-3.84416177E-3
3.64000000E-5,-3.78993331E-3
3.64400000E-5,-3.89084273E-3
3.64800000E-5,-4.11448161E-3
3.65200000E-5,-3.78708571E-3
3.65600000E-5,-3.80421144E-3
3.66000000E-5,-3.91688948E-3
3.66400000E-5,-4.02633425E-3
3.66800000E-5,-3.91234873E-3
3.67200000E-5,-3.67290812E-3
3.67600000E-5,-3.99748259E-3
3.68000000E-5,-3.80135188E-3
3.68400000E-5,-3.75137247E-3
3.68800000E-5,-3.89660375E-3
3.69200000E-5,-3.91312494E-3
3.69600000E-5,-3.87274626E-3
3.70000000E-5,-4.02917255E-3
3.70400000E-5,-4.11942125E-3
3.70800000E-5,-3.81755205E-3
3.71200000E-5,-4.11602718E-3
3.71600000E-5,-4.12414387E-3
3.72000000E-5,-3.87424384E-3
3.72400000E-5,-3.90430015E-3
3.72800000E-5,-3.74613890E-3
3.73200000E-5,-3.88155470E-3
3.73600000E-5,-3.88606017E-3
3.74000000E-5,-4.25993758E-3
3.74400000E-5,-3.70284764E-3
3.74800000E-5,-3.65967514E-3
3.75200000E-5,-3.78052614E-3
3.75600000E-5,-3.63992121E-3
3.76000000E-5,-3.60067626E-3
3.76400000E-5,-3.77630528E-3
3.76800000E-5,-3.67767872E-3
3.77200000E-5,-3.75028557E-3
3.77600000E-5,-3.81112051E-3
3.78000000E-5,-3.68457155E-3
3.78400000E-5,-3.99341043E-3
3.78800000E-5,-3.93335515E-3
3.79200000E-5,-3.96786509E-3
3.79600000E-5,-3.63076145E-3
3.80000000E-5,-3.87465564E-3
3.80400000E-5,-3.86281006E-3
3.80800000E-5,-4.29459015E-3
3.81200000E-5,-3.99000874E-3
3.81600000E-5,-4.11369535E-3
3.82000000E-5,-3.76435947E-3
3.82400000E-5,-4.09567002E-3
3.82800000E-5,-3.74403277E-3
3.83200000E-5,-3.83907350E-3
3.83600000E-5,-3.87390982E-3
3.84000000E-5,-4.05974601E-3
3.84400000E-5,-4.04797772E-3
3.84800000E-5,-3.43150939E-3
3.85200000E-5,-4.05268585E-3
3.85600000E-5,-3.98933219E-3
3.86000000E-5,-3.84610735E-3
3.86400000E-5,-3.87304685E-3
3.86800000E-5,-3.92151912E-3
3.87200000E-5,-3.71241512E-3
3.87600000E-5,-3.86854422E-3
3.88000000E-5,-4.03912650E-3
3.88400000E-5,-3.96147923E-3
3.88800000E-5,-4.14834408E-3
3.89200000E-5,-3.86721361E-3
3.89600000E-5,-3.87601976E-3
3.90000000E-5,-3.64231616E-3
3.90400000E-5,-3.65869305E-3
3.90800000E-5,-3.86704541E-3
3.91200000E-5,-3.85336768E-3
3.91600000E-5,-3.82588862E-3
3.92000000E-5,-4.04470274E-3
3.92400000E-5,-4.04760903E-3
3.92800000E-5,-3.58245268E-3
3.93200000E-5,-3.71159862E-3
3.93600000E-5,-3.72658377E-3
3.94000000E-5,-3.98033930E-3
3.94400000E-5,-3.78236017E-3
3.94800000E-5,-3.80979297E-3
3.95200000E-5,-3.67911473E-3
3.95600000E-5,-4.18142770E-3
3.96000000E-5,-3.98342492E-3
3.96400000E-5,-3.86860431E-3
3.96800000E-5,-3.76844252E-3
3.97200000E-5,-3.69627748E-3
3.97600000E-5,-3.81000899E-3
3.98000000E-5,-3.70022769E-3
3.98400000E-5,-4.27475438E-3
3.98800000E-5,-3.61049183E-3
3.99200000E-5,-3.78050848E-3
3.99600000E-5,-3.69613857E-3
4.00000000E-5,-3.88171686E-3
4.00400000E-5,-3.71388166E-3
4.00800000E-5,-3.65938417E-3
4.01200000E-5,-4.12522023E-3
4.01600000E-5,-3.97533825E-3
4.02000000E-5,-3.54287543E-3
4.02400000E-5,-4.03399734E-3
4.02800000E-5,-3.92383793E-3
4.03200000E-5,-4.09166252E-3
4.03600000E-5,-3.70397615E-3
4.04000000E-5,-3.87608959E-3
4.04400000E-5,-4.17689809E-3
4.04800000E-5,-4.06978335E-3
4.05200000E-5,-3.95139637E-3
4.05600000E-5,-4.05244622E-3
4.06000000E-5,-3.94064536E-3
4.06400000E-5,-3.74539689E-3
4.06800000E-5,-3.66479101E-3
4.07200000E-5,-3.59969449E-3
4.07600000E-5,-3.83024494E-3
4.08000000E-5,-3.88153141E-3
4.08400000E-5,-3.96301182E-3
4.08800000E-5,-4.02774548E-3
4.09200000E-5,-3.68836853E-3
4.09600000E-5,-3.65821184E-3
4.10000000E-5,-4.05624706E-3
4.10400000E-5,-3.92934587E-3
4.10800000E-5,-3.72186923E-3
4.11200000E-5,-4.27980265E-3
4.11600000E-5,-3.96182587E-3
4.12000000E-5,-3.86682304E-3
4.12400000E-5,-3.86695882E-3
4.12800000E-5,-3.86545616E-3
4.13200000E-5,-3.89250432E-3
4.13600000E-5,-3.79185405E-3
4.14000000E-5,-3.57284973E-3
4.14400000E-5,-3.95634808E-3
4.14800000E-5,-3.86695866E-3
4.15200000E-5,-3.62742986E-3
4.15600000E-5,-3.95098506E-3
4.16000000E-5,-4.22182049E-3
4.16400000E-5,-3.97168022E-3
4.16800000E-5,-4.12139635E-3
4.17200000E-5,-3.88726672E-3
4.17600000E-5,-3.93024546E-3
4.18000000E-5,-3.84699537E-3
4.18400000E-5,-3.90290396E-3
4.18800000E-5,-3.75034713E-3
4.19200000E-5,-3.97920870E-3
4.19600000E-5,-3.70448122E-3
4.20000000E-5,-3.80994058E-3
4.20400000E-5,-3.88059887E-3
4.20800000E-5,-3.77279605E-3
4.21200000E-5,-4.11579540E-3
4.21600000E-5,-3.80384636E-3
4.22000000E-5,-3.95479153E-3
4.22400000E-5,-3.75911581E-3
4.22800000E-5,-3.74526427E-3
4.23200000E-5,-3.73037921E-3
4.23600000E-5,-4.00018991E-3
4.24000000E-5,-3.67961014E-3
4.24400000E-5,-3.93687071E-3
4.24800000E-5,-3.82218447E-3
4.25200000E-5,-3.76325307E-3
4.25600000E-5,-3.63472402E-3
4.26000000E-5,-3.88696410E-3
4.26400000E-5,-3.95524371E-3
4.26800000E-5,-3.77008113E-3
4.27200000E-5,-4.19962498E-3
4.27600000E-5,-4.31604100E-3
4.28000000E-5,-3.82901423E-3
4.28400000E-5,-4.11083204E-3
4.28800000E-5,-3.90935402E-3
4.29200000E-5,-4.08218818E-3
4.29600000E-5,-4.12359583E-3
4.30000000E-5,-4.07561106E-3
4.30400000E-5,-3.91978740E-3
4.30800000E-5,-3.53824038E-3
4.31200000E-5,-4.15332375E-3
4.31600000E-5,-3.79495472E-3
4.32000000E-5,-3.60226446E-3
4.32400000E-5,-3.66140865E-3
4.32800000E-5,-3.81752547E-3
4.33200000E-5,-3.67828660E-3
4.33600000E-5,-3.77593391E-3
4.34000000E-5,-4.14881809E-3
4.34400000E-5,-3.75484846E-3
4.34800000E-5,-3.66779571E-3
4.35200000E-5,-3.70515571E-3
4.35600000E-5,-4.05382765E-3
4.36000000E-5,-3.96392359E-3
4.36400000E-5,-3.86071279E-3
4.36800000E-5,-3.96198154E-3
4.37200000E-5,-4.01404145E-3
4.37600000E-5,-3.77252182E-3
4.38000000E-5,-3.98367342E-3
4.38400000E-5,-3.88155210E-3
4.38800000E-5,-3.93312015E-3
4.39200000E-5,-3.93461920E-3
4.39600000E-5,-3.87739499E-3
4.40000000E-5,-3.81864765E-3
4.40400000E-5,-3.77742167E-3
4.40800000E-5,-3.65853277E-3
4.41200000E-5,-3.60493076E-3
4.41600000E-5,-3.76498168E-3
4.42000000E-5,-4.20145206E-3
4.42400000E-5,-3.86177238E-3
4.42800000E-5,-3.94521459E-3
4.43200000E-5,-4.05501455E-3
4.43600000E-5,-3.80568408E-3
4.44000000E-5,-3.92211418E-3
4.44400000E-5,-3.71802936E-3
4.44800000E-5,-4.07655076E-3
4.45200000E-5,-3.70543589E-3
4.45600000E-5,-3.74006587E-3
4.46000000E-5,-3.91820324E-3
4.46400000E-5,-3.95407741E-3
4.46800000E-5,-3.62539407E-3
4.47200000E-5,-4.05183430E-3
4.47600000E-5,-4.11674230E-3
4.48000000E-5,-4.05182321E-3
4.48400000E-5,-3.83675519E-3
4.48800000E-5,-3.82312877E-3
4.49200000E-5,-3.64875805E-3
4.49600000E-5,-3.70114264E-3
4.50000000E-5,-3.95223650E-3
4.50400000E-5,-4.13747175E-3
4.50800000E-5,-3.92378232E-3
4.51200000E-5,-3.84507762E-3
4.51600000E-5,-4.00172734E-3
4.52000000E-5,-3.87130340E-3
4.52400000E-5,-3.91964328E-3
4.52800000E-5,-3.95304407E-3
4.53200000E-5,-3.97613278E-3
4.53600000E-5,-3.81110254E-3
4.54000000E-5,-4.04268573E-3
4.54400000E-5,-4.04294314E-3
4.54800000E-5,-3.69533699E-3
4.55200000E-5,-3.65795181E-3
4.55600000E-5,-3.83258002E-3
4.56000000E-5,-3.90728692E-3
4.56400000E-5,-4.04307815E-3
4.56800000E-5,-3.80463687E-3
4.57200000E-5,-4.03169346E-3
4.57600000E-5,-3.74080646E-3
4.58000000E-5,-3.52983077E-3
4.58400000E-5,-3.78735950E-3
4.58800000E-5,-3.89859265E-3
4.59200000E-5,-3.99768564E-3
4.59600000E-5,-3.85275966E-3
4.60000000E-5,-3.98107944E-3
4.60400000E-5,-3.78350219E-3
4.60800000E-5,-4.16848714E-3
4.61200000E-5,-3.89281197E-3
4.61600000E-5,-3.68667605E-3
4.62000000E-5,-3.91714797E-3
4.62400000E-5,-3.81290476E-3
4.62800000E-5,-3.56200218E-3
4.63200000E-5,-3.91018298E-3
4.63600000E-5,-3.81122370E-3
4.64000000E-5,-3.58810532E-3
4.64400000E-5,-3.87465001E-3
4.64800000E-5,-3.95723920E-3
4.65200000E-5,-3.90638793E-3
4.65600000E-5,-3.97766934E-3
4.66000000E-5,-4.13605200E-3
4.66400000E-5,-3.78948566E-3
4.66800000E-5,-4.10952621E-3
4.67200000E-5,-3.91791690E-3
4.67600000E-5,-3.88750810E-3
4.68000000E-5,-3.74256958E-3
4.68400000E-5,-3.76376233E-3
4.68800000E-5,-3.99151595E-3
4.69200000E-5,-3.97738536E-3
4.69600000E-5,-4.02372927E-3
4.70000000E-5,-3.69078074E-3
4.70400000E-5,-3.64002286E-3
4.70800000E-5,-4.07831551E-3
4.71200000E-5,-3.83996266E-3
4.71600000E-5,-4.06335957E-3
4.72000000E-5,-3.71699143E-3
4.72400000E-5,-3.87573148E-3
4.72800000E-5,-4.26179787E-3
4.73200000E-5,-3.88929396E-3
4.73600000E-5,-4.11091888E-3
4.74000000E-5,-3.97528206E-3
4.74400000E-5,-3.99372786E-3
4.74800000E-5,-3.86453029E-3
4.75200000E-5,-3.67942922E-3
4.75600000E-5,-3.98312087E-3
4.76000000E-5,-3.86302898E-3
4.76400000E-5,-3.86688535E-3
4.76800000E-5,-4.00906608E-3
4.77200000E-5,-3.94877186E-3
4.77600000E-5,-3.79547329E-3
4.78000000E-5,-3.98731817E-3
4.78400000E-5,-3.80939576E-3
4.78800000E-5,-3.85563204E-3
4.79200000E-5,-3.81447931E-3
4.79600000E-5,-3.75896627E-3
4.80000000E-5,-3.79617510E-3
4.80400000E-5,-3.73888944E-3
4.80800000E-5,-3.73570362E-3
4.81200000E-5,-3.89202260E-3
4.81600000E-5,-3.84800232E-3
4.82000000E-5,-4.05009128E-3
4.82400000E-5,-4.04287578E-3
4.82800000E-5,-3.77331802E-3
4.83200000E-5,-3.63016955E-3
4.83600000E-5,-3.90676026E-3
4.84000000E-5,-3.46771916E-3
4.84400000E-5,-3.85744694E-3
4.84800000E-5,-3.74445148E-3
4.85200000E-5,-3.71617852E-3
4.85600000E-5,-3.70093982E-3
4.86000000E-5,-3.81245674E-3
4.86400000E-5,-3.76412339E-3
4.86800000E-5,-4.10292688E-3
4.87200000E-5,-3.64345629E-3
4.87600000E-5,-3.57033541E-3
4.88000000E-5,-3.90779419E-3
4.88400000E-5,-3.92295899E-3
4.88800000E-5,-3.94033037E-3
4.89200000E-5,-3.69148055E-3
4.89600000E-5,-3.95427414E-3
4.90000000E-5,-3.67613294E-3
4.90400000E-5,-3.55950292E-3
4.90800000E-5,-4.38120795E-3
4.91200000E-5,-3.63539028E-3
4.91600000E-5,-3.61676628E-3
4.92000000E-5,-3.64759750E-3
4.92400000E-5,-4.07492452E-3
4.92800000E-5,-3.85748281E-3
4.93200000E-5,-3.86762483E-3
4.93600000E-5,-3.98040434E-3
4.94000000E-5,-3.70237468E-3
4.94400000E-5,-3.84983768E-3
4.94800000E-5,-3.87596462E-3
4.95200000E-5,-3.68221021E-3
4.95600000E-5,-3.70672919E-3
4.96000000E-5,-3.64385446E-3
4.96400000E-5,-3.91290867E-3
4.96800000E-5,-3.78951495E-3
4.97200000E-5,-3.65414914E-3
4.97600000E-5,-3.29334375E-3
4.98000000E-5,-3.81896710E-3
4.98400000E-5,-3.72162960E-3
4.98800000E-5,-4.15194505E-3
4.99200000E-5,-3.82634691E-3
4.99600000E-5,-3.76569566E-3
5.00000000E-5,-3.68462317E-3
5.00400000E-5,-4.04861601E-3
5.00800000E-5,-4.19350636E-3
5.01200000E-5,-3.91813548E-3
5.01600000E-5,-3.83637826E-3
5.02000000E-5,-4.00790207E-3
5.02400000E-5,-3.96005955E-3
5.02800000E-5,-3.82403315E-3
5.03200000E-5,-3.85522908E-3
5.03600000E-5,-3.83154562E-3
5.04000000E-5,-3.86132915E-3
5.04400000E-5,-3.79883617E-3
5.04800000E-5,-3.67258132E-3
5.05200000E-5,-3.79800637E-3
5.05600000E-5,-4.02653623E-3
5.06000000E-5,-3.82755815E-3
5.06400000E-5,-3.83826947E-3
5.06800000E-5,-3.96480886E-3
5.07200000E-5,-3.71776722E-3
5.07600000E-5,-3.88391492E-3
5.08000000E-5,-3.92428866E-3
5.08400000E-5,-3.91143522E-3
5.08800000E-5,-3.76706358E-3
5.09200000E-5,-4.08402846E-3
5.09600000E-5,-3.91628697E-3
5.10000000E-5,-3.73192375E-3
5.10400000E-5,-3.93478232E-3
5.10800000E-5,-4.03408781E-3
5.11200000E-5,-3.92840064E-3
5.11600000E-5,-3.82083053E-3
5.12000000E-5,-3.82673854E-3
5.12400000E-5,-3.96012061E-3
5.12800000E-5,-3.88379996E-3
5.13200000E-5,-3.73159554E-3
5.13600000E-5,-3.81170350E-3
5.14000000E-5,-3.84919611E-3
5.14400000E-5,-4.10630618E-3
5.14800000E-5,-4.03105512E-3
5.15200000E-5,-3.71996900E-3
5.15600000E-5,-4.13586945E-3
5.16000000E-5,-4.19365592E-3
5.16400000E-5,-3.79006117E-3
5.16800000E-5,-3.89372702E-3
5.17200000E-5,-3.87295862E-3
5.17600000E-5,-4.13695078E-3
5.18000000E-5,-3.60236187E-3
5.18400000E-5,-3.87330125E-3
5.18800000E-5,-3.92458660E-3
5.19200000E-5,-3.87620916E-3
5.19600000E-5,-3.78625310E-3
5.20000000E-5,-3.45400071E-3
5.20400000E-5,-4.11896583E-3
5.20800000E-5,-4.33279360E-3
5.21200000E-5,-3.93452837E-3
5.21600000E-5,-3.77781731E-3
5.22000000E-5,-3.86645921E-3
5.22400000E-5,-4.02193622E-3
5.22800000E-5,-4.01841381E-3
5.23200000E-5,-3.80298678E-3
5.23600000E-5,-3.76678618E-3
5.24000000E-5,-3.69720617E-3
5.24400000E-5,-4.08289094E-3
5.24800000E-5,-3.86260699E-3
5.25200000E-5,-3.93983467E-3
5.25600000E-5,-3.89825420E-3
5.26000000E-5,-4.10819690E-3
5.26400000E-5,-4.17251922E-3
5.26800000E-5,-3.60806078E-3
5.27200000E-5,-4.14208016E-3
5.27600000E-5,-3.99147433E-3
5.28000000E-5,-3.99325513E-3
5.28400000E-5,-3.95337625E-3
5.28800000E-5,-4.03555131E-3
5.29200000E-5,-4.11909442E-3
5.29600000E-5,-3.95101896E-3
5.30000000E-5,-3.93156723E-3
5.30400000E-5,-3.69090211E-3
5.30800000E-5,-3.88179052E-3
5.31200000E-5,-4.02466675E-3
5.31600000E-5,-3.84984298E-3
5.32000000E-5,-3.85078405E-3
5.32400000E-5,-3.90736219E-3
5.32800000E-5,-4.11003148E-3
5.33200000E-5,-3.72917963E-3
5.33600000E-5,-4.02815073E-3
5.34000000E-5,-3.98481371E-3
5.34400000E-5,-3.91533316E-3
5.34800000E-5,-3.92637229E-3
5.35200000E-5,-3.72163779E-3
5.35600000E-5,-3.94687540E-3
5.36000000E-5,-3.85254459E-3
5.36400000E-5,-4.43202249E-3
5.36800000E-5,-4.04716970E-3
5.37200000E-5,-3.84798131E-3
5.37600000E-5,-3.87025222E-3
5.38000000E-5,-4.22833393E-3
5.38400000E-5,-3.76607869E-3
5.38800000E-5,-3.88378246E-3
5.39200000E-5,-3.91941976E-3
5.39600000E-5,-3.85345339E-3
5.40000000E-5,-4.14428684E-3
5.40400000E-5,-4.42659183E-3
5.40800000E-5,-3.78952343E-3
5.41200000E-5,-3.68087564E-3
5.41600000E-5,-4.00638514E-3
5.42000000E-5,-4.07661706E-3
5.42400000E-5,-4.03672188E-3
5.42800000E-5,-3.83594141E-3
5.43200000E-5,-4.01050273E-3
5.43600000E-5,-3.91578751E-3
5.44000000E-5,-4.16530963E-3
5.44400000E-5,-3.85693246E-3
5.44800000E-5,-4.33931445E-3
5.45200000E-5,-4.10830268E-3
5.45600000E-5,-4.11008430E-3
5.46000000E-5,-3.97863430E-3
5.46400000E-5,-3.94142668E-3
5.46800000E-5,-3.65739880E-3
5.47200000E-5,-3.62238765E-3
5.47600000E-5,-3.85436608E-3
5.48000000E-5,-3.78687776E-3
5.48400000E-5,-4.11982401E-3
5.48800000E-5,-3.68706616E-3
5.49200000E-5,-3.70871700E-3
5.49600000E-5,-3.61110211E-3
5.50000000E-5,-4.03732616E-3
5.50400000E-5,-4.05551307E-3
5.50800000E-5,-3.89273286E-3
5.51200000E-5,-4.04900650E-3
5.51600000E-5,-3.77600388E-3
5.52000000E-5,-3.58898014E-3
5.52400000E-5,-3.85460414E-3
5.52800000E-5,-3.84472349E-3
5.53200000E-5,-3.95024485E-3
5.53600000E-5,-4.36983545E-3
5.54000000E-5,-4.17960535E-3
5.54400000E-5,-3.82702196E-3
5.54800000E-5,-3.92688243E-3
5.55200000E-5,-3.94338675E-3
5.55600000E-5,-3.84575672E-3
5.56000000E-5,-3.98670224E-3
5.56400000E-5,-3.72730166E-3
5.56800000E-5,-3.74959563E-3
5.57200000E-5,-3.97359275E-3
5.57600000E-5,-4.15670435E-3
5.58000000E-5,-3.92552588E-3
5.58400000E-5,-3.87591438E-3
5.58800000E-5,-3.89860874E-3
5.59200000E-5,-4.47309820E-3
5.59600000E-5,-4.01312912E-3
5.60000000E-5,-4.02728760E-3
5.60400000E-5,-3.89176139E-3
5.60800000E-5,-3.96475003E-3
5.61200000E-5,-4.01013313E-3
5.61600000E-5,-3.80024598E-3
5.62000000E-5,-3.86457575E-3
5.62400000E-5,-3.75306198E-3
5.62800000E-5,-4.03745553E-3
5.63200000E-5,-4.05981378E-3
5.63600000E-5,-4.03595967E-3
5.64000000E-5,-3.95253913E-3
5.64400000E-5,-4.04610319E-3
5.64800000E-5,-4.13378693E-3
5.65200000E-5,-4.02320666E-3
5.65600000E-5,-4.25409834E-3
5.66000000E-5,-4.19140129E-3
5.66400000E-5,-3.86478125E-3
5.66800000E-5,-4.05941602E-3
5.67200000E-5,-3.95736869E-3
5.67600000E-5,-3.88781477E-3
5.68000000E-5,-4.27912615E-3
5.68400000E-5,-4.04985899E-3
5.68800000E-5,-3.86749909E-3
5.69200000E-5,-4.00964039E-3
5.69600000E-5,-3.82503287E-3
5.70000000E-5,-3.92287043E-3
5.70400000E-5,-4.09136125E-3
5.70800000E-5,-3.89025767E-3
5.71200000E-5,-4.23702511E-3
5.71600000E-5,-4.17200304E-3
5.72000000E-5,-3.88136802E-3
5.72400000E-5,-3.88177980E-3
5.72800000E-5,-4.23668685E-3
5.73200000E-5,-3.83589501E-3
5.73600000E-5,-4.23575310E-3
5.74000000E-5,-4.06989032E-3
5.74400000E-5,-4.31486178E-3
5.74800000E-5,-4.21653115E-3
5.75200000E-5,-4.57961475E-3
5.75600000E-5,-4.38360307E-3
5.76000000E-5,-4.08496072E-3
5.76400000E-5,-4.17798418E-3
5.76800000E-5,-3.99957110E-3
5.77200000E-5,-3.85745397E-3
5.77600000E-5,-3.90924636E-3
5.78000000E-5,-4.19567538E-3
5.78400000E-5,-4.00068634E-3
5.78800000E-5,-4.37300909E-3
5.79200000E-5,-3.78192995E-3
5.79600000E-5,-3.96061852E-3
5.80000000E-5,-4.02876459E-3
5.80400000E-5,-3.93237141E-3
5.80800000E-5,-4.13071382E-3
5.81200000E-5,-4.06169555E-3
5.81600000E-5,-3.80544716E-3
5.82000000E-5,-3.73451108E-3
5.82400000E-5,-4.08911353E-3
5.82800000E-5,-3.99464558E-3
5.83200000E-5,-3.97356670E-3
5.83600000E-5,-3.80937926E-3
5.84000000E-5,-3.95742634E-3
5.84400000E-5,-3.73687416E-3
5.84800000E-5,-4.04100113E-3
5.85200000E-5,-3.83701477E-3
5.85600000E-5,-4.06432690E-3
5.86000000E-5,-3.92715149E-3
5.86400000E-5,-3.76687704E-3
5.86800000E-5,-3.91484301E-3
5.87200000E-5,-3.98021710E-3
5.87600000E-5,-3.98426697E-3
5.88000000E-5,-4.22144524E-3
5.88400000E-5,-4.14188846E-3
5.88800000E-5,-3.84514521E-3
5.89200000E-5,-4.01348460E-3
5.89600000E-5,-4.14392244E-3
5.90000000E-5,-4.04040194E-3
5.90400000E-5,-3.97152630E-3
5.90800000E-5,-4.12168696E-3
5.91200000E-5,-4.18408831E-3
5.91600000E-5,-3.88661608E-3
5.92000000E-5,-3.66501893E-3
5.92400000E-5,-3.75121357E-3
5.92800000E-5,-3.89064465E-3
5.93200000E-5,-4.43560168E-3
5.93600000E-5,-3.90294488E-3
5.94000000E-5,-3.69104501E-3
5.94400000E-5,-4.22022072E-3
5.94800000E-5,-3.86588362E-3
5.95200000E-5,-4.03455053E-3
5.95600000E-5,-3.86250263E-3
5.96000000E-5,-3.80103594E-3
5.96400000E-5,-4.07590249E-3
5.96800000E-5,-3.96947382E-3
5.97200000E-5,-3.83878245E-3
5.97600000E-5,-3.93470065E-3
5.98000000E-5,-3.93210271E-3
5.98400000E-5,-4.06995190E-3
5.98800000E-5,-3.89511540E-3
5.99200000E-5,-3.95771339E-3
5.99600000E-5,-3.78642195E-3
6.00000000E-5,-4.02502362E-3
6.00400000E-5,-3.77315250E-3
6.00800000E-5,-4.11498125E-3
6.01200000E-5,-4.08597195E-3
6.01600000E-5,-3.98099424E-3
6.02000000E-5,-3.99639207E-3
6.02400000E-5,-3.70305473E-3
6.02800000E-5,-3.96927041E-3
6.03200000E-5,-3.88297073E-3
6.03600000E-5,-4.01077953E-3
6.04000000E-5,-3.81122979E-3
6.04400000E-5,-4.03675866E-3
6.04800000E-5,-3.85207645E-3
6.05200000E-5,-4.04953687E-3
6.05600000E-5,-4.04392151E-3
6.06000000E-5,-4.16520395E-3
6.06400000E-5,-3.74234681E-3
6.06800000E-5,-3.95620830E-3
6.07200000E-5,-4.40160455E-3
6.07600000E-5,-4.04698040E-3
6.08000000E-5,-3.64647548E-3
6.08400000E-5,-3.92045252E-3
6.08800000E-5,-4.00647066E-3
6.09200000E-5,-3.91038008E-3
6.09600000E-5,-4.11923448E-3
6.10000000E-5,-3.81262190E-3
6.10400000E-5,-3.98832160E-3
6.10800000E-5,-3.90095192E-3
6.11200000E-5,-3.96550467E-3
6.11600000E-5,-3.87382518E-3
6.12000000E-5,-3.94570666E-3
6.12400000E-5,-4.15360437E-3
6.12800000E-5,-3.79164987E-3
6.13200000E-5,-3.66747985E-3
6.13600000E-5,-4.11745854E-3
6.14000000E-5,-4.15923577E-3
6.14400000E-5,-3.88608550E-3
6.14800000E-5,-3.81607730E-3
6.15200000E-5,-4.01944906E-3
6.15600000E-5,-3.89286123E-3
6.16000000E-5,-3.94857846E-3
6.16400000E-5,-3.61890860E-3
6.16800000E-5,-3.83608876E-3
6.17200000E-5,-4.09203178E-3
6.17600000E-5,-4.04692234E-3
6.18000000E-5,-3.98065445E-3
6.18400000E-5,-3.97844989E-3
6.18800000E-5,-3.87339170E-3
6.19200000E-5,-4.15161759E-3
6.19600000E-5,-3.68321706E-3
6.20000000E-5,-3.84390237E-3
6.20400000E-5,-4.03171235E-3
6.20800000E-5,-3.83244227E-3
6.21200000E-5,-4.00162228E-3
6.21600000E-5,-3.98738469E-3
6.22000000E-5,-4.12812435E-3
6.22400000E-5,-4.09823943E-3
6.22800000E-5,-3.84849327E-3
6.23200000E-5,-3.75975851E-3
6.23600000E-5,-4.00379064E-3
6.24000000E-5,-4.17830839E-3
6.24400000E-5,-3.69256051E-3
6.24800000E-5,-3.79865506E-3
6.25200000E-5,-4.00903738E-3
6.25600000E-5,-4.16876160E-3
6.26000000E-5,-3.83284371E-3
6.26400000E-5,-3.84967968E-3
6.26800000E-5,-3.77496025E-3
6.27200000E-5,-4.16023173E-3
6.27600000E-5,-3.68402763E-3
6.28000000E-5,-4.09607606E-3
6.28400000E-5,-4.02330966E-3
6.28800000E-5,-3.74559917E-3
6.29200000E-5,-4.05739661E-3
6.29600000E-5,-4.27698833E-3
6.30000000E-5,-3.89183966E-3
6.30400000E-5,-4.05366050E-3
6.30800000E-5,-4.10843346E-3
6.31200000E-5,-3.96948103E-3
6.31600000E-5,-3.94426658E-3
6.32000000E-5,-4.22196976E-3
6.32400000E-5,-3.77888849E-3
6.32800000E-5,-3.89280746E-3
6.33200000E-5,-3.85686628E-3
6.33600000E-5,-4.19155489E-3
6.34000000E-5,-4.17286652E-3
6.34400000E-5,-4.14855054E-3
6.34800000E-5,-4.20516729E-3
6.35200000E-5,-4.31262091E-3
6.35600000E-5,-3.90436549E-3
6.36000000E-5,-3.63747726E-3
6.36400000E-5,-4.20368840E-3
6.36800000E-5,-3.80974841E-3
6.37200000E-5,-3.97811679E-3
6.37600000E-5,-4.18779042E-3
6.38000000E-5,-4.11762302E-3
6.38400000E-5,-4.03608534E-3
6.38800000E-5,-4.03966981E-3
6.39200000E-5,-3.87273110E-3
6.39600000E-5,-3.77725834E-3
6.40000000E-5,-3.89208430E-3
6.40400000E-5,-4.11146269E-3
6.40800000E-5,-4.00407995E-3
6.41200000E-5,-3.93871576E-3
6.41600000E-5,-3.87288864E-3
6.42000000E-5,-4.00576025E-3
6.42400000E-5,-4.33054048E-3
6.42800000E-5,-3.90879965E-3
6.43200000E-5,-4.00141212E-3
6.43600000E-5,-3.94128170E-3
6.44000000E-5,-4.00281197E-3
6.44400000E-5,-4.16234115E-3
6.44800000E-5,-4.01191655E-3
6.45200000E-5,-4.18892737E-3
6.45600000E-5,-4.20391946E-3
6.46000000E-5,-3.86229532E-3
6.46400000E-5,-3.93569883E-3
6.46800000E-5,-4.07604675E-3
6.47200000E-5,-4.12340935E-3
6.47600000E-5,-3.73819393E-3
6.48000000E-5,-4.09502768E-3
6.48400000E-5,-4.24993219E-3
6.48800000E-5,-4.05754838E-3
6.49200000E-5,-3.90694008E-3
6.49600000E-5,-3.94082684E-3
6.50000000E-5,-3.91499868E-3
6.50400000E-5,-4.25270575E-3
6.50800000E-5,-4.05475790E-3
6.51200000E-5,-4.02362385E-3
6.51600000E-5,-3.94459098E-3
6.52000000E-5,-4.08116989E-3
6.52400000E-5,-4.07077299E-3
6.52800000E-5,-3.72236162E-3
6.53200000E-5,-4.18480956E-3
6.53600000E-5,-3.94235849E-3
6.54000000E-5,-3.93653427E-3
6.54400000E-5,-4.17454135E-3
6.54800000E-5,-4.09663632E-3
6.55200000E-5,-3.83017793E-3
6.55600000E-5,-3.82079655E-3
6.56000000E-5,-3.99285628E-3
6.56400000E-5,-3.98635745E-3
6.56800000E-5,-3.64778551E-3
6.57200000E-5,-4.25241842E-3
6.57600000E-5,-4.09681133E-3
6.58000000E-5,-4.29471932E-3
6.58400000E-5,-3.82065317E-3
6.58800000E-5,-4.01345030E-3
6.59200000E-5,-4.08159053E-3
6.59600000E-5,-4.05912411E-3
6.60000000E-5,-3.91446483E-3
6.60400000E-5,-3.73382408E-3
6.60800000E-5,-3.93438570E-3
6.61200000E-5,-4.05539841E-3
6.61600000E-5,-3.98876167E-3
6.62000000E-5,-3.98493015E-3
6.62400000E-5,-4.14742588E-3
6.62800000E-5,-4.20762812E-3
6.63200000E-5,-4.14560755E-3
6.63600000E-5,-3.89574413E-3
6.64000000E-5,-4.04095610E-3
6.64400000E-5,-3.76750591E-3
6.64800000E-5,-4.20409699E-3
6.65200000E-5,-3.84830193E-3
6.65600000E-5,-4.21783676E-3
6.66000000E-5,-3.81270962E-3
6.66400000E-5,-4.11280080E-3
6.66800000E-5,-4.17869503E-3
6.67200000E-5,-3.93437600E-3
6.67600000E-5,-3.86208893E-3
6.68000000E-5,-4.13692906E-3
6.68400000E-5,-3.80445812E-3
6.68800000E-5,-4.18309663E-3
6.69200000E-5,-4.16463435E-3
6.69600000E-5,-3.94510960E-3
6.70000000E-5,-4.05537184E-3
6.70400000E-5,-3.92802896E-3
6.70800000E-5,-3.97795487E-3
6.71200000E-5,-4.06076423E-3
6.71600000E-5,-3.99007861E-3
6.72000000E-5,-3.70183303E-3
6.72400000E-5,-3.83059152E-3
6.72800000E-5,-4.02677982E-3
6.73200000E-5,-3.89196925E-3
6.73600000E-5,-4.02691778E-3
6.74000000E-5,-3.99243037E-3
6.74400000E-5,-4.14713472E-3
6.74800000E-5,-3.95260034E-3
6.75200000E-5,-3.80010622E-3
6.75600000E-5,-4.28394845E-3
6.76000000E-5,-4.10838018E-3
6.76400000E-5,-4.03903587E-3
6.76800000E-5,-4.03365210E-3
6.77200000E-5,-4.02982278E-3
6.77600000E-5,-4.17367730E-3
6.78000000E-5,-3.98695387E-3
6.78400000E-5,-3.88567008E-3
6.78800000E-5,-4.00794959E-3
6.79200000E-5,-3.82362954E-3
6.79600000E-5,-4.15077046E-3
6.80000000E-5,-3.98860233E-3
6.80400000E-5,-4.05549065E-3
6.80800000E-5,-3.92548290E-3
6.81200000E-5,-3.84210148E-3
6.81600000E-5,-3.76640275E-3
6.82000000E-5,-3.80040571E-3
6.82400000E-5,-3.66289613E-3
6.82800000E-5,-3.72789186E-3
6.83200000E-5,-3.96015350E-3
6.83600000E-5,-4.08668637E-3
6.84000000E-5,-3.79581313E-3
6.84400000E-5,-4.06336692E-3
6.84800000E-5,-4.14382406E-3
6.85200000E-5,-4.00206059E-3
6.85600000E-5,-3.87199763E-3
6.86000000E-5,-3.84514380E-3
6.86400000E-5,-3.74707413E-3
6.86800000E-5,-4.15495731E-3
6.87200000E-5,-3.91413930E-3
6.87600000E-5,-4.00745055E-3
6.88000000E-5,-3.86288677E-3
6.88400000E-5,-4.02602946E-3
6.88800000E-5,-3.92483479E-3
6.89200000E-5,-3.72766776E-3
6.89600000E-5,-3.79061107E-3
6.90000000E-5,-4.32418562E-3
6.90400000E-5,-4.13601668E-3
6.90800000E-5,-4.20077563E-3
6.91200000E-5,-3.80005737E-3
6.91600000E-5,-4.02641985E-3
6.92000000E-5,-4.15702499E-3
6.92400000E-5,-3.91005726E-3
6.92800000E-5,-3.76914689E-3
6.93200000E-5,-4.19952694E-3
6.93600000E-5,-3.85466079E-3
6.94000000E-5,-3.97419378E-3
6.94400000E-5,-4.14181571E-3
6.94800000E-5,-4.00549744E-3
6.95200000E-5,-3.91984952E-3
6.95600000E-5,-4.11485525E-3
6.96000000E-5,-3.93898473E-3
6.96400000E-5,-4.36632540E-3
6.96800000E-5,-3.84202895E-3
6.97200000E-5,-4.08979147E-3
6.97600000E-5,-4.29978373E-3
6.98000000E-5,-3.91788926E-3
6.98400000E-5,-4.01867922E-3
6.98800000E-5,-3.90056697E-3
6.99200000E-5,-4.11156425E-3
6.99600000E-5,-4.16315117E-3
7.00000000E-5,-3.79207580E-3
7.00400000E-5,-4.11597928E-3
7.00800000E-5,-4.17746140E-3
7.01200000E-5,-3.86987902E-3
7.01600000E-5,-3.87217401E-3
7.02000000E-5,-4.19370987E-3
7.02400000E-5,-3.71112211E-3
7.02800000E-5,-4.07376742E-3
7.03200000E-5,-3.82209990E-3
7.03600000E-5,-3.82888376E-3
7.04000000E-5,-3.94181144E-3
7.04400000E-5,-4.23135003E-3
7.04800000E-5,-3.98859091E-3
7.05200000E-5,-4.17403427E-3
7.05600000E-5,-3.83186639E-3
7.06000000E-5,-4.16509343E-3
7.06400000E-5,-3.72588104E-3
7.06800000E-5,-3.90024144E-3
7.07200000E-5,-4.07442340E-3
7.07600000E-5,-3.84249199E-3
7.08000000E-5,-4.09316227E-3
7.08400000E-5,-3.69215271E-3
7.08800000E-5,-3.99588175E-3
7.09200000E-5,-4.01534560E-3
7.09600000E-5,-3.71816078E-3
7.10000000E-5,-3.88089369E-3
7.10400000E-5,-3.74573654E-3
7.10800000E-5,-4.01399339E-3
7.11200000E-5,-4.15165699E-3
7.11600000E-5,-3.76871311E-3
7.12000000E-5,-4.04948919E-3
7.12400000E-5,-3.88788251E-3
7.12800000E-5,-3.77492828E-3
7.13200000E-5,-3.86118418E-3
7.13600000E-5,-3.86474290E-3
7.14000000E-5,-4.07432820E-3
7.14400000E-5,-3.89067418E-3
7.14800000E-5,-4.23589259E-3
7.15200000E-5,-3.99665983E-3
7.15600000E-5,-3.83073745E-3
7.16000000E-5,-3.89526614E-3
7.16400000E-5,-3.73336225E-3
7.16800000E-5,-4.09234218E-3
7.17200000E-5,-3.81298936E-3
7.17600000E-5,-4.03536627E-3
7.18000000E-5,-3.89571080E-3
7.18400000E-5,-3.79665806E-3
7.18800000E-5,-4.12683476E-3
7.19200000E-5,-3.74002614E-3
7.19600000E-5,-3.95962899E-3
7.20000000E-5,-4.20099479E-3
7.20400000E-5,-4.02604835E-3
7.20800000E-5,-4.21669690E-3
7.21200000E-5,-3.89990810E-3
7.21600000E-5,-4.18920069E-3
7.22000000E-5,-4.17504293E-3
7.22400000E-5,-4.15684152E-3
7.22800000E-5,-4.40891096E-3
7.23200000E-5,-4.22370763E-3
7.23600000E-5,-3.83839188E-3
7.24000000E-5,-4.27778361E-3
7.24400000E-5,-4.12589695E-3
7.24800000E-5,-3.94181467E-3
7.25200000E-5,-3.89032347E-3
7.25600000E-5,-3.91303630E-3
7.26000000E-5,-3.90311133E-3
7.26400000E-5,-3.95845038E-3
7.26800000E-5,-4.01502223E-3
7.27200000E-5,-4.16564143E-3
7.27600000E-5,-3.85456379E-3
7.28000000E-5,-3.93883048E-3
7.28400000E-5,-4.07904770E-3
7.28800000E-5,-3.87067690E-3
7.29200000E-5,-4.03971414E-3
7.29600000E-5,-3.87335310E-3
7.30000000E-5,-3.81918615E-3
7.30400000E-5,-4.13634354E-3
7.30800000E-5,-4.00494430E-3
7.31200000E-5,-3.84180090E-3
7.31600000E-5,-3.93721721E-3
7.32000000E-5,-4.00647315E-3
7.32400000E-5,-4.14777583E-3
7.32800000E-5,-4.09577463E-3
7.33200000E-5,-3.94236971E-3
7.33600000E-5,-4.05406112E-3
7.34000000E-5,-3.94244630E-3
7.34400000E-5,-4.11535639E-3
7.34800000E-5,-4.03870423E-3
7.35200000E-5,-4.16858179E-3
7.35600000E-5,-4.09025706E-3
7.36000000E-5,-4.14857661E-3
7.36400000E-5,-3.80954178E-3
7.36800000E-5,-3.65771976E-3
7.37200000E-5,-4.33655865E-3
7.37600000E-5,-4.21643428E-3
7.38000000E-5,-3.80526048E-3
7.38400000E-5,-3.76166233E-3
7.38800000E-5,-4.07838627E-3
7.39200000E-5,-4.35578620E-3
7.39600000E-5,-3.86064715E-3
7.40000000E-5,-3.99021619E-3
7.40400000E-5,-3.95377561E-3
7.40800000E-5,-3.86436373E-3
7.41200000E-5,-4.03618576E-3
7.41600000E-5,-3.92470740E-3
7.42000000E-5,-3.82170481E-3
7.42400000E-5,-3.65561757E-3
7.42800000E-5,-4.01436500E-3
7.43200000E-5,-3.81493936E-3
7.43600000E-5,-3.95460445E-3
7.44000000E-5,-3.84481914E-3
7.44400000E-5,-3.67807313E-3
7.44800000E-5,-3.93795825E-3
7.45200000E-5,-4.03101223E-3
7.45600000E-5,-4.12329743E-3
7.46000000E-5,-3.79823145E-3
7.46400000E-5,-4.12631205E-3
7.46800000E-5,-4.14390973E-3
7.47200000E-5,-3.87455840E-3
7.47600000E-5,-4.20003478E-3
7.48000000E-5,-3.76315419E-3
7.48400000E-5,-4.03331355E-3
7.48800000E-5,-4.11040990E-3
7.49200000E-5,-3.88606882E-3
7.49600000E-5,-3.87473832E-3
7.50000000E-5,-4.01624982E-3
7.50400000E-5,-4.07564370E-3
7.50800000E-5,-4.14349808E-3
7.51200000E-5,-4.24209934E-3
7.51600000E-5,-3.92597624E-3
7.52000000E-5,-3.93624192E-3
7.52400000E-5,-4.01538782E-3
7.52800000E-5,-4.11372930E-3
7.53200000E-5,-4.22220234E-3
7.53600000E-5,-3.58913324E-3
7.54000000E-5,-3.89128591E-3
7.54400000E-5,-3.93390387E-3
7.54800000E-5,-3.81930390E-3
7.55200000E-5,-3.91207739E-3
7.55600000E-5,-4.15543188E-3
7.56000000E-5,-4.02850192E-3
7.56400000E-5,-4.06417741E-3
7.56800000E-5,-3.95029314E-3
7.57200000E-5,-3.92114527E-3
7.57600000E-5,-3.83149677E-3
7.58000000E-5,-3.88307004E-3
7.58400000E-5,-3.96269039E-3
7.58800000E-5,-4.09675676E-3
7.59200000E-5,-3.73102760E-3
7.59600000E-5,-3.85804894E-3
7.60000000E-5,-3.76689406E-3
7.60400000E-5,-3.87423367E-3
7.60800000E-5,-4.04999643E-3
7.61200000E-5,-3.98448733E-3
7.61600000E-5,-4.13974170E-3
7.62000000E-5,-3.81013963E-3
7.62400000E-5,-4.05710025E-3
7.62800000E-5,-3.71433300E-3
7.63200000E-5,-3.79072382E-3
7.63600000E-5,-4.10465482E-3
7.64000000E-5,-4.08513802E-3
7.64400000E-5,-4.29836140E-3
7.64800000E-5,-3.66512332E-3
7.65200000E-5,-3.86581719E-3
7.65600000E-5,-4.08007735E-3
7.66000000E-5,-3.88290910E-3
7.66400000E-5,-3.71986532E-3
7.66800000E-5,-3.95367125E-3
7.67200000E-5,-3.84623949E-3
7.67600000E-5,-3.99847361E-3
7.68000000E-5,-3.94575559E-3
7.68400000E-5,-4.23155615E-3
7.68800000E-5,-3.88966983E-3
7.69200000E-5,-3.85246157E-3
7.69600000E-5,-3.80216835E-3
7.70000000E-5,-3.84772507E-3
7.70400000E-5,-4.07088380E-3
7.70800000E-5,-3.98433347E-3
7.71200000E-5,-3.99133372E-3
7.71600000E-5,-4.09288686E-3
7.72000000E-5,-3.87613669E-3
7.72400000E-5,-4.07136632E-3
7.72800000E-5,-3.94542199E-3
7.73200000E-5,-3.66970562E-3
7.73600000E-5,-3.80224057E-3
7.74000000E-5,-3.92769962E-3
7.74400000E-5,-4.02307023E-3
7.74800000E-5,-3.75472560E-3
7.75200000E-5,-3.85967561E-3
7.75600000E-5,-3.90536983E-3
7.76000000E-5,-3.77972368E-3
7.76400000E-5,-3.81927508E-3
7.76800000E-5,-4.15943835E-3
7.77200000E-5,-3.91360470E-3
7.77600000E-5,-3.70674771E-3
7.78000000E-5,-3.85459670E-3
7.78400000E-5,-3.69854597E-3
7.78800000E-5,-4.12722809E-3
7.79200000E-5,-4.11190394E-3
7.79600000E-5,-3.87475582E-3
7.80000000E-5,-3.81629763E-3
7.80400000E-5,-4.00441664E-3
7.80800000E-5,-3.68803181E-3
7.81200000E-5,-3.91880083E-3
7.81600000E-5,-3.82790377E-3
7.82000000E-5,-3.77014594E-3
7.82400000E-5,-3.90592349E-3
7.82800000E-5,-3.73080118E-3
7.83200000E-5,-3.89087349E-3
7.83600000E-5,-4.01509354E-3
7.84000000E-5,-3.93119442E-3
7.84400000E-5,-4.18300060E-3
7.84800000E-5,-3.41712365E-3
7.85200000E-5,-3.97363349E-3
7.85600000E-5,-3.96197444E-3
7.86000000E-5,-4.15515311E-3
7.86400000E-5,-3.89545240E-3
7.86800000E-5,-3.87320688E-3
7.87200000E-5,-3.88849002E-3
7.87600000E-5,-4.03622969E-3
7.88000000E-5,-4.08154779E-3
7.88400000E-5,-3.66895986E-3
7.88800000E-5,-3.88414613E-3
7.89200000E-5,-3.80010655E-3
7.89600000E-5,-3.90252446E-3
7.90000000E-5,-3.73618726E-3
7.90400000E-5,-3.78206331E-3
7.90800000E-5,-3.48642358E-3
7.91200000E-5,-3.69670512E-3
7.91600000E-5,-3.86053026E-3
7.92000000E-5,-3.94528034E-3
7.92400000E-5,-3.64701892E-3
7.92800000E-5,-3.63754946E-3
7.93200000E-5,-3.70523465E-3
7.93600000E-5,-3.99504804E-3
7.94000000E-5,-3.56660134E-3
7.94400000E-5,-3.87230365E-3
7.94800000E-5,-3.92136012E-3
7.95200000E-5,-3.92961716E-3
7.95600000E-5,-3.86636220E-3
7.96000000E-5,-3.84648876E-3
7.96400000E-5,-3.68906664E-3
7.96800000E-5,-3.75517892E-3
7.97200000E-5,-3.94245921E-3
7.97600000E-5,-3.69008066E-3
7.98000000E-5,-3.72543607E-3
7.98400000E-5,-3.97383436E-3
7.98800000E-5,-3.81397851E-3
7.99200000E-5,-3.73015975E-3
7.99600000E-5,-3.69250331E-3
8.00000000E-5,-3.86948738E-3
8.00400000E-5,-3.71520716E-3
8.00800000E-5,-4.01794222E-3
8.01200000E-5,-4.03073030E-3
8.01600000E-5,-3.82693965E-3
8.02000000E-5,-3.82363662E-3
8.02400000E-5,-3.66341593E-3
8.02800000E-5,-3.50524738E-3
8.03200000E-5,-3.83711952E-3
8.03600000E-5,-3.95801690E-3
8.04000000E-5,-3.68409154E-3
8.04400000E-5,-3.67918220E-3
8.04800000E-5,-3.82802990E-3
8.05200000E-5,-4.03179069E-3
8.05600000E-5,-3.79539928E-3
8.06000000E-5,-3.84041391E-3
8.06400000E-5,-3.65108927E-3
8.06800000E-5,-3.89306555E-3
8.07200000E-5,-3.89324874E-3
8.07600000E-5,-3.67248881E-3
8.08000000E-5,-3.96530840E-3
8.08400000E-5,-3.79547719E-3
8.08800000E-5,-4.03357862E-3
8.09200000E-5,-3.74432508E-3
8.09600000E-5,-3.63537526E-3
8.10000000E-5,-3.76903968E-3
8.10400000E-5,-3.72015875E-3
8.10800000E-5,-3.94683811E-3
8.11200000E-5,-3.79750163E-3
8.11600000E-5,-3.74569576E-3
8.12000000E-5,-3.62420718E-3
8.12400000E-5,-3.81061780E-3
8.12800000E-5,-3.84234072E-3
8.13200000E-5,-3.50402756E-3
8.13600000E-5,-3.76414759E-3
8.14000000E-5,-3.61491955E-3
8.14400000E-5,-3.85919449E-3
8.14800000E-5,-3.86675253E-3
8.15200000E-5,-3.96129575E-3
8.15600000E-5,-3.99936652E-3
8.16000000E-5,-3.86448897E-3
8.16400000E-5,-3.87121713E-3
8.16800000E-5,-3.94031704E-3
8.17200000E-5,-3.93431965E-3
8.17600000E-5,-3.91497425E-3
8.18000000E-5,-3.84526925E-3
8.18400000E-5,-4.03334049E-3
8.18800000E-5,-3.95668243E-3
8.19200000E-5,-3.97281722E-3
8.19600000E-5,-3.53051363E-3
8.20000000E-5,-4.11343370E-3
8.20400000E-5,-3.78316908E-3
8.20800000E-5,-4.11222582E-3
8.21200000E-5,-3.84146137E-3
8.21600000E-5,-3.90790564E-3
8.22000000E-5,-3.96050536E-3
8.22400000E-5,-4.02404087E-3
8.22800000E-5,-3.77572131E-3
8.23200000E-5,-4.16147614E-3
8.23600000E-5,-3.81069651E-3
8.24000000E-5,-3.86186325E-3
8.24400000E-5,-4.11428733E-3
8.24800000E-5,-4.05510878E-3
8.25200000E-5,-4.12637106E-3
8.25600000E-5,-3.85556736E-3
8.26000000E-5,-4.05245752E-3
8.26400000E-5,-4.03175261E-3
8.26800000E-5,-3.97976669E-3
8.27200000E-5,-3.92932027E-3
8.27600000E-5,-3.91888493E-3
8.28000000E-5,-3.56713462E-3
8.28400000E-5,-3.73510862E-3
8.28800000E-5,-3.84259423E-3
8.29200000E-5,-3.92514916E-3
8.29600000E-5,-3.76482607E-3
8.30000000E-5,-3.79422405E-3
8.30400000E-5,-4.12074331E-3
8.30800000E-5,-3.98141870E-3
8.31200000E-5,-4.15643090E-3
8.31600000E-5,-3.77936392E-3
8.32000000E-5,-4.02889684E-3
8.32400000E-5,-3.87746942E-3
8.32800000E-5,-3.80637264E-3
8.33200000E-5,-3.96400856E-3
8.33600000E-5,-4.08427721E-3
8.34000000E-5,-3.84732157E-3
8.34400000E-5,-3.63854644E-3
8.34800000E-5,-4.09063886E-3
8.35200000E-5,-4.00399698E-3
8.35600000E-5,-3.90156746E-3
8.36000000E-5,-4.04547782E-3
8.36400000E-5,-4.10879390E-3
8.36800000E-5,-3.71097059E-3
8.37200000E-5,-3.90846964E-3
8.37600000E-5,-4.10073442E-3
8.38000000E-5,-3.76770303E-3
8.38400000E-5,-4.14442096E-3
8.38800000E-5,-3.77657523E-3
8.39200000E-5,-3.98994474E-3
8.39600000E-5,-3.89931860E-3
8.40000000E-5,-3.92389309E-3
8.40400000E-5,-3.96879385E-3
8.40800000E-5,-3.57473461E-3
8.41200000E-5,-3.84387917E-3
8.41600000E-5,-3.89277199E-3
8.42000000E-5,-3.78654007E-3
8.42400000E-5,-3.81530498E-3
8.42800000E-5,-4.05392600E-3
8.43200000E-5,-3.93118207E-3
8.43600000E-5,-4.07726648E-3
8.44000000E-5,-4.01381356E-3
8.44400000E-5,-3.92595525E-3
8.44800000E-5,-4.02948062E-3
8.45200000E-5,-4.01107486E-3
8.45600000E-5,-3.88921773E-3
8.46000000E-5,-3.94727548E-3
8.46400000E-5,-3.87764817E-3
8.46800000E-5,-3.97469231E-3
8.47200000E-5,-3.96006179E-3
8.47600000E-5,-3.93159173E-3
8.48000000E-5,-4.06130253E-3
8.48400000E-5,-3.80006796E-3
8.48800000E-5,-3.89385233E-3
8.49200000E-5,-3.97936188E-3
8.49600000E-5,-4.09209618E-3
8.50000000E-5,-4.14840879E-3
8.50400000E-5,-3.79268659E-3
8.50800000E-5,-3.90037310E-3
8.51200000E-5,-3.93703356E-3
8.51600000E-5,-4.00684460E-3
8.52000000E-5,-4.00235440E-3
8.52400000E-5,-4.04691737E-3
8.52800000E-5,-4.11304792E-3
8.53200000E-5,-4.07799410E-3
8.53600000E-5,-3.91985686E-3
8.54000000E-5,-3.83776350E-3
8.54400000E-5,-3.91615698E-3
8.54800000E-5,-4.13410052E-3
8.55200000E-5,-3.85484298E-3
8.55600000E-5,-3.87177017E-3
8.56000000E-5,-3.71293524E-3
8.56400000E-5,-4.03219527E-3
8.56800000E-5,-3.94661403E-3
8.57200000E-5,-4.06611772E-3
8.57600000E-5,-3.60800550E-3
8.58000000E-5,-3.96032816E-3
8.58400000E-5,-4.33120954E-3
8.58800000E-5,-4.07042096E-3
8.59200000E-5,-3.65233404E-3
8.59600000E-5,-3.89883439E-3
8.60000000E-5,-4.32052193E-3
8.60400000E-5,-3.91263014E-3
8.60800000E-5,-3.98674422E-3
8.61200000E-5,-4.01970567E-3
8.61600000E-5,-3.94532240E-3
8.62000000E-5,-3.82122256E-3
8.62400000E-5,-3.76917294E-3
8.62800000E-5,-4.00113646E-3
8.63200000E-5,-4.00358668E-3
8.63600000E-5,-4.05607946E-3
8.64000000E-5,-3.75898722E-3
8.64400000E-5,-3.99540845E-3
8.64800000E-5,-3.90200402E-3
8.65200000E-5,-4.03103095E-3
8.65600000E-5,-4.10321431E-3
8.66000000E-5,-4.15780387E-3
8.66400000E-5,-3.88653853E-3
8.66800000E-5,-3.97373066E-3
8.67200000E-5,-3.99813318E-3
8.67600000E-5,-4.00199434E-3
8.68000000E-5,-4.04885666E-3
8.68400000E-5,-4.07313207E-3
8.68800000E-5,-4.03440656E-3
8.69200000E-5,-3.91289274E-3
8.69600000E-5,-3.72666821E-3
8.70000000E-5,-4.08554859E-3
8.70400000E-5,-3.99206233E-3
8.70800000E-5,-3.95425422E-3
8.71200000E-5,-3.89609513E-3
8.71600000E-5,-4.31020045E-3
8.72000000E-5,-3.92619812E-3
8.72400000E-5,-3.87654634E-3
8.72800000E-5,-4.02987451E-3
8.73200000E-5,-4.19598507E-3
8.73600000E-5,-4.03845359E-3
8.74000000E-5,-3.84184346E-3
8.74400000E-5,-3.90751313E-3
8.74800000E-5,-3.88900372E-3
8.75200000E-5,-3.79970266E-3
8.75600000E-5,-3.84942636E-3
8.76000000E-5,-3.88561053E-3
8.76400000E-5,-3.80915940E-3
8.76800000E-5,-3.46020968E-3
8.77200000E-5,-3.81374034E-3
8.77600000E-5,-3.75273871E-3
8.78000000E-5,-3.65142511E-3
8.78400000E-5,-4.15729084E-3
8.78800000E-5,-3.69142427E-3
8.79200000E-5,-3.66883175E-3
8.79600000E-5,-3.67308894E-3
8.80000000E-5,-3.80426549E-3
8.80400000E-5,-3.74400130E-3
8.80800000E-5,-4.14512201E-3
8.81200000E-5,-3.76645334E-3
8.81600000E-5,-3.88126646E-3
8.82000000E-5,-3.98729894E-3
8.82400000E-5,-3.58965509E-3
8.82800000E-5,-3.85305207E-3
8.83200000E-5,-3.84789558E-3
8.83600000E-5,-3.76445943E-3
8.84000000E-5,-3.83071031E-3
8.84400000E-5,-4.07450378E-3
8.84800000E-5,-3.91515603E-3
8.85200000E-5,-3.86389363E-3
8.85600000E-5,-3.85822291E-3
8.86000000E-5,-3.87269925E-3
8.86400000E-5,-3.91100535E-3
8.86800000E-5,-3.90609666E-3
8.87200000E-5,-3.87229074E-3
8.87600000E-5,-3.86526356E-3
8.88000000E-5,-3.88721180E-3
8.88400000E-5,-3.59439318E-3
8.88800000E-5,-3.90060686E-3
8.89200000E-5,-4.09523634E-3
8.89600000E-5,-4.05328378E-3
8.90000000E-5,-3.73676563E-3
8.90400000E-5,-3.91867712E-3
8.90800000E-5,-3.69006802E-3
8.91200000E-5,-3.88206339E-3
8.91600000E-5,-4.02163643E-3
8.92000000E-5,-3.75060149E-3
8.92400000E-5,-3.92122208E-3
8.92800000E-5,-3.97793535E-3
8.93200000E-5,-3.69497357E-3
8.93600000E-5,-3.72626981E-3
8.94000000E-5,-4.03012120E-3
8.94400000E-5,-3.85898762E-3
8.94800000E-5,-3.65316420E-3
8.95200000E-5,-3.64245901E-3
8.95600000E-5,-3.95088959E-3
8.96000000E-5,-3.79906105E-3
8.96400000E-5,-3.78910867E-3
8.96800000E-5,-3.67859041E-3
8.97200000E-5,-3.74494787E-3
8.97600000E-5,-3.64074346E-3
8.98000000E-5,-3.72414679E-3
8.98400000E-5,-3.81521787E-3
8.98800000E-5,-3.86893825E-3
8.99200000E-5,-3.74317336E-3
8.99600000E-5,-3.93846251E-3
9.00000000E-5,-3.93307310E-3
9.00400000E-5,-3.93324938E-3
9.00800000E-5,-4.05670518E-3
9.01200000E-5,-3.69199797E-3
9.01600000E-5,-3.78423962E-3
9.02000000E-5,-3.65341356E-3
9.02400000E-5,-3.90223476E-3
9.02800000E-5,-3.55750526E-3
9.03200000E-5,-3.85136917E-3
9.03600000E-5,-3.84456503E-3
9.04000000E-5,-3.71584714E-3
9.04400000E-5,-3.90461447E-3
9.04800000E-5,-3.84417700E-3
9.05200000E-5,-3.74528430E-3
9.05600000E-5,-3.84922249E-3
9.06000000E-5,-3.73443164E-3
9.06400000E-5,-3.74720926E-3
9.06800000E-5,-3.88174432E-3
9.07200000E-5,-3.92974034E-3
9.07600000E-5,-3.82432032E-3
9.08000000E-5,-3.78679823E-3
9.08400000E-5,-3.99301402E-3
9.08800000E-5,-3.65788166E-3
9.09200000E-5,-3.61054059E-3
9.09600000E-5,-3.98953311E-3
9.10000000E-5,-4.04007311E-3
9.10400000E-5,-3.82314096E-3
9.10800000E-5,-3.81392315E-3
9.11200000E-5,-3.53650976E-3
9.11600000E-5,-3.77931424E-3
9.12000000E-5,-4.02177582E-3
9.12400000E-5,-3.81775373E-3
9.12800000E-5,-3.99491885E-3
9.13200000E-5,-3.86769704E-3
9.13600000E-5,-3.92575594E-3
9.14000000E-5,-3.82044853E-3
9.14400000E-5,-3.99439264E-3
9.14800000E-5,-4.03241117E-3
9.15200000E-5,-3.86631370E-3
9.15600000E-5,-3.84021485E-3
9.16000000E-5,-3.69274564E-3
9.16400000E-5,-3.99424023E-3
9.16800000E-5,-3.81860362E-3
9.17200000E-5,-3.71453101E-3
9.17600000E-5,-4.21342938E-3
9.18000000E-5,-4.04819916E-3
9.18400000E-5,-3.68609450E-3
9.18800000E-5,-3.73671959E-3
9.19200000E-5,-4.10034029E-3
9.19600000E-5,-3.87725257E-3
9.20000000E-5,-4.09095559E-3
9.20400000E-5,-4.02932060E-3
9.20800000E-5,-4.03756766E-3
9.21200000E-5,-3.55433594E-3
9.21600000E-5,-3.66085906E-3
9.22000000E-5,-3.70730272E-3
9.22400000E-5,-4.13395991E-3
9.22800000E-5,-3.72774604E-3
9.23200000E-5,-3.94120928E-3
9.23600000E-5,-3.74995460E-3
9.24000000E-5,-4.24927508E-3
9.24400000E-5,-3.83143934E-3
9.24800000E-5,-3.99390517E-3
9.25200000E-5,-3.84145393E-3
9.25600000E-5,-3.77218433E-3
9.26000000E-5,-4.05994169E-3
9.26400000E-5,-4.03813203E-3
9.26800000E-5,-3.77661411E-3
9.27200000E-5,-3.93502322E-3
9.27600000E-5,-4.10294222E-3
9.28000000E-5,-4.09013892E-3
9.28400000E-5,-3.78189130E-3
9.28800000E-5,-4.40214836E-3
9.29200000E-5,-4.03978719E-3
9.29600000E-5,-3.95885463E-3
9.30000000E-5,-3.67603631E-3
9.30400000E-5,-4.06833213E-3
9.30800000E-5,-4.00190574E-3
9.31200000E-5,-4.10867552E-3
9.31600000E-5,-3.70629001E-3
9.32000000E-5,-4.05276107E-3
9.32400000E-5,-4.15316308E-3
9.32800000E-5,-4.09209431E-3
9.33200000E-5,-3.86897927E-3
9.33600000E-5,-3.83103671E-3
9.34000000E-5,-3.97543674E-3
9.34400000E-5,-4.07175300E-3
9.34800000E-5,-4.06009757E-3
9.35200000E-5,-3.88277109E-3
9.35600000E-5,-3.91160577E-3
9.36000000E-5,-3.95012528E-3
9.36400000E-5,-3.98049540E-3
9.36800000E-5,-3.95015753E-3
9.37200000E-5,-3.97355269E-3
9.37600000E-5,-3.88955804E-3
9.38000000E-5,-3.74908985E-3
9.38400000E-5,-4.19026908E-3
9.38800000E-5,-4.27115769E-3
9.39200000E-5,-4.08847454E-3
9.39600000E-5,-4.05035298E-3
9.40000000E-5,-4.08264096E-3
9.40400000E-5,-4.08944839E-3
9.40800000E-5,-4.06399491E-3
9.41200000E-5,-3.94189195E-3
9.41600000E-5,-3.80620432E-3
9.42000000E-5,-4.25023413E-3
9.42400000E-5,-3.76420972E-3
9.42800000E-5,-3.96699433E-3
9.43200000E-5,-4.18259065E-3
9.43600000E-5,-4.06617329E-3
9.44000000E-5,-3.78141149E-3
9.44400000E-5,-3.93128571E-3
9.44800000E-5,-3.96434912E-3
9.45200000E-5,-3.98519022E-3
9.45600000E-5,-3.78542625E-3
9.46000000E-5,-3.88852067E-3
9.46400000E-5,-4.06735474E-3
9.46800000E-5,-4.09558628E-3
9.47200000E-5,-4.11983197E-3
9.47600000E-5,-4.26913130E-3
9.48000000E-5,-3.66091946E-3
9.48400000E-5,-4.35676173E-3
9.48800000E-5,-4.03245805E-3
9.49200000E-5,-3.94727704E-3
9.49600000E-5,-3.76995768E-3
9.50000000E-5,-4.01687378E-3
9.50400000E-5,-3.98367595E-3
9.50800000E-5,-3.84375805E-3
9.51200000E-5,-3.94556764E-3
9.51600000E-5,-4.00355943E-3
9.52000000E-5,-3.64862205E-3
9.52400000E-5,-3.80332332E-3
9.52800000E-5,-3.52379280E-3
9.53200000E-5,-3.89737674E-3
9.53600000E-5,-3.85265008E-3
9.54000000E-5,-3.97114551E-3
9.54400000E-5,-3.90984867E-3
9.54800000E-5,-3.76359936E-3
9.55200000E-5,-3.69435453E-3
9.55600000E-5,-3.94071049E-3
9.56000000E-5,-3.88464146E-3
9.56400000E-5,-3.87155371E-3
9.56800000E-5,-3.63054969E-3
9.57200000E-5,-4.11600593E-3
9.57600000E-5,-3.97249068E-3
9.58000000E-5,-3.95320783E-3
9.58400000E-5,-3.99168655E-3
9.58800000E-5,-4.00070853E-3
9.59200000E-5,-3.85086849E-3
9.59600000E-5,-4.32363102E-3
9.60000000E-5,-4.25952921E-3
9.60400000E-5,-3.98780914E-3
9.60800000E-5,-3.84682717E-3
9.61200000E-5,-3.94147725E-3
9.61600000E-5,-4.13156737E-3
9.62000000E-5,-4.08891357E-3
9.62400000E-5,-4.10459322E-3
9.62800000E-5,-4.27576599E-3
9.63200000E-5,-4.04768103E-3
9.63600000E-5,-3.95608026E-3
9.64000000E-5,-3.71865828E-3
9.64400000E-5,-4.04154797E-3
9.64800000E-5,-3.64557524E-3
9.65200000E-5,-3.76009399E-3
9.65600000E-5,-3.99356432E-3
9.66000000E-5,-4.18814306E-3
9.66400000E-5,-4.00982268E-3
9.66800000E-5,-3.88729812E-3
9.67200000E-5,-3.89241877E-3
9.67600000E-5,-4.01121372E-3
9.68000000E-5,-4.09508787E-3
9.68400000E-5,-3.93778481E-3
9.68800000E-5,-3.96139389E-3
9.69200000E-5,-4.13552442E-3
9.69600000E-5,-4.02586703E-3
9.70000000E-5,-3.88470313E-3
9.70400000E-5,-3.85714933E-3
9.70800000E-5,-3.95011070E-3
9.71200000E-5,-3.70478274E-3
9.71600000E-5,-4.03471740E-3
9.72000000E-5,-3.91966797E-3
9.72400000E-5,-3.94687502E-3
9.72800000E-5,-4.05934887E-3
9.73200000E-5,-3.79749793E-3
9.73600000E-5,-3.97613559E-3
9.74000000E-5,-3.74745710E-3
9.74400000E-5,-4.06425050E-3
9.74800000E-5,-4.02682140E-3
9.75200000E-5,-3.57849312E-3
9.75600000E-5,-3.92868493E-3
9.76000000E-5,-4.01281099E-3
9.76400000E-5,-3.73762079E-3
9.76800000E-5,-3.73717728E-3
9.77200000E-5,-4.30488422E-3
9.77600000E-5,-4.04580853E-3
9.78000000E-5,-3.95002913E-3
9.78400000E-5,-3.60674438E-3
9.78800000E-5,-3.86305364E-3
9.79200000E-5,-3.94298567E-3
9.79600000E-5,-4.01304656E-3
9.80000000E-5,-3.93214414E-3
9.80400000E-5,-3.96577626E-3
9.80800000E-5,-3.71784673E-3
9.81200000E-5,-3.99106969E-3
9.81600000E-5,-3.60864496E-3
9.82000000E-5,-3.81812912E-3
9.82400000E-5,-3.84707582E-3
9.82800000E-5,-3.83571009E-3
9.83200000E-5,-3.63580405E-3
9.83600000E-5,-3.96273891E-3
9.84000000E-5,-3.72839452E-3
9.84400000E-5,-4.05773635E-3
9.84800000E-5,-4.00277674E-3
9.85200000E-5,-3.86114590E-3
9.85600000E-5,-4.17685580E-3
9.86000000E-5,-3.73830687E-3
9.86400000E-5,-3.89881416E-3
9.86800000E-5,-3.84715702E-3
9.87200000E-5,-4.16684635E-3
9.87600000E-5,-3.78463537E-3
9.88000000E-5,-3.91610357E-3
9.88400000E-5,-3.71335669E-3
9.88800000E-5,-3.64131924E-3
9.89200000E-5,-3.65934519E-3
9.89600000E-5,-4.13050274E-3
9.90000000E-5,-3.75491090E-3
9.90400000E-5,-3.98490517E-3
9.90800000E-5,-3.74203248E-3
9.91200000E-5,-3.86807617E-3
9.91600000E-5,-3.79118631E-3
9.92000000E-5,-4.08081078E-3
9.92400000E-5,-3.72608377E-3
9.92800000E-5,-3.77365279E-3
9.93200000E-5,-4.00629544E-3
9.93600000E-5,-4.13670613E-3
9.94000000E-5,-3.84809821E-3
9.94400000E-5,-3.95731113E-3
9.94800000E-5,-3.77111383E-3
9.95200000E-5,-3.69629368E-3
9.95600000E-5,-4.04247346E-3
9.96000000E-5,-4.02199685E-3
9.96400000E-5,-4.04183854E-3
9.96800000E-5,-3.74596084E-3
9.97200000E-5,-3.66867268E-3
9.97600000E-5,-3.81240635E-3
9.98000000E-5,-4.13897559E-3
9.98400000E-5,-3.77987973E-3
9.98800000E-5,-3.84527053E-3
9.99200000E-5,-3.89790720E-3
9.99600000E-5,-3.89985369E-3
1.00000000E-4,-4.07983591E-3
1.00040000E-4,-3.88204216E-3
1.00080000E-4,-3.84068039E-3
1.00120000E-4,-3.89890995E-3
1.00160000E-4,-3.72604034E-3
1.00200000E-4,-3.60539166E-3
1.00240000E-4,-3.83638953E-3
1.00280000E-4,-3.81352539E-3
1.00320000E-4,-3.52629863E-3
1.00360000E-4,-3.81458914E-3
1.00400000E-4,-3.77712536E-3
1.00440000E-4,-3.63683937E-3
1.00480000E-4,-3.75336270E-3
1.00520000E-4,-3.45753142E-3
1.00560000E-4,-3.59089499E-3
1.00600000E-4,-3.59459958E-3
1.00640000E-4,-3.46347994E-3
1.00680000E-4,-3.51994496E-3
1.00720000E-4,-3.23212431E-3
1.00760000E-4,-3.29970704E-3
1.00800000E-4,-3.63368925E-3
1.00840000E-4,-3.60119898E-3
1.00880000E-4,-3.44600408E-3
1.00920000E-4,-3.40528535E-3
1.00960000E-4,-3.52364606E-3
1.01000000E-4,-3.30980181E-3
1.01040000E-4,-3.29806436E-3
1.01080000E-4,-3.32040584E-3
1.01120000E-4,-3.37887276E-3
1.01160000E-4,-3.04385011E-3
1.01200000E-4,-3.32331449E-3
1.01240000E-4,-3.46757800E-3
1.01280000E-4,-3.32053005E-3
1.01320000E-4,-3.16896527E-3
1.01360000E-4,-3.20176297E-3
1.01400000E-4,-3.27793309E-3
1.01440000E-4,-2.88692418E-3
1.01480000E-4,-3.22390579E-3
1.01520000E-4,-3.00902795E-3
1.01560000E-4,-3.38962916E-3
1.01600000E-4,-3.18149199E-3
1.01640000E-4,-3.01853649E-3
1.01680000E-4,-3.08705728E-3
1.01720000E-4,-3.06777110E-3
1.01760000E-4,-3.01943848E-3
1.01800000E-4,-3.27862689E-3
1.01840000E-4,-3.06467580E-3
1.01880000E-4,-3.02454052E-3
1.01920000E-4,-2.90378384E-3
1.01960000E-4,-2.95514306E-3
1.02000000E-4,-3.19632171E-3
1.02040000E-4,-2.91636349E-3
1.02080000E-4,-2.94929232E-3
1.02120000E-4,-2.77622503E-3
1.02160000E-4,-3.00613834E-3
1.02200000E-4,-2.86712761E-3
1.02240000E-4,-2.85678416E-3
1.02280000E-4,-2.85874441E-3
1.02320000E-4,-2.84459425E-3
1.02360000E-4,-2.78784623E-3
1.02400000E-4,-2.98900289E-3
1.02440000E-4,-2.94046607E-3
1.02480000E-4,-2.74300526E-3
1.02520000E-4,-2.71728404E-3
1.02560000E-4,-2.73604833E-3
1.02600000E-4,-2.74765054E-3
1.02640000E-4,-2.74589812E-3
1.02680000E-4,-2.45301832E-3
1.02720000E-4,-2.54586704E-3
1.02760000E-4,-2.64304762E-3
1.02800000E-4,-2.51116107E-3
1.02840000E-4,-2.64326507E-3
1.02880000E-4,-2.24106930E-3
1.02920000E-4,-2.67429945E-3
1.02960000E-4,-2.57437275E-3
1.03000000E-4,-2.46208159E-3
1.03040000E-4,-2.43140466E-3
1.03080000E-4,-2.26491521E-3
1.03120000E-4,-2.65702284E-3
1.03160000E-4,-2.47516642E-3
1.03200000E-4,-2.51487676E-3
1.03240000E-4,-2.44988420E-3
1.03280000E-4,-2.39161439E-3
1.03320000E-4,-2.69338437E-3
1.03360000E-4,-2.43558232E-3
1.03400000E-4,-2.44027319E-3
1.03440000E-4,-2.38568185E-3
1.03480000E-4,-2.37984011E-3
1.03520000E-4,-2.22684578E-3
1.03560000E-4,-2.31990298E-3
1.03600000E-4,-2.19942585E-3
1.03640000E-4,-2.33926619E-3
1.03680000E-4,-2.16314623E-3
1.03720000E-4,-2.22583947E-3
1.03760000E-4,-1.96221255E-3
1.03800000E-4,-2.22882088E-3
1.03840000E-4,-2.15847576E-3
1.03880000E-4,-2.27230009E-3
1.03920000E-4,-2.36590305E-3
1.03960000E-4,-2.14968397E-3
1.04000000E-4,-2.17011866E-3
1.04040000E-4,-2.13675711E-3
1.04080000E-4,-1.94139990E-3
1.04120000E-4,-2.29661571E-3
1.04160000E-4,-2.11657575E-3
1.04200000E-4,-2.34252192E-3
1.04240000E-4,-2.09550026E-3
1.04280000E-4,-2.10606163E-3
1.04320000E-4,-1.98681399E-3
1.04360000E-4,-2.30140969E-3
1.04400000E-4,-1.93672960E-3
1.04440000E-4,-2.24578015E-3
1.04480000E-4,-2.22677397E-3
1.04520000E-4,-1.99948800E-3
1.04560000E-4,-2.27876353E-3
1.04600000E-4,-1.91930762E-3
1.04640000E-4,-1.93894692E-3
1.04680000E-4,-2.15837433E-3
1.04720000E-4,-1.88812001E-3
1.04760000E-4,-2.06887521E-3
1.04800000E-4,-1.97166827E-3
1.04840000E-4,-1.97822279E-3
1.04880000E-4,-2.02554477E-3
1.04920000E-4,-1.83926292E-3
1.04960000E-4,-1.75194300E-3
1.05000000E-4,-1.90315188E-3
1.05040000E-4,-1.84330604E-3
1.05080000E-4,-1.97339928E-3
1.05120000E-4,-1.75572973E-3
1.05160000E-4,-1.75075971E-3
1.05200000E-4,-1.71495899E-3
1.05240000E-4,-1.85706692E-3
1.05280000E-4,-1.73125841E-3
1.05320000E-4,-1.73587837E-3
1.05360000E-4,-1.68059422E-3
1.05400000E-4,-1.76025684E-3
1.05440000E-4,-1.71942066E-3
1.05480000E-4,-1.80478008E-3
1.05520000E-4,-1.80666825E-3
1.05560000E-4,-1.74095791E-3
1.05600000E-4,-1.66563074E-3
1.05640000E-4,-1.78081265E-3
1.05680000E-4,-1.81073560E-3
1.05720000E-4,-1.75371215E-3
1.05760000E-4,-1.46894246E-3
1.05800000E-4,-1.82535972E-3
1.05840000E-4,-1.71022066E-3
1.05880000E-4,-1.71317600E-3
1.05920000E-4,-1.62697827E-3
1.05960000E-4,-1.70145751E-3
1.06000000E-4,-1.60464635E-3
1.06040000E-4,-1.69130431E-3
1.06080000E-4,-1.58965075E-3
1.06120000E-4,-1.64192582E-3
1.06160000E-4,-1.67372664E-3
1.06200000E-4,-1.56520842E-3
1.06240000E-4,-1.84784935E-3
1.06280000E-4,-1.40358448E-3
1.06320000E-4,-1.40110010E-3
1.06360000E-4,-1.54773561E-3
1.06400000E-4,-1.60470031E-3
1.06440000E-4,-1.41736804E-3
1.06480000E-4,-1.49511784E-3
1.06520000E-4,-1.32317488E-3
1.06560000E-4,-1.38100837E-3
1.06600000E-4,-1.43707993E-3
1.06640000E-4,-1.60012456E-3
1.06680000E-4,-1.42110711E-3
1.06720000E-4,-1.31938813E-3
1.06760000E-4,-1.19008901E-3
1.06800000E-4,-1.28183251E-3
1.06840000E-4,-1.35887355E-3
1.06880000E-4,-1.42194965E-3
1.06920000E-4,-1.30745191E-3
1.06960000E-4,-1.33630978E-3
1.07000000E-4,-1.21079582E-3
1.07040000E-4,-1.39842880E-3
1.07080000E-4,-1.51729580E-3
1.07120000E-4,-1.42926322E-3
1.07160000E-4,-1.28778677E-3
1.07200000E-4,-1.37157328E-3
1.07240000E-4,-1.08696310E-3
1.07280000E-4,-1.33422312E-3
1.07320000E-4,-1.39531497E-3
1.07360000E-4,-1.03412788E-3
1.07400000E-4,-1.19432911E-3
1.07440000E-4,-1.27151726E-3
1.07480000E-4,-1.26255134E-3
1.07520000E-4,-1.00648968E-3
1.07560000E-4,-1.09758167E-3
1.07600000E-4,-1.20510957E-3
1.07640000E-4,-1.18126654E-3
1.07680000E-4,-1.37914585E-3
1.07720000E-4,-1.14025193E-3
1.07760000E-4,-1.29288256E-3
1.07800000E-4,-9.96043144E-4
1.07840000E-4,-1.00395765E-3
1.07880000E-4,-1.17626015E-3
1.07920000E-4,-1.18174867E-3
1.07960000E-4,-1.23733588E-3
1.08000000E-4,-1.35787656E-3
1.08040000E-4,-1.21375394E-3
1.08080000E-4,-1.25536271E-3
1.08120000E-4,-9.68331407E-4
1.08160000E-4,-1.17450206E-3
1.08200000E-4,-1.12882801E-3
1.08240000E-4,-1.09687546E-3
1.08280000E-4,-1.10436057E-3
1.08320000E-4,-1.12474780E-3
1.08360000E-4,-9.98880811E-4
1.08400000E-4,-9.40792648E-4
1.08440000E-4,-9.72493976E-4
1.08480000E-4,-8.68847901E-4
1.08520000E-4,-1.17346930E-3
1.08560000E-4,-8.97008027E-4
1.08600000E-4,-1.09287194E-3
1.08640000E-4,-8.45502467E-4
1.08680000E-4,-9.57827170E-4
1.08720000E-4,-9.69998220E-4
1.08760000E-4,-9.57772334E-4
1.08800000E-4,-9.78133396E-4
1.08840000E-4,-9.76155762E-4
1.08880000E-4,-1.01774792E-3
1.08920000E-4,-1.09660340E-3
1.08960000E-4,-1.13778303E-3
1.09000000E-4,-9.76193871E-4
1.09040000E-4,-9.10890865E-4
1.09080000E-4,-9.00659179E-4
1.09120000E-4,-7.34076078E-4
1.09160000E-4,-8.40111651E-4
1.09200000E-4,-8.84659212E-4
1.09240000E-4,-9.37970869E-4
1.09280000E-4,-8.44337850E-4
1.09320000E-4,-8.34303717E-4
1.09360000E-4,-8.77148654E-4
1.09400000E-4,-8.68034369E-4
1.09440000E-4,-7.86662980E-4
1.09480000E-4,-9.48269074E-4
1.09520000E-4,-8.03935730E-4
1.09560000E-4,-8.35050473E-4
1.09600000E-4,-8.36735959E-4
1.09640000E-4,-8.15074742E-4
1.09680000E-4,-8.07520773E-4
1.09720000E-4,-8.14583533E-4
1.09760000E-4,-8.67664534E-4
1.09800000E-4,-9.08372163E-4
1.09840000E-4,-8.13967231E-4
1.09880000E-4,-7.79469767E-4
1.09920000E-4,-7.60122804E-4
1.09960000E-4,-7.66090602E-4
1.10000000E-4,-7.33345144E-4
1.10040000E-4,-8.28367409E-4
1.10080000E-4,-7.56734618E-4
1.10120000E-4,-8.26994366E-4
1.10160000E-4,-9.00814160E-4
1.10200000E-4,-7.67355661E-4
1.10240000E-4,-7.82314587E-4
1.10280000E-4,-7.80779715E-4
1.10320000E-4,-7.16485611E-4
1.10360000E-4,-7.29873416E-4
1.10400000E-4,-7.75701304E-4
1.10440000E-4,-7.59459886E-4
1.10480000E-4,-6.39207774E-4
1.10520000E-4,-7.82256747E-4
1.10560000E-4,-7.89692470E-4
1.10600000E-4,-6.29293280E-4
1.10640000E-4,-6.64186957E-4
1.10680000E-4,-6.89111761E-4
1.10720000E-4,-7.26825072E-4
1.10760000E-4,-7.01687389E-4
1.10800000E-4,-7.07116762E-4
1.10840000E-4,-6.95271840E-4
1.10880000E-4,-6.90151352E-4
1.10920000E-4,-7.09640032E-4
1.10960000E-4,-6.86808428E-4
1.11000000E-4,-6.82733749E-4
1.11040000E-4,-5.96558369E-4
1.11080000E-4,-6.98039355E-4
1.11120000E-4,-6.75155385E-4
1.11160000E-4,-6.76047290E-4
1.11200000E-4,-7.01095939E-4
1.11240000E-4,-6.09001902E-4
1.11280000E-4,-5.49120507E-4
1.11320000E-4,-6.50328333E-4
1.11360000E-4,-5.59305148E-4
1.11400000E-4,-6.74815839E-4
1.11440000E-4,-6.84863762E-4
1.11480000E-4,-6.36186810E-4
1.11520000E-4,-6.84972157E-4
1.11560000E-4,-7.28604705E-4
1.11600000E-4,-6.18447637E-4
1.11640000E-4,-7.06671110E-4
1.11680000E-4,-6.98698516E-4
1.11720000E-4,-6.03549536E-4
1.11760000E-4,-5.82558190E-4
1.11800000E-4,-6.08686770E-4
1.11840000E-4,-5.28626769E-4
1.11880000E-4,-5.07066767E-4
1.11920000E-4,-5.23714612E-4
1.11960000E-4,-5.47184481E-4
1.12000000E-4,-6.04493149E-4
1.12040000E-4,-6.06499861E-4
1.12080000E-4,-5.81372744E-4
1.12120000E-4,-5.95346992E-4
1.12160000E-4,-5.04405862E-4
1.12200000E-4,-4.56080263E-4
1.12240000E-4,-4.37893502E-4
1.12280000E-4,-5.37167438E-4
1.12320000E-4,-6.08346776E-4
1.12360000E-4,-6.03244656E-4
1.12400000E-4,-5.91991727E-4
1.12440000E-4,-5.28646129E-4
1.12480000E-4,-5.55464530E-4
1.12520000E-4,-4.77659893E-4
1.12560000E-4,-4.11211505E-4
1.12600000E-4,-5.63227811E-4
1.12640000E-4,-5.46236433E-4
1.12680000E-4,-4.83911162E-4
1.12720000E-4,-4.82251434E-4
1.12760000E-4,-5.16292689E-4
1.12800000E-4,-4.79717350E-4
1.12840000E-4,-6.20840520E-4
1.12880000E-4,-6.12716073E-4
1.12920000E-4,-4.81283321E-4
1.12960000E-4,-4.62623547E-4
1.13000000E-4,-5.30558923E-4
1.13040000E-4,-5.03015281E-4
1.13080000E-4,-4.11661372E-4
1.13120000E-4,-4.73797912E-4
1.13160000E-4,-4.67367047E-4
1.13200000E-4,-4.31458041E-4
1.13240000E-4,-5.43543925E-4
1.13280000E-4,-5.06171886E-4
1.13320000E-4,-4.22575365E-4
1.13360000E-4,-4.66748151E-4
1.13400000E-4,-4.91666461E-4
1.13440000E-4,-4.17027498E-4
1.13480000E-4,-5.60032697E-4
1.13520000E-4,-4.48439281E-4
1.13560000E-4,-4.48256014E-4
1.13600000E-4,-4.45458095E-4
1.13640000E-4,-4.48157642E-4
1.13680000E-4,-4.42241447E-4
1.13720000E-4,-4.12827812E-4
1.13760000E-4,-3.72204764E-4
1.13800000E-4,-3.89405378E-4
1.13840000E-4,-3.88584531E-4
1.13880000E-4,-4.50234812E-4
1.13920000E-4,-4.42798879E-4
1.13960000E-4,-4.63779267E-4
1.14000000E-4,-3.22476558E-4
1.14040000E-4,-4.26091334E-4
1.14080000E-4,-4.51867598E-4
1.14120000E-4,-4.33859851E-4
1.14160000E-4,-4.07432074E-4
1.14200000E-4,-3.21105088E-4
1.14240000E-4,-4.13292852E-4
1.14280000E-4,-2.94801156E-4
1.14320000E-4,-4.23835569E-4
1.14360000E-4,-4.63468646E-4
1.14400000E-4,-2.77394482E-4
1.14440000E-4,-3.48918515E-4
1.14480000E-4,-4.05262418E-4
1.14520000E-4,-3.39165402E-4
1.14560000E-4,-3.09561470E-4
1.14600000E-4,-4.53226193E-4
1.14640000E-4,-4.36435401E-4
1.14680000E-4,-2.75490394E-4
1.14720000E-4,-2.83030402E-4
1.14760000E-4,-3.17921637E-4
1.14800000E-4,-4.40111253E-4
1.14840000E-4,-4.12199493E-4
1.14880000E-4,-3.59404441E-4
1.14920000E-4,-3.88842958E-4
1.14960000E-4,-3.19848298E-4
1.15000000E-4,-3.61792747E-4
1.15040000E-4,-2.99212272E-4
1.15080000E-4,-3.53306066E-4
1.15120000E-4,-2.81240803E-4
1.15160000E-4,-3.80038293E-4
1.15200000E-4,-3.86680568E-4
1.15240000E-4,-3.49761973E-4
1.15280000E-4,-4.12489286E-4
1.15320000E-4,-3.22415875E-4
1.15360000E-4,-4.08489099E-4
1.15400000E-4,-2.46583093E-4
1.15440000E-4,-3.14854878E-4
1.15480000E-4,-3.94849304E-4
1.15520000E-4,-2.51796078E-4
1.15560000E-4,-3.07907084E-4
1.15600000E-4,-2.75586916E-4
1.15640000E-4,-2.87567774E-4
1.15680000E-4,-2.80629355E-4
1.15720000E-4,-3.15753163E-4
1.15760000E-4,-2.98101404E-4
1.15800000E-4,-2.37962592E-4
1.15840000E-4,-3.43057843E-4
1.15880000E-4,-3.18669213E-4
1.15920000E-4,-2.82807394E-4
1.15960000E-4,-2.00536633E-4
1.16000000E-4,-2.68152395E-4
1.16040000E-4,-2.05888177E-4
1.16080000E-4,-3.10429190E-4
1.16120000E-4,-3.53041593E-4
1.16160000E-4,-2.97827327E-4
1.16200000E-4,-3.99950184E-4
1.16240000E-4,-2.66371865E-4
1.16280000E-4,-3.23550119E-4
1.16320000E-4,-2.34197429E-4
1.16360000E-4,-2.61168380E-4
1.16400000E-4,-2.47913317E-4
1.16440000E-4,-3.93465733E-4
1.16480000E-4,-1.87729711E-4
1.16520000E-4,-2.74382330E-4
1.16560000E-4,-2.84548956E-4
1.16600000E-4,-2.11484796E-4
1.16640000E-4,-2.54427904E-4
1.16680000E-4,-2.16128046E-4
1.16720000E-4,-2.28529198E-4
1.16760000E-4,-1.83344411E-4
1.16800000E-4,-3.19486626E-4
1.16840000E-4,-1.97952290E-4
1.16880000E-4,-2.45836090E-4
1.16920000E-4,-2.17522499E-4
1.16960000E-4,-2.46207260E-4
1.17000000E-4,-3.07932222E-4
1.17040000E-4,-1.72698878E-4
1.17080000E-4,-3.23061647E-4
1.17120000E-4,-1.93248758E-4
1.17160000E-4,-2.80743996E-4
1.17200000E-4,-1.58055704E-4
1.17240000E-4,-2.84092766E-4
1.17280000E-4,-1.89801502E-4
1.17320000E-4,-2.13470737E-4
1.17360000E-4,-2.64729838E-4
1.17400000E-4,-2.23050549E-4
1.17440000E-4,-2.12332679E-4
1.17480000E-4,-1.83727951E-4
1.17520000E-4,-2.71023126E-4
1.17560000E-4,-1.62609928E-4
1.17600000E-4,-1.99008208E-4
1.17640000E-4,-2.61331000E-4
1.17680000E-4,-2.44133209E-4
1.17720000E-4,-2.17904093E-4
1.17760000E-4,-1.93793078E-4
1.17800000E-4,-3.01092832E-4
1.17840000E-4,-1.80541705E-4
1.17880000E-4,-1.80722198E-4
1.17920000E-4,-2.64076629E-4
1.17960000E-4,-1.72128648E-4
1.18000000E-4,-2.79329964E-4
1.18040000E-4,-1.66905421E-4
1.18080000E-4,-2.52872481E-4
1.18120000E-4,-2.63401761E-4
1.18160000E-4,-1.96339856E-4
1.18200000E-4,-2.12281991E-4
1.18240000E-4,-2.18555138E-4
1.18280000E-4,-2.20841105E-4
1.18320000E-4,-2.76445003E-4
1.18360000E-4,-2.36982330E-4
1.18400000E-4,-2.12444469E-4
1.18440000E-4,-1.92005653E-4
1.18480000E-4,-3.42154532E-4
1.18520000E-4,-1.64407328E-4
1.18560000E-4,-1.86897344E-4
1.18600000E-4,-1.70580758E-4
1.18640000E-4,-1.48379056E-4
1.18680000E-4,-2.12164947E-4
1.18720000E-4,-2.32390635E-4
1.18760000E-4,-1.32209068E-4
1.18800000E-4,-2.53914542E-4
1.18840000E-4,-2.17524654E-4
1.18880000E-4,-1.19749589E-4
1.18920000E-4,-1.58424280E-4
1.18960000E-4,-1.35477644E-4
1.19000000E-4,-1.36674134E-4
1.19040000E-4,-9.74718509E-5
1.19080000E-4,-1.60465954E-4
1.19120000E-4,-1.76805371E-4
1.19160000E-4,-1.95127049E-4
1.19200000E-4,-9.23435432E-5
1.19240000E-4,-6.48600782E-5
1.19280000E-4,-2.04401389E-4
1.19320000E-4,-1.01552700E-4
1.19360000E-4,-1.52089755E-4
1.19400000E-4,-1.20754447E-4
1.19440000E-4,-1.51026094E-4
1.19480000E-4,-2.06841909E-4
1.19520000E-4,-1.84151821E-4
1.19560000E-4,-1.76621408E-4
1.19600000E-4,-1.59184845E-4
1.19640000E-4,-1.50988586E-4
1.19680000E-4,-1.02713894E-4
1.19720000E-4,-1.70634068E-4
1.19760000E-4,-1.42694956E-4
1.19800000E-4,-1.63171042E-4
1.19840000E-4,-1.81893119E-4
1.19880000E-4,-6.87531486E-5
1.19920000E-4,-1.49626796E-4
1.19960000E-4,-8.94995432E-5
1.20000000E-4,-1.13686766E-4
1.20040000E-4,-1.21243787E-4
1.20080000E-4,-1.60859707E-4
1.20120000E-4,-8.04900955E-5
1.20160000E-4,-1.09659628E-4
1.20200000E-4,-1.81718854E-4
1.20240000E-4,-1.37676693E-4
1.20280000E-4,-1.22343097E-4
1.20320000E-4,-1.00042118E-4
1.20360000E-4,-1.01187271E-4
1.20400000E-4,-1.28091140E-4
1.20440000E-4,-2.34629167E-4
1.20480000E-4,-7.41697044E-5
1.20520000E-4,-1.58893755E-4
1.20560000E-4,-1.38603140E-4
1.20600000E-4,-1.41568677E-4
1.20640000E-4,-1.61823709E-4
1.20680000E-4,-1.81151437E-4
1.20720000E-4,-1.72685317E-4
1.20760000E-4,-1.14964175E-4
1.20800000E-4,-1.94237404E-4
1.20840000E-4,-1.45565431E-4
1.20880000E-4,-1.08348193E-4
1.20920000E-4,-1.50438106E-4
1.20960000E-4,-9.80320965E-5
1.21000000E-4,-5.99391374E-5
1.21040000E-4,-1.98995677E-4
1.21080000E-4,-1.35664354E-4
1.21120000E-4,-1.03808102E-4
1.21160000E-4,-1.78180236E-4
1.21200000E-4,-5.49592310E-5
1.21240000E-4,-8.42571951E-5
1.21280000E-4,-1.11474881E-4
1.21320000E-4,-1.08280834E-4
1.21360000E-4,-9.37641747E-5
1.21400000E-4,-1.15228038E-4
1.21440000E-4,-9.58395705E-5
1.21480000E-4,-1.53483417E-4
1.21520000E-4,-8.21473146E-5
1.21560000E-4,-1.14319834E-4
1.21600000E-4,-1.45874926E-4
1.21640000E-4,-1.37113701E-4
1.21680000E-4,-5.78156288E-5
1.21720000E-4,-7.02403561E-5
1.21760000E-4,-1.27535654E-4
1.21800000E-4,-1.39908396E-4
1.21840000E-4,-1.01232342E-4
1.21880000E-4,-1.35039574E-4
1.21920000E-4,-1.06434836E-4
1.21960000E-4,-1.99343243E-4
1.22000000E-4,-6.66028895E-5
1.22040000E-4,-9.10836822E-5
1.22080000E-4,-8.77932958E-5
1.22120000E-4,-1.21191850E-4
1.22160000E-4,-1.51904132E-4
1.22200000E-4,-1.12085080E-4
1.22240000E-4,-1.17709031E-4
1.22280000E-4,-4.98073294E-5
1.22320000E-4,-8.68339470E-5
1.22360000E-4,-8.44713713E-5
1.22400000E-4,-5.65120609E-5
1.22440000E-4,-1.42912671E-4
1.22480000E-4,-6.97877423E-5
1.22520000E-4,-8.53957298E-5
1.22560000E-4,-5.59299094E-5
1.22600000E-4,-8.57075336E-5
1.22640000E-4,-1.04772734E-4
1.22680000E-4,-7.12611597E-5
1.22720000E-4,-1.01732448E-4
1.22760000E-4,-9.32847913E-5
1.22800000E-4,-9.06520682E-5
1.22840000E-4,-1.30596052E-4
1.22880000E-4,-8.50959613E-5
1.22920000E-4,-6.06062041E-5
1.22960000E-4,-1.34132935E-4
1.23000000E-4,-1.71320466E-4
1.23040000E-4,-1.19215283E-4
1.23080000E-4,-5.69680221E-5
1.23120000E-4,-1.23693500E-4
1.23160000E-4,-7.95355724E-5
1.23200000E-4,-4.03498455E-5
1.23240000E-4,-7.82274840E-5
1.23280000E-4,-5.77597912E-5
1.23320000E-4,-8.13756966E-5
1.23360000E-4,-7.71815321E-5
1.23400000E-4,-4.02224156E-5
1.23440000E-4,-7.04651372E-5
1.23480000E-4,-1.64692066E-4
1.23520000E-4,-1.09422325E-4
1.23560000E-4,-4.96547606E-5
1.23600000E-4,-1.24849105E-4
1.23640000E-4,-1.09189114E-4
1.23680000E-4,-5.98858843E-5
1.23720000E-4,-1.20939622E-4
1.23760000E-4,-8.66102341E-5
1.23800000E-4,-3.49053280E-5
1.23840000E-4,-1.30517584E-4
1.23880000E-4,-6.99348656E-5
1.23920000E-4,-7.35517234E-5
1.23960000E-4,-1.87302667E-5
1.24000000E-4,-4.22112272E-5
1.24040000E-4,-9.79631172E-5
1.24080000E-4,-2.05227740E-5
1.24120000E-4,-3.47366707E-5
1.24160000E-4,-9.66645942E-5
1.24200000E-4,-9.95454633E-5
1.24240000E-4,-1.09287381E-4
1.24280000E-4,-8.13572144E-5
1.24320000E-4,-1.06430039E-4
1.24360000E-4,-6.41675198E-5
1.24400000E-4,-5.23380475E-5
1.24440000E-4,-2.55388247E-5
1.24480000E-4,-1.06826386E-4
1.24520000E-4,-1.04340548E-4
1.24560000E-4,-9.10618812E-5
1.24600000E-4,6.76015246E-6
1.24640000E-4,-2.55530726E-5
1.24680000E-4,-4.82854559E-5
1.24720000E-4,-7.74572965E-5
1.24760000E-4,-4.82613756E-5
1.24800000E-4,-4.74944211E-5
1.24840000E-4,-5.46144682E-5
1.24880000E-4,-3.94484707E-5
1.24920000E-4,-4.30675314E-5
1.24960000E-4,-4.50412082E-5
1.25000000E-4,-4.99998954E-5
1.25040000E-4,-7.01346223E-5
1.25080000E-4,-5.12616352E-5
1.25120000E-4,-5.84725198E-5
1.25160000E-4,-2.59215437E-5
1.25200000E-4,-6.67163290E-5
1.25240000E-4,-3.75638861E-5
1.25280000E-4,-4.13785645E-5
1.25320000E-4,-4.00839039E-5
1.25360000E-4,-5.35606771E-5
1.25400000E-4,-8.01482795E-5
1.25440000E-4,-3.85518451E-5
1.25480000E-4,-5.50595003E-5
1.25520000E-4,-6.34249985E-5
1.25560000E-4,-5.72026546E-5
1.25600000E-4,-7.87810729E-5
1.25640000E-4,-7.73016760E-5
1.25680000E-4,-3.43022816E-5
1.25720000E-4,-4.40241145E-5
1.25760000E-4,-5.15557293E-5
1.25800000E-4,-6.82541099E-5
1.25840000E-4,5.41671136E-6
1.25880000E-4,-1.11959223E-4
1.25920000E-4,-3.33728210E-5
1.25960000E-4,-7.22846525E-5
1.26000000E-4,-7.00324742E-5
1.26040000E-4,1.71093791E-5
1.26080000E-4,-6.14428054E-5
1.26120000E-4,-1.00986427E-4
1.26160000E-4,-5.56657512E-5
1.26200000E-4,-1.57736854E-5
1.26240000E-4,-3.55837434E-5
1.26280000E-4,-3.55779641E-5
1.26320000E-4,-1.79849416E-5
1.26360000E-4,-6.19743167E-5
1.26400000E-4,-4.60965347E-5
1.26440000E-4,-1.79967290E-5
1.26480000E-4,-7.52446877E-6
1.26520000E-4,-2.86076534E-5
1.26560000E-4,-7.72675440E-5
1.26600000E-4,-8.62292412E-5
1.26640000E-4,-3.47372239E-5
1.26680000E-4,9.10972956E-6
1.26720000E-4,-5.33859639E-5
1.26760000E-4,-8.00233577E-5
1.26800000E-4,-3.38935573E-6
1.26840000E-4,-7.21260771E-6
1.26880000E-4,-2.88984860E-5
1.26920000E-4,-3.99694057E-5
1.26960000E-4,-1.89848596E-5
1.27000000E-4,-3.24528113E-5
1.27040000E-4,-2.95022683E-6
1.27080000E-4,-3.94236274E-5
1.27120000E-4,-3.46405022E-5
1.27160000E-4,-3.43357746E-5
1.27200000E-4,-6.63804259E-5
1.27240000E-4,-4.57102394E-5
1.27280000E-4,-4.32468413E-5
1.27320000E-4,-2.65433299E-5
1.27360000E-4,-6.71286788E-5
1.27400000E-4,-1.68471047E-6
1.27440000E-4,-3.81514273E-6
1.27480000E-4,6.38957367E-6
1.27520000E-4,6.97475780E-6
1.27560000E-4,-6.39829171E-5
1.27600000E-4,-2.91340149E-5
1.27640000E-4,-8.92663031E-5
1.27680000E-4,-3.46868603E-5
1.27720000E-4,-5.45148951E-5
1.27760000E-4,-1.80708295E-5
1.27800000E-4,-4.69340230E-5
1.27840000E-4,-4.46385478E-5
1.27880000E-4,-2.12746032E-5
1.27920000E-4,-2.50805937E-5
1.27960000E-4,-5.30754380E-5
1.28000000E-4,-4.13506505E-5
1.28040000E-4,-4.39150714E-5
1.28080000E-4,-3.13164606E-5
1.28120000E-4,-2.04620822E-5
1.28160000E-4,-1.02089859E-5
1.28200000E-4,1.42675916E-5
1.28240000E-4,-3.43443958E-5
1.28280000E-4,-5.24259190E-5
1.28320000E-4,-2.51183878E-5
1.28360000E-4,-3.80233092E-5
1.28400000E-4,-4.41343306E-5
1.28440000E-4,3.94726126E-6
1.28480000E-4,-1.68361263E-5
1.28520000E-4,-2.76677978E-5
1.28560000E-4,-1.54301337E-5
1.28600000E-4,-4.31604288E-5
1.28640000E-4,-6.42758191E-5
1.28680000E-4,-7.48416443E-5
1.28720000E-4,-3.39357273E-5
1.28760000E-4,-3.25440127E-6
1.28800000E-4,-3.70539946E-5
1.28840000E-4,-2.59028517E-5
1.28880000E-4,-2.63269412E-5
1.28920000E-4,-7.06383451E-6
1.28960000E-4,-2.38227258E-5
1.29000000E-4,-2.33708176E-5
1.29040000E-4,9.99140152E-6
1.29080000E-4,-1.44169405E-5
1.29120000E-4,-3.66861337E-5
1.29160000E-4,1.01018084E-5
1.29200000E-4,-3.26778975E-5
1.29240000E-4,-2.94460477E-5
1.29280000E-4,-2.83227909E-5
1.29320000E-4,-9.03238055E-6
1.29360000E-4,-5.08135528E-6
1.29400000E-4,1.19129123E-5
1.29440000E-4,-3.02526464E-5
1.29480000E-4,-5.80771740E-5
1.29520000E-4,-6.71394091E-6
1.29560000E-4,-3.57585137E-5
1.29600000E-4,9.03066042E-6
1.29640000E-4,-2.38271413E-5
1.29680000E-4,-2.83904827E-5
1.29720000E-4,1.84447712E-5
1.29760000E-4,-2.58206164E-5
1.29800000E-4,-3.23644152E-5
1.29840000E-4,-2.18149551E-5
1.29880000E-4,-1.27873304E-5
1.29920000E-4,-2.69907271E-5
1.29960000E-4,-3.03380384E-5
1.30000000E-4,-6.55984224E-5
1.30040000E-4,3.60304219E-5
1.30080000E-4,-1.12842633E-5
1.30120000E-4,-3.30239955E-5
1.30160000E-4,-2.95065774E-5
1.30200000E-4,-2.25229057E-5
1.30240000E-4,-1.96746332E-5
1.30280000E-4,1.52226393E-5
1.30320000E-4,-5.97969747E-6
1.30360000E-4,-5.62444408E-5
1.30400000E-4,2.36770866E-5
1.30440000E-4,-2.13101100E-6
1.30480000E-4,2.51740773E-6
1.30520000E-4,-6.16064765E-6
1.30560000E-4,-4.04857537E-5
1.30600000E-4,-6.44806603E-6
1.30640000E-4,8.55000700E-7
1.30680000E-4,-1.39190939E-5
1.30720000E-4,-3.94153686E-5
1.30760000E-4,-1.41995600E-5
1.30800000E-4,-4.54173088E-5
1.30840000E-4,3.43548351E-5
1.30880000E-4,-3.10631838E-5
1.30920000E-4,-7.80836809E-6
1.30960000E-4,1.04379008E-6
1.31000000E-4,-2.27220615E-5
1.31040000E-4,-2.55787741E-5
1.31080000E-4,1.86735768E-5
1.31120000E-4,-2.62092673E-5
1.31160000E-4,-2.09695800E-5
1.31200000E-4,-5.47196276E-7
1.31240000E-4,3.22418550E-5
1.31280000E-4,2.72052527E-5
1.31320000E-4,-2.00925539E-6
1.31360000E-4,-2.88085831E-5
1.31400000E-4,-5.24158211E-6
1.31440000E-4,-2.85445202E-5
1.31480000E-4,-1.96730310E-5
1.31520000E-4,9.81539138E-6
1.31560000E-4,-3.87044044E-5
1.31600000E-4,2.60456403E-6
1.31640000E-4,-1.00532508E-5
1.31680000E-4,-4.92629244E-5
1.31720000E-4,-5.74946140E-6
1.31760000E-4,-1.48701171E-5
1.31800000E-4,-3.02247720E-6
1.31840000E-4,-1.55535010E-5
1.31880000E-4,4.14913506E-6
1.31920000E-4,3.91086905E-6
1.31960000E-4,-6.37167672E-6
1.32000000E-4,1.30804482E-5
1.32040000E-4,-1.04245639E-5
1.32080000E-4,-6.87346203E-6
1.32120000E-4,1.79300827E-5
1.32160000E-4,-5.46481901E-5
1.32200000E-4,3.65499821E-6
1.32240000E-4,-2.70441726E-6
1.32280000E-4,-4.62597576E-6
1.32320000E-4,1.35498277E-5
1.32360000E-4,-3.01592340E-5
1.32400000E-4,-2.39164720E-5
1.32440000E-4,1.13113536E-5
1.32480000E-4,3.03582146E-5
1.32520000E-4,-2.08916838E-5
1.32560000E-4,-3.21677008E-5
1.32600000E-4,-6.29961708E-6
1.32640000E-4,-4.01839539E-5
1.32680000E-4,2.58751630E-5
1.32720000E-4,-5.19765587E-6
1.32760000E-4,-2.84799294E-6
1.32800000E-4,-1.78365308E-5
1.32840000E-4,-1.95055563E-5
1.32880000E-4,-7.34563575E-6
1.32920000E-4,-1.34768465E-5
1.32960000E-4,2.55736207E-5
1.33000000E-4,-1.71363526E-5
1.33040000E-4,-1.47069815E-5
1.33080000E-4,7.56997459E-6
1.33120000E-4,2.37157184E-6
1.33160000E-4,-6.42722825E-6
1.33200000E-4,-1.06970646E-7
1.33240000E-4,-6.89313633E-6
1.33280000E-4,-3.06295114E-6
1.33320000E-4,2.17021986E-5
1.33360000E-4,6.85617793E-6
1.33400000E-4,1.92501015E-5
1.33440000E-4,-2.14108260E-5
1.33480000E-4,3.20698312E-5
1.33520000E-4,-2.14963611E-5
1.33560000E-4,-1.14800431E-5
1.33600000E-4,-6.16785743E-6
1.33640000E-4,-1.12605549E-5
1.33680000E-4,-1.18871094E-5
1.33720000E-4,1.17886009E-5
1.33760000E-4,2.45033883E-5
1.33800000E-4,-3.15932646E-5
1.33840000E-4,1.99480672E-5
1.33880000E-4,4.63804576E-6
1.33920000E-4,1.47057096E-5
1.33960000E-4,5.06367064E-6
1.34000000E-4,2.07962080E-5
1.34040000E-4,-5.77984547E-6
1.34080000E-4,2.63720941E-5
1.34120000E-4,-1.35480001E-5
1.34160000E-4,-1.60443286E-5
1.34200000E-4,1.85583428E-6
1.34240000E-4,2.48898823E-6
1.34280000E-4,2.07382437E-5
1.34320000E-4,1.95371957E-5
1.34360000E-4,9.36010723E-6
1.34400000E-4,2.83062221E-5
1.34440000E-4,-5.05731315E-6
1.34480000E-4,-1.53483100E-6
1.34520000E-4,1.69629424E-5
1.34560000E-4,4.24179230E-5
1.34600000E-4,3.06814149E-5
1.34640000E-4,-6.37710312E-6
1.34680000E-4,-8.36102392E-7
1.34720000E-4,3.08333066E-5
1.34760000E-4,1.49543993E-5
1.34800000E-4,1.79719776E-5
1.34840000E-4,-7.33569846E-6
1.34880000E-4,3.13115171E-5
1.34920000E-4,-5.01460761E-6
1.34960000E-4,-2.48457895E-5
1.35000000E-4,1.81520504E-5
1.35040000E-4,3.98356303E-5
1.35080000E-4,2.04058309E-5
1.35120000E-4,1.95688672E-5
1.35160000E-4,3.44834667E-5
1.35200000E-4,-6.41513566E-6
1.35240000E-4,-7.15121969E-6
1.35280000E-4,8.82469536E-6
1.35320000E-4,1.08180179E-5
1.35360000E-4,2.86752559E-5
1.35400000E-4,6.29801345E-5
1.35440000E-4,2.20708033E-5
1.35480000E-4,1.22944298E-5
1.35520000E-4,-1.20886399E-5
1.35560000E-4,2.74929095E-5
1.35600000E-4,3.29671229E-6
1.35640000E-4,-1.56667419E-6
1.35680000E-4,9.98738655E-6
1.35720000E-4,-5.50264094E-6
1.35760000E-4,-6.91290600E-6
1.35800000E-4,-7.67019975E-6
1.35840000E-4,-9.88493683E-6
1.35880000E-4,-3.02779664E-5
1.35920000E-4,-1.78005200E-5
1.35960000E-4,1.88860268E-5
1.36000000E-4,1.66885131E-5
1.36040000E-4,7.60688179E-6
1.36080000E-4,-8.60268501E-7
1.36120000E-4,-1.70332318E-5
1.36160000E-4,2.64044714E-5
1.36200000E-4,6.77805292E-6
1.36240000E-4,1.22075214E-5
1.36280000E-4,-1.92784197E-5
1.36320000E-4,2.80633880E-5
1.36360000E-4,-4.01030266E-6
1.36400000E-4,1.99826474E-5
1.36440000E-4,8.08594905E-7
1.36480000E-4,1.31506863E-5
1.36520000E-4,3.72162492E-5
1.36560000E-4,5.64898829E-6
1.36600000E-4,4.62019313E-5
1.36640000E-4,2.05737158E-5
1.36680000E-4,5.30120056E-5
1.36720000E-4,1.34324494E-5
1.36760000E-4,1.85894055E-5
1.36800000E-4,1.03785361E-5
1.36840000E-4,2.64085134E-6
1.36880000E-4,4.69705070E-5
1.36920000E-4,-3.14765650E-6
1.36960000E-4,-3.06476312E-6
1.37000000E-4,3.40735869E-5
1.37040000E-4,9.73297484E-6
1.37080000E-4,3.05173638E-5
1.37120000E-4,-4.64004246E-6
1.37160000E-4,1.00080336E-5
1.37200000E-4,2.44372700E-5
1.37240000E-4,3.14135411E-5
1.37280000E-4,6.06391294E-6
1.37320000E-4,1.34860555E-5
1.37360000E-4,1.15732708E-5
1.37400000E-4,1.84026570E-5
1.37440000E-4,1.16236343E-5
1.37480000E-4,2.80084563E-5
1.37520000E-4,1.47604982E-5
1.37560000E-4,3.78545133E-6
1.37600000E-4,4.42222845E-5
1.37640000E-4,-1.40469721E-5
1.37680000E-4,3.59113064E-6
1.37720000E-4,1.99350671E-6
1.37760000E-4,3.10079816E-5
1.37800000E-4,-3.35450847E-6
1.37840000E-4,3.98485431E-5
1.37880000E-4,-5.68012928E-6
1.37920000E-4,-1.59104900E-5
1.37960000E-4,3.24372629E-5
1.38000000E-4,1.12564411E-5
1.38040000E-4,-6.43660439E-7
1.38080000E-4,2.97200348E-5
1.38120000E-4,2.43628666E-7
1.38160000E-4,2.14412447E-5
1.38200000E-4,1.85678524E-5
1.38240000E-4,-1.34390428E-5
1.38280000E-4,1.81432385E-5
1.38320000E-4,-6.29390457E-6
1.38360000E-4,2.60466909E-5
1.38400000E-4,-3.52217396E-6
1.38440000E-4,5.73953506E-5
1.38480000E-4,7.19978410E-5
1.38520000E-4,1.64445632E-5
1.38560000E-4,4.52449668E-5
1.38600000E-4,-1.53629012E-6
1.38640000E-4,2.60716486E-5
1.38680000E-4,4.27832948E-5
1.38720000E-4,1.28891697E-5
1.38760000E-4,1.99181218E-5
1.38800000E-4,2.41668843E-5
1.38840000E-4,-1.28658956E-6
1.38880000E-4,2.32498500E-5
1.38920000E-4,2.55898141E-5
1.38960000E-4,2.11164805E-5
1.39000000E-4,9.29578037E-7
1.39040000E-4,1.46193449E-5
1.39080000E-4,1.09907951E-5
1.39120000E-4,4.11751232E-5
1.39160000E-4,3.12741448E-7
1.39200000E-4,2.23233554E-5
1.39240000E-4,2.63940572E-5
1.39280000E-4,6.14044531E-6
1.39320000E-4,-2.25308132E-6
1.39360000E-4,1.18499889E-5
1.39400000E-4,5.65209727E-6
1.39440000E-4,2.97259953E-5
1.39480000E-4,3.12161210E-5
1.39520000E-4,1.44934694E-5
1.39560000E-4,-1.87864667E-5
1.39600000E-4,1.63296645E-5
1.39640000E-4,2.51828336E-5
1.39680000E-4,3.09811738E-5
1.39720000E-4,2.85177089E-5
1.39760000E-4,2.84628726E-5
1.39800000E-4,4.33651506E-5
1.39840000E-4,2.50452184E-5
1.39880000E-4,-1.27326944E-5
1.39920000E-4,5.52033205E-5
1.39960000E-4,3.94193324E-5
1.40000000E-4,4.53886187E-5
1.40040000E-4,8.72407318E-6
1.40080000E-4,3.16421560E-5
1.40120000E-4,8.67313743E-6
1.40160000E-4,-1.35048574E-6
1.40200000E-4,1.31273881E-5
1.40240000E-4,4.29541917E-6
1.40280000E-4,-7.57805573E-6
1.40320000E-4,1.79655498E-5
1.40360000E-4,5.17316978E-5
1.40400000E-4,6.86212138E-5
1.40440000E-4,1.24271050E-5
1.40480000E-4,4.16297493E-5
1.40520000E-4,4.92337385E-5
1.40560000E-4,2.09601446E-5
1.40600000E-4,3.44351630E-5
1.40640000E-4,1.86595276E-6
1.40680000E-4,3.28145937E-5
1.40720000E-4,2.12218805E-5
1.40760000E-4,-2.66695391E-5
1.40800000E-4,1.39248601E-5
1.40840000E-4,5.97517655E-5
1.40880000E-4,1.65048068E-5
1.40920000E-4,4.10235939E-5
1.40960000E-4,2.66823053E-5
1.41000000E-4,2.32976387E-5
1.41040000E-4,3.92768820E-5
1.41080000E-4,1.71770408E-6
1.41120000E-4,1.84767288E-5
1.41160000E-4,5.91708443E-5
1.41200000E-4,-3.60710424E-5
1.41240000E-4,4.86939302E-5
1.41280000E-4,4.77832760E-5
1.41320000E-4,5.29260986E-5
1.41360000E-4,3.75588853E-5
1.41400000E-4,-7.98809757E-6
1.41440000E-4,-3.35057823E-5
1.41480000E-4,4.64983905E-5
1.41520000E-4,-4.80416982E-6
1.41560000E-4,-2.27505398E-6
1.41600000E-4,-5.60095523E-6
1.41640000E-4,4.53251899E-5
1.41680000E-4,4.76715626E-5
1.41720000E-4,1.92684789E-5
1.41760000E-4,4.17970715E-5
1.41800000E-4,2.71466589E-5
1.41840000E-4,4.53012049E-5
1.41880000E-4,-6.02150656E-6
1.41920000E-4,5.00796953E-5
1.41960000E-4,3.49628883E-5
1.42000000E-4,2.94203808E-5
1.42040000E-4,2.55811834E-5
1.42080000E-4,3.41136317E-5
1.42120000E-4,5.19944351E-5
1.42160000E-4,4.88375440E-5
1.42200000E-4,4.35341989E-5
1.42240000E-4,-3.89437400E-6
1.42280000E-4,4.30242978E-5
1.42320000E-4,3.31734137E-5
1.42360000E-4,-3.94986831E-6
1.42400000E-4,5.00590101E-5
1.42440000E-4,8.86298539E-6
1.42480000E-4,7.92454119E-6
1.42520000E-4,2.82707835E-5
1.42560000E-4,2.96486237E-5
1.42600000E-4,1.78329510E-5
1.42640000E-4,1.68733829E-5
1.42680000E-4,6.08836515E-6
1.42720000E-4,4.33736860E-5
1.42760000E-4,3.51846653E-5
1.42800000E-4,4.96503034E-5
1.42840000E-4,4.16127262E-5
1.42880000E-4,-9.52006102E-6
1.42920000E-4,-2.23909092E-6
1.42960000E-4,-1.39781740E-5
1.43000000E-4,2.66687822E-5
1.43040000E-4,7.90415560E-5
1.43080000E-4,1.24725094E-5
1.43120000E-4,8.76520515E-6
1.43160000E-4,7.76311273E-6
1.43200000E-4,4.74277462E-5
1.43240000E-4,4.15924797E-5
1.43280000E-4,1.26720848E-5
1.43320000E-4,3.32247786E-5
1.43360000E-4,-8.51006263E-6
1.43400000E-4,1.87253899E-5
1.43440000E-4,-1.58932571E-5
1.43480000E-4,4.42354071E-5
1.43520000E-4,1.82598728E-5
1.43560000E-4,7.03756886E-5
1.43600000E-4,5.60147162E-5
1.43640000E-4,-7.37664924E-6
1.43680000E-4,2.61436224E-5
1.43720000E-4,3.11532739E-5
1.43760000E-4,5.24424808E-5
1.43800000E-4,2.92939045E-5
1.43840000E-4,2.01557393E-5
1.43880000E-4,6.33721709E-5
1.43920000E-4,4.89081064E-5
1.43960000E-4,1.26657906E-5
1.44000000E-4,5.66116782E-5
1.44040000E-4,2.32580612E-5
1.44080000E-4,4.84635987E-5
1.44120000E-4,7.45573123E-5
1.44160000E-4,2.39957378E-5
1.44200000E-4,2.06866117E-5
1.44240000E-4,1.73481697E-5
1.44280000E-4,2.94531872E-5
1.44320000E-4,3.80002649E-5
1.44360000E-4,2.44950722E-5
1.44400000E-4,4.13919792E-5
1.44440000E-4,4.67537258E-6
1.44480000E-4,-8.47978347E-6
1.44520000E-4,5.82345459E-5
1.44560000E-4,1.86966366E-5
1.44600000E-4,6.76268557E-5
1.44640000E-4,2.96293594E-5
1.44680000E-4,3.76762350E-5
1.44720000E-4,4.68627895E-5
1.44760000E-4,4.20756493E-5
1.44800000E-4,2.42944382E-5
1.44840000E-4,4.03997478E-5
1.44880000E-4,1.60860293E-5
1.44920000E-4,2.47437810E-5
1.44960000E-4,2.73520327E-5
1.45000000E-4,4.07147464E-5
1.45040000E-4,1.78832367E-6
1.45080000E-4,3.42771297E-5
1.45120000E-4,7.83011789E-6
1.45160000E-4,2.96329834E-5
1.45200000E-4,2.65343237E-5
1.45240000E-4,1.83628315E-5
1.45280000E-4,5.83983299E-5
1.45320000E-4,3.98002204E-5
1.45360000E-4,1.64082759E-5
1.45400000E-4,4.41143381E-5
1.45440000E-4,2.06936212E-5
1.45480000E-4,7.66153225E-5
1.45520000E-4,3.10189584E-5
1.45560000E-4,2.20472094E-5
1.45600000E-4,2.15247294E-5
1.45640000E-4,1.65619510E-5
1.45680000E-4,6.27625251E-5
1.45720000E-4,7.80014882E-5
1.45760000E-4,4.75266423E-5
1.45800000E-4,5.32884472E-5
1.45840000E-4,1.56615107E-5
1.45880000E-4,4.87228551E-5
1.45920000E-4,2.04549928E-5
1.45960000E-4,7.30580679E-6
1.46000000E-4,2.20157286E-5
1.46040000E-4,3.67974240E-5
1.46080000E-4,5.38339680E-5
1.46120000E-4,4.51414645E-5
1.46160000E-4,3.42307811E-5
1.46200000E-4,1.22798004E-5
1.46240000E-4,2.63462114E-5
1.46280000E-4,5.76548072E-5
1.46320000E-4,4.12158737E-5
1.46360000E-4,3.05898621E-5
1.46400000E-4,2.12833544E-5
1.46440000E-4,3.03999283E-5
1.46480000E-4,3.88536032E-5
1.46520000E-4,3.53866440E-5
1.46560000E-4,6.34514594E-5
1.46600000E-4,2.57075452E-5
1.46640000E-4,6.07836793E-5
1.46680000E-4,5.15824954E-5
1.46720000E-4,3.14487889E-5
1.46760000E-4,6.87423877E-5
1.46800000E-4,-5.91008077E-7
1.46840000E-4,1.62856429E-5
1.46880000E-4,5.08419005E-5
1.46920000E-4,6.90066413E-5
1.46960000E-4,2.33253048E-5
1.47000000E-4,2.19653842E-5
1.47040000E-4,3.09714558E-5
1.47080000E-4,1.78141159E-5
1.47120000E-4,2.12354418E-5
1.47160000E-4,2.81407596E-5
1.47200000E-4,1.14860382E-5
1.47240000E-4,2.45175694E-5
1.47280000E-4,3.06067612E-5
1.47320000E-4,2.87603332E-5
1.47360000E-4,1.42823545E-5
1.47400000E-4,2.83058883E-5
1.47440000E-4,3.84684141E-5
1.47480000E-4,3.20403532E-5
1.47520000E-4,3.57790524E-5
1.47560000E-4,1.80919785E-5
1.47600000E-4,3.89421042E-5
1.47640000E-4,7.90891729E-5
1.47680000E-4,-4.36016917E-7
1.47720000E-4,3.23041681E-5
1.47760000E-4,3.30290751E-5
1.47800000E-4,2.09502264E-5
1.47840000E-4,4.98671118E-5
1.47880000E-4,1.88333077E-5
1.47920000E-4,4.26946126E-5
1.47960000E-4,6.84270648E-5
1.48000000E-4,3.20362333E-5
1.48040000E-4,4.87834420E-5
1.48080000E-4,2.50319432E-5
1.48120000E-4,3.36665015E-5
1.48160000E-4,1.95684381E-5
1.48200000E-4,3.35685687E-5
1.48240000E-4,2.64568662E-5
1.48280000E-4,7.48715098E-5
1.48320000E-4,6.64733960E-5
1.48360000E-4,5.06969038E-5
1.48400000E-4,3.98766192E-5
1.48440000E-4,2.41064881E-5
1.48480000E-4,7.81527505E-5
1.48520000E-4,1.69637992E-6
1.48560000E-4,2.86038257E-5
1.48600000E-4,4.80340256E-5
1.48640000E-4,4.30001222E-5
1.48680000E-4,4.95432440E-5
1.48720000E-4,1.91234822E-5
1.48760000E-4,5.26649635E-5
1.48800000E-4,5.15206306E-5
1.48840000E-4,6.22979331E-5
1.48880000E-4,2.80404616E-5
1.48920000E-4,3.17726186E-5
1.48960000E-4,6.09495519E-5
1.49000000E-4,2.57044648E-5
1.49040000E-4,7.59282669E-5
1.49080000E-4,7.82838998E-5
1.49120000E-4,5.87847874E-5
1.49160000E-4,5.80292293E-5
1.49200000E-4,3.05749085E-5
1.49240000E-4,2.43783902E-5
1.49280000E-4,3.40744357E-5
1.49320000E-4,2.41005467E-5
1.49360000E-4,2.18065974E-5
1.49400000E-4,5.64700098E-5
1.49440000E-4,7.49971755E-5
1.49480000E-4,2.90526439E-5
1.49520000E-4,8.04060542E-5
1.49560000E-4,3.10006192E-5
1.49600000E-4,5.24932544E-5
1.49640000E-4,6.25371321E-6
1.49680000E-4,5.43966741E-5
1.49720000E-4,2.25717208E-5
1.49760000E-4,5.57950754E-5
1.49800000E-4,9.22031875E-5
1.49840000E-4,3.71232373E-5
1.49880000E-4,3.85756643E-5
1.49920000E-4,4.87668576E-5
1.49960000E-4,5.28741901E-5
1.50000000E-4,2.71433783E-5
1.50040000E-4,3.89049776E-5
1.50080000E-4,2.89545299E-5
1.50120000E-4,2.56254815E-5
1.50160000E-4,2.77311183E-5
1.50200000E-4,5.91489289E-5
1.50240000E-4,6.18302797E-5
1.50280000E-4,4.60946048E-5
1.50320000E-4,4.62814582E-5
1.50360000E-4,6.04961370E-5
1.50400000E-4,6.36481262E-5
1.50440000E-4,5.39999264E-5
1.50480000E-4,3.61699635E-5
1.50520000E-4,6.40817905E-5
1.50560000E-4,4.36934053E-5
1.50600000E-4,7.45691760E-5
1.50640000E-4,3.31596808E-5
1.50680000E-4,3.10477021E-5
1.50720000E-4,4.10396347E-5
1.50760000E-4,3.22454504E-5
1.50800000E-4,2.78352023E-5
1.50840000E-4,7.41035731E-5
1.50880000E-4,1.20851555E-5
1.50920000E-4,4.97232691E-5
1.50960000E-4,7.59915241E-5
1.51000000E-4,3.55841881E-5
1.51040000E-4,8.30541886E-5
1.51080000E-4,3.82760771E-5
1.51120000E-4,4.93535295E-5
1.51160000E-4,6.29406047E-5
1.51200000E-4,1.73947471E-5
1.51240000E-4,2.52095841E-5
1.51280000E-4,5.95046589E-5
1.51320000E-4,3.23725180E-5
1.51360000E-4,6.82315901E-5
1.51400000E-4,4.52745784E-5
1.51440000E-4,4.25510655E-5
1.51480000E-4,4.74638428E-5
1.51520000E-4,3.07377007E-5
1.51560000E-4,8.34108151E-5
1.51600000E-4,7.33976442E-5
1.51640000E-4,4.47508395E-5
1.51680000E-4,3.63426072E-5
1.51720000E-4,2.65101862E-5
1.51760000E-4,5.73757907E-5
1.51800000E-4,6.04773877E-5
1.51840000E-4,1.54740469E-5
1.51880000E-4,6.18959879E-5
1.51920000E-4,6.58395078E-5
1.51960000E-4,6.41335369E-5
1.52000000E-4,3.53058201E-5
1.52040000E-4,2.91486122E-5
1.52080000E-4,4.08839378E-5
1.52120000E-4,4.64354480E-5
1.52160000E-4,-4.04157364E-6
1.52200000E-4,3.68505437E-5
1.52240000E-4,5.53351278E-5
1.52280000E-4,4.23096238E-5
1.52320000E-4,2.32621811E-5
1.52360000E-4,4.85542169E-5
1.52400000E-4,5.37592476E-5
1.52440000E-4,4.68723549E-5
1.52480000E-4,3.54865128E-5
1.52520000E-4,5.38543957E-5
1.52560000E-4,3.98860415E-5
1.52600000E-4,6.17968535E-5
1.52640000E-4,2.80617476E-5
1.52680000E-4,2.88101818E-5
1.52720000E-4,4.09313831E-5
1.52760000E-4,5.30860108E-5
1.52800000E-4,5.00597540E-5
1.52840000E-4,3.66257436E-5
1.52880000E-4,5.95204709E-5
1.52920000E-4,2.10146757E-5
1.52960000E-4,4.79062523E-5
1.53000000E-4,6.18354963E-5
1.53040000E-4,9.37669178E-5
1.53080000E-4,2.50175046E-5
1.53120000E-4,4.26956330E-5
1.53160000E-4,2.94258167E-5
1.53200000E-4,6.76747778E-5
1.53240000E-4,2.86968376E-5
1.53280000E-4,7.83663736E-5
1.53320000E-4,6.78204993E-5
1.53360000E-4,5.82099029E-5
1.53400000E-4,2.01446672E-5
1.53440000E-4,6.41863132E-5
1.53480000E-4,4.41561472E-5
1.53520000E-4,7.16409760E-5
1.53560000E-4,6.38195682E-5
1.53600000E-4,5.38175267E-5
1.53640000E-4,5.66069480E-5
1.53680000E-4,2.92556812E-5
1.53720000E-4,5.76495906E-5
1.53760000E-4,5.92924187E-5
1.53800000E-4,5.82721683E-5
1.53840000E-4,5.27026432E-5
1.53880000E-4,7.94454657E-5
1.53920000E-4,4.21386681E-5
1.53960000E-4,6.78969553E-5
1.54000000E-4,4.24672089E-5
1.54040000E-4,7.23707754E-5
1.54080000E-4,2.85984374E-5
1.54120000E-4,3.89249762E-5
1.54160000E-4,2.76265193E-5
1.54200000E-4,2.25318000E-5
1.54240000E-4,8.91188027E-6
1.54280000E-4,4.66931690E-5
1.54320000E-4,2.60228300E-5
1.54360000E-4,5.67447158E-5
1.54400000E-4,4.82594933E-5
1.54440000E-4,4.19107113E-5
1.54480000E-4,3.55257278E-5
1.54520000E-4,7.51954635E-5
1.54560000E-4,7.30219538E-5
1.54600000E-4,5.63880701E-5
1.54640000E-4,2.93270637E-5
1.54680000E-4,5.19071643E-5
1.54720000E-4,4.43995154E-5
1.54760000E-4,9.30610557E-5
1.54800000E-4,8.37641515E-5
1.54840000E-4,3.62134129E-5
1.54880000E-4,6.03510831E-5
1.54920000E-4,2.72794485E-5
1.54960000E-4,3.02757885E-5
1.55000000E-4,5.14996783E-5
1.55040000E-4,5.90386746E-5
1.55080000E-4,7.13401681E-5
1.55120000E-4,7.16827565E-5
1.55160000E-4,5.01607290E-5
1.55200000E-4,2.15028807E-5
1.55240000E-4,2.83040477E-5
1.55280000E-4,6.80979899E-5
1.55320000E-4,3.98378619E-5
1.55360000E-4,5.11915938E-5
1.55400000E-4,2.90067340E-5
1.55440000E-4,5.75795337E-5
1.55480000E-4,4.51760352E-5
1.55520000E-4,6.52815796E-5
1.55560000E-4,2.21490428E-5
1.55600000E-4,3.19887308E-5
1.55640000E-4,5.31863278E-5
1.55680000E-4,2.29680202E-5
1.55720000E-4,5.32441681E-5
1.55760000E-4,1.85143418E-5
1.55800000E-4,3.89301928E-5
1.55840000E-4,4.19688473E-5
1.55880000E-4,3.97119864E-5
1.55920000E-4,2.45322655E-5
1.55960000E-4,2.86476184E-5
1.56000000E-4,2.22967002E-5
1.56040000E-4,3.79425104E-5
1.56080000E-4,6.52254845E-5
1.56120000E-4,8.26889313E-5
1.56160000E-4,2.82763339E-5
1.56200000E-4,3.96368655E-5
1.56240000E-4,3.34077696E-5
1.56280000E-4,1.97311063E-5
1.56320000E-4,3.11268952E-5
1.56360000E-4,4.74233116E-5
1.56400000E-4,2.92457344E-5
1.56440000E-4,6.78672198E-5
1.56480000E-4,4.81117596E-5
1.56520000E-4,3.90322741E-5
1.56560000E-4,2.72598029E-5
1.56600000E-4,1.56822436E-5
1.56640000E-4,4.92959657E-5
1.56680000E-4,3.66092927E-5
1.56720000E-4,4.71756615E-5
1.56760000E-4,6.90104274E-5
1.56800000E-4,4.12274609E-5
1.56840000E-4,5.41363591E-5
1.56880000E-4,3.06219056E-5
1.56920000E-4,5.09195010E-5
1.56960000E-4,5.09304492E-5
1.57000000E-4,1.28907433E-5
1.57040000E-4,1.84545941E-5
1.57080000E-4,7.68961987E-5
1.57120000E-4,6.25600028E-5
1.57160000E-4,5.29605454E-5
1.57200000E-4,4.88986268E-5
1.57240000E-4,4.86919847E-5
1.57280000E-4,3.44699817E-5
1.57320000E-4,5.09008090E-5
1.57360000E-4,8.62684813E-5
1.57400000E-4,7.63135227E-5
1.57440000E-4,2.00657125E-5
1.57480000E-4,3.07477620E-5
1.57520000E-4,6.99130897E-5
1.57560000E-4,5.39383286E-5
1.57600000E-4,7.94643198E-5
1.57640000E-4,3.07180646E-5
1.57680000E-4,1.28218689E-5
1.57720000E-4,2.62615728E-5
1.57760000E-4,2.67807245E-5
1.57800000E-4,4.01128444E-5
1.57840000E-4,3.10092976E-5
1.57880000E-4,3.30650477E-5
1.57920000E-4,1.75604004E-5
1.57960000E-4,8.26957692E-5
1.58000000E-4,6.31749988E-5
1.58040000E-4,3.20161298E-5
1.58080000E-4,9.17523379E-5
1.58120000E-4,3.67506368E-5
1.58160000E-4,4.51033270E-5
1.58200000E-4,1.35725156E-5
1.58240000E-4,7.08714753E-5
1.58280000E-4,7.28739053E-5
1.58320000E-4,5.18301360E-5
1.58360000E-4,5.33858269E-5
1.58400000E-4,5.37120789E-5
1.58440000E-4,3.24610189E-5
1.58480000E-4,-8.48084205E-6
1.58520000E-4,5.41902417E-5
1.58560000E-4,2.60407114E-5
1.58600000E-4,2.08918901E-5
1.58640000E-4,2.92294742E-5
1.58680000E-4,5.31905907E-5
1.58720000E-4,2.25417564E-5
1.58760000E-4,2.68236589E-5
1.58800000E-4,2.68413210E-5
1.58840000E-4,7.26840955E-5
1.58880000E-4,4.26884328E-5
1.58920000E-4,2.27753398E-5
1.58960000E-4,3.77054540E-6
1.59000000E-4,2.75349856E-5
1.59040000E-4,6.23859667E-5
1.59080000E-4,4.34981214E-5
1.59120000E-4,3.07173096E-6
1.59160000E-4,2.90928890E-5
1.59200000E-4,3.61245972E-5
1.59240000E-4,7.70573887E-5
1.59280000E-4,5.25525348E-5
1.59320000E-4,2.11811110E-5
1.59360000E-4,3.72401864E-5
1.59400000E-4,2.50115823E-5
1.59440000E-4,4.57769549E-5
1.59480000E-4,4.05333099E-5
1.59520000E-4,4.66345657E-5
1.59560000E-4,5.80973693E-5
1.59600000E-4,4.46900046E-5
1.59640000E-4,4.84481778E-5
1.59680000E-4,1.68007129E-5
1.59720000E-4,7.00400619E-5
1.59760000E-4,3.58353478E-5
1.59800000E-4,2.90884067E-5
1.59840000E-4,8.81663506E-5
1.59880000E-4,5.56000776E-5
1.59920000E-4,4.91435495E-5
1.59960000E-4,9.85150718E-5
1.60000000E-4,2.59098672E-5
1.60040000E-4,5.23950737E-5
1.60080000E-4,6.33847022E-5
1.60120000E-4,5.43608064E-5
1.60160000E-4,3.37687815E-6
1.60200000E-4,-8.70864624E-6
1.60240000E-4,4.05657348E-5
1.60280000E-4,2.68913317E-5
1.60320000E-4,4.98503748E-5
1.60360000E-4,2.80586482E-5
1.60400000E-4,4.53302348E-5
1.60440000E-4,4.94536462E-5
1.60480000E-4,4.98006407E-5
1.60520000E-4,1.88306946E-5
1.60560000E-4,1.93028016E-5
1.60600000E-4,2.37502048E-5
1.60640000E-4,5.35423535E-5
1.60680000E-4,4.73869766E-5
1.60720000E-4,3.81754167E-5
1.60760000E-4,4.37536108E-5
1.60800000E-4,3.71830041E-5
1.60840000E-4,4.93784013E-5
1.60880000E-4,3.45765930E-5
1.60920000E-4,3.95291766E-5
1.60960000E-4,4.05651340E-5
1.61000000E-4,6.01621030E-5
1.61040000E-4,6.05328439E-5
1.61080000E-4,5.35949295E-5
1.61120000E-4,7.49655326E-5
1.61160000E-4,5.61867972E-5
1.61200000E-4,5.03765074E-5
1.61240000E-4,7.41621573E-5
1.61280000E-4,3.50934273E-5
1.61320000E-4,6.05350946E-5
1.61360000E-4,3.92755564E-5
1.61400000E-4,3.00071766E-5
1.61440000E-4,4.29633294E-5
1.61480000E-4,4.24785291E-5
1.61520000E-4,3.30468134E-5
1.61560000E-4,9.64533709E-5
1.61600000E-4,2.65909243E-5
1.61640000E-4,5.92011902E-5
1.61680000E-4,5.19340293E-5
1.61720000E-4,1.70341342E-5
1.61760000E-4,7.23947698E-5
1.61800000E-4,2.33984325E-5
1.61840000E-4,1.72788661E-5
1.61880000E-4,3.91121157E-5
1.61920000E-4,5.56855078E-5
1.61960000E-4,4.35613405E-5
1.62000000E-4,7.41606124E-5
1.62040000E-4,5.12796943E-5
1.62080000E-4,1.88785309E-5
1.62120000E-4,4.68633713E-5
1.62160000E-4,5.03625838E-5
1.62200000E-4,5.94746277E-5
1.62240000E-4,6.14629339E-5
1.62280000E-4,1.87928814E-5
1.62320000E-4,4.32205831E-5
1.62360000E-4,1.99119230E-5
1.62400000E-4,5.07558695E-5
1.62440000E-4,5.23361938E-5
1.62480000E-4,2.56131314E-5
1.62520000E-4,6.04029058E-5
1.62560000E-4,6.40507007E-5
1.62600000E-4,6.08529066E-5
1.62640000E-4,6.13716768E-5
1.62680000E-4,5.00628153E-5
1.62720000E-4,2.71104384E-5
1.62760000E-4,4.35143053E-5
1.62800000E-4,2.98524525E-5
1.62840000E-4,4.58765376E-5
1.62880000E-4,6.15466951E-5
1.62920000E-4,1.23875275E-5
1.62960000E-4,6.99323730E-5
1.63000000E-4,6.13736032E-5
1.63040000E-4,3.71746595E-5
1.63080000E-4,3.85917147E-5
1.63120000E-4,4.72603001E-5
1.63160000E-4,3.85663565E-5
1.63200000E-4,3.61966664E-5
1.63240000E-4,4.18417988E-5
1.63280000E-4,3.20522836E-5
1.63320000E-4,9.24741153E-6
1.63360000E-4,5.81309005E-5
1.63400000E-4,5.39536923E-5
1.63440000E-4,2.13779780E-5
1.63480000E-4,4.89701810E-5
1.63520000E-4,3.48524719E-5
1.63560000E-4,6.64409902E-5
1.63600000E-4,8.49638453E-5
1.63640000E-4,6.40338493E-5
1.63680000E-4,8.27410401E-5
1.63720000E-4,5.18646686E-5
1.63760000E-4,5.28164261E-5
1.63800000E-4,6.60570313E-5
1.63840000E-4,5.10473887E-5
1.63880000E-4,5.48702211E-5
1.63920000E-4,6.30500960E-5
1.63960000E-4,6.18848490E-5
1.64000000E-4,3.81190260E-5
1.64040000E-4,3.14563897E-5
1.64080000E-4,6.48454739E-5
1.64120000E-4,4.49372733E-5
1.64160000E-4,4.20102177E-5
1.64200000E-4,3.64238793E-5
1.64240000E-4,3.36643367E-5
1.64280000E-4,7.07989197E-5
1.64320000E-4,7.02163296E-5
1.64360000E-4,5.65835257E-5
1.64400000E-4,5.11840979E-5
1.64440000E-4,4.27370893E-5
1.64480000E-4,4.03035125E-5
1.64520000E-4,5.55196161E-5
1.64560000E-4,9.51382047E-6
1.64600000E-4,2.82551909E-5
1.64640000E-4,5.10329215E-5
1.64680000E-4,3.49184948E-5
1.64720000E-4,3.12129262E-5
1.64760000E-4,4.34373437E-5
1.64800000E-4,3.40259128E-5
1.64840000E-4,8.24343575E-5
1.64880000E-4,5.36558026E-5
1.64920000E-4,6.29306388E-5
1.64960000E-4,8.23352215E-6
1.65000000E-4,2.19781539E-5
1.65040000E-4,7.41189845E-5
1.65080000E-4,3.89994105E-5
1.65120000E-4,8.87627976E-5
1.65160000E-4,8.89064496E-5
1.65200000E-4,6.21216654E-5
1.65240000E-4,7.67676529E-5
1.65280000E-4,6.15235399E-5
1.65320000E-4,8.18952930E-5
1.65360000E-4,5.24095409E-5
1.65400000E-4,6.37253547E-5
1.65440000E-4,7.01019935E-5
1.65480000E-4,5.99268411E-5
1.65520000E-4,4.14551220E-5
1.65560000E-4,4.34442674E-5
1.65600000E-4,3.17044118E-5
1.65640000E-4,6.79289797E-5
1.65680000E-4,5.16188590E-5
1.65720000E-4,5.73117991E-5
1.65760000E-4,5.03450361E-5
1.65800000E-4,4.70445026E-5
1.65840000E-4,6.07687829E-5
1.65880000E-4,5.46086091E-5
1.65920000E-4,3.15133813E-5
1.65960000E-4,5.31748932E-5
1.66000000E-4,6.70644453E-5
1.66040000E-4,2.60368394E-5
1.66080000E-4,4.85755887E-5
1.66120000E-4,4.44097197E-5
1.66160000E-4,4.78398766E-5
1.66200000E-4,1.99326177E-5
1.66240000E-4,5.94329712E-5
1.66280000E-4,4.58925403E-5
1.66320000E-4,7.19650155E-5
1.66360000E-4,4.10860596E-5
1.66400000E-4,2.69443178E-5
1.66440000E-4,5.16289775E-5
1.66480000E-4,1.14964046E-5
1.66520000E-4,7.55766567E-5
1.66560000E-4,4.13250504E-5
1.66600000E-4,3.16584447E-5
1.66640000E-4,5.01567236E-5
1.66680000E-4,5.26659649E-5
1.66720000E-4,1.84443230E-5
1.66760000E-4,5.68978949E-5
1.66800000E-4,4.80527463E-5
1.66840000E-4,3.47147899E-5
1.66880000E-4,1.66618293E-5
1.66920000E-4,2.18116042E-5
1.66960000E-4,2.98455574E-5
1.67000000E-4,5.82585117E-5
1.67040000E-4,4.26208936E-5
1.67080000E-4,2.61223363E-5
1.67120000E-4,3.60759694E-5
1.67160000E-4,3.15651944E-5
1.67200000E-4,5.53569669E-5
1.67240000E-4,4.43803465E-5
1.67280000E-4,5.64702006E-5
1.67320000E-4,2.14786002E-5
1.67360000E-4,5.36476677E-5
1.67400000E-4,4.56664241E-5
1.67440000E-4,1.59280150E-5
1.67480000E-4,4.66651787E-5
1.67520000E-4,3.47126537E-5
1.67560000E-4,2.35700844E-5
1.67600000E-4,4.32446443E-5
1.67640000E-4,8.03400695E-5
1.67680000E-4,1.08679427E-5
1.67720000E-4,3.24198774E-5
1.67760000E-4,3.24292902E-5
1.67800000E-4,3.51441437E-5
1.67840000E-4,2.80607654E-5
1.67880000E-4,5.46011705E-5
1.67920000E-4,4.28273641E-5
1.67960000E-4,5.41199559E-5
1.68000000E-4,4.46995032E-5
1.68040000E-4,4.42585241E-5
1.68080000E-4,3.02994397E-5
1.68120000E-4,6.58051564E-5
1.68160000E-4,9.43147069E-6
1.68200000E-4,7.20638543E-5
1.68240000E-4,4.77883019E-5
1.68280000E-4,2.94883968E-5
1.68320000E-4,1.51278822E-5
1.68360000E-4,1.62227767E-5
1.68400000E-4,2.87841846E-5
1.68440000E-4,2.31545780E-5
1.68480000E-4,5.29088356E-6
1.68520000E-4,2.59549570E-5
1.68560000E-4,3.41772418E-5
1.68600000E-4,5.66192599E-5
1.68640000E-4,4.72728409E-5
1.68680000E-4,6.64043214E-5
1.68720000E-4,7.20621282E-5
1.68760000E-4,3.04699662E-5
1.68800000E-4,3.46918540E-5
1.68840000E-4,2.11093184E-5
1.68880000E-4,3.66299588E-5
1.68920000E-4,1.00076983E-6
1.68960000E-4,4.35905038E-5
1.69000000E-4,3.31658320E-5
1.69040000E-4,5.34989613E-5
1.69080000E-4,4.89032903E-5
1.69120000E-4,5.47881383E-5
1.69160000E-4,8.01242053E-5
1.69200000E-4,4.21134816E-5
1.69240000E-4,1.61229365E-5
1.69280000E-4,4.28398191E-5
1.69320000E-4,3.84270437E-5
1.69360000E-4,3.14630559E-5
1.69400000E-4,4.22663937E-5
1.69440000E-4,-9.34349774E-6
1.69480000E-4,1.49854128E-5
1.69520000E-4,3.69723374E-5
1.69560000E-4,5.60421438E-5
1.69600000E-4,3.80357702E-5
1.69640000E-4,6.11836122E-5
1.69680000E-4,4.29921876E-5
1.69720000E-4,6.64727475E-5
1.69760000E-4,3.14516977E-5
1.69800000E-4,4.45865404E-5
1.69840000E-4,4.26666223E-5
1.69880000E-4,2.06255575E-5
1.69920000E-4,3.21765093E-5
1.69960000E-4,4.90999856E-5
1.70000000E-4,3.49379402E-5
1.70040000E-4,4.37897455E-5
1.70080000E-4,5.28389709E-5
1.70120000E-4,3.63854844E-5
1.70160000E-4,6.87013797E-5
1.70200000E-4,5.66978522E-5
1.70240000E-4,3.65802628E-5
1.70280000E-4,3.79249246E-5
1.70320000E-4,7.98306834E-5
1.70360000E-4,3.29716162E-5
1.70400000E-4,5.28883999E-5
1.70440000E-4,4.36499654E-5
1.70480000E-4,5.19963710E-5
1.70520000E-4,4.12418804E-5
1.70560000E-4,6.13368486E-5
1.70600000E-4,5.73046371E-5
1.70640000E-4,5.28346985E-5
1.70680000E-4,3.86724241E-5
1.70720000E-4,2.35259865E-5
1.70760000E-4,5.19225089E-5
1.70800000E-4,3.92639311E-5
1.70840000E-4,7.37333853E-5
1.70880000E-4,3.64095551E-5
1.70920000E-4,2.94570209E-5
1.70960000E-4,2.34709690E-5
1.71000000E-4,3.47593360E-5
1.71040000E-4,2.92038967E-5
1.71080000E-4,8.15071094E-5
1.71120000E-4,5.64241190E-5
1.71160000E-4,4.89468541E-5
1.71200000E-4,5.14783542E-5
1.71240000E-4,5.65213747E-5
1.71280000E-4,3.62252003E-5
1.71320000E-4,5.68833228E-5
1.71360000E-4,4.62070907E-5
1.71400000E-4,5.30552261E-5
1.71440000E-4,3.56914574E-5
1.71480000E-4,4.00886020E-5
1.71520000E-4,3.10895589E-5
1.71560000E-4,3.44197994E-5
1.71600000E-4,5.89295933E-5
1.71640000E-4,4.65856327E-5
1.71680000E-4,4.40491449E-5
1.71720000E-4,3.80328329E-5
1.71760000E-4,5.12213389E-5
1.71800000E-4,4.38089048E-5
1.71840000E-4,5.73484393E-5
1.71880000E-4,6.96084289E-5
1.71920000E-4,8.65694514E-5
1.71960000E-4,1.98254247E-5
1.72000000E-4,6.02992700E-5
1.72040000E-4,4.26105653E-5
1.72080000E-4,5.82545826E-5
1.72120000E-4,5.67062731E-5
1.72160000E-4,5.11313121E-5
1.72200000E-4,5.65622492E-5
1.72240000E-4,5.36375874E-5
1.72280000E-4,4.75417294E-5
1.72320000E-4,7.57095989E-5
1.72360000E-4,4.15685806E-5
1.72400000E-4,2.64437151E-5
1.72440000E-4,5.80887958E-5
1.72480000E-4,2.16034266E-5
1.72520000E-4,5.74573585E-5
1.72560000E-4,3.60005432E-5
1.72600000E-4,2.70623923E-5
1.72640000E-4,7.13888818E-5
1.72680000E-4,6.79896620E-5
1.72720000E-4,5.10314242E-5
1.72760000E-4,3.10778096E-5
1.72800000E-4,4.60336269E-5
1.72840000E-4,5.41721028E-5
1.72880000E-4,4.23828088E-5
1.72920000E-4,5.07991663E-5
1.72960000E-4,4.26011907E-5
1.73000000E-4,3.37782817E-5
1.73040000E-4,4.30662786E-5
1.73080000E-4,4.78407921E-5
1.73120000E-4,7.53424724E-5
1.73160000E-4,1.56281702E-5
1.73200000E-4,7.45042117E-5
1.73240000E-4,4.27740060E-5
1.73280000E-4,2.91729595E-5
1.73320000E-4,6.33077121E-5
1.73360000E-4,3.59916455E-5
1.73400000E-4,3.78177221E-5
1.73440000E-4,2.69626951E-5
1.73480000E-4,1.24348679E-5
1.73520000E-4,6.28003764E-5
1.73560000E-4,4.40591680E-5
1.73600000E-4,4.30354940E-5
1.73640000E-4,4.09279022E-5
1.73680000E-4,3.46296554E-5
1.73720000E-4,4.82692590E-5
1.73760000E-4,5.10573928E-5
1.73800000E-4,5.54633302E-5
1.73840000E-4,5.96021817E-5
1.73880000E-4,6.59162404E-5
1.73920000E-4,4.69337334E-5
1.73960000E-4,5.25122040E-5
1.74000000E-4,2.21405169E-5
1.74040000E-4,1.96965451E-5
1.74080000E-4,4.31516992E-5
1.74120000E-4,3.49577385E-5
1.74160000E-4,5.79026958E-5
1.74200000E-4,3.26050047E-5
1.74240000E-4,4.37169992E-5
1.74280000E-4,2.01401086E-5
1.74320000E-4,3.22513250E-5
1.74360000E-4,3.68584592E-5
1.74400000E-4,3.59353310E-5
1.74440000E-4,3.47415023E-5
1.74480000E-4,4.99521128E-5
1.74520000E-4,4.20502816E-5
1.74560000E-4,4.88765207E-5
1.74600000E-4,4.99602381E-5
1.74640000E-4,4.32343065E-5
1.74680000E-4,4.20016919E-5
1.74720000E-4,6.10459303E-5
1.74760000E-4,6.96615676E-5
1.74800000E-4,6.17374395E-5
1.74840000E-4,7.49119743E-5
1.74880000E-4,4.59291232E-5
1.74920000E-4,6.54476525E-5
1.74960000E-4,4.70058884E-5
1.75000000E-4,3.57677418E-5
1.75040000E-4,6.31983829E-5
1.75080000E-4,6.21278166E-5
1.75120000E-4,2.76368762E-5
1.75160000E-4,2.91061546E-5
1.75200000E-4,3.44556766E-5
1.75240000E-4,4.33946954E-5
1.75280000E-4,3.59497219E-5
1.75320000E-4,4.00487289E-5
1.75360000E-4,6.67912176E-5
1.75400000E-4,1.77566665E-5
1.75440000E-4,6.10674547E-5
1.75480000E-4,3.83253057E-5
1.75520000E-4,9.42858105E-6
1.75560000E-4,-2.06702899E-6
1.75600000E-4,5.62031241E-5
1.75640000E-4,7.96848666E-5
1.75680000E-4,5.85853168E-5
1.75720000E-4,5.29485481E-5
1.75760000E-4,2.81076766E-5
1.75800000E-4,1.65545791E-5
1.75840000E-4,2.64304304E-5
1.75880000E-4,6.07845186E-5
1.75920000E-4,3.95199260E-5
1.75960000E-4,3.19381193E-5
1.76000000E-4,3.70258481E-5
1.76040000E-4,2.46993779E-5
1.76080000E-4,3.84388502E-5
1.76120000E-4,6.18731856E-5
1.76160000E-4,3.28765349E-5
1.76200000E-4,5.92951844E-5
1.76240000E-4,8.67073814E-5
1.76280000E-4,3.34673171E-5
1.76320000E-4,8.44802370E-5
1.76360000E-4,2.89448120E-5
1.76400000E-4,3.67797906E-5
1.76440000E-4,6.46735073E-5
1.76480000E-4,2.58953428E-5
1.76520000E-4,9.99401856E-5
1.76560000E-4,2.28296516E-5
1.76600000E-4,4.85426679E-5
1.76640000E-4,3.81010111E-5
1.76680000E-4,3.99214801E-5
1.76720000E-4,2.63694811E-5
1.76760000E-4,7.26492197E-5
1.76800000E-4,8.41219892E-5
1.76840000E-4,6.46524502E-5
1.76880000E-4,6.40674663E-5
1.76920000E-4,6.38759590E-5
1.76960000E-4,4.89842286E-5
1.77000000E-4,8.80728619E-5
1.77040000E-4,5.31964653E-5
1.77080000E-4,7.84782205E-5
1.77120000E-4,6.31367850E-5
1.77160000E-4,7.20982820E-5
1.77200000E-4,7.59703144E-5
1.77240000E-4,5.05108420E-5
1.77280000E-4,3.07351258E-5
1.77320000E-4,7.56487735E-5
1.77360000E-4,6.47985531E-5
1.77400000E-4,8.11855113E-5
1.77440000E-4,6.13326334E-5
1.77480000E-4,6.55498387E-5
1.77520000E-4,4.08939800E-5
1.77560000E-4,4.12773857E-5
1.77600000E-4,3.24905542E-5
1.77640000E-4,7.99633299E-5
1.77680000E-4,1.82538265E-5
1.77720000E-4,2.77900363E-5
1.77760000E-4,3.55566269E-5
1.77800000E-4,5.17772834E-5
1.77840000E-4,1.00208340E-4
1.77880000E-4,1.63157885E-5
1.77920000E-4,6.57229783E-5
1.77960000E-4,5.71586867E-5
1.78000000E-4,3.79451711E-5
1.78040000E-4,5.86594746E-5
1.78080000E-4,3.65217740E-5
1.78120000E-4,6.23753333E-5
1.78160000E-4,3.12152722E-5
1.78200000E-4,3.14500001E-5
1.78240000E-4,2.93263962E-5
1.78280000E-4,3.95546778E-5
1.78320000E-4,6.78600958E-5
1.78360000E-4,2.65245008E-5
1.78400000E-4,6.97028427E-5
1.78440000E-4,2.37285374E-5
1.78480000E-4,3.51358181E-5
1.78520000E-4,6.79662398E-5
1.78560000E-4,5.19286220E-5
1.78600000E-4,6.98010425E-5
1.78640000E-4,6.26920390E-5
1.78680000E-4,7.44425280E-5
1.78720000E-4,6.37314105E-5
1.78760000E-4,3.91396197E-5
1.78800000E-4,4.17037258E-5
1.78840000E-4,1.01499690E-5
1.78880000E-4,5.24146812E-5
1.78920000E-4,2.57066392E-5
1.78960000E-4,2.54353570E-5
1.79000000E-4,1.92973180E-5
1.79040000E-4,3.30284170E-5
1.79080000E-4,5.55901689E-5
1.79120000E-4,4.34481584E-5
1.79160000E-4,3.57389790E-5
1.79200000E-4,5.98067448E-5
1.79240000E-4,3.10938027E-5
1.79280000E-4,2.28408191E-5
1.79320000E-4,8.01900851E-5
1.79360000E-4,3.26944021E-5
1.79400000E-4,5.82639763E-5
1.79440000E-4,1.80329460E-5
1.79480000E-4,2.20196292E-5
1.79520000E-4,4.59964717E-5
1.79560000E-4,2.08652445E-5
1.79600000E-4,4.83732858E-5
1.79640000E-4,4.55079902E-5
1.79680000E-4,3.39254813E-5
1.79720000E-4,5.32299584E-5
1.79760000E-4,3.55146080E-5
1.79800000E-4,3.86267145E-5
1.79840000E-4,1.36898175E-5
1.79880000E-4,7.05200844E-5
1.79920000E-4,1.38027803E-5
1.79960000E-4,2.17279860E-5
1.80000000E-4,4.04973087E-5
1.80040000E-4,6.21553206E-5
1.80080000E-4,4.59626067E-5
1.80120000E-4,4.78377118E-5
1.80160000E-4,3.25777105E-5
1.80200000E-4,3.31992011E-5
1.80240000E-4,1.11478461E-5
1.80280000E-4,2.82943679E-5
1.80320000E-4,5.02804342E-5
1.80360000E-4,4.42930758E-5
1.80400000E-4,1.77859443E-5
1.80440000E-4,3.30498175E-5
1.80480000E-4,2.06306120E-5
1.80520000E-4,8.33247556E-5
1.80560000E-4,6.25124812E-5
1.80600000E-4,5.16017692E-5
1.80640000E-4,3.58359867E-5
1.80680000E-4,4.21454201E-5
1.80720000E-4,7.52538570E-5
1.80760000E-4,1.17285003E-5
1.80800000E-4,3.06408360E-5
1.80840000E-4,6.57545831E-5
1.80880000E-4,4.35541593E-5
1.80920000E-4,2.46867894E-5
1.80960000E-4,3.42823844E-5
1.81000000E-4,3.98783359E-5
1.81040000E-4,3.29756693E-5
1.81080000E-4,9.06250376E-5
1.81120000E-4,2.97580483E-5
1.81160000E-4,5.35600251E-5
1.81200000E-4,8.67454902E-5
1.81240000E-4,2.48985909E-5
1.81280000E-4,5.97213719E-5
1.81320000E-4,4.73768486E-5
1.81360000E-4,3.32453017E-5
1.81400000E-4,4.01945266E-5
1.81440000E-4,9.80858420E-5
1.81480000E-4,5.92761299E-5
1.81520000E-4,7.78433786E-5
1.81560000E-4,1.25977459E-5
1.81600000E-4,2.20839068E-5
1.81640000E-4,4.22022114E-5
1.81680000E-4,6.42710281E-5
1.81720000E-4,1.74684852E-5
1.81760000E-4,4.56359065E-5
1.81800000E-4,3.46958309E-5
1.81840000E-4,6.64590814E-5
1.81880000E-4,4.64098419E-5
1.81920000E-4,1.88498635E-5
1.81960000E-4,4.85733476E-5
1.82000000E-4,5.97337029E-5
1.82040000E-4,3.79144247E-5
1.82080000E-4,4.40986692E-5
1.82120000E-4,4.68428005E-5
1.82160000E-4,3.98999652E-5
1.82200000E-4,7.96081911E-5
1.82240000E-4,3.78327901E-5
1.82280000E-4,4.12852344E-5
1.82320000E-4,8.06180354E-6
1.82360000E-4,-9.39558744E-6
1.82400000E-4,4.45352041E-5
1.82440000E-4,4.60681499E-5
1.82480000E-4,7.53482326E-5
1.82520000E-4,3.72340924E-5
1.82560000E-4,3.00241520E-5
1.82600000E-4,6.80441931E-5
1.82640000E-4,6.27098632E-5
1.82680000E-4,6.38814903E-5
1.82720000E-4,4.67330135E-5
1.82760000E-4,4.19755230E-5
1.82800000E-4,4.33374845E-5
1.82840000E-4,7.87557684E-5
1.82880000E-4,2.67835665E-5
1.82920000E-4,5.76466533E-5
1.82960000E-4,5.04107729E-5
1.83000000E-4,6.08217309E-5
1.83040000E-4,3.36571936E-5
1.83080000E-4,5.58091707E-5
1.83120000E-4,3.67420728E-5
1.83160000E-4,4.08803711E-5
1.83200000E-4,3.01550248E-5
1.83240000E-4,3.84315832E-5
1.83280000E-4,4.02755698E-5
1.83320000E-4,3.04938462E-5
1.83360000E-4,3.51086479E-5
1.83400000E-4,4.25494252E-5
1.83440000E-4,1.59294074E-5
1.83480000E-4,1.37014428E-5
1.83520000E-4,2.13596102E-5
1.83560000E-4,3.67869813E-5
1.83600000E-4,4.35356008E-5
1.83640000E-4,1.60408537E-5
1.83680000E-4,2.52571534E-5
1.83720000E-4,2.79301787E-5
1.83760000E-4,5.14404838E-5
1.83800000E-4,3.15217736E-5
1.83840000E-4,3.87289198E-5
1.83880000E-4,1.96246286E-5
1.83920000E-4,6.40288139E-5
1.83960000E-4,3.77768858E-5
1.84000000E-4,2.87169029E-5
1.84040000E-4,5.29412907E-5
1.84080000E-4,1.40255395E-5
1.84120000E-4,1.71472019E-5
1.84160000E-4,4.13861618E-5
1.84200000E-4,2.19352576E-5
1.84240000E-4,1.93169923E-5
1.84280000E-4,4.06249103E-5
1.84320000E-4,8.31745709E-5
1.84360000E-4,4.91303316E-5
1.84400000E-4,1.00663126E-5
1.84440000E-4,1.33653489E-5
1.84480000E-4,1.11462344E-5
1.84520000E-4,2.88328601E-5
1.84560000E-4,2.77624846E-5
1.84600000E-4,1.86820359E-5
1.84640000E-4,3.73487050E-5
1.84680000E-4,2.05097433E-5
1.84720000E-4,3.11335614E-5
1.84760000E-4,4.08044777E-5
1.84800000E-4,5.45137853E-5
1.84840000E-4,3.22940878E-5
1.84880000E-4,5.61090807E-6
1.84920000E-4,2.26687953E-5
1.84960000E-4,4.41778433E-5
1.85000000E-4,1.54124300E-5
1.85040000E-4,1.75585502E-5
1.85080000E-4,2.03070779E-5
1.85120000E-4,3.21430925E-5
1.85160000E-4,1.87297387E-5
1.85200000E-4,2.01527830E-5
1.85240000E-4,3.23961023E-5
1.85280000E-4,3.62601334E-5
1.85320000E-4,1.09813632E-5
1.85360000E-4,3.46860939E-5
1.85400000E-4,5.09815947E-5
1.85440000E-4,-5.19855232E-6
1.85480000E-4,2.48235081E-5
1.85520000E-4,4.41231787E-5
1.85560000E-4,4.56615222E-5
1.85600000E-4,3.49584919E-5
1.85640000E-4,4.69436802E-5
1.85680000E-4,6.73237207E-5
1.85720000E-4,5.29986351E-5
1.85760000E-4,1.40393106E-5
1.85800000E-4,4.58523811E-5
1.85840000E-4,3.01475289E-5
1.85880000E-4,9.37485882E-5
1.85920000E-4,3.97627696E-5
1.85960000E-4,5.70498057E-5
1.86000000E-4,3.42642265E-5
1.86040000E-4,2.50508546E-5
1.86080000E-4,3.00314381E-5
1.86120000E-4,3.24108461E-5
1.86160000E-4,5.66803141E-5
1.86200000E-4,4.94270197E-5
1.86240000E-4,4.86883321E-5
1.86280000E-4,3.52120739E-5
1.86320000E-4,4.78063454E-5
1.86360000E-4,4.28680574E-5
1.86400000E-4,-1.53028197E-6
1.86440000E-4,8.02982684E-6
1.86480000E-4,4.30522500E-5
1.86520000E-4,2.24829623E-5
1.86560000E-4,4.44099295E-5
1.86600000E-4,1.61456053E-5
1.86640000E-4,4.63041366E-5
1.86680000E-4,4.77647938E-5
1.86720000E-4,4.99046961E-5
1.86760000E-4,4.30989610E-5
1.86800000E-4,3.92564448E-5
1.86840000E-4,1.89332242E-5
1.86880000E-4,6.32892585E-5
1.86920000E-4,2.96563103E-5
1.86960000E-4,-1.26064962E-6
1.87000000E-4,4.98739305E-5
1.87040000E-4,2.86602641E-5
1.87080000E-4,2.21511504E-5
1.87120000E-4,1.80094284E-5
1.87160000E-4,2.91014244E-5
1.87200000E-4,5.27676918E-6
1.87240000E-4,3.99171313E-5
1.87280000E-4,6.29318976E-5
1.87320000E-4,5.67898627E-5
1.87360000E-4,3.74790532E-5
1.87400000E-4,6.81808356E-5
1.87440000E-4,3.26540140E-5
1.87480000E-4,6.00780557E-5
1.87520000E-4,4.14241371E-5
1.87560000E-4,7.34629980E-6
1.87600000E-4,3.09384873E-5
1.87640000E-4,1.26741352E-5
1.87680000E-4,4.96339193E-5
1.87720000E-4,6.23725104E-5
1.87760000E-4,4.36221086E-5
1.87800000E-4,-2.65733435E-6
1.87840000E-4,4.59597934E-5
1.87880000E-4,3.71968038E-5
1.87920000E-4,2.15578028E-5
1.87960000E-4,5.58629293E-5
1.88000000E-4,2.62338876E-5
1.88040000E-4,5.91890213E-5
1.88080000E-4,6.63515355E-5
1.88120000E-4,4.91529813E-5
1.88160000E-4,5.58208628E-5
1.88200000E-4,6.71608713E-5
1.88240000E-4,2.90142204E-5
1.88280000E-4,4.12447987E-5
1.88320000E-4,3.96377715E-5
1.88360000E-4,4.63251365E-5
1.88400000E-4,8.36512460E-5
1.88440000E-4,7.65481076E-5
1.88480000E-4,6.31092238E-5
1.88520000E-4,5.09933821E-5
1.88560000E-4,2.90427925E-5
1.88600000E-4,2.75890017E-5
1.88640000E-4,3.73210008E-5
1.88680000E-4,6.24328208E-5
1.88720000E-4,6.90152911E-5
1.88760000E-4,1.26106873E-5
1.88800000E-4,3.63616139E-5
1.88840000E-4,6.48676373E-5
1.88880000E-4,3.63361031E-5
1.88920000E-4,4.17291127E-5
1.88960000E-4,2.75480319E-5
1.89000000E-4,7.16943246E-5
1.89040000E-4,4.26282559E-5
1.89080000E-4,2.90000583E-5
1.89120000E-4,6.71454504E-5
1.89160000E-4,5.63364764E-5
1.89200000E-4,6.23191523E-5
1.89240000E-4,3.75446660E-5
1.89280000E-4,2.06162767E-6
1.89320000E-4,3.83235605E-5
1.89360000E-4,3.87993677E-5
1.89400000E-4,5.32506626E-5
1.89440000E-4,9.44651982E-5
1.89480000E-4,2.18883273E-5
1.89520000E-4,3.03834107E-5
1.89560000E-4,8.21793450E-5
1.89600000E-4,1.47049371E-5
1.89640000E-4,4.95124880E-5
1.89680000E-4,1.94133897E-5
1.89720000E-4,4.17471371E-5
1.89760000E-4,3.39610820E-5
1.89800000E-4,7.64736637E-5
1.89840000E-4,4.56402171E-5
1.89880000E-4,3.39230971E-5
1.89920000E-4,4.74079384E-5
1.89960000E-4,2.97693588E-5
1.90000000E-4,5.47634763E-5
1.90040000E-4,2.03369279E-5
1.90080000E-4,3.29285483E-5
1.90120000E-4,2.08205076E-5
1.90160000E-4,4.83171525E-5
1.90200000E-4,2.88477470E-5
1.90240000E-4,5.89950726E-5
1.90280000E-4,6.04820131E-5
1.90320000E-4,1.18325939E-5
1.90360000E-4,4.75448098E-5
1.90400000E-4,6.87499122E-5
1.90440000E-4,4.86487737E-5
1.90480000E-4,4.98197046E-5
1.90520000E-4,3.76081903E-5
1.90560000E-4,4.44565832E-5
1.90600000E-4,2.64893579E-5
1.90640000E-4,8.36429967E-5
1.90680000E-4,1.56927054E-5
1.90720000E-4,3.55880123E-5
1.90760000E-4,6.71826914E-5
1.90800000E-4,5.24968212E-5
1.90840000E-4,5.70893641E-5
1.90880000E-4,4.31421529E-5
1.90920000E-4,2.66147470E-5
1.90960000E-4,4.68964733E-5
1.91000000E-4,2.34931419E-5
1.91040000E-4,4.63862670E-5
1.91080000E-4,6.45625282E-5
1.91120000E-4,3.68684823E-5
1.91160000E-4,6.30336070E-5
1.91200000E-4,1.66940158E-5
1.91240000E-4,5.16243140E-5
1.91280000E-4,3.99807223E-5
1.91320000E-4,6.92961673E-5
1.91360000E-4,3.39291434E-5
1.91400000E-4,4.90211263E-5
1.91440000E-4,3.43545490E-5
1.91480000E-4,1.15625991E-5
1.91520000E-4,7.54869731E-5
1.91560000E-4,3.32735400E-5
1.91600000E-4,4.40824663E-5
1.91640000E-4,7.24914152E-5
1.91680000E-4,2.56023740E-5
1.91720000E-4,6.16583036E-5
1.91760000E-4,3.03459885E-5
1.91800000E-4,2.08079668E-5
1.91840000E-4,7.99943339E-5
1.91880000E-4,6.34458900E-5
1.91920000E-4,4.01315078E-5
1.91960000E-4,1.53059904E-5
1.92000000E-4,2.74227095E-5
1.92040000E-4,2.06591841E-5
1.92080000E-4,5.02217070E-5
1.92120000E-4,4.60296405E-5
1.92160000E-4,5.51662416E-5
1.92200000E-4,2.92650081E-5
1.92240000E-4,4.42741167E-5
1.92280000E-4,3.26548533E-5
1.92320000E-4,4.28623258E-5
1.92360000E-4,5.59966059E-5
1.92400000E-4,7.45962794E-5
1.92440000E-4,4.36284410E-5
1.92480000E-4,3.96412333E-5
1.92520000E-4,4.77301754E-5
1.92560000E-4,6.55209519E-5
1.92600000E-4,5.79192039E-5
1.92640000E-4,8.86374833E-6
1.92680000E-4,5.10229079E-5
1.92720000E-4,3.49670654E-5
1.92760000E-4,2.98854115E-5
1.92800000E-4,3.09293988E-5
1.92840000E-4,3.38401656E-5
1.92880000E-4,9.64243887E-5
1.92920000E-4,7.67690072E-5
1.92960000E-4,1.48344461E-5
1.93000000E-4,4.56324637E-5
1.93040000E-4,3.32706885E-5
1.93080000E-4,1.20592632E-5
1.93120000E-4,6.21982550E-5
1.93160000E-4,3.37568621E-5
1.93200000E-4,5.56969328E-5
1.93240000E-4,4.95261541E-5
1.93280000E-4,5.50600595E-5
1.93320000E-4,6.03601430E-5
1.93360000E-4,2.06935926E-5
1.93400000E-4,6.69885042E-5
1.93440000E-4,4.06293258E-5
1.93480000E-4,4.46956408E-5
1.93520000E-4,3.21334127E-5
1.93560000E-4,4.32303487E-5
1.93600000E-4,5.09890048E-5
1.93640000E-4,4.21917878E-5
1.93680000E-4,2.19922301E-5
1.93720000E-4,4.30604612E-5
1.93760000E-4,6.42584873E-5
1.93800000E-4,4.92763391E-5
1.93840000E-4,4.40369570E-5
1.93880000E-4,2.93839123E-5
1.93920000E-4,5.73231097E-5
1.93960000E-4,4.50227225E-5
1.94000000E-4,1.53777926E-5
1.94040000E-4,5.52493829E-5
1.94080000E-4,5.79108020E-5
1.94120000E-4,6.67987230E-5
1.94160000E-4,3.85996493E-5
1.94200000E-4,4.96526209E-5
1.94240000E-4,1.16068195E-6
1.94280000E-4,4.00958022E-5
1.94320000E-4,2.07108637E-5
1.94360000E-4,4.70976795E-5
1.94400000E-4,4.45303023E-5
1.94440000E-4,4.79782548E-5
1.94480000E-4,4.60370315E-5
1.94520000E-4,4.77435078E-5
1.94560000E-4,5.65420599E-5
1.94600000E-4,2.66725969E-5
1.94640000E-4,4.18087826E-5
1.94680000E-4,3.53560024E-5
1.94720000E-4,6.38812709E-5
1.94760000E-4,5.59706469E-5
1.94800000E-4,3.58349472E-5
1.94840000E-4,7.51728423E-5
1.94880000E-4,5.40277737E-5
1.94920000E-4,6.67139986E-5
1.94960000E-4,7.27295858E-5
1.95000000E-4,3.37328391E-5
1.95040000E-4,4.27846013E-5
1.95080000E-4,4.33099519E-5
1.95120000E-4,5.02909056E-5
1.95160000E-4,5.26016014E-5
1.95200000E-4,1.86029763E-5
1.95240000E-4,4.06477985E-5
1.95280000E-4,3.53406769E-5
1.95320000E-4,4.92549005E-5
1.95360000E-4,2.64221048E-5
1.95400000E-4,5.18630187E-5
1.95440000E-4,1.90883393E-5
1.95480000E-4,1.99807592E-5
1.95520000E-4,3.26206736E-5
1.95560000E-4,8.87885564E-5
1.95600000E-4,1.33076897E-5
1.95640000E-4,5.02991358E-5
1.95680000E-4,4.13591061E-5
1.95720000E-4,4.33762990E-5
1.95760000E-4,4.83729901E-5
1.95800000E-4,5.68363352E-5
1.95840000E-4,4.93492952E-5
1.95880000E-4,1.59024565E-5
1.95920000E-4,2.68249559E-5
1.95960000E-4,6.40849662E-5
1.96000000E-4,3.79919393E-5
1.96040000E-4,4.13735161E-5
1.96080000E-4,3.33895831E-5
1.96120000E-4,2.30313060E-5
1.96160000E-4,6.04313634E-5
1.96200000E-4,3.88709982E-5
1.96240000E-4,3.54490715E-5
1.96280000E-4,4.16905747E-5
1.96320000E-4,9.05802244E-5
1.96360000E-4,4.67287601E-5
1.96400000E-4,4.69704212E-5
1.96440000E-4,6.92491035E-5
1.96480000E-4,3.29556708E-5
1.96520000E-4,7.00465278E-5
1.96560000E-4,3.47716098E-5
1.96600000E-4,4.13896427E-5
1.96640000E-4,5.40411347E-5
1.96680000E-4,1.54961626E-5
1.96720000E-4,4.04486999E-5
1.96760000E-4,4.40291178E-5
1.96800000E-4,4.31455480E-5
1.96840000E-4,5.38395661E-5
1.96880000E-4,4.63324703E-5
1.96920000E-4,1.87953038E-5
1.96960000E-4,4.85735478E-5
1.97000000E-4,-2.33944607E-6
1.97040000E-4,5.39814061E-5
1.97080000E-4,3.12066606E-5
1.97120000E-4,5.71187373E-5
1.97160000E-4,7.73311314E-5
1.97200000E-4,3.26314787E-5
1.97240000E-4,3.84374960E-5
1.97280000E-4,3.14955381E-5
1.97320000E-4,3.73138387E-5
1.97360000E-4,3.19990877E-5
1.97400000E-4,5.15328090E-5
1.97440000E-4,1.39781037E-5
1.97480000E-4,6.10701250E-5
1.97520000E-4,3.87561854E-5
1.97560000E-4,2.27019164E-5
1.97600000E-4,3.54616791E-5
1.97640000E-4,5.89247105E-5
1.97680000E-4,3.70591600E-5
1.97720000E-4,3.54707294E-5
1.97760000E-4,4.74028076E-5
1.97800000E-4,4.17343197E-5
1.97840000E-4,4.36595594E-5
1.97880000E-4,3.23753790E-5
1.97920000E-4,5.45761460E-5
1.97960000E-4,4.08810005E-5
1.98000000E-4,6.56314351E-5
1.98040000E-4,3.56063515E-5
1.98080000E-4,3.09671262E-5
1.98120000E-4,4.70838703E-5
1.98160000E-4,3.39589171E-5
1.98200000E-4,8.51168989E-6
1.98240000E-4,3.97321948E-5
1.98280000E-4,-2.72089675E-6
1.98320000E-4,1.69272655E-5
1.98360000E-4,3.80977018E-5
1.98400000E-4,4.57517970E-5
1.98440000E-4,4.07142410E-5
1.98480000E-4,2.94360973E-5
1.98520000E-4,5.59135218E-5
1.98560000E-4,4.89244809E-5
1.98600000E-4,4.71104492E-5
1.98640000E-4,1.65707725E-5
1.98680000E-4,1.39557115E-5
1.98720000E-4,6.42556549E-5
1.98760000E-4,6.22280287E-5
1.98800000E-4,3.03146698E-5
1.98840000E-4,2.05578848E-5
1.98880000E-4,2.76359320E-5
1.98920000E-4,4.62932647E-5
1.98960000E-4,4.56675017E-5
1.99000000E-4,3.39382319E-5
1.99040000E-4,7.81605325E-5
1.99080000E-4,1.13376655E-5
1.99120000E-4,3.55238014E-5
1.99160000E-4,6.24067664E-5
1.99200000E-4,4.44417345E-5
1.99240000E-4,5.69586345E-5
1.99280000E-4,3.11774018E-5
1.99320000E-4,1.05510653E-5
1.99360000E-4,4.45966017E-5
1.99400000E-4,1.89072461E-5
1.99440000E-4,6.11103510E-5
1.99480000E-4,4.69316814E-6
1.99520000E-4,2.04653783E-5
1.99560000E-4,6.81104639E-5
1.99600000E-4,2.17577311E-5
1.99640000E-4,5.24010341E-5
1.99680000E-4,6.95160179E-5
1.99720000E-4,4.49422991E-5
1.99760000E-4,2.81666995E-5
1.99800000E-4,2.80600596E-5
1.99840000E-4,2.53175496E-5
1.99880000E-4,3.32189516E-5
1.99920000E-4,2.27468726E-5
1.99960000E-4,4.17255268E-5
2.00000000E-4,4.41475737E-5
2.00040000E-4,5.64857932E-5
2.00080000E-4,3.51160770E-5
2.00120000E-4,4.74480786E-5
2.00160000E-4,3.05098012E-5
2.00200000E-4,2.42642735E-5
2.00240000E-4,2.21485564E-5
2.00280000E-4,9.75897200E-6
2.00320000E-4,5.32604553E-6
2.00360000E-4,3.49865108E-5
2.00400000E-4,2.22244117E-5
2.00440000E-4,3.41610961E-5
2.00480000E-4,1.85163826E-5
2.00520000E-4,2.67278433E-5
2.00560000E-4,7.91600580E-6
2.00600000E-4,1.79409737E-5
2.00640000E-4,1.34531918E-5
2.00680000E-4,4.94809976E-5
2.00720000E-4,4.45266497E-5
2.00760000E-4,1.49464838E-5
2.00800000E-4,4.69771732E-5
2.00840000E-4,3.65077931E-5
2.00880000E-4,2.85274173E-5
2.00920000E-4,2.31519172E-5
2.00960000E-4,4.69267525E-5
2.01000000E-4,3.66389901E-5
2.01040000E-4,5.18421714E-5
2.01080000E-4,5.35451001E-5
2.01120000E-4,4.99980799E-5
2.01160000E-4,3.87605437E-5
2.01200000E-4,5.11405532E-5
2.01240000E-4,2.78722049E-5
2.01280000E-4,4.61162437E-5
2.01320000E-4,1.36378327E-5
2.01360000E-4,4.79364743E-5
2.01400000E-4,1.63612597E-5
2.01440000E-4,4.04924640E-5
2.01480000E-4,-7.84426440E-6
2.01520000E-4,8.46905222E-5
2.01560000E-4,3.22451547E-5
2.01600000E-4,5.16535155E-5
2.01640000E-4,3.67499501E-5
2.01680000E-4,3.01584771E-5
2.01720000E-4,4.25214539E-5
2.01760000E-4,2.15446040E-5
2.01800000E-4,4.66145862E-5
2.01840000E-4,1.90331597E-5
2.01880000E-4,2.04172369E-5
2.01920000E-4,4.96293607E-5
2.01960000E-4,4.17723236E-5
2.02000000E-4,2.16444727E-5
2.02040000E-4,7.10971528E-5
2.02080000E-4,3.41258864E-5
2.02120000E-4,3.19216016E-5
2.02160000E-4,4.61867011E-5
2.02200000E-4,4.04121837E-5
2.02240000E-4,5.95920060E-5
2.02280000E-4,5.48029584E-5
2.02320000E-4,-2.94449525E-6
2.02360000E-4,2.80159999E-5
2.02400000E-4,5.18472926E-5
2.02440000E-4,3.34858756E-5
2.02480000E-4,2.31704376E-5
2.02520000E-4,5.29003685E-5
2.02560000E-4,3.93866690E-5
2.02600000E-4,5.09357802E-5
2.02640000E-4,7.03708534E-5
2.02680000E-4,-6.05557181E-6
2.02720000E-4,4.91686502E-5
2.02760000E-4,3.83399542E-5
2.02800000E-4,3.26269297E-5
2.02840000E-4,2.48663853E-5
2.02880000E-4,5.32364815E-5
2.02920000E-4,4.05351696E-5
2.02960000E-4,3.51421695E-5
2.03000000E-4,4.37117922E-5
2.03040000E-4,8.64852309E-6
2.03080000E-4,4.55812037E-5
2.03120000E-4,6.66320970E-5
2.03160000E-4,5.58247919E-5
2.03200000E-4,5.40558022E-5
2.03240000E-4,2.66088819E-5
2.03280000E-4,2.99716141E-5
2.03320000E-4,4.55342162E-5
2.03360000E-4,4.83676495E-5
2.03400000E-4,1.72793144E-5
2.03440000E-4,6.33866191E-5
2.03480000E-4,3.21961073E-5
2.03520000E-4,3.10909894E-5
2.03560000E-4,2.70347262E-5
2.03600000E-4,6.20457339E-5
2.03640000E-4,4.02111491E-5
2.03680000E-4,7.36330382E-6
2.03720000E-4,3.18729738E-5
2.03760000E-4,5.51821966E-5
2.03800000E-4,3.96638926E-5
2.03840000E-4,4.86498036E-5
2.03880000E-4,4.40164530E-5
2.03920000E-4,5.85827419E-5
2.03960000E-4,2.68324995E-5
2.04000000E-4,4.39846956E-5
2.04040000E-4,2.89748432E-5
2.04080000E-4,6.16866373E-5
2.04120000E-4,7.35304339E-5
2.04160000E-4,5.46812219E-5
2.04200000E-4,6.18677401E-5
2.04240000E-4,6.58691750E-6
2.04280000E-4,5.36546105E-5
2.04320000E-4,3.23481993E-5
2.04360000E-4,3.84617670E-5
2.04400000E-4,4.51402152E-5
2.04440000E-4,7.05380898E-5
2.04480000E-4,3.69835622E-5
2.04520000E-4,2.85350085E-5
2.04560000E-4,1.11338653E-5
2.04600000E-4,5.98527215E-5
2.04640000E-4,5.91947338E-5
2.04680000E-4,6.28010535E-5
2.04720000E-4,6.66228845E-5
2.04760000E-4,4.94124952E-5
2.04800000E-4,5.10198180E-5
2.04840000E-4,3.63966424E-5
2.04880000E-4,4.53909076E-5
2.04920000E-4,4.64510883E-5
2.04960000E-4,3.92697104E-5
2.05000000E-4,6.76477221E-5
2.05040000E-4,4.94585195E-5
2.05080000E-4,1.00090332E-4
2.05120000E-4,6.33116222E-5
2.05160000E-4,4.13203774E-5
2.05200000E-4,2.96490528E-5
2.05240000E-4,7.44776519E-5
2.05280000E-4,4.40837538E-5
2.05320000E-4,6.06057046E-5
2.05360000E-4,4.04713306E-5
2.05400000E-4,3.95750769E-5
2.05440000E-4,8.97892660E-5
2.05480000E-4,5.78149387E-5
2.05520000E-4,4.86437383E-5
2.05560000E-4,5.14834563E-5
2.05600000E-4,6.59078767E-5
2.05640000E-4,4.75465836E-5
2.05680000E-4,6.68533781E-5
2.05720000E-4,4.72064365E-5
2.05760000E-4,7.81037126E-5
2.05800000E-4,5.88507816E-5
2.05840000E-4,5.29268806E-5
2.05880000E-4,1.82378239E-5
2.05920000E-4,5.90409634E-5
2.05960000E-4,6.36882186E-5
2.06000000E-4,6.16852545E-5
2.06040000E-4,3.18595270E-5
2.06080000E-4,1.44330446E-5
2.06120000E-4,5.96205971E-5
2.06160000E-4,7.76758084E-5
2.06200000E-4,5.12594382E-5
2.06240000E-4,1.07718600E-5
2.06280000E-4,4.22356854E-5
2.06320000E-4,7.10819130E-5
2.06360000E-4,7.75744233E-5
2.06400000E-4,3.71542031E-5
2.06440000E-4,1.94068856E-5
2.06480000E-4,1.34888020E-5
2.06520000E-4,3.54228645E-5
2.06560000E-4,3.35025744E-5
2.06600000E-4,4.25270997E-5
2.06640000E-4,1.71868843E-5
2.06680000E-4,3.36004786E-5
2.06720000E-4,6.88615302E-5
2.06760000E-4,3.65511376E-5
2.06800000E-4,3.66327626E-5
2.06840000E-4,2.96803905E-5
2.06880000E-4,7.63338741E-5
2.06920000E-4,4.75852074E-5
2.06960000E-4,4.22810326E-5
2.07000000E-4,6.98245601E-5
2.07040000E-4,3.19813970E-5
2.07080000E-4,4.37748396E-5
2.07120000E-4,3.56185967E-5
2.07160000E-4,7.02268677E-5
2.07200000E-4,4.39757597E-5
2.07240000E-4,4.98356214E-5
2.07280000E-4,4.30979882E-5
2.07320000E-4,6.18413614E-5
2.07360000E-4,3.90404280E-5
2.07400000E-4,5.57090063E-5
2.07440000E-4,3.65048844E-5
2.07480000E-4,7.48248561E-5
2.07520000E-4,5.04467646E-5
2.07560000E-4,4.77698388E-5
2.07600000E-4,5.86923477E-5
2.07640000E-4,6.47930885E-5
2.07680000E-4,4.04198703E-5
2.07720000E-4,5.72641822E-5
2.07760000E-4,4.42916548E-5
2.07800000E-4,6.51031853E-5
2.07840000E-4,4.02391681E-5
2.07880000E-4,8.30090226E-5
2.07920000E-4,4.81140580E-5
2.07960000E-4,5.26919334E-5
2.08000000E-4,6.33069205E-5
2.08040000E-4,4.47881949E-5
2.08080000E-4,8.69168640E-6
2.08120000E-4,5.20302932E-5
2.08160000E-4,3.42608504E-5
2.08200000E-4,4.36979257E-5
2.08240000E-4,6.77096918E-5
2.08280000E-4,6.53885438E-5
2.08320000E-4,4.51909411E-5
2.08360000E-4,3.17795614E-5
2.08400000E-4,5.42726869E-5
2.08440000E-4,3.89826544E-5
2.08480000E-4,4.09681759E-5
2.08520000E-4,9.07056326E-5
2.08560000E-4,7.42474253E-5
2.08600000E-4,4.21240578E-5
2.08640000E-4,5.68395491E-5
2.08680000E-4,4.05118236E-5
2.08720000E-4,9.07544497E-6
2.08760000E-4,6.33326221E-5
2.08800000E-4,2.58785295E-5
2.08840000E-4,2.38954781E-5
2.08880000E-4,3.89776953E-5
2.08920000E-4,7.32766897E-5
2.08960000E-4,-9.70517875E-6
2.09000000E-4,6.07136129E-5
2.09040000E-4,4.09199581E-5
2.09080000E-4,6.23135542E-5
2.09120000E-4,5.70563670E-5
2.09160000E-4,6.42918564E-5
2.09200000E-4,6.28907943E-5
2.09240000E-4,4.45458948E-5
2.09280000E-4,2.01897378E-5
2.09320000E-4,8.05660045E-5
2.09360000E-4,3.11849645E-5
2.09400000E-4,4.50821746E-5
2.09440000E-4,8.14795768E-5
2.09480000E-4,2.32214592E-5
2.09520000E-4,5.69084903E-5
2.09560000E-4,1.83058304E-5
2.09600000E-4,3.17636159E-5
2.09640000E-4,2.94333698E-5
2.09680000E-4,5.76749488E-5
2.09720000E-4,4.34200918E-5
2.09760000E-4,6.49949337E-5
2.09800000E-4,5.53179903E-5
2.09840000E-4,3.66168458E-5
2.09880000E-4,3.02761605E-5
2.09920000E-4,4.64589847E-5
2.09960000E-4,5.31686562E-5
2.10000000E-4,3.49248367E-5
2.10040000E-4,3.02256920E-5
2.10080000E-4,6.22755408E-5
2.10120000E-4,5.87123081E-5
2.10160000E-4,9.18109793E-5
2.10200000E-4,5.59676333E-5
2.10240000E-4,5.73261519E-5
2.10280000E-4,3.35867171E-5
2.10320000E-4,6.24478125E-5
2.10360000E-4,4.71410145E-5
2.10400000E-4,3.84775122E-5
2.10440000E-4,5.79574653E-5
2.10480000E-4,2.68110037E-5
2.10520000E-4,1.81921810E-5
2.10560000E-4,7.02399330E-5
2.10600000E-4,9.07783979E-5
2.10640000E-4,5.43785543E-5
2.10680000E-4,4.82787099E-5
2.10720000E-4,3.09915498E-5
2.10760000E-4,3.31471590E-5
2.10800000E-4,3.78836973E-5
2.10840000E-4,4.64155925E-5
2.10880000E-4,1.27231732E-5
2.10920000E-4,4.87947621E-5
2.10960000E-4,5.14818542E-5
2.11000000E-4,5.20141475E-5
2.11040000E-4,1.28231945E-5
2.11080000E-4,5.83979961E-5
2.11120000E-4,2.82318450E-5
2.11160000E-4,5.87279675E-5
2.11200000E-4,4.47011816E-5
2.11240000E-4,2.38005684E-5
2.11280000E-4,6.47417618E-5
2.11320000E-4,3.79543932E-5
2.11360000E-4,4.45736086E-5
2.11400000E-4,6.03849672E-5
2.11440000E-4,4.56946719E-5
2.11480000E-4,4.21649323E-5
2.11520000E-4,1.82767433E-5
2.11560000E-4,3.60428959E-5
2.11600000E-4,4.92239633E-5
2.11640000E-4,5.50038976E-5
2.11680000E-4,3.35284762E-5
2.11720000E-4,5.66240855E-5
2.11760000E-4,3.33655600E-5
2.11800000E-4,4.59415878E-5
2.11840000E-4,5.43199414E-5
2.11880000E-4,7.05879574E-5
2.11920000E-4,3.06075337E-5
2.11960000E-4,1.38431493E-5
2.12000000E-4,4.18011437E-5
2.12040000E-4,3.98041018E-5
2.12080000E-4,3.55003220E-5
2.12120000E-4,9.06406111E-5
2.12160000E-4,7.09327488E-5
2.12200000E-4,3.96681270E-5
2.12240000E-4,2.98283722E-5
2.12280000E-4,5.90782616E-5
2.12320000E-4,2.90891601E-5
2.12360000E-4,5.18801753E-5
2.12400000E-4,4.20472489E-5
2.12440000E-4,7.55495437E-5
2.12480000E-4,6.43238712E-5
2.12520000E-4,4.67090477E-5
2.12560000E-4,5.97483037E-5
2.12600000E-4,4.73118462E-5
2.12640000E-4,6.76315954E-5
2.12680000E-4,4.22117100E-5
2.12720000E-4,6.12322496E-5
2.12760000E-4,5.29294556E-5
2.12800000E-4,5.78824684E-5
2.12840000E-4,1.63858455E-5
2.12880000E-4,1.26864186E-5
2.12920000E-4,4.73501457E-5
2.12960000E-4,6.08074068E-5
2.13000000E-4,2.96058609E-5
2.13040000E-4,3.35291629E-5
2.13080000E-4,4.96146646E-5
2.13120000E-4,6.11207651E-5
2.13160000E-4,1.10635318E-5
2.13200000E-4,2.08865400E-5
2.13240000E-4,2.11913630E-5
2.13280000E-4,5.73057815E-5
2.13320000E-4,2.34297035E-5
2.13360000E-4,4.72492279E-5
2.13400000E-4,5.94711754E-5
2.13440000E-4,2.93944599E-5
2.13480000E-4,2.88417579E-5
2.13520000E-4,3.41087775E-5
2.13560000E-4,4.03151664E-5
2.13600000E-4,2.09240576E-5
2.13640000E-4,2.72713995E-5
2.13680000E-4,5.69060775E-5
2.13720000E-4,3.78860433E-5
2.13760000E-4,1.91059632E-5
2.13800000E-4,2.47384690E-5
2.13840000E-4,3.86465605E-5
2.13880000E-4,3.63265950E-5
2.13920000E-4,1.46885626E-5
2.13960000E-4,5.42853326E-5
2.14000000E-4,5.32507008E-5
2.14040000E-4,3.94267234E-5
2.14080000E-4,3.91413458E-5
2.14120000E-4,3.93784102E-5
2.14160000E-4,1.53528254E-5
2.14200000E-4,2.58612871E-5
2.14240000E-4,1.93344827E-5
2.14280000E-4,1.12616195E-5
2.14320000E-4,4.18404637E-5
2.14360000E-4,6.09018396E-5
2.14400000E-4,3.48476844E-5
2.14440000E-4,4.28344976E-5
2.14480000E-4,4.37688028E-5
2.14520000E-4,5.61344786E-5
2.14560000E-4,4.52286208E-5
2.14600000E-4,4.23823033E-5
2.14640000E-4,4.20520363E-5
2.14680000E-4,3.06142857E-5
2.14720000E-4,4.83835378E-5
2.14760000E-4,1.90442605E-5
2.14800000E-4,2.70405150E-5
2.14840000E-4,2.71425963E-5
2.14880000E-4,1.64867251E-5
2.14920000E-4,7.99815531E-6
2.14960000E-4,5.19443576E-5
2.15000000E-4,5.40685529E-5
2.15040000E-4,3.65565449E-5
2.15080000E-4,1.53951304E-5
2.15120000E-4,3.65787465E-5
2.15160000E-4,3.86661776E-5
2.15200000E-4,3.16481164E-5
2.15240000E-4,3.23179010E-5
2.15280000E-4,5.20687263E-5
2.15320000E-4,4.41664278E-5
2.15360000E-4,3.67102677E-5
2.15400000E-4,2.44095085E-5
2.15440000E-4,2.90590717E-5
2.15480000E-4,1.85312886E-5
2.15520000E-4,5.32743424E-5
2.15560000E-4,1.29004231E-5
2.15600000E-4,7.19671613E-5
2.15640000E-4,1.19823971E-5
2.15680000E-4,2.66214609E-5
2.15720000E-4,3.98731193E-5
2.15760000E-4,3.11272862E-5
2.15800000E-4,3.19467882E-5
2.15840000E-4,7.88746153E-5
2.15880000E-4,2.13610598E-5
2.15920000E-4,2.66236734E-5
2.15960000E-4,3.11709836E-5
2.16000000E-4,2.16658923E-5
2.16040000E-4,3.21820406E-5
2.16080000E-4,2.18592402E-5
2.16120000E-4,3.29867510E-5
2.16160000E-4,3.15668252E-5
2.16200000E-4,1.93415398E-5
2.16240000E-4,3.97616061E-5
2.16280000E-4,2.94676639E-5
2.16320000E-4,3.80232485E-5
2.16360000E-4,3.46307807E-5
2.16400000E-4,4.67990364E-5
2.16440000E-4,1.10791721E-5
2.16480000E-4,3.73939855E-5
2.16520000E-4,1.63243716E-5
2.16560000E-4,5.21768920E-5
2.16600000E-4,3.15842679E-5
2.16640000E-4,5.02613035E-5
2.16680000E-4,3.71829755E-5
2.16720000E-4,9.96329674E-6
2.16760000E-4,3.42169910E-5
2.16800000E-4,3.52783924E-5
2.16840000E-4,5.03283659E-5
2.16880000E-4,1.84219403E-5
2.16920000E-4,1.39427892E-5
2.16960000E-4,7.65776810E-5
2.17000000E-4,2.37639187E-5
2.17040000E-4,3.10624444E-6
2.17080000E-4,1.93023629E-5
2.17120000E-4,4.29075490E-5
2.17160000E-4,4.00499782E-5
2.17200000E-4,3.13302472E-5
2.17240000E-4,2.85932685E-5
2.17280000E-4,3.23947862E-5
2.17320000E-4,2.97016575E-5
2.17360000E-4,1.82383103E-5
2.17400000E-4,1.83885330E-5
2.17440000E-4,5.98875020E-5
2.17480000E-4,2.61057138E-5
2.17520000E-4,6.05944608E-5
2.17560000E-4,3.66505200E-5
2.17600000E-4,8.43051313E-6
2.17640000E-4,6.09315107E-7
2.17680000E-4,2.43820809E-5
2.17720000E-4,2.19936988E-5
2.17760000E-4,3.22339968E-5
2.17800000E-4,2.14729544E-5
2.17840000E-4,3.65826279E-5
2.17880000E-4,5.28174942E-5
2.17920000E-4,4.15034256E-5
2.17960000E-4,3.77338750E-5
2.18000000E-4,7.08089810E-5
2.18040000E-4,5.65745802E-5
2.18080000E-4,1.64310019E-5
2.18120000E-4,5.48385400E-5
2.18160000E-4,9.85053428E-6
2.18200000E-4,3.65359647E-5
2.18240000E-4,3.87073000E-5
2.18280000E-4,2.60220003E-5
2.18320000E-4,6.18488287E-5
2.18360000E-4,1.62758582E-5
2.18400000E-4,6.00029061E-5
2.18440000E-4,5.33968323E-5
2.18480000E-4,3.88249644E-5
2.18520000E-4,8.18665684E-5
2.18560000E-4,4.69318546E-5
2.18600000E-4,4.30208741E-5
2.18640000E-4,8.17301952E-7
2.18680000E-4,3.37733893E-5
2.18720000E-4,4.95101705E-5
2.18760000E-4,2.75708724E-5
2.18800000E-4,2.08218141E-5
2.18840000E-4,4.15544567E-5
2.18880000E-4,4.12884293E-5
2.18920000E-4,4.13679848E-5
2.18960000E-4,1.86952633E-5
2.19000000E-4,3.89729174E-5
2.19040000E-4,3.35054068E-5
2.19080000E-4,7.29572756E-5
2.19120000E-4,4.70390285E-5
2.19160000E-4,3.16520933E-5
2.19200000E-4,3.55588394E-5
2.19240000E-4,3.23632864E-5
2.19280000E-4,6.23813605E-5
2.19320000E-4,3.31400446E-5
2.19360000E-4,4.60788883E-5
2.19400000E-4,3.53816276E-5
2.19440000E-4,3.17490152E-5
2.19480000E-4,1.88457531E-5
2.19520000E-4,1.13915195E-5
2.19560000E-4,2.33967445E-5
2.19600000E-4,5.00248114E-5
2.19640000E-4,6.93826942E-5
2.19680000E-4,-3.04634767E-6
2.19720000E-4,3.20726446E-5
2.19760000E-4,9.36086460E-5
2.19800000E-4,6.43288208E-5
2.19840000E-4,6.48049046E-5
2.19880000E-4,5.00781313E-5
2.19920000E-4,4.04297981E-5
2.19960000E-4,3.84456308E-5
2.20000000E-4,6.55734708E-5
2.20040000E-4,4.90895238E-5
2.20080000E-4,2.20303866E-5
2.20120000E-4,3.44997173E-5
2.20160000E-4,5.63332529E-5
2.20200000E-4,3.53139740E-5
2.20240000E-4,4.27091466E-5
2.20280000E-4,6.69320181E-5
2.20320000E-4,8.31389226E-5
2.20360000E-4,4.21173058E-5
2.20400000E-4,2.96480705E-5
2.20440000E-4,7.17406922E-5
2.20480000E-4,5.66603823E-5
2.20520000E-4,4.14418659E-5
2.20560000E-4,3.06668999E-5
2.20600000E-4,4.83596101E-5
2.20640000E-4,3.48735385E-5
2.20680000E-4,1.92876191E-5
2.20720000E-4,3.87465533E-5
2.20760000E-4,6.11041425E-5
2.20800000E-4,5.70808764E-5
2.20840000E-4,6.75739554E-5
2.20880000E-4,-7.32798324E-6
2.20920000E-4,3.93946131E-5
2.20960000E-4,6.67890337E-5
2.21000000E-4,4.30221330E-5
2.21040000E-4,3.35541587E-5
2.21080000E-4,2.11042830E-5
2.21120000E-4,3.18671087E-5
2.21160000E-4,5.54147787E-5
2.21200000E-4,2.20801875E-5
2.21240000E-4,7.05951004E-5
2.21280000E-4,7.56228336E-5
2.21320000E-4,1.90265317E-5
2.21360000E-4,2.59540605E-5
2.21400000E-4,6.13147520E-5
2.21440000E-4,5.76426765E-5
2.21480000E-4,7.16309434E-5
2.21520000E-4,4.36133539E-5
2.21560000E-4,6.12834810E-5
2.21600000E-4,3.17140249E-5
2.21640000E-4,8.83961384E-5
2.21680000E-4,3.54996067E-5
2.21720000E-4,3.78824289E-5
2.21760000E-4,3.47450023E-5
2.21800000E-4,2.59571886E-5
2.21840000E-4,8.23777569E-5
2.21880000E-4,5.75208064E-5
2.21920000E-4,8.00750815E-5
2.21960000E-4,4.66494907E-5
2.22000000E-4,5.20050590E-5
2.22040000E-4,9.31814094E-5
2.22080000E-4,5.25152462E-5
2.22120000E-4,6.42828918E-5
2.22160000E-4,3.40101962E-5
2.22200000E-4,7.32531340E-5
2.22240000E-4,7.12321549E-5
2.22280000E-4,3.78720052E-5
2.22320000E-4,4.54468978E-5
2.22360000E-4,5.90930245E-5
2.22400000E-4,7.31585295E-5
2.22440000E-4,5.84219333E-5
2.22480000E-4,3.86502226E-5
2.22520000E-4,1.64198916E-5
2.22560000E-4,3.51908642E-5
2.22600000E-4,3.51088482E-5
2.22640000E-4,2.40011547E-5
2.22680000E-4,7.34018786E-5
2.22720000E-4,3.39519935E-5
2.22760000E-4,1.45813791E-5
2.22800000E-4,5.91976902E-5
2.22840000E-4,3.12878373E-5
2.22880000E-4,8.67635623E-5
2.22920000E-4,4.93721342E-6
2.22960000E-4,3.73991830E-5
2.23000000E-4,4.30741464E-5
2.23040000E-4,6.69240072E-5
2.23080000E-4,5.53020830E-5
2.23120000E-4,4.38221513E-5
2.23160000E-4,9.97223473E-5
2.23200000E-4,2.60074663E-5
2.23240000E-4,6.12767385E-5
2.23280000E-4,1.03122176E-5
2.23320000E-4,1.93461175E-5
2.23360000E-4,3.24330381E-5
2.23400000E-4,6.02855371E-5
2.23440000E-4,5.34248608E-5
2.23480000E-4,4.42990553E-5
2.23520000E-4,5.44020036E-6
2.23560000E-4,5.04724470E-5
2.23600000E-4,2.58847474E-5
2.23640000E-4,4.95574346E-5
2.23680000E-4,4.74835362E-5
2.23720000E-4,3.65891034E-5
2.23760000E-4,5.43992490E-5
2.23800000E-4,5.65935202E-5
2.23840000E-4,4.84526982E-5
2.23880000E-4,4.35000764E-5
2.23920000E-4,2.43722103E-5
2.23960000E-4,1.40493242E-5
2.24000000E-4,3.55596119E-5
2.24040000E-4,2.25529620E-5
2.24080000E-4,7.08343392E-5
2.24120000E-4,3.29661993E-5
2.24160000E-4,1.31469098E-5
2.24200000E-4,2.66235208E-5
2.24240000E-4,5.21946590E-5
2.24280000E-4,3.71607549E-5
2.24320000E-4,3.43046527E-5
2.24360000E-4,5.65363284E-5
2.24400000E-4,1.59219019E-5
2.24440000E-4,2.81052257E-5
2.24480000E-4,6.86083964E-5
2.24520000E-4,4.58620132E-5
2.24560000E-4,5.27122753E-5
2.24600000E-4,2.34609649E-5
2.24640000E-4,1.92140622E-5
2.24680000E-4,6.89346007E-5
2.24720000E-4,4.49109232E-5
2.24760000E-4,3.84162577E-5
2.24800000E-4,2.92467071E-5
2.24840000E-4,2.37355946E-5
2.24880000E-4,3.94652995E-5
2.24920000E-4,4.43656408E-5
2.24960000E-4,5.52404184E-5
2.25000000E-4,3.98912963E-5
2.25040000E-4,4.42760336E-5
2.25080000E-4,4.39532434E-5
2.25120000E-4,2.65855455E-5
2.25160000E-4,3.79867799E-5
2.25200000E-4,6.71671655E-5
2.25240000E-4,2.59957551E-5
2.25280000E-4,1.83790631E-5
2.25320000E-4,3.34861807E-5
2.25360000E-4,3.37010627E-5
2.25400000E-4,5.56474562E-5
2.25440000E-4,3.38278918E-5
2.25480000E-4,7.15330869E-5
2.25520000E-4,4.55205024E-5
