-1.43600000E-5,4.11483139E-6
-1.43200000E-5,3.29695944E-5
-1.42800000E-5,1.98495622E-5
-1.42400000E-5,1.75206497E-6
-1.42000000E-5,3.53501491E-7
-1.41600000E-5,4.29357682E-5
-1.41200000E-5,2.03719469E-5
-1.40800000E-5,3.32728629E-5
-1.40400000E-5,8.44346403E-6
-1.40000000E-5,5.73997661E-5
-1.39600000E-5,5.10818354E-5
-1.39200000E-5,2.35614345E-5
-1.38800000E-5,2.54415559E-5
-1.38400000E-5,1.69758266E-5
-1.38000000E-5,2.09518381E-5
-1.37600000E-5,1.05811633E-5
-1.37200000E-5,6.04373620E-5
-1.36800000E-5,-1.11673618E-5
-1.36400000E-5,1.11470737E-5
-1.36000000E-5,2.37688015E-5
-1.35600000E-5,7.36931197E-6
-1.35200000E-5,5.57367010E-5
-1.34800000E-5,2.38233883E-6
-1.34400000E-5,2.52031754E-5
-1.34000000E-5,2.54543622E-6
-1.33600000E-5,1.54993384E-5
-1.33200000E-5,3.55059105E-5
-1.32800000E-5,-1.41635111E-5
-1.32400000E-5,4.24580251E-5
-1.32000000E-5,5.35608834E-5
-1.31600000E-5,3.94883689E-5
-1.31200000E-5,3.98429641E-5
-1.30800000E-5,2.24585578E-5
-1.30400000E-5,1.89711327E-5
-1.30000000E-5,-4.31413378E-6
-1.29600000E-5,4.85287999E-6
-1.29200000E-5,2.67795897E-5
-1.28800000E-5,1.76567119E-5
-1.28400000E-5,-9.62495566E-6
-1.28000000E-5,1.57390921E-5
-1.27600000E-5,4.29525148E-5
-1.27200000E-5,-1.47361926E-5
-1.26800000E-5,1.69895213E-5
-1.26400000E-5,4.08931789E-5
-1.26000000E-5,1.83510346E-5
-1.25600000E-5,5.48926690E-6
-1.25200000E-5,8.88776185E-6
-1.24800000E-5,2.11160799E-5
-1.24400000E-5,1.05454482E-5
-1.24000000E-5,3.37627177E-5
-1.23600000E-5,1.25614968E-5
-1.23200000E-5,1.14502181E-5
-1.22800000E-5,2.82731486E-5
-1.22400000E-5,1.07041587E-5
-1.22000000E-5,3.60777241E-5
-1.21600000E-5,2.74143458E-5
-1.21200000E-5,2.21122119E-5
-1.20800000E-5,4.11456547E-5
-1.20400000E-5,3.87684973E-5
-1.20000000E-5,2.22651240E-5
-1.19600000E-5,9.76219542E-6
-1.19200000E-5,4.66207184E-5
-1.18800000E-5,-5.37165376E-6
-1.18400000E-5,1.48753015E-5
-1.18000000E-5,1.48352567E-5
-1.17600000E-5,2.23700091E-5
-1.17200000E-5,2.19256636E-5
-1.16800000E-5,2.85002280E-5
-1.16400000E-5,1.13733329E-5
-1.16000000E-5,7.33008734E-6
-1.15600000E-5,1.03014887E-5
-1.15200000E-5,1.28828564E-5
-1.14800000E-5,1.23779812E-5
-1.14400000E-5,4.23358292E-6
-1.14000000E-5,-2.16330242E-6
-1.13600000E-5,4.17995034E-5
-1.13200000E-5,6.46286083E-5
-1.12800000E-5,1.16649205E-9
-1.12400000E-5,4.63062618E-6
-1.12000000E-5,4.20018349E-5
-1.11600000E-5,-6.16500594E-6
-1.11200000E-5,-1.96578390E-5
-1.10800000E-5,3.28402842E-6
-1.10400000E-5,1.87582440E-5
-1.10000000E-5,2.82916499E-5
-1.09600000E-5,1.20296326E-5
-1.09200000E-5,3.52512222E-5
-1.08800000E-5,4.57575976E-7
-1.08400000E-5,-1.20031144E-5
-1.08000000E-5,1.08290614E-5
-1.07600000E-5,2.88743640E-5
-1.07200000E-5,-6.53167467E-6
-1.06800000E-5,1.47429887E-5
-1.06400000E-5,1.31771794E-5
-1.06000000E-5,5.39628857E-5
-1.05600000E-5,-6.35206917E-6
-1.05200000E-5,2.11605211E-5
-1.04800000E-5,-9.22343166E-7
-1.04400000E-5,4.63195480E-5
-1.04000000E-5,3.33383517E-5
-1.03600000E-5,1.58599226E-5
-1.03200000E-5,-1.29825952E-5
-1.02800000E-5,-1.35139349E-5
-1.02400000E-5,1.72807449E-5
-1.02000000E-5,3.55805721E-6
-1.01600000E-5,-4.04370987E-6
-1.01200000E-5,2.91511299E-5
-1.00800000E-5,-1.64104633E-5
-1.00400000E-5,3.31198363E-5
-1.00000000E-5,1.93440194E-5
-9.96000000E-6,1.03477324E-5
-9.92000000E-6,-5.38483354E-6
-9.88000000E-6,-9.80316879E-6
-9.84000000E-6,2.77625704E-5
-9.80000000E-6,2.66908979E-5
-9.76000000E-6,1.07693614E-5
-9.72000000E-6,7.18183866E-6
-9.68000000E-6,1.79210800E-5
-9.64000000E-6,1.24770966E-5
-9.60000000E-6,1.48604719E-5
-9.56000000E-6,1.43157236E-5
-9.52000000E-6,3.77435548E-5
-9.48000000E-6,1.31340447E-5
-9.44000000E-6,3.33861975E-5
-9.40000000E-6,-1.14828923E-7
-9.36000000E-6,1.63377707E-5
-9.32000000E-6,9.52246877E-7
-9.28000000E-6,3.35344462E-5
-9.24000000E-6,1.46027605E-5
-9.20000000E-6,3.44131141E-5
-9.16000000E-6,1.63312285E-5
-9.12000000E-6,1.50905935E-5
-9.08000000E-6,4.58070434E-5
-9.04000000E-6,4.10600719E-5
-9.00000000E-6,-9.41683683E-7
-8.96000000E-6,7.95668955E-6
-8.92000000E-6,4.38360273E-5
-8.88000000E-6,4.71516384E-5
-8.84000000E-6,5.45509214E-5
-8.80000000E-6,1.47402921E-7
-8.76000000E-6,3.41623263E-5
-8.72000000E-6,2.46269749E-5
-8.68000000E-6,1.48428671E-5
-8.64000000E-6,1.48593942E-5
-8.60000000E-6,1.25042954E-5
-8.56000000E-6,3.33915190E-5
-8.52000000E-6,3.21336225E-5
-8.48000000E-6,1.91983552E-5
-8.44000000E-6,3.06555894E-5
-8.40000000E-6,1.90190262E-5
-8.36000000E-6,2.85078574E-5
-8.32000000E-6,4.48956820E-6
-8.28000000E-6,2.33881805E-5
-8.24000000E-6,2.81273890E-5
-8.20000000E-6,8.01602717E-6
-8.16000000E-6,3.79611929E-5
-8.12000000E-6,2.97367622E-5
-8.08000000E-6,1.31727734E-5
-8.04000000E-6,2.15232703E-5
-8.00000000E-6,1.58203452E-5
-7.96000000E-6,1.78710598E-5
-7.92000000E-6,1.16308155E-5
-7.88000000E-6,1.62970488E-5
-7.84000000E-6,2.31133792E-5
-7.80000000E-6,4.23876534E-5
-7.76000000E-6,1.57193034E-5
-7.72000000E-6,5.77335426E-5
-7.68000000E-6,1.54833262E-5
-7.64000000E-6,-3.77647124E-6
-7.60000000E-6,2.65786409E-5
-7.56000000E-6,2.18615767E-5
-7.52000000E-6,3.72020490E-5
-7.48000000E-6,2.08188959E-5
-7.44000000E-6,4.90248060E-6
-7.40000000E-6,1.90838475E-5
-7.36000000E-6,2.86038162E-5
-7.32000000E-6,3.36970572E-5
-7.28000000E-6,2.27201125E-5
-7.24000000E-6,2.64805364E-5
-7.20000000E-6,4.12944015E-7
-7.16000000E-6,5.17906635E-5
-7.12000000E-6,5.18657176E-5
-7.08000000E-6,2.82996131E-5
-7.04000000E-6,1.63233893E-5
-7.00000000E-6,1.58103125E-5
-6.96000000E-6,1.41201154E-5
-6.92000000E-6,1.76302093E-5
-6.88000000E-6,3.97537860E-5
-6.84000000E-6,4.37919389E-5
-6.80000000E-6,5.06876818E-5
-6.76000000E-6,2.24407718E-5
-6.72000000E-6,3.37974315E-5
-6.68000000E-6,4.97095934E-5
-6.64000000E-6,1.32782593E-5
-6.60000000E-6,2.50957726E-5
-6.56000000E-6,1.96571202E-5
-6.52000000E-6,3.98863849E-5
-6.48000000E-6,4.13766441E-5
-6.44000000E-6,6.02304051E-5
-6.40000000E-6,3.03611233E-5
-6.36000000E-6,1.24059620E-5
-6.32000000E-6,5.00656462E-6
-6.28000000E-6,-1.47245482E-5
-6.24000000E-6,4.16887627E-5
-6.20000000E-6,2.97270920E-5
-6.16000000E-6,2.98459103E-5
-6.12000000E-6,3.32494311E-5
-6.08000000E-6,1.10403384E-5
-6.04000000E-6,3.56511456E-5
-6.00000000E-6,2.81027461E-5
-5.96000000E-6,1.78020138E-5
-5.92000000E-6,2.25174758E-5
-5.88000000E-6,2.78096724E-5
-5.84000000E-6,1.21896210E-5
-5.80000000E-6,3.83240183E-5
-5.76000000E-6,2.69585180E-5
-5.72000000E-6,9.38273792E-6
-5.68000000E-6,2.14949175E-5
-5.64000000E-6,2.72429610E-5
-5.60000000E-6,4.14200363E-5
-5.56000000E-6,4.27033292E-5
-5.52000000E-6,2.68664599E-5
-5.48000000E-6,4.57713378E-5
-5.44000000E-6,-9.97283700E-6
-5.40000000E-6,4.32933866E-5
-5.36000000E-6,1.79500526E-5
-5.32000000E-6,8.04820525E-5
-5.28000000E-6,3.92398509E-5
-5.24000000E-6,5.75667720E-6
-5.20000000E-6,3.94421633E-5
-5.16000000E-6,2.58743524E-5
-5.12000000E-6,1.80799908E-5
-5.08000000E-6,-6.46404008E-6
-5.04000000E-6,1.98288484E-5
-5.00000000E-6,3.36608939E-5
-4.96000000E-6,1.89499135E-5
-4.92000000E-6,6.69526651E-5
-4.88000000E-6,3.33769469E-5
-4.84000000E-6,5.55329103E-5
-4.80000000E-6,6.53705288E-5
-4.76000000E-6,6.39400364E-5
-4.72000000E-6,4.92346158E-5
-4.68000000E-6,8.04993030E-6
-4.64000000E-6,9.60062391E-6
-4.60000000E-6,1.92333646E-5
-4.56000000E-6,6.72430685E-5
-4.52000000E-6,2.31165264E-5
-4.48000000E-6,4.94516817E-5
-4.44000000E-6,1.97902818E-5
-4.40000000E-6,3.37739997E-5
-4.36000000E-6,4.34190237E-5
-4.32000000E-6,1.40899125E-5
-4.28000000E-6,2.96797897E-5
-4.24000000E-6,5.59659929E-5
-4.20000000E-6,3.16411832E-5
-4.16000000E-6,-3.31401546E-6
-4.12000000E-6,1.57588713E-5
-4.08000000E-6,1.71530288E-5
-4.04000000E-6,3.21708444E-5
-4.00000000E-6,1.38618508E-5
-3.96000000E-6,5.10190074E-5
-3.92000000E-6,2.81517077E-5
-3.88000000E-6,3.25086836E-5
-3.84000000E-6,1.56802504E-5
-3.80000000E-6,1.86367459E-5
-3.76000000E-6,5.49968786E-5
-3.72000000E-6,9.16138056E-6
-3.68000000E-6,5.47721452E-5
-3.64000000E-6,2.49309968E-5
-3.60000000E-6,2.58438825E-5
-3.56000000E-6,6.01875184E-5
-3.52000000E-6,4.02305087E-5
-3.48000000E-6,6.14944799E-6
-3.44000000E-6,4.70583595E-5
-3.40000000E-6,3.47122245E-5
-3.36000000E-6,1.59931414E-5
-3.32000000E-6,6.76812246E-5
-3.28000000E-6,3.07280400E-5
-3.24000000E-6,5.99977754E-5
-3.20000000E-6,-1.07829166E-5
-3.16000000E-6,9.92508411E-5
-3.12000000E-6,3.28538183E-5
-3.08000000E-6,1.44207422E-5
-3.04000000E-6,2.85921909E-5
-3.00000000E-6,8.12463653E-5
-2.96000000E-6,1.12602939E-5
-2.92000000E-6,4.08026371E-5
-2.88000000E-6,4.41844999E-5
-2.84000000E-6,4.96533743E-5
-2.80000000E-6,2.77030802E-5
-2.76000000E-6,3.02816441E-5
-2.72000000E-6,4.36316930E-5
-2.68000000E-6,5.70235320E-5
-2.64000000E-6,9.55058462E-6
-2.60000000E-6,5.63743372E-5
-2.56000000E-6,7.22972265E-6
-2.52000000E-6,5.16259639E-5
-2.48000000E-6,1.15714302E-5
-2.44000000E-6,2.74217558E-5
-2.40000000E-6,1.69402068E-5
-2.36000000E-6,2.41085385E-5
-2.32000000E-6,4.95952574E-5
-2.28000000E-6,1.25800553E-5
-2.24000000E-6,3.70670182E-5
-2.20000000E-6,2.44416760E-5
-2.16000000E-6,2.08758779E-5
-2.12000000E-6,5.90219948E-5
-2.08000000E-6,1.99857374E-5
-2.04000000E-6,3.17644361E-5
-2.00000000E-6,1.20137539E-5
-1.96000000E-6,-6.46776895E-6
-1.92000000E-6,3.64929730E-5
-1.88000000E-6,1.70800918E-5
-1.84000000E-6,3.96579799E-5
-1.80000000E-6,1.28980103E-5
-1.76000000E-6,2.46236466E-5
-1.72000000E-6,1.48773504E-6
-1.68000000E-6,9.35041790E-6
-1.64000000E-6,1.18508949E-5
-1.60000000E-6,3.04324009E-5
-1.56000000E-6,2.99850418E-5
-1.52000000E-6,1.26294461E-5
-1.48000000E-6,4.13186226E-5
-1.44000000E-6,5.14307658E-5
-1.40000000E-6,3.16935495E-5
-1.36000000E-6,3.47141700E-5
-1.32000000E-6,5.84832260E-5
-1.28000000E-6,3.70135743E-5
-1.24000000E-6,2.41908406E-5
-1.20000000E-6,1.46990053E-5
-1.16000000E-6,3.39941173E-5
-1.12000000E-6,4.01565990E-5
-1.08000000E-6,4.91669813E-5
-1.04000000E-6,4.19023667E-5
-1.00000000E-6,2.51481866E-5
-9.60000000E-7,4.42182314E-5
-9.20000000E-7,6.11969255E-5
-8.80000000E-7,1.21345844E-5
-8.40000000E-7,5.41477841E-5
-8.00000000E-7,3.25732378E-5
-7.60000000E-7,3.95652064E-5
-7.20000000E-7,3.55718761E-5
-6.80000000E-7,1.52189486E-5
-6.40000000E-7,1.12002029E-5
-6.00000000E-7,4.07467231E-5
-5.60000000E-7,4.15477238E-5
-5.20000000E-7,4.44828188E-5
-4.80000000E-7,1.45229665E-5
-4.40000000E-7,1.47477380E-5
-4.00000000E-7,2.14783984E-6
-3.60000000E-7,2.87299968E-5
-3.20000000E-7,1.54877417E-5
-2.80000000E-7,2.77662326E-5
-2.40000000E-7,2.88532401E-5
-2.00000000E-7,4.27126943E-5
-1.60000000E-7,1.99508806E-5
-1.20000000E-7,4.39508116E-5
-8.00000000E-8,4.91350904E-5
-4.00000000E-8,-1.76716515E-6
0.00000000E+0,1.32250157E-5
4.00000000E-8,4.12617359E-5
8.00000000E-8,2.28355071E-5
1.20000000E-7,3.75682313E-5
1.60000000E-7,8.13660976E-6
2.00000000E-7,3.24122862E-5
2.40000000E-7,1.25918808E-5
2.80000000E-7,-5.83856320E-6
3.20000000E-7,-1.89776132E-6
3.60000000E-7,-2.10467513E-5
4.00000000E-7,-4.61819554E-5
4.40000000E-7,-4.01309105E-5
4.80000000E-7,-2.76973331E-5
5.20000000E-7,-1.01681074E-4
5.60000000E-7,-1.27489772E-4
6.00000000E-7,-9.30670197E-5
6.40000000E-7,-1.54277437E-4
6.80000000E-7,-1.66030329E-4
7.20000000E-7,-2.24819233E-4
7.60000000E-7,-1.34106356E-4
8.00000000E-7,-1.65487040E-4
8.40000000E-7,-2.57559943E-4
8.80000000E-7,-2.18319876E-4
9.20000000E-7,-3.12071722E-4
9.60000000E-7,-2.67954345E-4
1.00000000E-6,-3.07166508E-4
1.04000000E-6,-3.25376338E-4
1.08000000E-6,-3.22735213E-4
1.12000000E-6,-3.93392471E-4
1.16000000E-6,-5.09184524E-4
1.20000000E-6,-3.87169727E-4
1.24000000E-6,-4.74622840E-4
1.28000000E-6,-4.50562990E-4
1.32000000E-6,-4.49412773E-4
1.36000000E-6,-4.03644204E-4
1.40000000E-6,-5.17285378E-4
1.44000000E-6,-5.66162573E-4
1.48000000E-6,-5.70930821E-4
1.52000000E-6,-5.56689830E-4
1.56000000E-6,-5.85044763E-4
1.60000000E-6,-5.45562233E-4
1.64000000E-6,-5.76893927E-4
1.68000000E-6,-5.48142390E-4
1.72000000E-6,-7.01792169E-4
1.76000000E-6,-6.84131283E-4
1.80000000E-6,-6.68353589E-4
1.84000000E-6,-6.87629332E-4
1.88000000E-6,-7.30704076E-4
1.92000000E-6,-6.80345443E-4
1.96000000E-6,-7.87723495E-4
2.00000000E-6,-6.88576884E-4
2.04000000E-6,-7.80029460E-4
2.08000000E-6,-6.78986477E-4
2.12000000E-6,-7.91867515E-4
2.16000000E-6,-8.09306052E-4
2.20000000E-6,-9.52987473E-4
2.24000000E-6,-8.76352870E-4
2.28000000E-6,-9.52432578E-4
2.32000000E-6,-8.64130370E-4
2.36000000E-6,-7.97420599E-4
2.40000000E-6,-9.96960531E-4
2.44000000E-6,-1.00666290E-3
2.48000000E-6,-9.39958269E-4
2.52000000E-6,-9.78291649E-4
2.56000000E-6,-1.15593096E-3
2.60000000E-6,-8.87353476E-4
2.64000000E-6,-9.90072064E-4
2.68000000E-6,-1.07964205E-3
2.72000000E-6,-9.38368026E-4
2.76000000E-6,-1.07046635E-3
2.80000000E-6,-1.17377112E-3
2.84000000E-6,-1.24812827E-3
2.88000000E-6,-1.26325857E-3
2.92000000E-6,-1.18718841E-3
2.96000000E-6,-1.23823617E-3
3.00000000E-6,-1.17555260E-3
3.04000000E-6,-1.16456153E-3
3.08000000E-6,-1.19676454E-3
3.12000000E-6,-1.26644060E-3
3.16000000E-6,-1.23211614E-3
3.20000000E-6,-1.24194613E-3
3.24000000E-6,-1.41931987E-3
3.28000000E-6,-1.15089915E-3
3.32000000E-6,-1.18424868E-3
3.36000000E-6,-1.37087638E-3
3.40000000E-6,-1.43886345E-3
3.44000000E-6,-1.31990935E-3
3.48000000E-6,-1.27503753E-3
3.52000000E-6,-1.45171915E-3
3.56000000E-6,-1.36444822E-3
3.60000000E-6,-1.33518912E-3
3.64000000E-6,-1.47355153E-3
3.68000000E-6,-1.39611319E-3
3.72000000E-6,-1.33171610E-3
3.76000000E-6,-1.41459413E-3
3.80000000E-6,-1.51097933E-3
3.84000000E-6,-1.51035332E-3
3.88000000E-6,-1.47977212E-3
3.92000000E-6,-1.55062708E-3
3.96000000E-6,-1.50333983E-3
4.00000000E-6,-1.47011667E-3
4.04000000E-6,-1.44993414E-3
4.08000000E-6,-1.47800565E-3
4.12000000E-6,-1.70443735E-3
4.16000000E-6,-1.40392729E-3
4.20000000E-6,-1.66262132E-3
4.24000000E-6,-1.57594746E-3
4.28000000E-6,-1.69566776E-3
4.32000000E-6,-1.63893912E-3
4.36000000E-6,-1.63720642E-3
4.40000000E-6,-1.54884721E-3
4.44000000E-6,-1.62724202E-3
4.48000000E-6,-1.73085327E-3
4.52000000E-6,-1.73502152E-3
4.56000000E-6,-1.86875824E-3
4.60000000E-6,-1.82056589E-3
4.64000000E-6,-1.65663430E-3
4.68000000E-6,-1.83782523E-3
4.72000000E-6,-1.63936481E-3
4.76000000E-6,-1.72890754E-3
4.80000000E-6,-1.83073763E-3
4.84000000E-6,-1.78463122E-3
4.88000000E-6,-1.95558606E-3
4.92000000E-6,-1.73354184E-3
4.96000000E-6,-1.77951705E-3
5.00000000E-6,-1.72762688E-3
5.04000000E-6,-1.74996695E-3
5.08000000E-6,-1.91378599E-3
5.12000000E-6,-1.98651332E-3
5.16000000E-6,-1.97847388E-3
5.20000000E-6,-1.83098308E-3
5.24000000E-6,-1.97974229E-3
5.28000000E-6,-1.88004757E-3
5.32000000E-6,-1.90836567E-3
5.36000000E-6,-2.02693725E-3
5.40000000E-6,-1.92657589E-3
5.44000000E-6,-1.89835149E-3
5.48000000E-6,-2.14760283E-3
5.52000000E-6,-1.90792175E-3
5.56000000E-6,-1.84366790E-3
5.60000000E-6,-2.03093224E-3
5.64000000E-6,-1.90929065E-3
5.68000000E-6,-1.77577648E-3
5.72000000E-6,-2.04976517E-3
5.76000000E-6,-1.77030595E-3
5.80000000E-6,-1.82608399E-3
5.84000000E-6,-2.01803669E-3
5.88000000E-6,-2.07017841E-3
5.92000000E-6,-2.13957443E-3
5.96000000E-6,-2.18123410E-3
6.00000000E-6,-2.08432785E-3
6.04000000E-6,-2.16606220E-3
6.08000000E-6,-1.74873948E-3
6.12000000E-6,-2.14485184E-3
6.16000000E-6,-2.33462059E-3
6.20000000E-6,-2.07857512E-3
6.24000000E-6,-2.16998088E-3
6.28000000E-6,-2.01449042E-3
6.32000000E-6,-2.16942471E-3
6.36000000E-6,-2.06794414E-3
6.40000000E-6,-2.23409563E-3
6.44000000E-6,-2.20121639E-3
6.48000000E-6,-1.98329781E-3
6.52000000E-6,-2.05406529E-3
6.56000000E-6,-2.13440026E-3
6.60000000E-6,-2.19506707E-3
6.64000000E-6,-2.02004848E-3
6.68000000E-6,-2.18840279E-3
6.72000000E-6,-2.01772757E-3
6.76000000E-6,-2.08668104E-3
6.80000000E-6,-2.29614968E-3
6.84000000E-6,-2.32960985E-3
6.88000000E-6,-2.22272577E-3
6.92000000E-6,-2.41641177E-3
6.96000000E-6,-2.42513833E-3
7.00000000E-6,-2.31540695E-3
7.04000000E-6,-2.08920142E-3
7.08000000E-6,-2.24569769E-3
7.12000000E-6,-2.41284065E-3
7.16000000E-6,-2.46487938E-3
7.20000000E-6,-2.41261469E-3
7.24000000E-6,-2.59901349E-3
7.28000000E-6,-2.55358744E-3
7.32000000E-6,-2.37985624E-3
7.36000000E-6,-2.39091395E-3
7.40000000E-6,-2.55473793E-3
7.44000000E-6,-2.42434959E-3
7.48000000E-6,-2.39020822E-3
7.52000000E-6,-2.17615768E-3
7.56000000E-6,-2.40839318E-3
7.60000000E-6,-2.15923250E-3
7.64000000E-6,-2.49676305E-3
7.68000000E-6,-2.33389951E-3
7.72000000E-6,-2.42471269E-3
7.76000000E-6,-2.43920174E-3
7.80000000E-6,-2.52780785E-3
7.84000000E-6,-2.37286041E-3
7.88000000E-6,-2.47654782E-3
7.92000000E-6,-2.70127247E-3
7.96000000E-6,-2.45079791E-3
8.00000000E-6,-2.60610272E-3
8.04000000E-6,-2.53162050E-3
8.08000000E-6,-2.72587464E-3
8.12000000E-6,-2.64445389E-3
8.16000000E-6,-2.56702224E-3
8.20000000E-6,-2.38636543E-3
8.24000000E-6,-2.36610536E-3
8.28000000E-6,-2.49915248E-3
8.32000000E-6,-2.28804889E-3
8.36000000E-6,-2.54810517E-3
8.40000000E-6,-2.57842141E-3
8.44000000E-6,-2.53818329E-3
8.48000000E-6,-2.54320176E-3
8.52000000E-6,-2.46759784E-3
8.56000000E-6,-2.68677751E-3
8.60000000E-6,-2.56728969E-3
8.64000000E-6,-2.44313577E-3
8.68000000E-6,-2.68678943E-3
8.72000000E-6,-2.67688875E-3
8.76000000E-6,-2.46779798E-3
8.80000000E-6,-2.63726123E-3
8.84000000E-6,-2.74531240E-3
8.88000000E-6,-2.72040201E-3
8.92000000E-6,-2.64512158E-3
8.96000000E-6,-2.72434641E-3
9.00000000E-6,-2.82629387E-3
9.04000000E-6,-2.67782823E-3
9.08000000E-6,-2.65330871E-3
9.12000000E-6,-2.68992169E-3
9.16000000E-6,-2.74332116E-3
9.20000000E-6,-2.69972700E-3
9.24000000E-6,-2.56582280E-3
9.28000000E-6,-2.90917627E-3
9.32000000E-6,-2.73414319E-3
9.36000000E-6,-2.65376140E-3
9.40000000E-6,-2.67460691E-3
9.44000000E-6,-2.69455798E-3
9.48000000E-6,-2.66553055E-3
9.52000000E-6,-2.54336326E-3
9.56000000E-6,-2.60007230E-3
9.60000000E-6,-2.55637832E-3
9.64000000E-6,-2.69185748E-3
9.68000000E-6,-2.75829550E-3
9.72000000E-6,-3.01559081E-3
9.76000000E-6,-2.86126843E-3
9.80000000E-6,-2.75293147E-3
9.84000000E-6,-2.81581462E-3
9.88000000E-6,-3.11292701E-3
9.92000000E-6,-2.70656308E-3
9.96000000E-6,-2.79429769E-3
1.00000000E-5,-2.56867011E-3
1.00400000E-5,-2.74337784E-3
1.00800000E-5,-2.79526233E-3
1.01200000E-5,-2.90312104E-3
1.01600000E-5,-2.96385469E-3
1.02000000E-5,-2.94851759E-3
1.02400000E-5,-2.97409486E-3
1.02800000E-5,-2.81836781E-3
1.03200000E-5,-2.92386316E-3
1.03600000E-5,-2.77535080E-3
1.04000000E-5,-2.76111099E-3
1.04400000E-5,-2.88223675E-3
1.04800000E-5,-2.90857959E-3
1.05200000E-5,-2.85073196E-3
1.05600000E-5,-2.88734095E-3
1.06000000E-5,-3.03407303E-3
1.06400000E-5,-2.97199645E-3
1.06800000E-5,-3.20961424E-3
1.07200000E-5,-2.92604171E-3
1.07600000E-5,-2.91238037E-3
1.08000000E-5,-2.92800168E-3
1.08400000E-5,-3.08638650E-3
1.08800000E-5,-3.00301462E-3
1.09200000E-5,-2.91889617E-3
1.09600000E-5,-2.90535441E-3
1.10000000E-5,-3.02649763E-3
1.10400000E-5,-2.96168587E-3
1.10800000E-5,-3.16737231E-3
1.11200000E-5,-2.68946104E-3
1.11600000E-5,-3.21634242E-3
1.12000000E-5,-3.24589255E-3
1.12400000E-5,-3.23004854E-3
1.12800000E-5,-3.27149119E-3
1.13200000E-5,-3.08202848E-3
1.13600000E-5,-2.75515180E-3
1.14000000E-5,-3.05024343E-3
1.14400000E-5,-3.16114179E-3
1.14800000E-5,-3.05204007E-3
1.15200000E-5,-3.09807272E-3
1.15600000E-5,-3.21915359E-3
1.16000000E-5,-3.17779952E-3
1.16400000E-5,-3.01107705E-3
1.16800000E-5,-3.11860346E-3
1.17200000E-5,-2.95345295E-3
1.17600000E-5,-3.23231596E-3
1.18000000E-5,-2.95417583E-3
1.18400000E-5,-3.21827100E-3
1.18800000E-5,-2.87215523E-3
1.19200000E-5,-3.06891165E-3
1.19600000E-5,-3.28545455E-3
1.20000000E-5,-3.34046654E-3
1.20400000E-5,-3.10984260E-3
1.20800000E-5,-2.97892885E-3
1.21200000E-5,-2.96414133E-3
1.21600000E-5,-3.16786628E-3
1.22000000E-5,-3.07323666E-3
1.22400000E-5,-3.20019658E-3
1.22800000E-5,-2.84791801E-3
1.23200000E-5,-3.23822421E-3
1.23600000E-5,-3.15957519E-3
1.24000000E-5,-2.98686878E-3
1.24400000E-5,-3.02865061E-3
1.24800000E-5,-2.95169207E-3
1.25200000E-5,-3.01326174E-3
1.25600000E-5,-3.05593943E-3
1.26000000E-5,-3.13685964E-3
1.26400000E-5,-3.12998845E-3
1.26800000E-5,-3.27062950E-3
1.27200000E-5,-3.20711370E-3
1.27600000E-5,-3.42053634E-3
1.28000000E-5,-3.20790864E-3
1.28400000E-5,-3.14873978E-3
1.28800000E-5,-3.02336828E-3
1.29200000E-5,-3.49961325E-3
1.29600000E-5,-3.43074041E-3
1.30000000E-5,-3.16076501E-3
1.30400000E-5,-3.58791378E-3
1.30800000E-5,-3.21810246E-3
1.31200000E-5,-3.27687779E-3
1.31600000E-5,-2.88405325E-3
1.32000000E-5,-3.24642494E-3
1.32400000E-5,-3.36846882E-3
1.32800000E-5,-3.30479454E-3
1.33200000E-5,-3.15577717E-3
1.33600000E-5,-3.60748045E-3
1.34000000E-5,-3.28463336E-3
1.34400000E-5,-3.03086361E-3
1.34800000E-5,-3.62854395E-3
1.35200000E-5,-3.13407039E-3
1.35600000E-5,-3.24380783E-3
1.36000000E-5,-3.10821812E-3
1.36400000E-5,-3.44680545E-3
1.36800000E-5,-3.20487163E-3
1.37200000E-5,-3.41900410E-3
1.37600000E-5,-3.36307747E-3
1.38000000E-5,-3.31882268E-3
1.38400000E-5,-3.31953807E-3
1.38800000E-5,-3.33558884E-3
1.39200000E-5,-3.43806653E-3
1.39600000E-5,-3.19263622E-3
1.40000000E-5,-3.03499180E-3
1.40400000E-5,-3.24302164E-3
1.40800000E-5,-3.38988002E-3
1.41200000E-5,-3.55844630E-3
1.41600000E-5,-3.27216880E-3
1.42000000E-5,-3.10036778E-3
1.42400000E-5,-3.32571363E-3
1.42800000E-5,-3.26789391E-3
1.43200000E-5,-3.26724330E-3
1.43600000E-5,-3.19457536E-3
1.44000000E-5,-3.30790472E-3
1.44400000E-5,-3.50518519E-3
1.44800000E-5,-3.18298344E-3
1.45200000E-5,-3.19549398E-3
1.45600000E-5,-3.53599796E-3
1.46000000E-5,-3.20696311E-3
1.46400000E-5,-3.22292169E-3
1.46800000E-5,-3.44434444E-3
1.47200000E-5,-3.31883562E-3
1.47600000E-5,-3.19638992E-3
1.48000000E-5,-3.15184911E-3
1.48400000E-5,-3.58530529E-3
1.48800000E-5,-3.20452307E-3
1.49200000E-5,-3.29493477E-3
1.49600000E-5,-3.41271529E-3
1.50000000E-5,-3.55180455E-3
1.50400000E-5,-3.41457205E-3
1.50800000E-5,-3.33678631E-3
1.51200000E-5,-3.27362778E-3
1.51600000E-5,-3.24988173E-3
1.52000000E-5,-3.55536147E-3
1.52400000E-5,-3.32799862E-3
1.52800000E-5,-3.40082714E-3
1.53200000E-5,-3.22938881E-3
1.53600000E-5,-3.34989393E-3
1.54000000E-5,-3.38681728E-3
1.54400000E-5,-3.49077497E-3
1.54800000E-5,-3.20989854E-3
1.55200000E-5,-3.28368144E-3
1.55600000E-5,-3.41602103E-3
1.56000000E-5,-3.21386198E-3
1.56400000E-5,-3.55109060E-3
1.56800000E-5,-3.22088605E-3
1.57200000E-5,-3.37615605E-3
1.57600000E-5,-3.69281786E-3
1.58000000E-5,-3.38696484E-3
1.58400000E-5,-3.39235230E-3
1.58800000E-5,-3.44728442E-3
1.59200000E-5,-3.44352557E-3
1.59600000E-5,-3.52330999E-3
1.60000000E-5,-3.31367725E-3
1.60400000E-5,-3.20052447E-3
1.60800000E-5,-3.55417296E-3
1.61200000E-5,-3.49670583E-3
1.61600000E-5,-3.52134370E-3
1.62000000E-5,-3.35467506E-3
1.62400000E-5,-3.35489409E-3
1.62800000E-5,-3.58044157E-3
1.63200000E-5,-3.54111713E-3
1.63600000E-5,-3.57866643E-3
1.64000000E-5,-3.25510685E-3
1.64400000E-5,-3.27518914E-3
1.64800000E-5,-3.25944112E-3
1.65200000E-5,-3.40199041E-3
1.65600000E-5,-3.44813568E-3
1.66000000E-5,-3.50443789E-3
1.66400000E-5,-3.50978245E-3
1.66800000E-5,-3.23160694E-3
1.67200000E-5,-3.29898391E-3
1.67600000E-5,-3.44057194E-3
1.68000000E-5,-3.37699662E-3
1.68400000E-5,-3.44577898E-3
1.68800000E-5,-3.48351461E-3
1.69200000E-5,-3.76036383E-3
1.69600000E-5,-3.27019524E-3
1.70000000E-5,-3.29402981E-3
1.70400000E-5,-3.69049099E-3
1.70800000E-5,-3.61231381E-3
1.71200000E-5,-3.50122909E-3
1.71600000E-5,-3.54403405E-3
1.72000000E-5,-3.51545360E-3
1.72400000E-5,-3.47476046E-3
1.72800000E-5,-3.15608100E-3
1.73200000E-5,-3.60078436E-3
1.73600000E-5,-3.51602782E-3
1.74000000E-5,-3.56704976E-3
1.74400000E-5,-3.59300152E-3
1.74800000E-5,-3.27317035E-3
1.75200000E-5,-3.21747597E-3
1.75600000E-5,-3.63869558E-3
1.76000000E-5,-3.72283394E-3
1.76400000E-5,-3.39309777E-3
1.76800000E-5,-3.67357365E-3
1.77200000E-5,-3.56421125E-3
1.77600000E-5,-3.62073542E-3
1.78000000E-5,-3.36951617E-3
1.78400000E-5,-3.46030015E-3
1.78800000E-5,-3.98200611E-3
1.79200000E-5,-3.74965004E-3
1.79600000E-5,-3.61137590E-3
1.80000000E-5,-3.47898262E-3
1.80400000E-5,-3.75191174E-3
1.80800000E-5,-3.58255583E-3
1.81200000E-5,-3.48104396E-3
1.81600000E-5,-3.44599956E-3
1.82000000E-5,-3.78069464E-3
1.82400000E-5,-3.77616531E-3
1.82800000E-5,-3.72706650E-3
1.83200000E-5,-3.77063213E-3
1.83600000E-5,-3.90014940E-3
1.84000000E-5,-4.07094297E-3
1.84400000E-5,-3.47464876E-3
1.84800000E-5,-3.90132643E-3
1.85200000E-5,-3.43858056E-3
1.85600000E-5,-3.42894059E-3
1.86000000E-5,-3.66891080E-3
1.86400000E-5,-3.39761194E-3
1.86800000E-5,-3.45155366E-3
1.87200000E-5,-3.58879895E-3
1.87600000E-5,-3.84428749E-3
1.88000000E-5,-3.64607889E-3
1.88400000E-5,-3.53741506E-3
1.88800000E-5,-3.36880668E-3
1.89200000E-5,-3.54858765E-3
1.89600000E-5,-3.69876198E-3
1.90000000E-5,-3.86605734E-3
1.90400000E-5,-3.56734986E-3
1.90800000E-5,-3.66105223E-3
1.91200000E-5,-3.55538566E-3
1.91600000E-5,-3.68821713E-3
1.92000000E-5,-4.03111076E-3
1.92400000E-5,-3.35260165E-3
1.92800000E-5,-3.54911191E-3
1.93200000E-5,-3.68084069E-3
1.93600000E-5,-3.60916235E-3
1.94000000E-5,-3.56439698E-3
1.94400000E-5,-3.27888681E-3
1.94800000E-5,-3.84108297E-3
1.95200000E-5,-3.79711356E-3
1.95600000E-5,-3.50985409E-3
1.96000000E-5,-3.46054287E-3
1.96400000E-5,-3.60505914E-3
1.96800000E-5,-3.47345950E-3
1.97200000E-5,-3.64653450E-3
1.97600000E-5,-3.56061856E-3
1.98000000E-5,-3.89997899E-3
1.98400000E-5,-3.69479732E-3
1.98800000E-5,-3.51467238E-3
1.99200000E-5,-3.61653218E-3
1.99600000E-5,-3.50662797E-3
2.00000000E-5,-3.76190702E-3
2.00400000E-5,-3.40960623E-3
2.00800000E-5,-3.49423663E-3
2.01200000E-5,-3.46635050E-3
2.01600000E-5,-3.58787460E-3
2.02000000E-5,-3.30843294E-3
2.02400000E-5,-3.40600986E-3
2.02800000E-5,-3.61223834E-3
2.03200000E-5,-3.44051832E-3
2.03600000E-5,-3.65525969E-3
2.04000000E-5,-3.72262453E-3
2.04400000E-5,-3.78491819E-3
2.04800000E-5,-3.58726256E-3
2.05200000E-5,-3.82001170E-3
2.05600000E-5,-3.75474055E-3
2.06000000E-5,-3.64975718E-3
2.06400000E-5,-3.69868236E-3
2.06800000E-5,-3.87732021E-3
2.07200000E-5,-3.72755492E-3
2.07600000E-5,-3.47300902E-3
2.08000000E-5,-3.61827164E-3
2.08400000E-5,-3.73978246E-3
2.08800000E-5,-3.92978262E-3
2.09200000E-5,-3.25473168E-3
2.09600000E-5,-3.75548152E-3
2.10000000E-5,-3.72691563E-3
2.10400000E-5,-3.68615622E-3
2.10800000E-5,-3.68083730E-3
2.11200000E-5,-3.66206427E-3
2.11600000E-5,-3.65033455E-3
2.12000000E-5,-3.78918528E-3
2.12400000E-5,-3.71044524E-3
2.12800000E-5,-3.75142341E-3
2.13200000E-5,-3.53500012E-3
2.13600000E-5,-3.94862035E-3
2.14000000E-5,-3.60085812E-3
2.14400000E-5,-3.84095828E-3
2.14800000E-5,-3.50191668E-3
2.15200000E-5,-3.54585432E-3
2.15600000E-5,-3.68391442E-3
2.16000000E-5,-3.81875164E-3
2.16400000E-5,-3.66758841E-3
2.16800000E-5,-3.69393262E-3
2.17200000E-5,-3.62215372E-3
2.17600000E-5,-3.73354301E-3
2.18000000E-5,-3.54591954E-3
2.18400000E-5,-3.68784023E-3
2.18800000E-5,-3.82436265E-3
2.19200000E-5,-3.65211124E-3
2.19600000E-5,-3.80650228E-3
2.20000000E-5,-3.53446279E-3
2.20400000E-5,-3.86469416E-3
2.20800000E-5,-3.74990753E-3
2.21200000E-5,-3.55118294E-3
2.21600000E-5,-3.61133761E-3
2.22000000E-5,-3.62083294E-3
2.22400000E-5,-3.56612303E-3
2.22800000E-5,-3.77153665E-3
2.23200000E-5,-3.85170714E-3
2.23600000E-5,-3.72964436E-3
2.24000000E-5,-3.98617498E-3
2.24400000E-5,-3.80912315E-3
2.24800000E-5,-3.67750358E-3
2.25200000E-5,-3.83587623E-3
2.25600000E-5,-3.53677605E-3
2.26000000E-5,-3.50341257E-3
2.26400000E-5,-3.91441651E-3
2.26800000E-5,-3.77833878E-3
2.27200000E-5,-3.88169238E-3
2.27600000E-5,-3.38175501E-3
2.28000000E-5,-3.63272942E-3
2.28400000E-5,-3.62664276E-3
2.28800000E-5,-3.86232029E-3
2.29200000E-5,-3.82382868E-3
2.29600000E-5,-3.58895857E-3
2.30000000E-5,-3.81632152E-3
2.30400000E-5,-3.73986475E-3
2.30800000E-5,-3.59310478E-3
2.31200000E-5,-3.58099288E-3
2.31600000E-5,-3.91295968E-3
2.32000000E-5,-3.88718183E-3
2.32400000E-5,-3.68628820E-3
2.32800000E-5,-3.85160536E-3
2.33200000E-5,-3.84626105E-3
2.33600000E-5,-3.83400627E-3
2.34000000E-5,-3.50865648E-3
2.34400000E-5,-3.55828368E-3
2.34800000E-5,-3.60451234E-3
2.35200000E-5,-3.53988522E-3
2.35600000E-5,-3.84718017E-3
2.36000000E-5,-3.73019418E-3
2.36400000E-5,-3.74919246E-3
2.36800000E-5,-3.69686976E-3
2.37200000E-5,-3.90506939E-3
2.37600000E-5,-3.88247149E-3
2.38000000E-5,-3.44424822E-3
2.38400000E-5,-3.69320261E-3
2.38800000E-5,-3.76497143E-3
2.39200000E-5,-3.77837621E-3
2.39600000E-5,-3.92982204E-3
2.40000000E-5,-3.59869295E-3
2.40400000E-5,-3.88674115E-3
2.40800000E-5,-3.85792120E-3
2.41200000E-5,-3.62926196E-3
2.41600000E-5,-3.83392404E-3
2.42000000E-5,-3.78262276E-3
2.42400000E-5,-3.70214986E-3
2.42800000E-5,-3.43627685E-3
2.43200000E-5,-3.83706797E-3
2.43600000E-5,-3.59598531E-3
2.44000000E-5,-3.81621623E-3
2.44400000E-5,-3.51012982E-3
2.44800000E-5,-3.82233934E-3
2.45200000E-5,-3.81591010E-3
2.45600000E-5,-3.64947287E-3
2.46000000E-5,-3.71266453E-3
2.46400000E-5,-3.59818114E-3
2.46800000E-5,-3.44066001E-3
2.47200000E-5,-3.70425808E-3
2.47600000E-5,-3.76773901E-3
2.48000000E-5,-3.80650731E-3
2.48400000E-5,-3.84590914E-3
2.48800000E-5,-3.84275520E-3
2.49200000E-5,-3.55338163E-3
2.49600000E-5,-3.76893389E-3
2.50000000E-5,-3.78404903E-3
2.50400000E-5,-3.75974780E-3
2.50800000E-5,-3.83679133E-3
2.51200000E-5,-3.51129509E-3
2.51600000E-5,-3.97074765E-3
2.52000000E-5,-3.72756338E-3
2.52400000E-5,-3.69822780E-3
2.52800000E-5,-4.01377583E-3
2.53200000E-5,-3.59009530E-3
2.53600000E-5,-3.75888790E-3
2.54000000E-5,-3.86297565E-3
2.54400000E-5,-3.75961776E-3
2.54800000E-5,-3.73476754E-3
2.55200000E-5,-3.76500000E-3
2.55600000E-5,-3.51650844E-3
2.56000000E-5,-3.84975315E-3
2.56400000E-5,-3.57752902E-3
2.56800000E-5,-3.61616418E-3
2.57200000E-5,-3.65096213E-3
2.57600000E-5,-3.91399142E-3
2.58000000E-5,-3.91348584E-3
2.58400000E-5,-3.69653416E-3
2.58800000E-5,-3.92462020E-3
2.59200000E-5,-3.95682574E-3
2.59600000E-5,-3.97270643E-3
2.60000000E-5,-3.70404586E-3
2.60400000E-5,-3.74196433E-3
2.60800000E-5,-3.64142085E-3
2.61200000E-5,-3.99598665E-3
2.61600000E-5,-3.72256501E-3
2.62000000E-5,-3.68246584E-3
2.62400000E-5,-3.87573185E-3
2.62800000E-5,-3.73958681E-3
2.63200000E-5,-3.84513612E-3
2.63600000E-5,-4.06841811E-3
2.64000000E-5,-3.80325722E-3
2.64400000E-5,-3.55810579E-3
2.64800000E-5,-3.65406786E-3
2.65200000E-5,-3.84553130E-3
2.65600000E-5,-3.85531470E-3
2.66000000E-5,-3.50327174E-3
2.66400000E-5,-3.58913419E-3
2.66800000E-5,-3.90234056E-3
2.67200000E-5,-3.81648094E-3
2.67600000E-5,-3.84026062E-3
2.68000000E-5,-3.82925312E-3
2.68400000E-5,-4.04177077E-3
2.68800000E-5,-3.84534851E-3
2.69200000E-5,-3.83724207E-3
2.69600000E-5,-3.84410848E-3
2.70000000E-5,-3.94392259E-3
2.70400000E-5,-3.67061878E-3
2.70800000E-5,-3.85027334E-3
2.71200000E-5,-3.92028385E-3
2.71600000E-5,-3.70068848E-3
2.72000000E-5,-3.85944152E-3
2.72400000E-5,-3.84966765E-3
2.72800000E-5,-3.87406409E-3
2.73200000E-5,-3.87928448E-3
2.73600000E-5,-4.20355875E-3
2.74000000E-5,-3.91004861E-3
2.74400000E-5,-3.62117612E-3
2.74800000E-5,-3.73584553E-3
2.75200000E-5,-3.74198294E-3
2.75600000E-5,-3.51031979E-3
2.76000000E-5,-4.28033779E-3
2.76400000E-5,-3.93990868E-3
2.76800000E-5,-3.63154294E-3
2.77200000E-5,-4.15685859E-3
2.77600000E-5,-3.82805454E-3
2.78000000E-5,-3.95718033E-3
2.78400000E-5,-4.02439493E-3
2.78800000E-5,-3.78201655E-3
2.79200000E-5,-3.82260968E-3
2.79600000E-5,-3.88627556E-3
2.80000000E-5,-4.13889510E-3
2.80400000E-5,-3.66624023E-3
2.80800000E-5,-3.56293311E-3
2.81200000E-5,-3.83271351E-3
2.81600000E-5,-3.87014037E-3
2.82000000E-5,-3.66640910E-3
2.82400000E-5,-3.84524840E-3
2.82800000E-5,-3.84401114E-3
2.83200000E-5,-3.55432264E-3
2.83600000E-5,-3.81116793E-3
2.84000000E-5,-3.92613987E-3
2.84400000E-5,-4.12889904E-3
2.84800000E-5,-4.02395794E-3
2.85200000E-5,-3.68569139E-3
2.85600000E-5,-3.78889456E-3
2.86000000E-5,-3.94725133E-3
2.86400000E-5,-3.67581570E-3
2.86800000E-5,-3.78944193E-3
2.87200000E-5,-3.81296755E-3
2.87600000E-5,-4.14325606E-3
2.88000000E-5,-3.83784244E-3
2.88400000E-5,-3.91612862E-3
2.88800000E-5,-3.63815446E-3
2.89200000E-5,-3.78260432E-3
2.89600000E-5,-4.01127411E-3
2.90000000E-5,-3.97044784E-3
2.90400000E-5,-3.89726326E-3
2.90800000E-5,-4.00977010E-3
2.91200000E-5,-4.09958195E-3
2.91600000E-5,-4.09434415E-3
2.92000000E-5,-3.84750475E-3
2.92400000E-5,-3.89319959E-3
2.92800000E-5,-4.20995098E-3
2.93200000E-5,-3.80729464E-3
2.93600000E-5,-3.95757256E-3
2.94000000E-5,-3.91481924E-3
2.94400000E-5,-3.75753936E-3
2.94800000E-5,-4.09509545E-3
2.95200000E-5,-4.08421355E-3
2.95600000E-5,-3.81464679E-3
2.96000000E-5,-3.69134612E-3
2.96400000E-5,-3.72191396E-3
2.96800000E-5,-4.03894016E-3
2.97200000E-5,-3.99971605E-3
2.97600000E-5,-3.73926592E-3
2.98000000E-5,-3.64307014E-3
2.98400000E-5,-3.98164924E-3
2.98800000E-5,-4.00698184E-3
2.99200000E-5,-3.98101335E-3
2.99600000E-5,-4.11979205E-3
3.00000000E-5,-3.85864824E-3
3.00400000E-5,-3.94844418E-3
3.00800000E-5,-3.91904242E-3
3.01200000E-5,-3.95893690E-3
3.01600000E-5,-3.98544286E-3
3.02000000E-5,-4.01583110E-3
3.02400000E-5,-3.88027386E-3
3.02800000E-5,-4.00505096E-3
3.03200000E-5,-4.11121425E-3
3.03600000E-5,-3.93461374E-3
3.04000000E-5,-3.93997514E-3
3.04400000E-5,-4.12244986E-3
3.04800000E-5,-4.10936736E-3
3.05200000E-5,-3.92961622E-3
3.05600000E-5,-3.74916241E-3
3.06000000E-5,-3.68925730E-3
3.06400000E-5,-3.89238745E-3
3.06800000E-5,-3.84767068E-3
3.07200000E-5,-4.10821586E-3
3.07600000E-5,-3.90117912E-3
3.08000000E-5,-3.96137568E-3
3.08400000E-5,-4.00270001E-3
3.08800000E-5,-3.92845930E-3
3.09200000E-5,-3.86391966E-3
3.09600000E-5,-4.04924293E-3
3.10000000E-5,-3.96735673E-3
3.10400000E-5,-4.03352867E-3
3.10800000E-5,-4.09604574E-3
3.11200000E-5,-3.83581670E-3
3.11600000E-5,-3.71825816E-3
3.12000000E-5,-3.98499484E-3
3.12400000E-5,-3.97700396E-3
3.12800000E-5,-3.97911515E-3
3.13200000E-5,-3.85614888E-3
3.13600000E-5,-4.12574048E-3
3.14000000E-5,-3.79035072E-3
3.14400000E-5,-3.92454851E-3
3.14800000E-5,-4.03975297E-3
3.15200000E-5,-4.06817223E-3
3.15600000E-5,-3.73286306E-3
3.16000000E-5,-3.86252056E-3
3.16400000E-5,-3.92812983E-3
3.16800000E-5,-3.97108038E-3
3.17200000E-5,-3.75531970E-3
3.17600000E-5,-3.64876885E-3
3.18000000E-5,-3.80951279E-3
3.18400000E-5,-3.50000483E-3
3.18800000E-5,-3.80239975E-3
3.19200000E-5,-3.72658396E-3
3.19600000E-5,-3.96898116E-3
3.20000000E-5,-3.55134710E-3
3.20400000E-5,-3.76437971E-3
3.20800000E-5,-3.92121732E-3
3.21200000E-5,-3.95487787E-3
3.21600000E-5,-3.75298181E-3
3.22000000E-5,-3.84482190E-3
3.22400000E-5,-3.76558249E-3
3.22800000E-5,-4.32943186E-3
3.23200000E-5,-4.00395980E-3
3.23600000E-5,-3.86003960E-3
3.24000000E-5,-3.84010039E-3
3.24400000E-5,-3.87130802E-3
3.24800000E-5,-3.87729873E-3
3.25200000E-5,-3.91250073E-3
3.25600000E-5,-3.71805285E-3
3.26000000E-5,-3.72401877E-3
3.26400000E-5,-4.04948017E-3
3.26800000E-5,-4.03723439E-3
3.27200000E-5,-4.01295562E-3
3.27600000E-5,-4.02415129E-3
3.28000000E-5,-4.08601344E-3
3.28400000E-5,-3.90867349E-3
3.28800000E-5,-3.89382913E-3
3.29200000E-5,-3.86095171E-3
3.29600000E-5,-3.97130350E-3
3.30000000E-5,-3.86599957E-3
3.30400000E-5,-3.69690893E-3
3.30800000E-5,-3.94296805E-3
3.31200000E-5,-3.90958514E-3
3.31600000E-5,-3.86735300E-3
3.32000000E-5,-4.01787902E-3
3.32400000E-5,-3.92621606E-3
3.32800000E-5,-3.81072937E-3
3.33200000E-5,-4.18303074E-3
3.33600000E-5,-3.87595456E-3
3.34000000E-5,-3.93771968E-3
3.34400000E-5,-3.83001908E-3
3.34800000E-5,-3.86184658E-3
3.35200000E-5,-3.98809183E-3
3.35600000E-5,-3.94319974E-3
3.36000000E-5,-4.08283025E-3
3.36400000E-5,-4.02189090E-3
3.36800000E-5,-3.63117941E-3
3.37200000E-5,-3.57649936E-3
3.37600000E-5,-3.94562255E-3
3.38000000E-5,-3.89278231E-3
3.38400000E-5,-3.68449928E-3
3.38800000E-5,-4.34818267E-3
3.39200000E-5,-3.78397822E-3
3.39600000E-5,-3.69059539E-3
3.40000000E-5,-3.80358430E-3
3.40400000E-5,-4.00277463E-3
3.40800000E-5,-4.04577035E-3
3.41200000E-5,-4.01703608E-3
3.41600000E-5,-3.72612760E-3
3.42000000E-5,-3.97791600E-3
3.42400000E-5,-3.51926462E-3
3.42800000E-5,-3.56544550E-3
3.43200000E-5,-3.75932480E-3
3.43600000E-5,-3.96612926E-3
3.44000000E-5,-3.92145944E-3
3.44400000E-5,-3.77504495E-3
3.44800000E-5,-3.70793851E-3
3.45200000E-5,-3.81449257E-3
3.45600000E-5,-3.78029459E-3
3.46000000E-5,-4.03373376E-3
3.46400000E-5,-3.71477372E-3
3.46800000E-5,-4.07470130E-3
3.47200000E-5,-4.04893244E-3
3.47600000E-5,-3.90072530E-3
3.48000000E-5,-3.80629027E-3
3.48400000E-5,-3.75875525E-3
3.48800000E-5,-4.04371130E-3
3.49200000E-5,-3.87624519E-3
3.49600000E-5,-3.89272379E-3
3.50000000E-5,-3.99207232E-3
3.50400000E-5,-4.03009091E-3
3.50800000E-5,-3.96976953E-3
3.51200000E-5,-4.06380426E-3
3.51600000E-5,-3.88410141E-3
3.52000000E-5,-3.94477314E-3
3.52400000E-5,-4.08252170E-3
3.52800000E-5,-3.84746980E-3
3.53200000E-5,-4.08964266E-3
3.53600000E-5,-3.96730813E-3
3.54000000E-5,-3.85021571E-3
3.54400000E-5,-3.46874175E-3
3.54800000E-5,-3.93376628E-3
3.55200000E-5,-3.87127322E-3
3.55600000E-5,-3.79904201E-3
3.56000000E-5,-3.99614475E-3
3.56400000E-5,-4.14129572E-3
3.56800000E-5,-3.76911115E-3
3.57200000E-5,-3.93011636E-3
3.57600000E-5,-4.02338386E-3
3.58000000E-5,-3.87930269E-3
3.58400000E-5,-3.85756509E-3
3.58800000E-5,-3.71644370E-3
3.59200000E-5,-4.00632742E-3
3.59600000E-5,-3.68634777E-3
3.60000000E-5,-4.05255810E-3
3.60400000E-5,-3.85273895E-3
3.60800000E-5,-3.77450658E-3
3.61200000E-5,-4.02635657E-3
3.61600000E-5,-3.89386210E-3
3.62000000E-5,-3.78821635E-3
3.62400000E-5,-4.06211516E-3
3.62800000E-5,-4.06728835E-3
3.63200000E-5,-3.72591697E-3
3.63600000E-5,-4.03435689E-3
3.64000000E-5,-3.81910261E-3
3.64400000E-5,-3.85646134E-3
3.64800000E-5,-4.05421660E-3
3.65200000E-5,-3.54336486E-3
3.65600000E-5,-3.87296301E-3
3.66000000E-5,-3.64148857E-3
3.66400000E-5,-3.54496112E-3
3.66800000E-5,-3.82755860E-3
3.67200000E-5,-3.79835888E-3
3.67600000E-5,-4.21779108E-3
3.68000000E-5,-4.14241538E-3
3.68400000E-5,-3.85353493E-3
3.68800000E-5,-3.89253554E-3
3.69200000E-5,-4.27982119E-3
3.69600000E-5,-3.76225478E-3
3.70000000E-5,-3.86061318E-3
3.70400000E-5,-3.91150802E-3
3.70800000E-5,-3.64594694E-3
3.71200000E-5,-3.91732062E-3
3.71600000E-5,-3.89967310E-3
3.72000000E-5,-3.85975058E-3
3.72400000E-5,-3.78867145E-3
3.72800000E-5,-3.98426353E-3
3.73200000E-5,-4.06434673E-3
3.73600000E-5,-4.04887658E-3
3.74000000E-5,-3.82983930E-3
3.74400000E-5,-3.81994907E-3
3.74800000E-5,-3.86906468E-3
3.75200000E-5,-3.93160930E-3
3.75600000E-5,-3.92329844E-3
3.76000000E-5,-4.02190240E-3
3.76400000E-5,-3.98370364E-3
3.76800000E-5,-4.13448226E-3
3.77200000E-5,-4.01084930E-3
3.77600000E-5,-3.81442554E-3
3.78000000E-5,-3.64830360E-3
3.78400000E-5,-4.06147818E-3
3.78800000E-5,-3.84276900E-3
3.79200000E-5,-3.82091862E-3
3.79600000E-5,-3.73570403E-3
3.80000000E-5,-3.89882398E-3
3.80400000E-5,-3.75325773E-3
3.80800000E-5,-3.83997646E-3
3.81200000E-5,-4.05701047E-3
3.81600000E-5,-3.67644146E-3
3.82000000E-5,-4.27010474E-3
3.82400000E-5,-3.55646910E-3
3.82800000E-5,-3.84194077E-3
3.83200000E-5,-3.76697276E-3
3.83600000E-5,-3.82540098E-3
3.84000000E-5,-3.64858202E-3
3.84400000E-5,-4.05098886E-3
3.84800000E-5,-4.15730019E-3
3.85200000E-5,-4.20341206E-3
3.85600000E-5,-3.91720817E-3
3.86000000E-5,-3.99715269E-3
3.86400000E-5,-4.26978948E-3
3.86800000E-5,-4.30284221E-3
3.87200000E-5,-4.07229280E-3
3.87600000E-5,-3.98792619E-3
3.88000000E-5,-3.90550111E-3
3.88400000E-5,-3.97488765E-3
3.88800000E-5,-3.80431055E-3
3.89200000E-5,-4.12669283E-3
3.89600000E-5,-3.99059521E-3
3.90000000E-5,-3.87187258E-3
3.90400000E-5,-3.99393352E-3
3.90800000E-5,-4.17777030E-3
3.91200000E-5,-4.14007345E-3
3.91600000E-5,-3.94467463E-3
3.92000000E-5,-4.19595119E-3
3.92400000E-5,-3.67379594E-3
3.92800000E-5,-3.96076791E-3
3.93200000E-5,-4.05991622E-3
3.93600000E-5,-4.05604286E-3
3.94000000E-5,-4.04934772E-3
3.94400000E-5,-3.72203856E-3
3.94800000E-5,-3.79420752E-3
3.95200000E-5,-3.97358378E-3
3.95600000E-5,-3.90474958E-3
3.96000000E-5,-3.82448652E-3
3.96400000E-5,-3.68365392E-3
3.96800000E-5,-3.90283273E-3
3.97200000E-5,-4.16160945E-3
3.97600000E-5,-3.85037447E-3
3.98000000E-5,-3.72247062E-3
3.98400000E-5,-3.76997647E-3
3.98800000E-5,-3.73233638E-3
3.99200000E-5,-3.85445300E-3
3.99600000E-5,-4.00181162E-3
4.00000000E-5,-3.68932037E-3
4.00400000E-5,-4.08452941E-3
4.00800000E-5,-3.81434288E-3
4.01200000E-5,-3.72320145E-3
4.01600000E-5,-3.63020709E-3
4.02000000E-5,-3.84388984E-3
4.02400000E-5,-3.81053913E-3
4.02800000E-5,-3.85917594E-3
4.03200000E-5,-4.27676670E-3
4.03600000E-5,-4.05512638E-3
4.04000000E-5,-3.71046927E-3
4.04400000E-5,-4.04976392E-3
4.04800000E-5,-3.93171939E-3
4.05200000E-5,-3.71971896E-3
4.05600000E-5,-4.07201064E-3
4.06000000E-5,-3.85106916E-3
4.06400000E-5,-4.09729045E-3
4.06800000E-5,-3.80177243E-3
4.07200000E-5,-3.98230624E-3
4.07600000E-5,-3.95602996E-3
4.08000000E-5,-3.58517957E-3
4.08400000E-5,-3.72604202E-3
4.08800000E-5,-3.98262340E-3
4.09200000E-5,-4.39604285E-3
4.09600000E-5,-3.89634141E-3
4.10000000E-5,-3.68053549E-3
4.10400000E-5,-4.06245112E-3
4.10800000E-5,-3.89355403E-3
4.11200000E-5,-4.13982002E-3
4.11600000E-5,-4.09047465E-3
4.12000000E-5,-4.22937722E-3
4.12400000E-5,-4.16048997E-3
4.12800000E-5,-3.96457756E-3
4.13200000E-5,-4.13333609E-3
4.13600000E-5,-3.85978470E-3
4.14000000E-5,-4.06493133E-3
4.14400000E-5,-3.86386109E-3
4.14800000E-5,-3.69963488E-3
4.15200000E-5,-3.92448082E-3
4.15600000E-5,-3.96201943E-3
4.16000000E-5,-3.76926278E-3
4.16400000E-5,-3.93824411E-3
4.16800000E-5,-3.71822380E-3
4.17200000E-5,-4.02922668E-3
4.17600000E-5,-3.94930251E-3
4.18000000E-5,-3.84597894E-3
4.18400000E-5,-3.97248769E-3
4.18800000E-5,-3.85797419E-3
4.19200000E-5,-3.59706609E-3
4.19600000E-5,-3.83066314E-3
4.20000000E-5,-3.79473588E-3
4.20400000E-5,-3.78409219E-3
4.20800000E-5,-4.06788627E-3
4.21200000E-5,-4.04752360E-3
4.21600000E-5,-4.22362581E-3
4.22000000E-5,-3.92546533E-3
4.22400000E-5,-3.78241228E-3
4.22800000E-5,-3.91956016E-3
4.23200000E-5,-3.61144320E-3
4.23600000E-5,-4.03252006E-3
4.24000000E-5,-4.02815124E-3
4.24400000E-5,-3.68437616E-3
4.24800000E-5,-3.96655016E-3
4.25200000E-5,-3.83155885E-3
4.25600000E-5,-4.01601487E-3
4.26000000E-5,-3.77844796E-3
4.26400000E-5,-3.66351587E-3
4.26800000E-5,-3.94577927E-3
4.27200000E-5,-3.93907187E-3
4.27600000E-5,-4.12197097E-3
4.28000000E-5,-4.02019891E-3
4.28400000E-5,-3.88597924E-3
4.28800000E-5,-4.02615159E-3
4.29200000E-5,-3.92312689E-3
4.29600000E-5,-3.84254554E-3
4.30000000E-5,-3.63309519E-3
4.30400000E-5,-3.86246816E-3
4.30800000E-5,-4.03288678E-3
4.31200000E-5,-3.78491741E-3
4.31600000E-5,-3.97302060E-3
4.32000000E-5,-3.84216732E-3
4.32400000E-5,-3.85672608E-3
4.32800000E-5,-3.95194737E-3
4.33200000E-5,-4.37936753E-3
4.33600000E-5,-4.11391971E-3
4.34000000E-5,-4.14131760E-3
4.34400000E-5,-3.75265728E-3
4.34800000E-5,-4.12209272E-3
4.35200000E-5,-3.83406427E-3
4.35600000E-5,-3.75680245E-3
4.36000000E-5,-3.97618367E-3
4.36400000E-5,-3.76936034E-3
4.36800000E-5,-4.14644755E-3
4.37200000E-5,-3.79405926E-3
4.37600000E-5,-3.94349001E-3
4.38000000E-5,-3.64467536E-3
4.38400000E-5,-3.90244532E-3
4.38800000E-5,-4.05527506E-3
4.39200000E-5,-3.90190073E-3
4.39600000E-5,-3.80075257E-3
4.40000000E-5,-3.96788407E-3
4.40400000E-5,-4.18213022E-3
4.40800000E-5,-3.81984931E-3
4.41200000E-5,-3.81553579E-3
4.41600000E-5,-4.19510438E-3
4.42000000E-5,-3.70511393E-3
4.42400000E-5,-3.82902312E-3
4.42800000E-5,-3.97224853E-3
4.43200000E-5,-3.72145725E-3
4.43600000E-5,-3.78980198E-3
4.44000000E-5,-4.09455488E-3
4.44400000E-5,-3.66318580E-3
4.44800000E-5,-3.68919561E-3
4.45200000E-5,-4.10616797E-3
4.45600000E-5,-3.84739325E-3
4.46000000E-5,-3.83355291E-3
4.46400000E-5,-3.91905147E-3
4.46800000E-5,-4.12889892E-3
4.47200000E-5,-4.05027084E-3
4.47600000E-5,-4.07167012E-3
4.48000000E-5,-3.88433901E-3
4.48400000E-5,-3.85224451E-3
4.48800000E-5,-3.62748740E-3
4.49200000E-5,-3.95531351E-3
4.49600000E-5,-3.77754436E-3
4.50000000E-5,-4.63819184E-3
4.50400000E-5,-4.06362593E-3
4.50800000E-5,-4.32467820E-3
4.51200000E-5,-4.21419681E-3
4.51600000E-5,-4.02902149E-3
4.52000000E-5,-3.76370220E-3
4.52400000E-5,-3.89363022E-3
4.52800000E-5,-3.86551247E-3
4.53200000E-5,-3.94688648E-3
4.53600000E-5,-4.15225410E-3
4.54000000E-5,-3.75025109E-3
4.54400000E-5,-3.84100660E-3
4.54800000E-5,-3.93770964E-3
4.55200000E-5,-3.68832419E-3
4.55600000E-5,-4.12168035E-3
4.56000000E-5,-3.87217931E-3
4.56400000E-5,-4.12810540E-3
4.56800000E-5,-3.83554237E-3
4.57200000E-5,-3.79774165E-3
4.57600000E-5,-3.76537325E-3
4.58000000E-5,-3.64220857E-3
4.58400000E-5,-3.93205768E-3
4.58800000E-5,-3.65611558E-3
4.59200000E-5,-3.94405249E-3
4.59600000E-5,-3.93228519E-3
4.60000000E-5,-4.17172985E-3
4.60400000E-5,-3.72651063E-3
4.60800000E-5,-3.79854024E-3
4.61200000E-5,-3.82067698E-3
4.61600000E-5,-3.84531506E-3
4.62000000E-5,-3.91500127E-3
4.62400000E-5,-3.96181434E-3
4.62800000E-5,-3.85778380E-3
4.63200000E-5,-3.63213722E-3
4.63600000E-5,-3.98669928E-3
4.64000000E-5,-3.77842089E-3
4.64400000E-5,-3.96894851E-3
4.64800000E-5,-3.92795439E-3
4.65200000E-5,-3.90469647E-3
4.65600000E-5,-3.98083128E-3
4.66000000E-5,-3.77577713E-3
4.66400000E-5,-3.75780043E-3
4.66800000E-5,-3.97936635E-3
4.67200000E-5,-3.94993213E-3
4.67600000E-5,-3.96995206E-3
4.68000000E-5,-3.55927367E-3
4.68400000E-5,-3.90507029E-3
4.68800000E-5,-3.82505943E-3
4.69200000E-5,-3.97695248E-3
4.69600000E-5,-3.96128871E-3
4.70000000E-5,-3.82146553E-3
4.70400000E-5,-3.83606416E-3
4.70800000E-5,-3.80623464E-3
4.71200000E-5,-3.96514958E-3
4.71600000E-5,-3.84071168E-3
4.72000000E-5,-3.79473874E-3
4.72400000E-5,-3.78941170E-3
4.72800000E-5,-3.65636871E-3
4.73200000E-5,-3.82761431E-3
4.73600000E-5,-3.89986965E-3
4.74000000E-5,-3.56685400E-3
4.74400000E-5,-3.81020660E-3
4.74800000E-5,-4.00813967E-3
4.75200000E-5,-3.79373535E-3
4.75600000E-5,-3.73641665E-3
4.76000000E-5,-4.09371503E-3
4.76400000E-5,-3.91697962E-3
4.76800000E-5,-4.09419433E-3
4.77200000E-5,-3.98603675E-3
4.77600000E-5,-3.83575607E-3
4.78000000E-5,-3.97017295E-3
4.78400000E-5,-3.82874405E-3
4.78800000E-5,-3.68077857E-3
4.79200000E-5,-3.83367663E-3
4.79600000E-5,-3.94143503E-3
4.80000000E-5,-3.88248282E-3
4.80400000E-5,-3.82049217E-3
4.80800000E-5,-3.94889611E-3
4.81200000E-5,-3.87631335E-3
4.81600000E-5,-3.74155001E-3
4.82000000E-5,-3.97318369E-3
4.82400000E-5,-3.53535779E-3
4.82800000E-5,-4.02984956E-3
4.83200000E-5,-3.93180107E-3
4.83600000E-5,-3.97940750E-3
4.84000000E-5,-4.26590208E-3
4.84400000E-5,-3.79676645E-3
4.84800000E-5,-3.77115085E-3
4.85200000E-5,-3.81482869E-3
4.85600000E-5,-3.97818099E-3
4.86000000E-5,-3.89908103E-3
4.86400000E-5,-3.73755343E-3
4.86800000E-5,-4.00876178E-3
4.87200000E-5,-3.68606590E-3
4.87600000E-5,-3.87667840E-3
4.88000000E-5,-4.09679946E-3
4.88400000E-5,-3.92687925E-3
4.88800000E-5,-3.68493626E-3
4.89200000E-5,-3.85900677E-3
4.89600000E-5,-3.91260228E-3
4.90000000E-5,-4.14889401E-3
4.90400000E-5,-4.03043139E-3
4.90800000E-5,-4.04122386E-3
4.91200000E-5,-4.03558010E-3
4.91600000E-5,-3.78205394E-3
4.92000000E-5,-3.98382528E-3
4.92400000E-5,-3.89064262E-3
4.92800000E-5,-3.75907000E-3
4.93200000E-5,-3.98229391E-3
4.93600000E-5,-3.87464465E-3
4.94000000E-5,-4.13064502E-3
4.94400000E-5,-3.88527267E-3
4.94800000E-5,-3.86441123E-3
4.95200000E-5,-3.72146714E-3
4.95600000E-5,-3.95863577E-3
4.96000000E-5,-3.81879531E-3
4.96400000E-5,-3.60222345E-3
4.96800000E-5,-3.68825263E-3
4.97200000E-5,-3.73965818E-3
4.97600000E-5,-3.66051453E-3
4.98000000E-5,-4.01038950E-3
4.98400000E-5,-3.93544450E-3
4.98800000E-5,-3.99930118E-3
4.99200000E-5,-3.80049007E-3
4.99600000E-5,-4.22292952E-3
5.00000000E-5,-4.16241577E-3
5.00400000E-5,-3.80670710E-3
5.00800000E-5,-4.07170703E-3
5.01200000E-5,-3.79655099E-3
5.01600000E-5,-3.89134306E-3
5.02000000E-5,-3.85359170E-3
5.02400000E-5,-3.36238252E-3
5.02800000E-5,-4.02018133E-3
5.03200000E-5,-3.73271732E-3
5.03600000E-5,-3.84996962E-3
5.04000000E-5,-3.82911762E-3
5.04400000E-5,-3.80738183E-3
5.04800000E-5,-4.00200972E-3
5.05200000E-5,-4.24814055E-3
5.05600000E-5,-4.15227337E-3
5.06000000E-5,-4.01170273E-3
5.06400000E-5,-3.93056917E-3
5.06800000E-5,-4.11835110E-3
5.07200000E-5,-3.96677842E-3
5.07600000E-5,-4.16536863E-3
5.08000000E-5,-4.05746727E-3
5.08400000E-5,-3.92800291E-3
5.08800000E-5,-4.05161274E-3
5.09200000E-5,-3.74899138E-3
5.09600000E-5,-3.89846581E-3
5.10000000E-5,-3.93472146E-3
5.10400000E-5,-3.59271613E-3
5.10800000E-5,-4.00798120E-3
5.11200000E-5,-3.68593064E-3
5.11600000E-5,-3.85620177E-3
5.12000000E-5,-3.81597326E-3
5.12400000E-5,-3.93842240E-3
5.12800000E-5,-3.95029982E-3
5.13200000E-5,-4.10573790E-3
5.13600000E-5,-4.03235855E-3
5.14000000E-5,-3.65492506E-3
5.14400000E-5,-4.25621660E-3
5.14800000E-5,-3.80053709E-3
5.15200000E-5,-3.86583289E-3
5.15600000E-5,-3.79448744E-3
5.16000000E-5,-4.07675232E-3
5.16400000E-5,-3.91507310E-3
5.16800000E-5,-3.98341493E-3
5.17200000E-5,-3.96488151E-3
5.17600000E-5,-3.94640432E-3
5.18000000E-5,-3.80988334E-3
5.18400000E-5,-3.87713905E-3
5.18800000E-5,-3.79571720E-3
5.19200000E-5,-3.93599932E-3
5.19600000E-5,-3.99508753E-3
5.20000000E-5,-3.94019242E-3
5.20400000E-5,-4.00281384E-3
5.20800000E-5,-3.69960303E-3
5.21200000E-5,-3.78431580E-3
5.21600000E-5,-3.85274910E-3
5.22000000E-5,-3.91443919E-3
5.22400000E-5,-3.99410981E-3
5.22800000E-5,-3.94658251E-3
5.23200000E-5,-3.70378225E-3
5.23600000E-5,-4.02898892E-3
5.24000000E-5,-3.96661920E-3
5.24400000E-5,-4.00970588E-3
5.24800000E-5,-3.83761260E-3
5.25200000E-5,-4.10747321E-3
5.25600000E-5,-4.07176611E-3
5.26000000E-5,-3.94863964E-3
5.26400000E-5,-4.05201337E-3
5.26800000E-5,-4.03605659E-3
5.27200000E-5,-3.84745652E-3
5.27600000E-5,-4.04191124E-3
5.28000000E-5,-4.11868617E-3
5.28400000E-5,-4.20552766E-3
5.28800000E-5,-3.93379376E-3
5.29200000E-5,-3.90231918E-3
5.29600000E-5,-3.57932633E-3
5.30000000E-5,-4.08971917E-3
5.30400000E-5,-3.95275619E-3
5.30800000E-5,-3.96059090E-3
5.31200000E-5,-3.92546383E-3
5.31600000E-5,-3.93738469E-3
5.32000000E-5,-3.65078013E-3
5.32400000E-5,-3.79747561E-3
5.32800000E-5,-4.50525147E-3
5.33200000E-5,-3.86102035E-3
5.33600000E-5,-3.88436462E-3
5.34000000E-5,-3.74725535E-3
5.34400000E-5,-3.82211966E-3
5.34800000E-5,-3.73416761E-3
5.35200000E-5,-3.77515751E-3
5.35600000E-5,-3.80032462E-3
5.36000000E-5,-3.76151813E-3
5.36400000E-5,-3.86752208E-3
5.36800000E-5,-3.86809544E-3
5.37200000E-5,-4.09107888E-3
5.37600000E-5,-3.84154791E-3
5.38000000E-5,-3.81660453E-3
5.38400000E-5,-4.10026361E-3
5.38800000E-5,-3.79709108E-3
5.39200000E-5,-3.91024694E-3
5.39600000E-5,-4.12758222E-3
5.40000000E-5,-4.37458262E-3
5.40400000E-5,-3.78328448E-3
5.40800000E-5,-3.90836221E-3
5.41200000E-5,-4.02325055E-3
5.41600000E-5,-3.93505475E-3
5.42000000E-5,-3.93311038E-3
5.42400000E-5,-3.79011922E-3
5.42800000E-5,-4.00126714E-3
5.43200000E-5,-4.02309109E-3
5.43600000E-5,-3.76597992E-3
5.44000000E-5,-3.95947684E-3
5.44400000E-5,-4.37007789E-3
5.44800000E-5,-4.22990373E-3
5.45200000E-5,-4.22912782E-3
5.45600000E-5,-4.15042682E-3
5.46000000E-5,-4.06570707E-3
5.46400000E-5,-3.74558982E-3
5.46800000E-5,-4.05899546E-3
5.47200000E-5,-3.88968130E-3
5.47600000E-5,-3.97123879E-3
5.48000000E-5,-4.06068191E-3
5.48400000E-5,-3.92918280E-3
5.48800000E-5,-4.09489452E-3
5.49200000E-5,-4.00692322E-3
5.49600000E-5,-3.84491073E-3
5.50000000E-5,-3.78794316E-3
5.50400000E-5,-3.79613332E-3
5.50800000E-5,-3.83799930E-3
5.51200000E-5,-4.05577649E-3
5.51600000E-5,-4.10072418E-3
5.52000000E-5,-3.96958669E-3
5.52400000E-5,-3.99168425E-3
5.52800000E-5,-4.18418770E-3
5.53200000E-5,-3.87269968E-3
5.53600000E-5,-4.12491856E-3
5.54000000E-5,-3.81016184E-3
5.54400000E-5,-4.13828323E-3
5.54800000E-5,-3.78799589E-3
5.55200000E-5,-3.85000702E-3
5.55600000E-5,-4.16716025E-3
5.56000000E-5,-4.12749725E-3
5.56400000E-5,-3.95294699E-3
5.56800000E-5,-3.59417206E-3
5.57200000E-5,-3.95740984E-3
5.57600000E-5,-3.81908351E-3
5.58000000E-5,-3.88500909E-3
5.58400000E-5,-3.96942435E-3
5.58800000E-5,-4.02299976E-3
5.59200000E-5,-4.10878086E-3
5.59600000E-5,-3.88573807E-3
5.60000000E-5,-3.82776985E-3
5.60400000E-5,-3.85616285E-3
5.60800000E-5,-3.87333718E-3
5.61200000E-5,-4.09976622E-3
5.61600000E-5,-4.09572446E-3
5.62000000E-5,-4.03265748E-3
5.62400000E-5,-3.77080121E-3
5.62800000E-5,-3.89774597E-3
5.63200000E-5,-4.02273014E-3
5.63600000E-5,-3.75871310E-3
5.64000000E-5,-4.38466134E-3
5.64400000E-5,-4.11521486E-3
5.64800000E-5,-4.11652185E-3
5.65200000E-5,-3.67226178E-3
5.65600000E-5,-4.34567708E-3
5.66000000E-5,-4.13022195E-3
5.66400000E-5,-4.00047862E-3
5.66800000E-5,-3.87770991E-3
5.67200000E-5,-4.06447298E-3
5.67600000E-5,-3.91574429E-3
5.68000000E-5,-4.02127812E-3
5.68400000E-5,-4.04736390E-3
5.68800000E-5,-3.83828321E-3
5.69200000E-5,-4.00565947E-3
5.69600000E-5,-3.51432052E-3
5.70000000E-5,-3.78901080E-3
5.70400000E-5,-4.08662015E-3
5.70800000E-5,-3.84083145E-3
5.71200000E-5,-4.05812253E-3
5.71600000E-5,-3.72028306E-3
5.72000000E-5,-3.99847545E-3
5.72400000E-5,-3.86566007E-3
5.72800000E-5,-4.07414902E-3
5.73200000E-5,-4.03143560E-3
5.73600000E-5,-3.79439829E-3
5.74000000E-5,-3.99953820E-3
5.74400000E-5,-4.18708315E-3
5.74800000E-5,-3.99340703E-3
5.75200000E-5,-3.99828902E-3
5.75600000E-5,-4.00170377E-3
5.76000000E-5,-3.87127100E-3
5.76400000E-5,-3.96990479E-3
5.76800000E-5,-3.91578564E-3
5.77200000E-5,-4.11135493E-3
5.77600000E-5,-4.04500712E-3
5.78000000E-5,-3.92736116E-3
5.78400000E-5,-3.98267847E-3
5.78800000E-5,-3.95231737E-3
5.79200000E-5,-4.09704901E-3
5.79600000E-5,-4.47380342E-3
5.80000000E-5,-4.12904228E-3
5.80400000E-5,-3.69273035E-3
5.80800000E-5,-4.07000295E-3
5.81200000E-5,-4.05012798E-3
5.81600000E-5,-3.92118719E-3
5.82000000E-5,-4.13123422E-3
5.82400000E-5,-4.05994403E-3
5.82800000E-5,-4.20441092E-3
5.83200000E-5,-3.79492009E-3
5.83600000E-5,-4.06574312E-3
5.84000000E-5,-3.88240248E-3
5.84400000E-5,-3.97437657E-3
5.84800000E-5,-3.84291166E-3
5.85200000E-5,-4.04636679E-3
5.85600000E-5,-4.05706413E-3
5.86000000E-5,-4.04179082E-3
5.86400000E-5,-3.84094159E-3
5.86800000E-5,-3.91551146E-3
5.87200000E-5,-3.80975866E-3
5.87600000E-5,-4.00562747E-3
5.88000000E-5,-4.11275112E-3
5.88400000E-5,-3.74670745E-3
5.88800000E-5,-3.81943333E-3
5.89200000E-5,-4.04671813E-3
5.89600000E-5,-4.27753963E-3
5.90000000E-5,-3.99074764E-3
5.90400000E-5,-3.87252939E-3
5.90800000E-5,-3.63447928E-3
5.91200000E-5,-4.01467925E-3
5.91600000E-5,-3.96825892E-3
5.92000000E-5,-4.24747634E-3
5.92400000E-5,-3.76066274E-3
5.92800000E-5,-3.91456380E-3
5.93200000E-5,-3.81014376E-3
5.93600000E-5,-3.98238390E-3
5.94000000E-5,-4.06001297E-3
5.94400000E-5,-3.98476754E-3
5.94800000E-5,-4.19178069E-3
5.95200000E-5,-3.86194489E-3
5.95600000E-5,-3.63186812E-3
5.96000000E-5,-3.98802981E-3
5.96400000E-5,-4.08934522E-3
5.96800000E-5,-4.14870445E-3
5.97200000E-5,-4.00663952E-3
5.97600000E-5,-3.77020343E-3
5.98000000E-5,-3.93029409E-3
5.98400000E-5,-4.01172163E-3
5.98800000E-5,-4.09244447E-3
5.99200000E-5,-4.02020831E-3
5.99600000E-5,-4.28671433E-3
6.00000000E-5,-3.67297330E-3
6.00400000E-5,-4.16615625E-3
6.00800000E-5,-4.22097205E-3
6.01200000E-5,-4.00223661E-3
6.01600000E-5,-3.94268071E-3
6.02000000E-5,-3.81855761E-3
6.02400000E-5,-4.18943540E-3
6.02800000E-5,-3.83578887E-3
6.03200000E-5,-4.09475265E-3
6.03600000E-5,-4.03550621E-3
6.04000000E-5,-3.84795891E-3
6.04400000E-5,-4.20447010E-3
6.04800000E-5,-3.98767439E-3
6.05200000E-5,-4.10895989E-3
6.05600000E-5,-4.22887357E-3
6.06000000E-5,-4.00194443E-3
6.06400000E-5,-4.01869458E-3
6.06800000E-5,-3.84363442E-3
6.07200000E-5,-3.69304961E-3
6.07600000E-5,-3.93038150E-3
6.08000000E-5,-3.97586742E-3
6.08400000E-5,-4.09344824E-3
6.08800000E-5,-3.94661391E-3
6.09200000E-5,-3.72249340E-3
6.09600000E-5,-3.97093622E-3
6.10000000E-5,-4.32978891E-3
6.10400000E-5,-3.98713701E-3
6.10800000E-5,-3.87631101E-3
6.11200000E-5,-3.69634338E-3
6.11600000E-5,-3.85779986E-3
6.12000000E-5,-4.01726608E-3
6.12400000E-5,-3.92993598E-3
6.12800000E-5,-3.99188751E-3
6.13200000E-5,-3.95641749E-3
6.13600000E-5,-4.25309782E-3
6.14000000E-5,-3.98798517E-3
6.14400000E-5,-3.81219475E-3
6.14800000E-5,-4.38133751E-3
6.15200000E-5,-4.19118122E-3
6.15600000E-5,-4.07909906E-3
6.16000000E-5,-4.04790821E-3
6.16400000E-5,-3.90235052E-3
6.16800000E-5,-3.69148897E-3
6.17200000E-5,-3.93853250E-3
6.17600000E-5,-4.08641861E-3
6.18000000E-5,-3.92019835E-3
6.18400000E-5,-3.58890309E-3
6.18800000E-5,-4.00554545E-3
6.19200000E-5,-3.85942644E-3
6.19600000E-5,-4.04372245E-3
6.20000000E-5,-3.99973457E-3
6.20400000E-5,-3.81508897E-3
6.20800000E-5,-4.06474123E-3
6.21200000E-5,-4.17574305E-3
6.21600000E-5,-4.05730181E-3
6.22000000E-5,-4.10503832E-3
6.22400000E-5,-3.68666215E-3
6.22800000E-5,-3.56167322E-3
6.23200000E-5,-4.03330447E-3
6.23600000E-5,-3.97614022E-3
6.24000000E-5,-3.92916303E-3
6.24400000E-5,-4.05556844E-3
6.24800000E-5,-4.15767988E-3
6.25200000E-5,-3.72544025E-3
6.25600000E-5,-3.92819843E-3
6.26000000E-5,-3.65879477E-3
6.26400000E-5,-3.91771362E-3
6.26800000E-5,-4.05612765E-3
6.27200000E-5,-3.86637677E-3
6.27600000E-5,-4.10349363E-3
6.28000000E-5,-3.65129699E-3
6.28400000E-5,-4.00094557E-3
6.28800000E-5,-4.08732051E-3
6.29200000E-5,-4.09977827E-3
6.29600000E-5,-3.76918960E-3
6.30000000E-5,-3.87120752E-3
6.30400000E-5,-4.00552328E-3
6.30800000E-5,-3.80855984E-3
6.31200000E-5,-4.07178465E-3
6.31600000E-5,-4.03463361E-3
6.32000000E-5,-4.07839474E-3
6.32400000E-5,-4.11151997E-3
6.32800000E-5,-3.97587039E-3
6.33200000E-5,-3.89746946E-3
6.33600000E-5,-4.01278191E-3
6.34000000E-5,-3.97825296E-3
6.34400000E-5,-3.97338001E-3
6.34800000E-5,-3.96329836E-3
6.35200000E-5,-3.82689534E-3
6.35600000E-5,-3.87100676E-3
6.36000000E-5,-4.03652120E-3
6.36400000E-5,-4.16295486E-3
6.36800000E-5,-3.80103320E-3
6.37200000E-5,-3.89488588E-3
6.37600000E-5,-3.92399349E-3
6.38000000E-5,-4.31828854E-3
6.38400000E-5,-3.93936124E-3
6.38800000E-5,-4.04358037E-3
6.39200000E-5,-4.27201889E-3
6.39600000E-5,-4.13726126E-3
6.40000000E-5,-3.70454313E-3
6.40400000E-5,-3.95697004E-3
6.40800000E-5,-3.99523393E-3
6.41200000E-5,-4.02858300E-3
6.41600000E-5,-3.97631260E-3
6.42000000E-5,-4.04281315E-3
6.42400000E-5,-3.97077865E-3
6.42800000E-5,-3.85692533E-3
6.43200000E-5,-4.04278857E-3
6.43600000E-5,-4.13429399E-3
6.44000000E-5,-3.70712740E-3
6.44400000E-5,-4.11053496E-3
6.44800000E-5,-3.98727406E-3
6.45200000E-5,-3.81628583E-3
6.45600000E-5,-3.74638529E-3
6.46000000E-5,-4.22252867E-3
6.46400000E-5,-3.94896806E-3
6.46800000E-5,-4.04267917E-3
6.47200000E-5,-3.70080007E-3
6.47600000E-5,-3.96413300E-3
6.48000000E-5,-3.87022708E-3
6.48400000E-5,-4.03582803E-3
6.48800000E-5,-4.02289651E-3
6.49200000E-5,-4.17468035E-3
6.49600000E-5,-3.70799488E-3
6.50000000E-5,-3.86928525E-3
6.50400000E-5,-3.97121024E-3
6.50800000E-5,-4.17592781E-3
6.51200000E-5,-4.16381455E-3
6.51600000E-5,-3.98541020E-3
6.52000000E-5,-3.96821283E-3
6.52400000E-5,-3.81855147E-3
6.52800000E-5,-4.14238739E-3
6.53200000E-5,-3.92349102E-3
6.53600000E-5,-3.64210460E-3
6.54000000E-5,-4.00596731E-3
6.54400000E-5,-3.90469334E-3
6.54800000E-5,-3.91856133E-3
6.55200000E-5,-3.76610372E-3
6.55600000E-5,-4.05247468E-3
6.56000000E-5,-3.72170210E-3
6.56400000E-5,-3.61449380E-3
6.56800000E-5,-3.90017491E-3
6.57200000E-5,-3.84734314E-3
6.57600000E-5,-3.92149024E-3
6.58000000E-5,-4.07698521E-3
6.58400000E-5,-4.16168071E-3
6.58800000E-5,-4.08081630E-3
6.59200000E-5,-3.82785811E-3
6.59600000E-5,-3.89937204E-3
6.60000000E-5,-3.58075045E-3
6.60400000E-5,-3.76817361E-3
6.60800000E-5,-3.90713136E-3
6.61200000E-5,-3.81009332E-3
6.61600000E-5,-3.77571227E-3
6.62000000E-5,-3.87432625E-3
6.62400000E-5,-3.91277663E-3
6.62800000E-5,-3.64036370E-3
6.63200000E-5,-3.88228937E-3
6.63600000E-5,-3.95511811E-3
6.64000000E-5,-3.72280382E-3
6.64400000E-5,-4.06656586E-3
6.64800000E-5,-3.99361787E-3
6.65200000E-5,-4.12048043E-3
6.65600000E-5,-3.89976802E-3
6.66000000E-5,-4.14575172E-3
6.66400000E-5,-4.20047223E-3
6.66800000E-5,-3.87966463E-3
6.67200000E-5,-3.93020891E-3
6.67600000E-5,-4.25702550E-3
6.68000000E-5,-3.96613581E-3
6.68400000E-5,-3.93860021E-3
6.68800000E-5,-3.93732453E-3
6.69200000E-5,-3.65597153E-3
6.69600000E-5,-4.09026771E-3
6.70000000E-5,-3.92492475E-3
6.70400000E-5,-3.96632036E-3
6.70800000E-5,-3.83294539E-3
6.71200000E-5,-4.06419654E-3
6.71600000E-5,-4.11795049E-3
6.72000000E-5,-3.56019201E-3
6.72400000E-5,-3.90747930E-3
6.72800000E-5,-4.17261246E-3
6.73200000E-5,-3.87891842E-3
6.73600000E-5,-3.81385653E-3
6.74000000E-5,-3.94162391E-3
6.74400000E-5,-4.19932067E-3
6.74800000E-5,-3.84844113E-3
6.75200000E-5,-3.75322108E-3
6.75600000E-5,-4.54511746E-3
6.76000000E-5,-3.84354053E-3
6.76400000E-5,-4.02663275E-3
6.76800000E-5,-3.97657109E-3
6.77200000E-5,-3.92626270E-3
6.77600000E-5,-3.99818214E-3
6.78000000E-5,-4.06253323E-3
6.78400000E-5,-4.17455824E-3
6.78800000E-5,-4.18388297E-3
6.79200000E-5,-3.64927674E-3
6.79600000E-5,-3.98785430E-3
6.80000000E-5,-4.30541119E-3
6.80400000E-5,-4.29933634E-3
6.80800000E-5,-3.94862984E-3
6.81200000E-5,-4.05896085E-3
6.81600000E-5,-4.31424906E-3
6.82000000E-5,-4.02793993E-3
6.82400000E-5,-4.17311098E-3
6.82800000E-5,-3.99162600E-3
6.83200000E-5,-4.09843368E-3
6.83600000E-5,-3.87116736E-3
6.84000000E-5,-4.16335366E-3
6.84400000E-5,-4.05100580E-3
6.84800000E-5,-3.95782552E-3
6.85200000E-5,-4.16621559E-3
6.85600000E-5,-3.95177477E-3
6.86000000E-5,-3.89927362E-3
6.86400000E-5,-3.81282644E-3
6.86800000E-5,-3.92387407E-3
6.87200000E-5,-4.18277620E-3
6.87600000E-5,-4.12834053E-3
6.88000000E-5,-3.85068026E-3
6.88400000E-5,-4.24810880E-3
6.88800000E-5,-3.94514755E-3
6.89200000E-5,-3.76603630E-3
6.89600000E-5,-3.97187580E-3
6.90000000E-5,-3.98719947E-3
6.90400000E-5,-4.24414447E-3
6.90800000E-5,-4.00995681E-3
6.91200000E-5,-3.81211011E-3
6.91600000E-5,-3.85138748E-3
6.92000000E-5,-4.30232188E-3
6.92400000E-5,-3.87838001E-3
6.92800000E-5,-3.92030272E-3
6.93200000E-5,-3.90926043E-3
6.93600000E-5,-3.80462685E-3
6.94000000E-5,-3.93169934E-3
6.94400000E-5,-3.85077994E-3
6.94800000E-5,-3.96415891E-3
6.95200000E-5,-3.98088451E-3
6.95600000E-5,-4.18993466E-3
6.96000000E-5,-3.85134178E-3
6.96400000E-5,-3.89284587E-3
6.96800000E-5,-4.02135762E-3
6.97200000E-5,-4.00929524E-3
6.97600000E-5,-4.08960880E-3
6.98000000E-5,-4.06808514E-3
6.98400000E-5,-3.80071012E-3
6.98800000E-5,-4.34662451E-3
6.99200000E-5,-4.08114517E-3
6.99600000E-5,-3.78357548E-3
7.00000000E-5,-3.86563385E-3
7.00400000E-5,-4.01291657E-3
7.00800000E-5,-3.78780206E-3
7.01200000E-5,-4.07592499E-3
7.01600000E-5,-4.20913609E-3
7.02000000E-5,-3.98446924E-3
7.02400000E-5,-3.75474892E-3
7.02800000E-5,-4.20171957E-3
7.03200000E-5,-4.02680268E-3
7.03600000E-5,-4.19894185E-3
7.04000000E-5,-4.25922362E-3
7.04400000E-5,-4.17865577E-3
7.04800000E-5,-4.07799609E-3
7.05200000E-5,-4.16800743E-3
7.05600000E-5,-3.83647979E-3
7.06000000E-5,-3.84133001E-3
7.06400000E-5,-3.95381391E-3
7.06800000E-5,-4.06110902E-3
7.07200000E-5,-4.01632381E-3
7.07600000E-5,-3.90050110E-3
7.08000000E-5,-3.97394007E-3
7.08400000E-5,-4.18750732E-3
7.08800000E-5,-3.91398432E-3
7.09200000E-5,-3.99413507E-3
7.09600000E-5,-4.05987904E-3
7.10000000E-5,-4.09562096E-3
7.10400000E-5,-4.05879810E-3
7.10800000E-5,-3.97195440E-3
7.11200000E-5,-3.78500420E-3
7.11600000E-5,-3.92517386E-3
7.12000000E-5,-4.11006471E-3
7.12400000E-5,-3.84587791E-3
7.12800000E-5,-4.41674836E-3
7.13200000E-5,-4.06240499E-3
7.13600000E-5,-3.91208237E-3
7.14000000E-5,-4.02967975E-3
7.14400000E-5,-3.94863610E-3
7.14800000E-5,-3.98518868E-3
7.15200000E-5,-4.22045816E-3
7.15600000E-5,-3.90564403E-3
7.16000000E-5,-3.99102378E-3
7.16400000E-5,-4.09335358E-3
7.16800000E-5,-3.69207560E-3
7.17200000E-5,-3.96467199E-3
7.17600000E-5,-3.86607918E-3
7.18000000E-5,-4.07004473E-3
7.18400000E-5,-3.97343967E-3
7.18800000E-5,-3.69074551E-3
7.19200000E-5,-4.03561195E-3
7.19600000E-5,-3.88913455E-3
7.20000000E-5,-4.05044660E-3
7.20400000E-5,-4.00636217E-3
7.20800000E-5,-4.16771657E-3
7.21200000E-5,-4.05094090E-3
7.21600000E-5,-4.17587327E-3
7.22000000E-5,-3.69839218E-3
7.22400000E-5,-4.11860470E-3
7.22800000E-5,-4.02585266E-3
7.23200000E-5,-4.45105994E-3
7.23600000E-5,-4.33001656E-3
7.24000000E-5,-3.77181856E-3
7.24400000E-5,-4.11275094E-3
7.24800000E-5,-4.00338847E-3
7.25200000E-5,-4.26094719E-3
7.25600000E-5,-3.99687803E-3
7.26000000E-5,-3.99938409E-3
7.26400000E-5,-4.06632089E-3
7.26800000E-5,-3.88548691E-3
7.27200000E-5,-3.88963536E-3
7.27600000E-5,-4.01068220E-3
7.28000000E-5,-4.01282235E-3
7.28400000E-5,-4.20774114E-3
7.28800000E-5,-3.85659405E-3
7.29200000E-5,-3.94103183E-3
7.29600000E-5,-4.07515505E-3
7.30000000E-5,-3.66598967E-3
7.30400000E-5,-3.87033049E-3
7.30800000E-5,-4.18998166E-3
7.31200000E-5,-4.01558501E-3
7.31600000E-5,-4.04994094E-3
7.32000000E-5,-4.10877076E-3
7.32400000E-5,-4.15065504E-3
7.32800000E-5,-3.85982421E-3
7.33200000E-5,-3.94681942E-3
7.33600000E-5,-4.23315899E-3
7.34000000E-5,-4.08100003E-3
7.34400000E-5,-4.11692353E-3
7.34800000E-5,-3.72548274E-3
7.35200000E-5,-4.29702082E-3
7.35600000E-5,-4.27518245E-3
7.36000000E-5,-3.96180160E-3
7.36400000E-5,-3.80071813E-3
7.36800000E-5,-3.93301964E-3
7.37200000E-5,-4.14861710E-3
7.37600000E-5,-3.85177109E-3
7.38000000E-5,-3.85890167E-3
7.38400000E-5,-4.17964153E-3
7.38800000E-5,-3.99551719E-3
7.39200000E-5,-3.95287971E-3
7.39600000E-5,-3.70124382E-3
7.40000000E-5,-4.05879261E-3
7.40400000E-5,-4.10221654E-3
7.40800000E-5,-4.13814082E-3
7.41200000E-5,-3.98706991E-3
7.41600000E-5,-4.06757409E-3
7.42000000E-5,-3.65451466E-3
7.42400000E-5,-4.36172638E-3
7.42800000E-5,-3.93456831E-3
7.43200000E-5,-3.85966339E-3
7.43600000E-5,-4.07936434E-3
7.44000000E-5,-4.18935013E-3
7.44400000E-5,-4.24221961E-3
7.44800000E-5,-3.96729571E-3
7.45200000E-5,-3.97534062E-3
7.45600000E-5,-3.75645694E-3
7.46000000E-5,-4.07126036E-3
7.46400000E-5,-4.06186639E-3
7.46800000E-5,-4.12521933E-3
7.47200000E-5,-4.02211818E-3
7.47600000E-5,-3.84531441E-3
7.48000000E-5,-4.21157842E-3
7.48400000E-5,-3.97200007E-3
7.48800000E-5,-3.89257913E-3
7.49200000E-5,-4.14245947E-3
7.49600000E-5,-4.02574085E-3
7.50000000E-5,-3.79796116E-3
7.50400000E-5,-4.09788304E-3
7.50800000E-5,-4.13340568E-3
7.51200000E-5,-3.87628694E-3
7.51600000E-5,-3.77060513E-3
7.52000000E-5,-3.59467879E-3
7.52400000E-5,-4.13308680E-3
7.52800000E-5,-4.22310659E-3
7.53200000E-5,-4.22693888E-3
7.53600000E-5,-4.26316175E-3
7.54000000E-5,-3.64845652E-3
7.54400000E-5,-3.95487489E-3
7.54800000E-5,-4.32422866E-3
7.55200000E-5,-4.29215965E-3
7.55600000E-5,-3.89045467E-3
7.56000000E-5,-3.86014169E-3
7.56400000E-5,-3.91799851E-3
7.56800000E-5,-4.13262262E-3
7.57200000E-5,-4.11059293E-3
7.57600000E-5,-3.98000844E-3
7.58000000E-5,-4.32905804E-3
7.58400000E-5,-4.07184993E-3
7.58800000E-5,-3.98235895E-3
7.59200000E-5,-3.86413537E-3
7.59600000E-5,-3.88499097E-3
7.60000000E-5,-4.12357438E-3
7.60400000E-5,-3.97873316E-3
7.60800000E-5,-4.13060344E-3
7.61200000E-5,-4.18712983E-3
7.61600000E-5,-3.82002689E-3
7.62000000E-5,-4.07878006E-3
7.62400000E-5,-4.23548767E-3
7.62800000E-5,-3.93653696E-3
7.63200000E-5,-4.27786917E-3
7.63600000E-5,-3.81818857E-3
7.64000000E-5,-3.86136746E-3
7.64400000E-5,-3.72840426E-3
7.64800000E-5,-4.21089607E-3
7.65200000E-5,-3.83139768E-3
7.65600000E-5,-3.72122305E-3
7.66000000E-5,-4.33434959E-3
7.66400000E-5,-3.77999197E-3
7.66800000E-5,-4.15278262E-3
7.67200000E-5,-4.02309924E-3
7.67600000E-5,-3.74465188E-3
7.68000000E-5,-3.86775269E-3
7.68400000E-5,-3.83444370E-3
7.68800000E-5,-3.79915627E-3
7.69200000E-5,-4.19142285E-3
7.69600000E-5,-3.75497573E-3
7.70000000E-5,-3.84440564E-3
7.70400000E-5,-3.95232519E-3
7.70800000E-5,-4.09955623E-3
7.71200000E-5,-4.09007049E-3
7.71600000E-5,-4.05157948E-3
7.72000000E-5,-4.53741005E-3
7.72400000E-5,-3.92473601E-3
7.72800000E-5,-4.22584987E-3
7.73200000E-5,-3.89220656E-3
7.73600000E-5,-3.78298581E-3
7.74000000E-5,-3.64259505E-3
7.74400000E-5,-3.67286597E-3
7.74800000E-5,-4.02756287E-3
7.75200000E-5,-3.84140571E-3
7.75600000E-5,-3.98046495E-3
7.76000000E-5,-4.20609605E-3
7.76400000E-5,-4.15326952E-3
7.76800000E-5,-3.77166057E-3
7.77200000E-5,-4.11141812E-3
7.77600000E-5,-4.03056840E-3
7.78000000E-5,-4.04452662E-3
7.78400000E-5,-4.10532799E-3
7.78800000E-5,-4.16153316E-3
7.79200000E-5,-3.93915685E-3
7.79600000E-5,-3.92512533E-3
7.80000000E-5,-4.09328178E-3
7.80400000E-5,-4.21593127E-3
7.80800000E-5,-4.29943948E-3
7.81200000E-5,-3.98467480E-3
7.81600000E-5,-3.78400899E-3
7.82000000E-5,-3.93487379E-3
7.82400000E-5,-3.97704300E-3
7.82800000E-5,-3.92216306E-3
7.83200000E-5,-3.88654862E-3
7.83600000E-5,-4.14599233E-3
7.84000000E-5,-3.88545097E-3
7.84400000E-5,-3.91648095E-3
7.84800000E-5,-3.80788358E-3
7.85200000E-5,-4.06966158E-3
7.85600000E-5,-3.81462918E-3
7.86000000E-5,-4.01549402E-3
7.86400000E-5,-4.03071044E-3
7.86800000E-5,-3.88448481E-3
7.87200000E-5,-3.71932400E-3
7.87600000E-5,-4.04581192E-3
7.88000000E-5,-4.10382351E-3
7.88400000E-5,-4.17674882E-3
7.88800000E-5,-3.79548656E-3
7.89200000E-5,-4.36801074E-3
7.89600000E-5,-3.94860909E-3
7.90000000E-5,-3.97146744E-3
7.90400000E-5,-3.88206256E-3
7.90800000E-5,-3.77166930E-3
7.91200000E-5,-3.77645401E-3
7.91600000E-5,-4.36218158E-3
7.92000000E-5,-4.01122727E-3
7.92400000E-5,-4.28722787E-3
7.92800000E-5,-4.32107121E-3
7.93200000E-5,-3.98560495E-3
7.93600000E-5,-4.12868650E-3
7.94000000E-5,-3.95649400E-3
7.94400000E-5,-3.80377689E-3
7.94800000E-5,-4.06463943E-3
7.95200000E-5,-3.66398502E-3
7.95600000E-5,-4.20382563E-3
7.96000000E-5,-3.93988290E-3
7.96400000E-5,-4.11958979E-3
7.96800000E-5,-3.62270218E-3
7.97200000E-5,-3.68718054E-3
7.97600000E-5,-4.10034297E-3
7.98000000E-5,-3.91608976E-3
7.98400000E-5,-4.07670468E-3
7.98800000E-5,-4.16896511E-3
7.99200000E-5,-4.16007271E-3
7.99600000E-5,-3.98755463E-3
8.00000000E-5,-3.92646394E-3
8.00400000E-5,-3.86776812E-3
8.00800000E-5,-3.79819588E-3
8.01200000E-5,-3.75948477E-3
8.01600000E-5,-3.82092925E-3
8.02000000E-5,-4.04278335E-3
8.02400000E-5,-4.06944708E-3
8.02800000E-5,-3.93731547E-3
8.03200000E-5,-3.91415404E-3
8.03600000E-5,-3.94343491E-3
8.04000000E-5,-3.97916161E-3
8.04400000E-5,-4.28034930E-3
8.04800000E-5,-3.81838959E-3
8.05200000E-5,-4.16844394E-3
8.05600000E-5,-3.88799241E-3
8.06000000E-5,-3.65164827E-3
8.06400000E-5,-3.96421139E-3
8.06800000E-5,-4.13410673E-3
8.07200000E-5,-3.94963645E-3
8.07600000E-5,-4.06808077E-3
8.08000000E-5,-4.18419299E-3
8.08400000E-5,-4.00813311E-3
8.08800000E-5,-4.06017579E-3
8.09200000E-5,-3.94946771E-3
8.09600000E-5,-4.19396090E-3
8.10000000E-5,-4.13936841E-3
8.10400000E-5,-4.04129577E-3
8.10800000E-5,-3.64975488E-3
8.11200000E-5,-4.13222838E-3
8.11600000E-5,-4.06491668E-3
8.12000000E-5,-3.88086322E-3
8.12400000E-5,-3.78078261E-3
8.12800000E-5,-3.90920918E-3
8.13200000E-5,-4.22093285E-3
8.13600000E-5,-4.31796413E-3
8.14000000E-5,-4.10854819E-3
8.14400000E-5,-4.12847241E-3
8.14800000E-5,-3.84150519E-3
8.15200000E-5,-4.00163015E-3
8.15600000E-5,-3.95327684E-3
8.16000000E-5,-4.19686797E-3
8.16400000E-5,-4.19012310E-3
8.16800000E-5,-3.59324386E-3
8.17200000E-5,-4.06136423E-3
8.17600000E-5,-4.01426270E-3
8.18000000E-5,-3.95379188E-3
8.18400000E-5,-3.85706640E-3
8.18800000E-5,-4.22614235E-3
8.19200000E-5,-3.90628059E-3
8.19600000E-5,-4.12189911E-3
8.20000000E-5,-3.90016166E-3
8.20400000E-5,-3.97907852E-3
8.20800000E-5,-4.01095567E-3
8.21200000E-5,-4.04352477E-3
8.21600000E-5,-3.87283098E-3
8.22000000E-5,-3.83701377E-3
8.22400000E-5,-4.17976246E-3
8.22800000E-5,-4.20339595E-3
8.23200000E-5,-4.21173634E-3
8.23600000E-5,-3.80012688E-3
8.24000000E-5,-3.77119008E-3
8.24400000E-5,-3.94151819E-3
8.24800000E-5,-4.28743886E-3
8.25200000E-5,-3.94626391E-3
8.25600000E-5,-3.64264824E-3
8.26000000E-5,-4.20409430E-3
8.26400000E-5,-4.11494669E-3
8.26800000E-5,-4.05617871E-3
8.27200000E-5,-4.26850167E-3
8.27600000E-5,-4.21996487E-3
8.28000000E-5,-3.99829249E-3
8.28400000E-5,-3.82006720E-3
8.28800000E-5,-3.88942590E-3
8.29200000E-5,-4.47289694E-3
8.29600000E-5,-3.97125830E-3
8.30000000E-5,-4.21275706E-3
8.30400000E-5,-3.98384923E-3
8.30800000E-5,-4.19847644E-3
8.31200000E-5,-4.31309616E-3
8.31600000E-5,-3.92234243E-3
8.32000000E-5,-3.79742143E-3
8.32400000E-5,-3.64112908E-3
8.32800000E-5,-4.13984819E-3
8.33200000E-5,-4.00538965E-3
8.33600000E-5,-3.98090510E-3
8.34000000E-5,-4.00733897E-3
8.34400000E-5,-3.92361336E-3
8.34800000E-5,-3.98470564E-3
8.35200000E-5,-4.21346383E-3
8.35600000E-5,-3.95071234E-3
8.36000000E-5,-3.86853587E-3
8.36400000E-5,-3.93231079E-3
8.36800000E-5,-3.87121276E-3
8.37200000E-5,-4.14247047E-3
8.37600000E-5,-3.84463127E-3
8.38000000E-5,-3.86061293E-3
8.38400000E-5,-4.26334174E-3
8.38800000E-5,-4.15336622E-3
8.39200000E-5,-3.84301478E-3
8.39600000E-5,-3.90766733E-3
8.40000000E-5,-3.57952956E-3
8.40400000E-5,-3.98260146E-3
8.40800000E-5,-4.40115138E-3
8.41200000E-5,-4.14062526E-3
8.41600000E-5,-4.00741961E-3
8.42000000E-5,-4.32419854E-3
8.42400000E-5,-3.90888398E-3
8.42800000E-5,-4.15642713E-3
8.43200000E-5,-4.00244230E-3
8.43600000E-5,-4.09794437E-3
8.44000000E-5,-3.74561961E-3
8.44400000E-5,-3.88680602E-3
8.44800000E-5,-3.97090070E-3
8.45200000E-5,-4.05738705E-3
8.45600000E-5,-4.15779194E-3
8.46000000E-5,-3.84270123E-3
8.46400000E-5,-3.93456777E-3
8.46800000E-5,-3.82324314E-3
8.47200000E-5,-4.09092790E-3
8.47600000E-5,-4.12286192E-3
8.48000000E-5,-3.99264822E-3
8.48400000E-5,-3.94375095E-3
8.48800000E-5,-3.85226076E-3
8.49200000E-5,-3.89753934E-3
8.49600000E-5,-4.30991730E-3
8.50000000E-5,-3.94127040E-3
8.50400000E-5,-3.83697270E-3
8.50800000E-5,-3.82183430E-3
8.51200000E-5,-4.01786908E-3
8.51600000E-5,-4.19057028E-3
8.52000000E-5,-4.02904122E-3
8.52400000E-5,-3.97996920E-3
8.52800000E-5,-3.75434767E-3
8.53200000E-5,-3.97387559E-3
8.53600000E-5,-4.23695964E-3
8.54000000E-5,-4.41306792E-3
8.54400000E-5,-4.08284742E-3
8.54800000E-5,-4.03962444E-3
8.55200000E-5,-3.74443111E-3
8.55600000E-5,-4.02378047E-3
8.56000000E-5,-3.96064766E-3
8.56400000E-5,-4.07506385E-3
8.56800000E-5,-4.00623839E-3
8.57200000E-5,-3.91008860E-3
8.57600000E-5,-4.40802770E-3
8.58000000E-5,-3.76243226E-3
8.58400000E-5,-3.69491722E-3
8.58800000E-5,-3.85695765E-3
8.59200000E-5,-4.00388182E-3
8.59600000E-5,-4.08325119E-3
8.60000000E-5,-3.82475392E-3
8.60400000E-5,-4.06091445E-3
8.60800000E-5,-3.93998984E-3
8.61200000E-5,-4.08074835E-3
8.61600000E-5,-4.25486284E-3
8.62000000E-5,-4.02006985E-3
8.62400000E-5,-4.24686821E-3
8.62800000E-5,-3.95532314E-3
8.63200000E-5,-4.17331270E-3
8.63600000E-5,-3.58007602E-3
8.64000000E-5,-4.11703901E-3
8.64400000E-5,-4.20551997E-3
8.64800000E-5,-3.86023515E-3
8.65200000E-5,-3.68591995E-3
8.65600000E-5,-3.92483493E-3
8.66000000E-5,-3.86140789E-3
8.66400000E-5,-4.11170657E-3
8.66800000E-5,-3.86893420E-3
8.67200000E-5,-4.20863183E-3
8.67600000E-5,-3.72526935E-3
8.68000000E-5,-3.90555941E-3
8.68400000E-5,-3.97553741E-3
8.68800000E-5,-4.15024679E-3
8.69200000E-5,-3.69836699E-3
8.69600000E-5,-3.93937263E-3
8.70000000E-5,-3.90107469E-3
8.70400000E-5,-3.90631548E-3
8.70800000E-5,-4.04003914E-3
8.71200000E-5,-3.95033788E-3
8.71600000E-5,-3.80603608E-3
8.72000000E-5,-3.69843385E-3
8.72400000E-5,-3.57465735E-3
8.72800000E-5,-3.63650538E-3
8.73200000E-5,-4.18493251E-3
8.73600000E-5,-4.00198983E-3
8.74000000E-5,-3.89425539E-3
8.74400000E-5,-3.97564177E-3
8.74800000E-5,-3.87150516E-3
8.75200000E-5,-3.93578096E-3
8.75600000E-5,-3.75253850E-3
8.76000000E-5,-4.15625119E-3
8.76400000E-5,-3.99630985E-3
8.76800000E-5,-3.92803982E-3
8.77200000E-5,-4.11557356E-3
8.77600000E-5,-3.79616686E-3
8.78000000E-5,-4.08382625E-3
8.78400000E-5,-4.18118474E-3
8.78800000E-5,-3.87102845E-3
8.79200000E-5,-4.03121030E-3
8.79600000E-5,-3.78042849E-3
8.80000000E-5,-3.60301710E-3
8.80400000E-5,-3.94567831E-3
8.80800000E-5,-3.85498286E-3
8.81200000E-5,-4.36358653E-3
8.81600000E-5,-4.02402640E-3
8.82000000E-5,-4.11917698E-3
8.82400000E-5,-4.17032391E-3
8.82800000E-5,-3.95648620E-3
8.83200000E-5,-3.86204415E-3
8.83600000E-5,-4.05156089E-3
8.84000000E-5,-3.85329482E-3
8.84400000E-5,-4.11712276E-3
8.84800000E-5,-3.90794104E-3
8.85200000E-5,-4.19952161E-3
8.85600000E-5,-3.96568257E-3
8.86000000E-5,-3.98147918E-3
8.86400000E-5,-3.81402122E-3
8.86800000E-5,-3.81983845E-3
8.87200000E-5,-3.79302020E-3
8.87600000E-5,-4.03447305E-3
8.88000000E-5,-3.90811612E-3
8.88400000E-5,-4.01903606E-3
8.88800000E-5,-3.81074363E-3
8.89200000E-5,-4.17416588E-3
8.89600000E-5,-3.95948080E-3
8.90000000E-5,-3.83066749E-3
8.90400000E-5,-3.63560761E-3
8.90800000E-5,-3.98054398E-3
8.91200000E-5,-4.07559724E-3
8.91600000E-5,-3.64578753E-3
8.92000000E-5,-4.12291861E-3
8.92400000E-5,-3.84094358E-3
8.92800000E-5,-4.26601291E-3
8.93200000E-5,-3.86864196E-3
8.93600000E-5,-3.96338229E-3
8.94000000E-5,-4.17378124E-3
8.94400000E-5,-4.02689408E-3
8.94800000E-5,-4.04237537E-3
8.95200000E-5,-4.06528802E-3
8.95600000E-5,-4.21022008E-3
8.96000000E-5,-3.88104613E-3
8.96400000E-5,-4.02245708E-3
8.96800000E-5,-4.02969512E-3
8.97200000E-5,-3.93355415E-3
8.97600000E-5,-4.10242582E-3
8.98000000E-5,-4.23964902E-3
8.98400000E-5,-3.99627222E-3
8.98800000E-5,-3.75982831E-3
8.99200000E-5,-4.20833620E-3
8.99600000E-5,-4.02361236E-3
9.00000000E-5,-4.07666431E-3
9.00400000E-5,-4.08668788E-3
9.00800000E-5,-4.18321882E-3
9.01200000E-5,-4.17846378E-3
9.01600000E-5,-4.11985666E-3
9.02000000E-5,-4.10288117E-3
9.02400000E-5,-3.86908372E-3
9.02800000E-5,-4.21326921E-3
9.03200000E-5,-4.02736981E-3
9.03600000E-5,-3.91921236E-3
9.04000000E-5,-4.16391826E-3
9.04400000E-5,-4.15508222E-3
9.04800000E-5,-3.93101527E-3
9.05200000E-5,-4.07755882E-3
9.05600000E-5,-4.18023932E-3
9.06000000E-5,-4.14410248E-3
9.06400000E-5,-3.89005496E-3
9.06800000E-5,-3.86281597E-3
9.07200000E-5,-4.15356127E-3
9.07600000E-5,-3.85327693E-3
9.08000000E-5,-4.24964202E-3
9.08400000E-5,-3.96785673E-3
9.08800000E-5,-3.92284619E-3
9.09200000E-5,-4.07425846E-3
9.09600000E-5,-4.14786762E-3
9.10000000E-5,-3.95173720E-3
9.10400000E-5,-3.95369821E-3
9.10800000E-5,-3.90510517E-3
9.11200000E-5,-3.86880979E-3
9.11600000E-5,-4.29849767E-3
9.12000000E-5,-4.07055943E-3
9.12400000E-5,-3.87245036E-3
9.12800000E-5,-3.61912887E-3
9.13200000E-5,-4.01118980E-3
9.13600000E-5,-4.05201435E-3
9.14000000E-5,-3.97610534E-3
9.14400000E-5,-4.26615224E-3
9.14800000E-5,-4.22682384E-3
9.15200000E-5,-4.05937261E-3
9.15600000E-5,-3.73514953E-3
9.16000000E-5,-3.91883073E-3
9.16400000E-5,-3.82573978E-3
9.16800000E-5,-4.18438225E-3
9.17200000E-5,-4.00615325E-3
9.17600000E-5,-3.98481756E-3
9.18000000E-5,-4.20767108E-3
9.18400000E-5,-3.96571264E-3
9.18800000E-5,-3.76505236E-3
9.19200000E-5,-4.03203798E-3
9.19600000E-5,-4.04027171E-3
9.20000000E-5,-3.87634561E-3
9.20400000E-5,-4.09554673E-3
9.20800000E-5,-4.18628555E-3
9.21200000E-5,-3.99881314E-3
9.21600000E-5,-3.94884232E-3
9.22000000E-5,-4.00949474E-3
9.22400000E-5,-4.36624394E-3
9.22800000E-5,-4.14295625E-3
9.23200000E-5,-3.76282749E-3
9.23600000E-5,-3.64963119E-3
9.24000000E-5,-4.28147371E-3
9.24400000E-5,-3.88053729E-3
9.24800000E-5,-4.10633004E-3
9.25200000E-5,-3.93143133E-3
9.25600000E-5,-4.17973940E-3
9.26000000E-5,-3.99737239E-3
9.26400000E-5,-3.90179963E-3
9.26800000E-5,-4.05421766E-3
9.27200000E-5,-3.94103308E-3
9.27600000E-5,-4.09444396E-3
9.28000000E-5,-3.73720473E-3
9.28400000E-5,-3.96627537E-3
9.28800000E-5,-3.69449255E-3
9.29200000E-5,-3.91493048E-3
9.29600000E-5,-3.85240511E-3
9.30000000E-5,-4.24451084E-3
9.30400000E-5,-3.88644280E-3
9.30800000E-5,-3.94878435E-3
9.31200000E-5,-4.13640096E-3
9.31600000E-5,-3.94702375E-3
9.32000000E-5,-4.05283582E-3
9.32400000E-5,-3.99402596E-3
9.32800000E-5,-4.09445698E-3
9.33200000E-5,-3.76686449E-3
9.33600000E-5,-4.01056611E-3
9.34000000E-5,-4.02623713E-3
9.34400000E-5,-4.21663681E-3
9.34800000E-5,-4.08688373E-3
9.35200000E-5,-3.98540188E-3
9.35600000E-5,-3.82448605E-3
9.36000000E-5,-3.90047308E-3
9.36400000E-5,-3.98222074E-3
9.36800000E-5,-3.93309596E-3
9.37200000E-5,-3.82667973E-3
9.37600000E-5,-3.92616661E-3
9.38000000E-5,-4.38772967E-3
9.38400000E-5,-4.13247733E-3
9.38800000E-5,-3.57504391E-3
9.39200000E-5,-3.79326219E-3
9.39600000E-5,-3.70025579E-3
9.40000000E-5,-4.10474916E-3
9.40400000E-5,-4.07389946E-3
9.40800000E-5,-3.90528452E-3
9.41200000E-5,-4.00792947E-3
9.41600000E-5,-3.99208284E-3
9.42000000E-5,-4.00524549E-3
9.42400000E-5,-4.28692949E-3
9.42800000E-5,-4.00183049E-3
9.43200000E-5,-3.95926507E-3
9.43600000E-5,-4.09699493E-3
9.44000000E-5,-4.18198845E-3
9.44400000E-5,-4.09054481E-3
9.44800000E-5,-4.06324841E-3
9.45200000E-5,-4.45261484E-3
9.45600000E-5,-4.17580889E-3
9.46000000E-5,-4.12820235E-3
9.46400000E-5,-3.85254552E-3
9.46800000E-5,-4.06261113E-3
9.47200000E-5,-4.12827529E-3
9.47600000E-5,-4.00903341E-3
9.48000000E-5,-3.66278100E-3
9.48400000E-5,-3.89604288E-3
9.48800000E-5,-4.00228392E-3
9.49200000E-5,-4.39322851E-3
9.49600000E-5,-4.14505797E-3
9.50000000E-5,-4.00450076E-3
9.50400000E-5,-3.98243587E-3
9.50800000E-5,-3.94787838E-3
9.51200000E-5,-3.87594880E-3
9.51600000E-5,-4.23171378E-3
9.52000000E-5,-4.03546048E-3
9.52400000E-5,-4.06555286E-3
9.52800000E-5,-3.91594985E-3
9.53200000E-5,-4.11303630E-3
9.53600000E-5,-3.96675756E-3
9.54000000E-5,-4.12744928E-3
9.54400000E-5,-4.16796577E-3
9.54800000E-5,-4.02935301E-3
9.55200000E-5,-4.21307470E-3
9.55600000E-5,-4.32936576E-3
9.56000000E-5,-3.98179702E-3
9.56400000E-5,-3.99503555E-3
9.56800000E-5,-3.96435961E-3
9.57200000E-5,-4.09486965E-3
9.57600000E-5,-3.96247420E-3
9.58000000E-5,-3.98170710E-3
9.58400000E-5,-4.09559392E-3
9.58800000E-5,-4.04801308E-3
9.59200000E-5,-4.05837736E-3
9.59600000E-5,-4.14920362E-3
9.60000000E-5,-3.95370998E-3
9.60400000E-5,-4.12314124E-3
9.60800000E-5,-4.05445786E-3
9.61200000E-5,-4.14167965E-3
9.61600000E-5,-3.94572901E-3
9.62000000E-5,-4.13597468E-3
9.62400000E-5,-4.12173377E-3
9.62800000E-5,-4.04103690E-3
9.63200000E-5,-4.23679314E-3
9.63600000E-5,-4.06116205E-3
9.64000000E-5,-4.17203178E-3
9.64400000E-5,-4.15790387E-3
9.64800000E-5,-4.18223594E-3
9.65200000E-5,-4.16099018E-3
9.65600000E-5,-4.09356651E-3
9.66000000E-5,-3.85468261E-3
9.66400000E-5,-4.08470575E-3
9.66800000E-5,-3.87547236E-3
9.67200000E-5,-4.09160692E-3
9.67600000E-5,-4.11351722E-3
9.68000000E-5,-3.91229870E-3
9.68400000E-5,-3.83081801E-3
9.68800000E-5,-4.14767741E-3
9.69200000E-5,-4.19447793E-3
9.69600000E-5,-3.80341992E-3
9.70000000E-5,-3.59463294E-3
9.70400000E-5,-4.22005152E-3
9.70800000E-5,-3.79460253E-3
9.71200000E-5,-3.93537788E-3
9.71600000E-5,-3.96197851E-3
9.72000000E-5,-3.90380030E-3
9.72400000E-5,-4.36246121E-3
9.72800000E-5,-4.13468156E-3
9.73200000E-5,-3.96417534E-3
9.73600000E-5,-3.65853101E-3
9.74000000E-5,-4.12428825E-3
9.74400000E-5,-4.31438441E-3
9.74800000E-5,-4.20385016E-3
9.75200000E-5,-3.96388079E-3
9.75600000E-5,-4.07372251E-3
9.76000000E-5,-4.27253554E-3
9.76400000E-5,-4.03024215E-3
9.76800000E-5,-4.16070246E-3
9.77200000E-5,-4.02832746E-3
9.77600000E-5,-3.98600521E-3
9.78000000E-5,-3.91201915E-3
9.78400000E-5,-4.11780096E-3
9.78800000E-5,-3.76856108E-3
9.79200000E-5,-3.88798011E-3
9.79600000E-5,-3.88684744E-3
9.80000000E-5,-4.18366843E-3
9.80400000E-5,-4.16837881E-3
9.80800000E-5,-3.86702814E-3
9.81200000E-5,-4.11691574E-3
9.81600000E-5,-4.04490786E-3
9.82000000E-5,-3.76709470E-3
9.82400000E-5,-3.77798017E-3
9.82800000E-5,-3.96412502E-3
9.83200000E-5,-4.15443857E-3
9.83600000E-5,-4.37851592E-3
9.84000000E-5,-4.14941993E-3
9.84400000E-5,-3.74448169E-3
9.84800000E-5,-4.05486921E-3
9.85200000E-5,-4.20820436E-3
9.85600000E-5,-3.97431787E-3
9.86000000E-5,-3.54049122E-3
9.86400000E-5,-4.04904032E-3
9.86800000E-5,-4.10203069E-3
9.87200000E-5,-3.97127858E-3
9.87600000E-5,-4.07407223E-3
9.88000000E-5,-3.90542774E-3
9.88400000E-5,-4.03018484E-3
9.88800000E-5,-4.04759942E-3
9.89200000E-5,-3.79603258E-3
9.89600000E-5,-3.92665054E-3
9.90000000E-5,-3.78755578E-3
9.90400000E-5,-3.95945819E-3
9.90800000E-5,-4.18675557E-3
9.91200000E-5,-3.91385773E-3
9.91600000E-5,-3.96544395E-3
9.92000000E-5,-4.32212619E-3
9.92400000E-5,-4.13990552E-3
9.92800000E-5,-3.82612759E-3
9.93200000E-5,-3.79284212E-3
9.93600000E-5,-3.91127664E-3
9.94000000E-5,-3.96683211E-3
9.94400000E-5,-4.44385997E-3
9.94800000E-5,-4.08169453E-3
9.95200000E-5,-3.91653184E-3
9.95600000E-5,-3.96294097E-3
9.96000000E-5,-4.08429057E-3
9.96400000E-5,-4.07860618E-3
9.96800000E-5,-4.11385986E-3
9.97200000E-5,-4.13373447E-3
9.97600000E-5,-3.92381471E-3
9.98000000E-5,-3.73503429E-3
9.98400000E-5,-4.02175133E-3
9.98800000E-5,-4.04397124E-3
9.99200000E-5,-4.00528585E-3
9.99600000E-5,-3.83075540E-3
1.00000000E-4,-4.29118485E-3
1.00040000E-4,-3.69632688E-3
1.00080000E-4,-3.92040763E-3
1.00120000E-4,-4.19851828E-3
1.00160000E-4,-3.95629875E-3
1.00200000E-4,-3.88014812E-3
1.00240000E-4,-3.86687784E-3
1.00280000E-4,-3.91115559E-3
1.00320000E-4,-3.92835471E-3
1.00360000E-4,-3.82529016E-3
1.00400000E-4,-3.88243264E-3
1.00440000E-4,-4.23360023E-3
1.00480000E-4,-3.60884615E-3
1.00520000E-4,-3.98930727E-3
1.00560000E-4,-3.59449592E-3
1.00600000E-4,-3.61476766E-3
1.00640000E-4,-3.71183102E-3
1.00680000E-4,-3.58472251E-3
1.00720000E-4,-3.62092898E-3
1.00760000E-4,-3.68999284E-3
1.00800000E-4,-3.51817386E-3
1.00840000E-4,-3.45648126E-3
1.00880000E-4,-3.45134757E-3
1.00920000E-4,-3.48052658E-3
1.00960000E-4,-3.32829609E-3
1.01000000E-4,-3.54094736E-3
1.01040000E-4,-3.39589905E-3
1.01080000E-4,-3.22707857E-3
1.01120000E-4,-3.44366046E-3
1.01160000E-4,-3.33912232E-3
1.01200000E-4,-3.54265464E-3
1.01240000E-4,-3.31054438E-3
1.01280000E-4,-3.11670754E-3
1.01320000E-4,-3.18507764E-3
1.01360000E-4,-3.40458008E-3
1.01400000E-4,-3.61173457E-3
1.01440000E-4,-3.15465479E-3
1.01480000E-4,-3.32542999E-3
1.01520000E-4,-3.26777747E-3
1.01560000E-4,-3.23886649E-3
1.01600000E-4,-3.27977142E-3
1.01640000E-4,-3.19277045E-3
1.01680000E-4,-3.07458659E-3
1.01720000E-4,-3.08039158E-3
1.01760000E-4,-3.16162618E-3
1.01800000E-4,-3.17194412E-3
1.01840000E-4,-3.25021775E-3
1.01880000E-4,-2.97015720E-3
1.01920000E-4,-3.06785416E-3
1.01960000E-4,-2.80227001E-3
1.02000000E-4,-2.74128145E-3
1.02040000E-4,-3.06884091E-3
1.02080000E-4,-3.06898313E-3
1.02120000E-4,-3.18751260E-3
1.02160000E-4,-3.01334332E-3
1.02200000E-4,-3.07428988E-3
1.02240000E-4,-2.94991261E-3
1.02280000E-4,-3.13123226E-3
1.02320000E-4,-3.15024327E-3
1.02360000E-4,-2.96675182E-3
1.02400000E-4,-2.99440356E-3
1.02440000E-4,-3.08353745E-3
1.02480000E-4,-2.81643138E-3
1.02520000E-4,-2.87777367E-3
1.02560000E-4,-2.53656420E-3
1.02600000E-4,-2.86140191E-3
1.02640000E-4,-2.87391073E-3
1.02680000E-4,-2.80176180E-3
1.02720000E-4,-2.55968612E-3
1.02760000E-4,-2.75675631E-3
1.02800000E-4,-2.79108505E-3
1.02840000E-4,-2.81657989E-3
1.02880000E-4,-2.86774578E-3
1.02920000E-4,-2.83806350E-3
1.02960000E-4,-2.53719999E-3
1.03000000E-4,-2.57295844E-3
1.03040000E-4,-2.66652453E-3
1.03080000E-4,-2.45120210E-3
1.03120000E-4,-2.37367366E-3
1.03160000E-4,-2.59446631E-3
1.03200000E-4,-2.34481010E-3
1.03240000E-4,-2.44037079E-3
1.03280000E-4,-2.43088128E-3
1.03320000E-4,-2.47925248E-3
1.03360000E-4,-2.83045781E-3
1.03400000E-4,-2.46549799E-3
1.03440000E-4,-2.49668256E-3
1.03480000E-4,-2.60512832E-3
1.03520000E-4,-2.34556909E-3
1.03560000E-4,-2.27986308E-3
1.03600000E-4,-2.35700192E-3
1.03640000E-4,-2.41588425E-3
1.03680000E-4,-2.17052527E-3
1.03720000E-4,-2.36537273E-3
1.03760000E-4,-2.32881675E-3
1.03800000E-4,-2.26941258E-3
1.03840000E-4,-2.66692777E-3
1.03880000E-4,-2.32072571E-3
1.03920000E-4,-2.19206579E-3
1.03960000E-4,-2.56089400E-3
1.04000000E-4,-2.45696377E-3
1.04040000E-4,-2.43191781E-3
1.04080000E-4,-2.22020146E-3
1.04120000E-4,-2.27056862E-3
1.04160000E-4,-2.17915505E-3
1.04200000E-4,-2.09467692E-3
1.04240000E-4,-2.17804862E-3
1.04280000E-4,-2.22444662E-3
1.04320000E-4,-2.27280890E-3
1.04360000E-4,-2.34154098E-3
1.04400000E-4,-2.47679467E-3
1.04440000E-4,-2.40650767E-3
1.04480000E-4,-2.15675765E-3
1.04520000E-4,-2.37215040E-3
1.04560000E-4,-2.13973148E-3
1.04600000E-4,-2.05189561E-3
1.04640000E-4,-1.83942077E-3
1.04680000E-4,-2.22772154E-3
1.04720000E-4,-2.15869630E-3
1.04760000E-4,-2.04869428E-3
1.04800000E-4,-2.07173037E-3
1.04840000E-4,-2.01984537E-3
1.04880000E-4,-2.05165751E-3
1.04920000E-4,-2.02017831E-3
1.04960000E-4,-1.99221794E-3
1.05000000E-4,-1.86863354E-3
1.05040000E-4,-1.85366461E-3
1.05080000E-4,-1.74241867E-3
1.05120000E-4,-1.89622684E-3
1.05160000E-4,-2.10254023E-3
1.05200000E-4,-2.07059268E-3
1.05240000E-4,-2.15144196E-3
1.05280000E-4,-2.01219231E-3
1.05320000E-4,-1.96505509E-3
1.05360000E-4,-1.77322041E-3
1.05400000E-4,-1.95921386E-3
1.05440000E-4,-1.94051765E-3
1.05480000E-4,-1.88959983E-3
1.05520000E-4,-1.88222026E-3
1.05560000E-4,-2.00880348E-3
1.05600000E-4,-2.19498302E-3
1.05640000E-4,-1.81484287E-3
1.05680000E-4,-1.74635903E-3
1.05720000E-4,-1.92181550E-3
1.05760000E-4,-1.94389925E-3
1.05800000E-4,-1.86050497E-3
1.05840000E-4,-1.84416484E-3
1.05880000E-4,-1.73874270E-3
1.05920000E-4,-1.87338625E-3
1.05960000E-4,-1.73241626E-3
1.06000000E-4,-1.72924161E-3
1.06040000E-4,-1.87872922E-3
1.06080000E-4,-1.89608083E-3
1.06120000E-4,-1.83602314E-3
1.06160000E-4,-1.76270361E-3
1.06200000E-4,-1.70590702E-3
1.06240000E-4,-1.74848484E-3
1.06280000E-4,-1.65720797E-3
1.06320000E-4,-1.94175682E-3
1.06360000E-4,-1.82974536E-3
1.06400000E-4,-1.72298154E-3
1.06440000E-4,-1.62777295E-3
1.06480000E-4,-1.72971652E-3
1.06520000E-4,-1.85310268E-3
1.06560000E-4,-1.49314846E-3
1.06600000E-4,-1.55225383E-3
1.06640000E-4,-1.59497470E-3
1.06680000E-4,-1.52011839E-3
1.06720000E-4,-1.71745759E-3
1.06760000E-4,-1.62714364E-3
1.06800000E-4,-1.58978446E-3
1.06840000E-4,-1.44575942E-3
1.06880000E-4,-1.71007467E-3
1.06920000E-4,-1.66214168E-3
1.06960000E-4,-1.67312554E-3
1.07000000E-4,-1.52497900E-3
1.07040000E-4,-1.55264726E-3
1.07080000E-4,-1.47086070E-3
1.07120000E-4,-1.50383267E-3
1.07160000E-4,-1.57962796E-3
1.07200000E-4,-1.58329153E-3
1.07240000E-4,-1.37753186E-3
1.07280000E-4,-1.52082179E-3
1.07320000E-4,-1.34637030E-3
1.07360000E-4,-1.47128549E-3
1.07400000E-4,-1.28129871E-3
1.07440000E-4,-1.36489294E-3
1.07480000E-4,-1.50895755E-3
1.07520000E-4,-1.48891936E-3
1.07560000E-4,-1.51918423E-3
1.07600000E-4,-1.35209186E-3
1.07640000E-4,-1.27910336E-3
1.07680000E-4,-1.27693350E-3
1.07720000E-4,-1.48652411E-3
1.07760000E-4,-1.52078699E-3
1.07800000E-4,-1.45644416E-3
1.07840000E-4,-1.36019345E-3
1.07880000E-4,-1.38110169E-3
1.07920000E-4,-1.46648791E-3
1.07960000E-4,-1.23331275E-3
1.08000000E-4,-1.32008337E-3
1.08040000E-4,-1.39746259E-3
1.08080000E-4,-1.61340821E-3
1.08120000E-4,-1.26280061E-3
1.08160000E-4,-1.35975921E-3
1.08200000E-4,-1.22342427E-3
1.08240000E-4,-1.20077510E-3
1.08280000E-4,-1.25527011E-3
1.08320000E-4,-1.34572821E-3
1.08360000E-4,-1.30708205E-3
1.08400000E-4,-1.15481847E-3
1.08440000E-4,-1.22278834E-3
1.08480000E-4,-1.26892955E-3
1.08520000E-4,-1.32257312E-3
1.08560000E-4,-1.22142710E-3
1.08600000E-4,-1.22870920E-3
1.08640000E-4,-1.35280163E-3
1.08680000E-4,-1.33118128E-3
1.08720000E-4,-1.21331009E-3
1.08760000E-4,-1.13478098E-3
1.08800000E-4,-1.19583301E-3
1.08840000E-4,-1.26324882E-3
1.08880000E-4,-1.20035208E-3
1.08920000E-4,-1.15510711E-3
1.08960000E-4,-1.31171368E-3
1.09000000E-4,-1.28131376E-3
1.09040000E-4,-1.17420434E-3
1.09080000E-4,-1.00387110E-3
1.09120000E-4,-9.94511237E-4
1.09160000E-4,-1.08834459E-3
1.09200000E-4,-1.10958244E-3
1.09240000E-4,-1.04225738E-3
1.09280000E-4,-1.11627827E-3
1.09320000E-4,-1.11708171E-3
1.09360000E-4,-1.15972698E-3
1.09400000E-4,-1.06562805E-3
1.09440000E-4,-1.11714640E-3
1.09480000E-4,-1.11158198E-3
1.09520000E-4,-8.58295380E-4
1.09560000E-4,-1.01303508E-3
1.09600000E-4,-1.04751923E-3
1.09640000E-4,-1.09324148E-3
1.09680000E-4,-9.11280403E-4
1.09720000E-4,-1.11244120E-3
1.09760000E-4,-1.08475355E-3
1.09800000E-4,-1.06011131E-3
1.09840000E-4,-1.21844100E-3
1.09880000E-4,-9.81772456E-4
1.09920000E-4,-1.07063852E-3
1.09960000E-4,-1.07985247E-3
1.10000000E-4,-1.00474819E-3
1.10040000E-4,-1.07052953E-3
1.10080000E-4,-1.00967074E-3
1.10120000E-4,-1.06248094E-3
1.10160000E-4,-1.04197849E-3
1.10200000E-4,-9.64628919E-4
1.10240000E-4,-1.00866058E-3
1.10280000E-4,-9.92252612E-4
1.10320000E-4,-1.05152205E-3
1.10360000E-4,-1.02727814E-3
1.10400000E-4,-1.00515871E-3
1.10440000E-4,-9.30222779E-4
1.10480000E-4,-8.96249550E-4
1.10520000E-4,-8.36141505E-4
1.10560000E-4,-1.15366383E-3
1.10600000E-4,-8.93922919E-4
1.10640000E-4,-9.15849304E-4
1.10680000E-4,-1.03578191E-3
1.10720000E-4,-8.98936261E-4
1.10760000E-4,-7.81596633E-4
1.10800000E-4,-7.94909002E-4
1.10840000E-4,-9.83414054E-4
1.10880000E-4,-9.41212665E-4
1.10920000E-4,-9.51172392E-4
1.10960000E-4,-9.93415323E-4
1.11000000E-4,-8.49032684E-4
1.11040000E-4,-9.92067571E-4
1.11080000E-4,-7.77397948E-4
1.11120000E-4,-8.82730024E-4
1.11160000E-4,-8.67449042E-4
1.11200000E-4,-9.23597222E-4
1.11240000E-4,-8.77824142E-4
1.11280000E-4,-8.29752296E-4
1.11320000E-4,-1.00285050E-3
1.11360000E-4,-6.43594991E-4
1.11400000E-4,-8.46239858E-4
1.11440000E-4,-8.10823004E-4
1.11480000E-4,-7.48005207E-4
1.11520000E-4,-7.71393499E-4
1.11560000E-4,-8.74344012E-4
1.11600000E-4,-9.64564746E-4
1.11640000E-4,-8.81655767E-4
1.11680000E-4,-9.47219183E-4
1.11720000E-4,-7.02056308E-4
1.11760000E-4,-8.75942313E-4
1.11800000E-4,-7.82142277E-4
1.11840000E-4,-7.77413741E-4
1.11880000E-4,-6.43048888E-4
1.11920000E-4,-7.31212527E-4
1.11960000E-4,-7.88009826E-4
1.12000000E-4,-8.65049292E-4
1.12040000E-4,-7.17987171E-4
1.12080000E-4,-7.14369169E-4
1.12120000E-4,-7.09146028E-4
1.12160000E-4,-6.91935601E-4
1.12200000E-4,-6.82292637E-4
1.12240000E-4,-8.31300577E-4
1.12280000E-4,-7.84457093E-4
1.12320000E-4,-6.99447837E-4
1.12360000E-4,-7.92237379E-4
1.12400000E-4,-8.00100004E-4
1.12440000E-4,-6.08629693E-4
1.12480000E-4,-8.29556192E-4
1.12520000E-4,-7.12243372E-4
1.12560000E-4,-5.89473388E-4
1.12600000E-4,-6.04645232E-4
1.12640000E-4,-6.85525650E-4
1.12680000E-4,-6.96796203E-4
1.12720000E-4,-6.86077503E-4
1.12760000E-4,-6.11302623E-4
1.12800000E-4,-6.20727834E-4
1.12840000E-4,-6.16880626E-4
1.12880000E-4,-5.91854274E-4
1.12920000E-4,-5.80403382E-4
1.12960000E-4,-7.50837744E-4
1.13000000E-4,-5.94030330E-4
1.13040000E-4,-6.80299419E-4
1.13080000E-4,-5.88284414E-4
1.13120000E-4,-5.11350758E-4
1.13160000E-4,-5.79813000E-4
1.13200000E-4,-5.11181557E-4
1.13240000E-4,-7.15364596E-4
1.13280000E-4,-7.13116432E-4
1.13320000E-4,-6.53519937E-4
1.13360000E-4,-5.95198763E-4
1.13400000E-4,-5.95421932E-4
1.13440000E-4,-5.90036228E-4
1.13480000E-4,-6.47976324E-4
1.13520000E-4,-5.89132516E-4
1.13560000E-4,-5.97556007E-4
1.13600000E-4,-5.87447994E-4
1.13640000E-4,-5.89237401E-4
1.13680000E-4,-4.95041886E-4
1.13720000E-4,-6.22000456E-4
1.13760000E-4,-7.15211073E-4
1.13800000E-4,-5.58619666E-4
1.13840000E-4,-6.94459319E-4
1.13880000E-4,-6.19020338E-4
1.13920000E-4,-5.59666953E-4
1.13960000E-4,-6.71745170E-4
1.14000000E-4,-6.84550594E-4
1.14040000E-4,-4.91308518E-4
1.14080000E-4,-5.75759341E-4
1.14120000E-4,-6.21388654E-4
1.14160000E-4,-5.09252073E-4
1.14200000E-4,-5.59612871E-4
1.14240000E-4,-6.47589370E-4
1.14280000E-4,-5.22030566E-4
1.14320000E-4,-4.98253671E-4
1.14360000E-4,-4.52296598E-4
1.14400000E-4,-5.83187472E-4
1.14440000E-4,-4.19157472E-4
1.14480000E-4,-5.57101302E-4
1.14520000E-4,-4.88777066E-4
1.14560000E-4,-4.27982870E-4
1.14600000E-4,-5.17284863E-4
1.14640000E-4,-5.23629449E-4
1.14680000E-4,-5.46124834E-4
1.14720000E-4,-5.00157567E-4
1.14760000E-4,-5.33936123E-4
1.14800000E-4,-5.53096843E-4
1.14840000E-4,-5.12155125E-4
1.14880000E-4,-4.38924949E-4
1.14920000E-4,-4.97023440E-4
1.14960000E-4,-5.55688396E-4
1.15000000E-4,-5.03662645E-4
1.15040000E-4,-4.45084922E-4
1.15080000E-4,-3.79263690E-4
1.15120000E-4,-4.33854567E-4
1.15160000E-4,-4.85771675E-4
1.15200000E-4,-4.59180497E-4
1.15240000E-4,-4.40480115E-4
1.15280000E-4,-3.92072281E-4
1.15320000E-4,-4.81010199E-4
1.15360000E-4,-5.33827108E-4
1.15400000E-4,-4.12610202E-4
1.15440000E-4,-5.64763218E-4
1.15480000E-4,-4.80584860E-4
1.15520000E-4,-5.11964905E-4
1.15560000E-4,-4.35773532E-4
1.15600000E-4,-4.76911888E-4
1.15640000E-4,-5.15219071E-4
1.15680000E-4,-4.26131893E-4
1.15720000E-4,-4.49167459E-4
1.15760000E-4,-4.19205833E-4
1.15800000E-4,-3.61037895E-4
1.15840000E-4,-4.54621704E-4
1.15880000E-4,-3.47585278E-4
1.15920000E-4,-3.88524574E-4
1.15960000E-4,-3.24529437E-4
1.16000000E-4,-4.07210574E-4
1.16040000E-4,-3.82289270E-4
1.16080000E-4,-4.01942915E-4
1.16120000E-4,-3.98931412E-4
1.16160000E-4,-5.07273380E-4
1.16200000E-4,-4.47411993E-4
1.16240000E-4,-3.68711464E-4
1.16280000E-4,-4.62279042E-4
1.16320000E-4,-3.94890465E-4
1.16360000E-4,-4.46810596E-4
1.16400000E-4,-5.06393902E-4
1.16440000E-4,-4.06707282E-4
1.16480000E-4,-3.85134176E-4
1.16520000E-4,-4.26973482E-4
1.16560000E-4,-3.63857424E-4
1.16600000E-4,-3.98244385E-4
1.16640000E-4,-4.73980045E-4
1.16680000E-4,-3.30410680E-4
1.16720000E-4,-2.44329218E-4
1.16760000E-4,-3.26610774E-4
1.16800000E-4,-3.63745720E-4
1.16840000E-4,-3.54170467E-4
1.16880000E-4,-3.37900171E-4
1.16920000E-4,-4.54057854E-4
1.16960000E-4,-3.40398531E-4
1.17000000E-4,-3.54075681E-4
1.17040000E-4,-4.14969926E-4
1.17080000E-4,-3.56119882E-4
1.17120000E-4,-2.48330025E-4
1.17160000E-4,-3.69255307E-4
1.17200000E-4,-3.72449248E-4
1.17240000E-4,-3.74025929E-4
1.17280000E-4,-3.95658154E-4
1.17320000E-4,-3.94222521E-4
1.17360000E-4,-4.23947455E-4
1.17400000E-4,-3.57442752E-4
1.17440000E-4,-2.97546346E-4
1.17480000E-4,-3.00915277E-4
1.17520000E-4,-3.78193362E-4
1.17560000E-4,-4.06675553E-4
1.17600000E-4,-3.12723053E-4
1.17640000E-4,-3.35408850E-4
1.17680000E-4,-3.74010108E-4
1.17720000E-4,-2.55943064E-4
1.17760000E-4,-2.93342206E-4
1.17800000E-4,-2.84572236E-4
1.17840000E-4,-2.40526689E-4
1.17880000E-4,-3.80195096E-4
1.17920000E-4,-3.10273541E-4
1.17960000E-4,-2.82127119E-4
1.18000000E-4,-3.75193751E-4
1.18040000E-4,-3.45028382E-4
1.18080000E-4,-2.49228653E-4
1.18120000E-4,-3.18022183E-4
1.18160000E-4,-3.10824526E-4
1.18200000E-4,-3.23446988E-4
1.18240000E-4,-3.04844644E-4
1.18280000E-4,-2.80181242E-4
1.18320000E-4,-2.76030451E-4
1.18360000E-4,-3.92978090E-4
1.18400000E-4,-2.94973504E-4
1.18440000E-4,-1.31135488E-4
1.18480000E-4,-3.11417053E-4
1.18520000E-4,-3.40648938E-4
1.18560000E-4,-2.07388354E-4
1.18600000E-4,-2.10832826E-4
1.18640000E-4,-1.61271818E-4
1.18680000E-4,-2.58145709E-4
1.18720000E-4,-2.66381431E-4
1.18760000E-4,-3.28427467E-4
1.18800000E-4,-3.07007626E-4
1.18840000E-4,-3.26648588E-4
1.18880000E-4,-2.41809124E-4
1.18920000E-4,-1.90954762E-4
1.18960000E-4,-2.95798814E-4
1.19000000E-4,-2.80162712E-4
1.19040000E-4,-2.66817022E-4
1.19080000E-4,-2.71434637E-4
1.19120000E-4,-2.37276052E-4
1.19160000E-4,-2.04546424E-4
1.19200000E-4,-2.79269091E-4
1.19240000E-4,-2.08870183E-4
1.19280000E-4,-2.73151718E-4
1.19320000E-4,-2.57235789E-4
1.19360000E-4,-2.81239830E-4
1.19400000E-4,-2.20716488E-4
1.19440000E-4,-2.23314326E-4
1.19480000E-4,-2.76385742E-4
1.19520000E-4,-2.38998168E-4
1.19560000E-4,-2.11883127E-4
1.19600000E-4,-2.48810848E-4
1.19640000E-4,-2.81473309E-4
1.19680000E-4,-1.55852516E-4
1.19720000E-4,-2.09734746E-4
1.19760000E-4,-2.19760582E-4
1.19800000E-4,-3.38419619E-4
1.19840000E-4,-2.43896221E-4
1.19880000E-4,-3.00838220E-4
1.19920000E-4,-1.73290967E-4
1.19960000E-4,-2.57934918E-4
1.20000000E-4,-2.57148394E-4
1.20040000E-4,-2.59052310E-4
1.20080000E-4,-1.73615187E-4
1.20120000E-4,-2.51303391E-4
1.20160000E-4,-3.27788820E-4
1.20200000E-4,-2.17816440E-4
1.20240000E-4,-2.66735692E-4
1.20280000E-4,-2.42097314E-4
1.20320000E-4,-1.47422988E-4
1.20360000E-4,-2.09843599E-4
1.20400000E-4,-1.58315075E-4
1.20440000E-4,-1.27102304E-4
1.20480000E-4,-1.26725231E-4
1.20520000E-4,-1.90726833E-4
1.20560000E-4,-1.36061579E-4
1.20600000E-4,-1.70873879E-4
1.20640000E-4,-2.14711162E-4
1.20680000E-4,-2.25604365E-4
1.20720000E-4,-1.52930763E-4
1.20760000E-4,-1.91594934E-4
1.20800000E-4,-1.79594421E-4
1.20840000E-4,-1.39564015E-4
1.20880000E-4,-1.57083404E-4
1.20920000E-4,-2.56642279E-4
1.20960000E-4,-2.88770177E-4
1.21000000E-4,-1.59592493E-4
1.21040000E-4,-1.53971946E-4
1.21080000E-4,-1.78022393E-4
1.21120000E-4,-2.08429280E-4
1.21160000E-4,-1.03523773E-4
1.21200000E-4,-2.37241233E-4
1.21240000E-4,-1.88341884E-4
1.21280000E-4,-2.26624644E-4
1.21320000E-4,-2.06705524E-4
1.21360000E-4,-2.23283083E-4
1.21400000E-4,-2.21382181E-4
1.21440000E-4,-1.82323856E-4
1.21480000E-4,-1.68718804E-4
1.21520000E-4,-1.41587454E-4
1.21560000E-4,-1.59570272E-4
1.21600000E-4,-9.81443153E-5
1.21640000E-4,-1.47648847E-4
1.21680000E-4,-2.04366446E-4
1.21720000E-4,-1.96513625E-4
1.21760000E-4,-1.15030312E-4
1.21800000E-4,-2.09843980E-4
1.21840000E-4,-1.96155720E-4
1.21880000E-4,-2.46916880E-4
1.21920000E-4,-1.40567900E-4
1.21960000E-4,-1.03688644E-4
1.22000000E-4,-2.50848726E-4
1.22040000E-4,-1.48746879E-4
1.22080000E-4,-1.53623388E-4
1.22120000E-4,-2.26366198E-4
1.22160000E-4,-2.34230655E-4
1.22200000E-4,-1.64725655E-4
1.22240000E-4,-2.03629409E-4
1.22280000E-4,-1.46196591E-4
1.22320000E-4,-1.30548130E-4
1.22360000E-4,-1.96632710E-4
1.22400000E-4,-1.61693714E-4
1.22440000E-4,-1.71808928E-4
1.22480000E-4,-1.31019016E-4
1.22520000E-4,-9.59330210E-5
1.22560000E-4,-1.75686883E-4
1.22600000E-4,-1.28972717E-4
1.22640000E-4,-1.52545135E-4
1.22680000E-4,-1.69136227E-4
1.22720000E-4,-1.74610547E-4
1.22760000E-4,-1.92391529E-4
1.22800000E-4,-1.52380359E-4
1.22840000E-4,-1.77189511E-4
1.22880000E-4,-1.51178291E-4
1.22920000E-4,-1.13163933E-4
1.22960000E-4,-7.17700880E-5
1.23000000E-4,-6.43430817E-5
1.23040000E-4,-2.27710440E-4
1.23080000E-4,-1.83396368E-4
1.23120000E-4,-1.27967439E-4
1.23160000E-4,-1.80761108E-4
1.23200000E-4,-1.90611391E-4
1.23240000E-4,-1.76626548E-4
1.23280000E-4,-1.39160153E-4
1.23320000E-4,-1.92266522E-4
1.23360000E-4,-1.75610503E-4
1.23400000E-4,-8.84410505E-5
1.23440000E-4,-9.79260097E-5
1.23480000E-4,-1.13668875E-4
1.23520000E-4,-1.26221605E-4
1.23560000E-4,-7.29791278E-5
1.23600000E-4,-8.00656627E-5
1.23640000E-4,-1.52078712E-4
1.23680000E-4,-1.59130085E-4
1.23720000E-4,-1.34904467E-4
1.23760000E-4,-8.13729882E-5
1.23800000E-4,-1.01732792E-4
1.23840000E-4,-1.60244940E-4
1.23880000E-4,-1.42777116E-4
1.23920000E-4,-7.68923589E-5
1.23960000E-4,-9.98021638E-5
1.24000000E-4,-1.24026971E-4
1.24040000E-4,-8.49386241E-5
1.24080000E-4,-1.63852223E-4
1.24120000E-4,-9.92745339E-5
1.24160000E-4,-1.00082134E-4
1.24200000E-4,-1.53825176E-4
1.24240000E-4,-1.23663593E-4
1.24280000E-4,-1.15436501E-4
1.24320000E-4,-9.68127189E-5
1.24360000E-4,-7.74288580E-5
1.24400000E-4,-2.55800425E-5
1.24440000E-4,-1.20187907E-4
1.24480000E-4,-1.27758241E-4
1.24520000E-4,-1.33294321E-4
1.24560000E-4,-6.12055693E-5
1.24600000E-4,-1.13710293E-4
1.24640000E-4,-7.01883427E-5
1.24680000E-4,-6.27412616E-5
1.24720000E-4,-7.90154288E-5
1.24760000E-4,-1.02019304E-4
1.24800000E-4,-1.49459865E-4
1.24840000E-4,-8.75915078E-5
1.24880000E-4,-7.95698951E-5
1.24920000E-4,-9.86395775E-5
1.24960000E-4,-9.14934474E-5
1.25000000E-4,-7.90306304E-5
1.25040000E-4,-1.11955361E-4
1.25080000E-4,-1.43716887E-5
1.25120000E-4,-1.58048141E-4
1.25160000E-4,-8.11296391E-5
1.25200000E-4,-5.19499401E-5
1.25240000E-4,-7.39447708E-5
1.25280000E-4,-5.40117078E-5
1.25320000E-4,-7.17865770E-5
1.25360000E-4,-5.92190942E-5
1.25400000E-4,-9.70933662E-5
1.25440000E-4,-1.48521459E-4
1.25480000E-4,-1.03488373E-4
1.25520000E-4,-1.29605413E-4
1.25560000E-4,-1.39236237E-4
1.25600000E-4,-4.14827535E-5
1.25640000E-4,-9.47159609E-5
1.25680000E-4,-9.08544570E-5
1.25720000E-4,-7.55038662E-5
1.25760000E-4,-1.11758265E-4
1.25800000E-4,-1.06157803E-4
1.25840000E-4,-1.26314636E-4
1.25880000E-4,-8.51735999E-5
1.25920000E-4,-7.90425704E-5
1.25960000E-4,-8.00259231E-5
1.26000000E-4,-3.42384808E-5
1.26040000E-4,-6.57897199E-5
1.26080000E-4,-4.14581582E-5
1.26120000E-4,-5.05928233E-5
1.26160000E-4,-6.87364021E-5
1.26200000E-4,-7.65388986E-5
1.26240000E-4,-6.09824191E-5
1.26280000E-4,-4.67630006E-5
1.26320000E-4,-7.21976584E-5
1.26360000E-4,-7.68767759E-5
1.26400000E-4,-7.76045248E-5
1.26440000E-4,-1.19827371E-4
1.26480000E-4,-9.28674729E-5
1.26520000E-4,-6.90463367E-5
1.26560000E-4,-7.28347510E-5
1.26600000E-4,-8.32684351E-5
1.26640000E-4,-1.42552363E-4
1.26680000E-4,-6.57808412E-5
1.26720000E-4,-2.90906132E-5
1.26760000E-4,-5.44041925E-5
1.26800000E-4,-6.34626496E-5
1.26840000E-4,-8.63420799E-5
1.26880000E-4,-7.42668075E-5
1.26920000E-4,-4.18513582E-5
1.26960000E-4,-4.13513944E-5
1.27000000E-4,-1.95285112E-5
1.27040000E-4,-1.00055631E-4
1.27080000E-4,-5.13782886E-5
1.27120000E-4,-6.88802448E-5
1.27160000E-4,-5.87019833E-5
1.27200000E-4,-5.39135080E-5
1.27240000E-4,-7.77709505E-5
1.27280000E-4,-1.18077226E-4
1.27320000E-4,-8.03649162E-5
1.27360000E-4,-3.56113999E-5
1.27400000E-4,-6.03881178E-5
1.27440000E-4,-1.07557846E-5
1.27480000E-4,-4.16072652E-5
1.27520000E-4,-3.03613557E-5
1.27560000E-4,-6.04533491E-5
1.27600000E-4,-5.98898897E-5
1.27640000E-4,-3.08424940E-5
1.27680000E-4,-2.32164273E-5
1.27720000E-4,-2.43021760E-5
1.27760000E-4,-3.62759012E-5
1.27800000E-4,-5.95791254E-5
1.27840000E-4,-3.30088035E-5
1.27880000E-4,-3.79630942E-5
1.27920000E-4,-5.94241723E-5
1.27960000E-4,-3.21893874E-5
1.28000000E-4,-6.91026703E-5
1.28040000E-4,-8.72442463E-5
1.28080000E-4,-3.06174936E-5
1.28120000E-4,-5.71954735E-5
1.28160000E-4,-6.62505449E-5
1.28200000E-4,-9.78231193E-6
1.28240000E-4,-6.68573203E-5
1.28280000E-4,-5.22951130E-5
1.28320000E-4,-7.01944844E-5
1.28360000E-4,-9.37077554E-5
1.28400000E-4,1.17454837E-6
1.28440000E-4,-7.18097704E-5
1.28480000E-4,-4.49993610E-5
1.28520000E-4,-8.79799108E-5
1.28560000E-4,-9.52445158E-5
1.28600000E-4,-4.70351220E-5
1.28640000E-4,-3.17817965E-5
1.28680000E-4,-3.62368673E-5
1.28720000E-4,-6.99465958E-5
1.28760000E-4,-2.68803203E-5
1.28800000E-4,-1.77209931E-5
1.28840000E-4,-4.24776743E-5
1.28880000E-4,-5.74181469E-5
1.28920000E-4,-1.75672036E-5
1.28960000E-4,-5.90942487E-5
1.29000000E-4,-9.33203728E-5
1.29040000E-4,-2.98203935E-5
1.29080000E-4,-2.09258826E-5
1.29120000E-4,-7.24878043E-5
1.29160000E-4,-4.47352981E-5
1.29200000E-4,-1.02815699E-4
1.29240000E-4,2.25824210E-5
1.29280000E-4,-1.23715665E-5
1.29320000E-4,-6.32829487E-5
1.29360000E-4,-6.56364183E-6
1.29400000E-4,-5.30384751E-6
1.29440000E-4,-2.75771011E-7
1.29480000E-4,-3.81326194E-5
1.29520000E-4,-2.48905740E-5
1.29560000E-4,-4.55164623E-5
1.29600000E-4,-5.17762570E-5
1.29640000E-4,-3.42291252E-5
1.29680000E-4,-3.98069187E-5
1.29720000E-4,-6.94182793E-5
1.29760000E-4,-1.27130201E-5
1.29800000E-4,-2.17604351E-6
1.29840000E-4,-3.22846785E-5
1.29880000E-4,3.11376813E-5
1.29920000E-4,-1.32461431E-5
1.29960000E-4,-7.55896683E-5
1.30000000E-4,-5.74722584E-5
1.30040000E-4,-2.70850265E-5
1.30080000E-4,-7.83301566E-5
1.30120000E-4,-8.50631469E-6
1.30160000E-4,-9.84897377E-6
1.30200000E-4,-2.63779437E-5
1.30240000E-4,-2.79808223E-5
1.30280000E-4,-3.82752414E-5
1.30320000E-4,-2.93682851E-5
1.30360000E-4,1.80471653E-5
1.30400000E-4,-1.48613051E-5
1.30440000E-4,-7.78545115E-5
1.30480000E-4,-5.37383562E-5
1.30520000E-4,-4.10592553E-5
1.30560000E-4,-3.18866450E-6
1.30600000E-4,-1.73393994E-5
1.30640000E-4,-1.53621463E-5
1.30680000E-4,3.34001402E-5
1.30720000E-4,-1.54780368E-5
1.30760000E-4,9.98420128E-6
1.30800000E-4,-5.06890872E-5
1.30840000E-4,2.15423819E-5
1.30880000E-4,-5.82928395E-6
1.30920000E-4,8.07465907E-6
1.30960000E-4,-2.25341877E-5
1.31000000E-4,-3.06862440E-5
1.31040000E-4,-3.98071190E-5
1.31080000E-4,-4.47599315E-5
1.31120000E-4,1.54182760E-5
1.31160000E-4,-1.41658953E-5
1.31200000E-4,-6.31035545E-6
1.31240000E-4,-3.27104560E-5
1.31280000E-4,-5.00185397E-5
1.31320000E-4,1.39182893E-5
1.31360000E-4,-1.05094600E-5
1.31400000E-4,-1.54488067E-5
1.31440000E-4,-2.07908709E-5
1.31480000E-4,-1.72210961E-5
1.31520000E-4,-2.43620382E-5
1.31560000E-4,-1.48777751E-5
1.31600000E-4,-2.06028445E-5
1.31640000E-4,-1.44344038E-6
1.31680000E-4,-4.83839037E-5
1.31720000E-4,-5.55990908E-6
1.31760000E-4,1.66312831E-5
1.31800000E-4,-1.54723147E-5
1.31840000E-4,8.98991945E-6
1.31880000E-4,-3.10226240E-5
1.31920000E-4,-8.67233986E-6
1.31960000E-4,1.06681765E-5
1.32000000E-4,-4.59258556E-5
1.32040000E-4,-1.06217243E-7
1.32080000E-4,-4.50540542E-5
1.32120000E-4,-2.27526745E-5
1.32160000E-4,-8.57169059E-7
1.32200000E-4,-6.85655609E-5
1.32240000E-4,3.70062200E-6
1.32280000E-4,-2.84441078E-5
1.32320000E-4,-2.59750830E-5
1.32360000E-4,-1.25818421E-5
1.32400000E-4,9.03060320E-6
1.32440000E-4,-3.62419408E-5
1.32480000E-4,-4.43917274E-5
1.32520000E-4,-1.84829423E-6
1.32560000E-4,-1.20665623E-5
1.32600000E-4,4.59623668E-6
1.32640000E-4,-1.12521435E-5
1.32680000E-4,-1.96063597E-5
1.32720000E-4,-3.19892207E-5
1.32760000E-4,1.89621300E-5
1.32800000E-4,-7.51292130E-7
1.32840000E-4,-6.13682486E-6
1.32880000E-4,-1.43396071E-5
1.32920000E-4,5.69222636E-7
1.32960000E-4,4.92417669E-6
1.33000000E-4,3.47204261E-5
1.33040000E-4,-1.15400292E-5
1.33080000E-4,-2.56327345E-6
1.33120000E-4,-1.80095082E-5
1.33160000E-4,-3.45107262E-5
1.33200000E-4,-3.33154098E-5
1.33240000E-4,-3.63856500E-5
1.33280000E-4,-2.05868037E-5
1.33320000E-4,-1.40868834E-5
1.33360000E-4,-5.07291526E-6
1.33400000E-4,-7.03172429E-6
1.33440000E-4,-1.05761219E-5
1.33480000E-4,1.65216758E-6
1.33520000E-4,-3.11948862E-5
1.33560000E-4,-2.52014719E-5
1.33600000E-4,-3.72766108E-5
1.33640000E-4,1.31802884E-5
1.33680000E-4,-2.29489884E-5
1.33720000E-4,1.04970969E-5
1.33760000E-4,-2.54002462E-5
1.33800000E-4,-2.16194232E-5
1.33840000E-4,-1.66955833E-5
1.33880000E-4,-2.09675582E-5
1.33920000E-4,9.24327258E-6
1.33960000E-4,-4.32594298E-5
1.34000000E-4,-1.64475803E-5
1.34040000E-4,-4.75437642E-5
1.34080000E-4,2.05445604E-6
1.34120000E-4,-1.11621071E-5
1.34160000E-4,2.55969571E-5
1.34200000E-4,-4.13686749E-5
1.34240000E-4,-1.02220607E-5
1.34280000E-4,-3.97995674E-6
1.34320000E-4,-3.17156115E-5
1.34360000E-4,-2.31813130E-5
1.34400000E-4,1.98458524E-5
1.34440000E-4,8.98911836E-6
1.34480000E-4,2.44842766E-5
1.34520000E-4,1.74109787E-5
1.34560000E-4,3.37295298E-5
1.34600000E-4,-2.19322761E-5
1.34640000E-4,-3.06107988E-5
1.34680000E-4,-2.14236148E-5
1.34720000E-4,2.59859991E-5
1.34760000E-4,1.55344527E-5
1.34800000E-4,8.77947212E-6
1.34840000E-4,4.81921757E-8
1.34880000E-4,5.68389277E-6
1.34920000E-4,4.86849370E-5
1.34960000E-4,-1.26677205E-5
1.35000000E-4,9.35381298E-6
1.35040000E-4,-1.01770378E-5
1.35080000E-4,1.15196266E-5
1.35120000E-4,1.00253237E-5
1.35160000E-4,5.00304667E-5
1.35200000E-4,9.83363745E-8
1.35240000E-4,1.46779958E-5
1.35280000E-4,2.56345224E-5
1.35320000E-4,-1.21531941E-5
1.35360000E-4,2.15819403E-5
1.35400000E-4,-2.39148808E-6
1.35440000E-4,-3.91166412E-6
1.35480000E-4,-6.83861476E-6
1.35520000E-4,-2.14260181E-5
1.35560000E-4,3.17906621E-5
1.35600000E-4,-2.79411876E-5
1.35640000E-4,3.86463507E-5
1.35680000E-4,-2.18579158E-7
1.35720000E-4,6.48730828E-5
1.35760000E-4,1.79923099E-5
1.35800000E-4,1.38558904E-5
1.35840000E-4,-6.45958642E-6
1.35880000E-4,7.91942949E-6
1.35920000E-4,-5.24021836E-6
1.35960000E-4,-1.62031536E-5
1.36000000E-4,8.15490123E-6
1.36040000E-4,7.09998478E-6
1.36080000E-4,9.47339421E-6
1.36120000E-4,-7.42023941E-8
1.36160000E-4,2.12173220E-5
1.36200000E-4,-1.48431567E-5
1.36240000E-4,-2.59521948E-5
1.36280000E-4,8.34413884E-6
1.36320000E-4,3.31466044E-6
1.36360000E-4,6.97766651E-6
1.36400000E-4,1.33674088E-5
1.36440000E-4,-1.15817238E-5
1.36480000E-4,-1.52115039E-5
1.36520000E-4,8.81403328E-6
1.36560000E-4,1.36504212E-5
1.36600000E-4,4.60532439E-5
1.36640000E-4,1.24338665E-5
1.36680000E-4,-2.37351880E-5
1.36720000E-4,1.14808502E-5
1.36760000E-4,2.29108474E-5
1.36800000E-4,1.58597701E-5
1.36840000E-4,1.17422809E-5
1.36880000E-4,3.03648045E-5
1.36920000E-4,2.05269476E-5
1.36960000E-4,3.41487174E-5
1.37000000E-4,1.03983821E-5
1.37040000E-4,1.01327075E-5
1.37080000E-4,1.81521267E-5
1.37120000E-4,-1.12111546E-5
1.37160000E-4,2.27516982E-5
1.37200000E-4,-1.29453924E-5
1.37240000E-4,-1.05004017E-6
1.37280000E-4,-1.41129664E-5
1.37320000E-4,1.79578140E-6
1.37360000E-4,2.36861179E-5
1.37400000E-4,9.64829809E-6
1.37440000E-4,-2.83084587E-6
1.37480000E-4,1.27366223E-7
1.37520000E-4,2.76509715E-5
1.37560000E-4,2.44896935E-5
1.37600000E-4,-1.79796487E-5
1.37640000E-4,6.91101421E-6
1.37680000E-4,-2.29462338E-6
1.37720000E-4,1.69412654E-5
1.37760000E-4,2.04468866E-5
1.37800000E-4,1.10608424E-5
1.37840000E-4,2.23609683E-5
1.37880000E-4,2.38233803E-5
1.37920000E-4,8.46862196E-6
1.37960000E-4,1.41737024E-5
1.38000000E-4,1.02224864E-5
1.38040000E-4,9.91151222E-6
1.38080000E-4,2.93147423E-5
1.38120000E-4,2.90545417E-5
1.38160000E-4,3.71681459E-5
1.38200000E-4,3.68713719E-5
1.38240000E-4,3.57324463E-5
1.38280000E-4,3.13913491E-5
1.38320000E-4,8.82713677E-6
1.38360000E-4,6.43773422E-6
1.38400000E-4,7.80538911E-6
1.38440000E-4,2.12115427E-5
1.38480000E-4,2.10668417E-5
1.38520000E-4,2.67178869E-5
1.38560000E-4,-2.95671357E-5
1.38600000E-4,1.10422744E-5
1.38640000E-4,4.76083134E-6
1.38680000E-4,3.40383677E-5
1.38720000E-4,4.87370935E-5
1.38760000E-4,2.89896347E-5
1.38800000E-4,1.08881415E-5
1.38840000E-4,1.81331772E-5
1.38880000E-4,1.81152386E-5
1.38920000E-4,1.00920809E-5
1.38960000E-4,-3.50247757E-5
1.39000000E-4,2.38480900E-5
1.39040000E-4,1.26423588E-5
1.39080000E-4,3.50553375E-5
1.39120000E-4,3.57754666E-5
1.39160000E-4,7.12198907E-5
1.39200000E-4,-9.51913595E-6
1.39240000E-4,-6.32238129E-6
1.39280000E-4,2.66537714E-5
1.39320000E-4,2.27030894E-5
1.39360000E-4,9.90990051E-6
1.39400000E-4,3.55651241E-5
1.39440000E-4,1.28834881E-7
1.39480000E-4,3.55048901E-5
1.39520000E-4,-1.29916551E-5
1.39560000E-4,3.97586020E-5
1.39600000E-4,3.64020672E-6
1.39640000E-4,3.58543164E-5
1.39680000E-4,-9.00843379E-6
1.39720000E-4,1.37733689E-5
1.39760000E-4,2.51955460E-5
1.39800000E-4,2.22172973E-5
1.39840000E-4,6.71607591E-8
1.39880000E-4,-7.34812636E-7
1.39920000E-4,6.31539893E-5
1.39960000E-4,1.99815316E-5
1.40000000E-4,-3.88246818E-5
1.40040000E-4,3.11461022E-5
1.40080000E-4,4.79183926E-5
1.40120000E-4,6.54654847E-6
1.40160000E-4,1.34879533E-5
1.40200000E-4,1.16941776E-5
1.40240000E-4,1.78727096E-5
1.40280000E-4,2.70397806E-5
1.40320000E-4,2.18176203E-6
1.40360000E-4,5.76299068E-5
1.40400000E-4,-7.36748595E-7
1.40440000E-4,2.08483644E-5
1.40480000E-4,4.00550708E-5
1.40520000E-4,-3.61208639E-6
1.40560000E-4,2.74955702E-5
1.40600000E-4,3.81805746E-6
1.40640000E-4,2.77834559E-5
1.40680000E-4,2.56338548E-5
1.40720000E-4,2.50130986E-5
1.40760000E-4,4.97196451E-5
1.40800000E-4,2.04936166E-5
1.40840000E-4,2.49058293E-5
1.40880000E-4,2.41976021E-5
1.40920000E-4,6.10222124E-5
1.40960000E-4,4.33489477E-5
1.41000000E-4,4.85027852E-5
1.41040000E-4,3.48000293E-5
1.41080000E-4,2.20276019E-5
1.41120000E-4,1.44994203E-5
1.41160000E-4,1.53859560E-5
1.41200000E-4,-1.00974632E-5
1.41240000E-4,2.41481064E-5
1.41280000E-4,2.04556890E-5
1.41320000E-4,3.27079252E-5
1.41360000E-4,5.61276789E-5
1.41400000E-4,3.03927281E-5
1.41440000E-4,4.24192200E-5
1.41480000E-4,2.64434957E-5
1.41520000E-4,2.08106275E-5
1.41560000E-4,5.53992529E-5
1.41600000E-4,3.79273279E-5
1.41640000E-4,3.01342156E-5
1.41680000E-4,4.03768215E-5
1.41720000E-4,2.88783790E-5
1.41760000E-4,2.68219709E-5
1.41800000E-4,2.05910440E-5
1.41840000E-4,1.26413193E-5
1.41880000E-4,2.78092623E-5
1.41920000E-4,5.50580759E-5
1.41960000E-4,5.40982217E-5
1.42000000E-4,3.97485694E-5
1.42040000E-4,2.61557897E-6
1.42080000E-4,2.20493743E-5
1.42120000E-4,2.39913986E-5
1.42160000E-4,1.75021881E-5
1.42200000E-4,1.49731962E-5
1.42240000E-4,-2.13267692E-5
1.42280000E-4,5.66033907E-5
1.42320000E-4,-1.02791095E-5
1.42360000E-4,3.22739462E-5
1.42400000E-4,1.03610839E-5
1.42440000E-4,2.04201170E-5
1.42480000E-4,2.86379195E-5
1.42520000E-4,3.08219006E-5
1.42560000E-4,4.81261887E-5
1.42600000E-4,9.43354016E-6
1.42640000E-4,1.34029427E-5
1.42680000E-4,-9.23766850E-6
1.42720000E-4,-1.78885442E-5
1.42760000E-4,2.36021358E-6
1.42800000E-4,1.48559992E-5
1.42840000E-4,8.69542480E-6
1.42880000E-4,2.42706250E-5
1.42920000E-4,1.07138289E-5
1.42960000E-4,2.51384591E-5
1.43000000E-4,2.75236449E-6
1.43040000E-4,1.19703426E-5
1.43080000E-4,1.19560470E-5
1.43120000E-4,1.79159492E-5
1.43160000E-4,2.97900154E-5
1.43200000E-4,2.64862013E-5
1.43240000E-4,9.95438942E-6
1.43280000E-4,6.07477449E-5
1.43320000E-4,1.73013538E-5
1.43360000E-4,5.97548363E-5
1.43400000E-4,4.43518969E-6
1.43440000E-4,2.18435427E-5
1.43480000E-4,2.34548233E-5
1.43520000E-4,-1.17092396E-5
1.43560000E-4,-5.17793388E-6
1.43600000E-4,3.23099760E-5
1.43640000E-4,-5.11047096E-6
1.43680000E-4,5.36523026E-5
1.43720000E-4,3.62372452E-5
1.43760000E-4,4.64906467E-5
1.43800000E-4,1.25218239E-5
1.43840000E-4,1.87772889E-5
1.43880000E-4,3.41728835E-5
1.43920000E-4,6.44347835E-5
1.43960000E-4,2.67276907E-5
1.44000000E-4,5.76151344E-5
1.44040000E-4,1.24302235E-5
1.44080000E-4,4.46573698E-5
1.44120000E-4,3.02561142E-5
1.44160000E-4,3.22463659E-5
1.44200000E-4,1.61594241E-5
1.44240000E-4,9.52304250E-6
1.44280000E-4,3.93672999E-5
1.44320000E-4,1.59322779E-5
1.44360000E-4,4.68118061E-5
1.44400000E-4,3.55502564E-5
1.44440000E-4,7.03850250E-5
1.44480000E-4,5.10866896E-5
1.44520000E-4,3.75478704E-5
1.44560000E-4,2.38522671E-5
1.44600000E-4,-1.21588017E-5
1.44640000E-4,4.85458913E-5
1.44680000E-4,2.89696456E-5
1.44720000E-4,3.82498224E-5
1.44760000E-4,3.01126721E-5
1.44800000E-4,6.24430823E-5
1.44840000E-4,4.82642331E-5
1.44880000E-4,4.35839902E-5
1.44920000E-4,5.55271215E-5
1.44960000E-4,4.21213875E-5
1.45000000E-4,6.09839510E-5
1.45040000E-4,3.88205775E-5
1.45080000E-4,2.75355387E-5
1.45120000E-4,2.58530855E-5
1.45160000E-4,5.86568520E-5
1.45200000E-4,-2.09658336E-6
1.45240000E-4,2.69629336E-5
1.45280000E-4,1.16993259E-6
1.45320000E-4,3.55369049E-5
1.45360000E-4,3.13531163E-5
1.45400000E-4,2.85112144E-5
1.45440000E-4,1.82161183E-5
1.45480000E-4,2.61698198E-5
1.45520000E-4,1.29171410E-5
1.45560000E-4,9.38098316E-6
1.45600000E-4,3.47445446E-5
1.45640000E-4,5.56719084E-5
1.45680000E-4,-1.09573151E-5
1.45720000E-4,5.31555512E-6
1.45760000E-4,5.66028376E-5
1.45800000E-4,1.36286092E-6
1.45840000E-4,6.95401458E-5
1.45880000E-4,3.83435591E-5
1.45920000E-4,3.24298529E-5
1.45960000E-4,2.23726222E-5
1.46000000E-4,5.78562122E-6
1.46040000E-4,4.62672580E-5
1.46080000E-4,5.65472384E-5
1.46120000E-4,5.37422436E-5
1.46160000E-4,2.00658841E-5
1.46200000E-4,5.11964766E-5
1.46240000E-4,2.29259059E-5
1.46280000E-4,1.91859002E-5
1.46320000E-4,2.48858975E-5
1.46360000E-4,2.51865815E-5
1.46400000E-4,2.10315653E-5
1.46440000E-4,-2.82681183E-6
1.46480000E-4,3.17255929E-5
1.46520000E-4,1.97754045E-5
1.46560000E-4,-1.47781081E-6
1.46600000E-4,-4.06731331E-6
1.46640000E-4,-1.87971765E-5
1.46680000E-4,2.31298015E-5
1.46720000E-4,1.04985846E-5
1.46760000E-4,1.16266098E-5
1.46800000E-4,2.21387431E-5
1.46840000E-4,8.21822369E-7
1.46880000E-4,1.70040649E-5
1.46920000E-4,6.14079817E-6
1.46960000E-4,3.66293961E-5
1.47000000E-4,5.26025551E-5
1.47040000E-4,1.79521316E-5
1.47080000E-4,1.76032203E-5
1.47120000E-4,2.78788996E-5
1.47160000E-4,2.07504412E-5
1.47200000E-4,2.87176372E-5
1.47240000E-4,3.93652304E-5
1.47280000E-4,1.42653776E-6
1.47320000E-4,2.01009126E-5
1.47360000E-4,6.61919000E-5
1.47400000E-4,-1.25128629E-5
1.47440000E-4,1.58191912E-5
1.47480000E-4,3.88122328E-5
1.47520000E-4,1.61559622E-5
1.47560000E-4,1.85669083E-5
1.47600000E-4,5.87649605E-5
1.47640000E-4,4.65090145E-5
1.47680000E-4,1.96491189E-5
1.47720000E-4,3.93916949E-5
1.47760000E-4,3.22421888E-5
1.47800000E-4,5.19213264E-5
1.47840000E-4,1.85357407E-6
1.47880000E-4,1.76962513E-5
1.47920000E-4,2.86545135E-5
1.47960000E-4,2.66502619E-5
1.48000000E-4,-1.19662930E-5
1.48040000E-4,4.92110696E-5
1.48080000E-4,4.49516627E-6
1.48120000E-4,3.25867037E-5
1.48160000E-4,1.08327220E-6
1.48200000E-4,4.79365696E-5
1.48240000E-4,3.23771433E-5
1.48280000E-4,7.40252764E-5
1.48320000E-4,4.13244972E-5
1.48360000E-4,8.10074508E-5
1.48400000E-4,2.31293151E-5
1.48440000E-4,1.71143192E-5
1.48480000E-4,2.31045196E-5
1.48520000E-4,2.80646373E-5
1.48560000E-4,2.09546514E-5
1.48600000E-4,1.79911274E-5
1.48640000E-4,1.86168236E-5
1.48680000E-4,2.69867849E-5
1.48720000E-4,1.40230123E-5
1.48760000E-4,2.90289165E-5
1.48800000E-4,3.72639043E-5
1.48840000E-4,3.12047914E-5
1.48880000E-4,4.16897927E-5
1.48920000E-4,1.50140135E-5
1.48960000E-4,4.78128781E-5
1.49000000E-4,3.74760778E-5
1.49040000E-4,4.14127598E-5
1.49080000E-4,5.04654757E-5
1.49120000E-4,2.75328494E-5
1.49160000E-4,3.05828431E-5
1.49200000E-4,7.81040178E-5
1.49240000E-4,2.04156633E-5
1.49280000E-4,2.12624880E-5
1.49320000E-4,3.44915157E-5
1.49360000E-4,4.12131748E-5
1.49400000E-4,1.05434169E-5
1.49440000E-4,3.87643774E-5
1.49480000E-4,1.82812351E-5
1.49520000E-4,4.67031158E-5
1.49560000E-4,1.64445346E-5
1.49600000E-4,7.57423481E-5
1.49640000E-4,1.88371605E-5
1.49680000E-4,4.32990419E-5
1.49720000E-4,4.01476344E-5
1.49760000E-4,3.21639589E-5
1.49800000E-4,1.64418261E-5
1.49840000E-4,6.64910867E-5
1.49880000E-4,4.83542695E-5
1.49920000E-4,-3.50554188E-6
1.49960000E-4,1.51979868E-5
1.50000000E-4,5.58005209E-5
1.50040000E-4,3.37700419E-5
1.50080000E-4,1.61349337E-5
1.50120000E-4,3.26578383E-5
1.50160000E-4,1.69022792E-5
1.50200000E-4,4.16390190E-5
1.50240000E-4,3.85487707E-5
1.50280000E-4,1.68951648E-5
1.50320000E-4,2.57131910E-5
1.50360000E-4,5.18827216E-5
1.50400000E-4,6.19899916E-5
1.50440000E-4,2.25737903E-5
1.50480000E-4,8.03814288E-6
1.50520000E-4,1.13181915E-5
1.50560000E-4,5.41367215E-5
1.50600000E-4,3.06329396E-5
1.50640000E-4,1.91376538E-5
1.50680000E-4,4.26310693E-5
1.50720000E-4,2.15007826E-5
1.50760000E-4,5.12069575E-5
1.50800000E-4,-6.11497618E-6
1.50840000E-4,5.75962993E-5
1.50880000E-4,2.69675493E-5
1.50920000E-4,1.68348926E-5
1.50960000E-4,-2.12163909E-5
1.51000000E-4,-1.71903591E-5
1.51040000E-4,4.06175098E-5
1.51080000E-4,4.10660419E-5
1.51120000E-4,7.68296593E-6
1.51160000E-4,5.71433803E-5
1.51200000E-4,5.92095349E-5
1.51240000E-4,2.58223008E-5
1.51280000E-4,9.94437584E-6
1.51320000E-4,2.01376481E-5
1.51360000E-4,4.73977055E-5
1.51400000E-4,4.73018978E-6
1.51440000E-4,2.29673908E-5
1.51480000E-4,3.74341447E-5
1.51520000E-4,3.16804841E-5
1.51560000E-4,4.04817066E-5
1.51600000E-4,5.03742186E-5
1.51640000E-4,1.78607696E-5
1.51680000E-4,4.23999272E-5
1.51720000E-4,2.74895907E-5
1.51760000E-4,4.49344790E-5
1.51800000E-4,5.26348560E-5
1.51840000E-4,3.90096911E-5
1.51880000E-4,4.01835784E-5
1.51920000E-4,4.27899323E-5
1.51960000E-4,3.70518643E-5
1.52000000E-4,5.15557353E-5
1.52040000E-4,4.51343978E-5
1.52080000E-4,2.29649017E-5
1.52120000E-4,5.30667942E-5
1.52160000E-4,3.01408627E-5
1.52200000E-4,3.21523431E-5
1.52240000E-4,3.63099629E-5
1.52280000E-4,2.51802205E-5
1.52320000E-4,3.14429048E-5
1.52360000E-4,4.16476784E-5
1.52400000E-4,5.22302120E-5
1.52440000E-4,2.16437384E-5
1.52480000E-4,3.61290223E-5
1.52520000E-4,6.56166421E-6
1.52560000E-4,2.35140465E-5
1.52600000E-4,2.94788887E-5
1.52640000E-4,-1.08836246E-5
1.52680000E-4,3.68191106E-5
1.52720000E-4,4.96097151E-5
1.52760000E-4,3.17176679E-5
1.52800000E-4,5.56226797E-5
1.52840000E-4,4.31568475E-6
1.52880000E-4,3.74213846E-5
1.52920000E-4,4.07609615E-5
1.52960000E-4,9.30448894E-6
1.53000000E-4,3.28041510E-5
1.53040000E-4,2.42071007E-5
1.53080000E-4,-1.20143868E-5
1.53120000E-4,1.59578745E-5
1.53160000E-4,2.97383167E-5
1.53200000E-4,1.73971408E-5
1.53240000E-4,4.30931627E-5
1.53280000E-4,6.11050581E-5
1.53320000E-4,3.97522315E-5
1.53360000E-4,1.12618007E-5
1.53400000E-4,3.02141621E-5
1.53440000E-4,3.07518342E-5
1.53480000E-4,5.16041057E-5
1.53520000E-4,4.66254772E-5
1.53560000E-4,3.37231879E-5
1.53600000E-4,2.17961546E-5
1.53640000E-4,2.22111174E-5
1.53680000E-4,8.36446164E-6
1.53720000E-4,2.34408615E-5
1.53760000E-4,-4.05136940E-7
1.53800000E-4,5.33450463E-6
1.53840000E-4,3.75998823E-6
1.53880000E-4,2.27391383E-5
1.53920000E-4,-1.25154283E-5
1.53960000E-4,-8.79356141E-6
1.54000000E-4,1.90551514E-5
1.54040000E-4,2.13736849E-6
1.54080000E-4,3.65909917E-5
1.54120000E-4,3.11220029E-5
1.54160000E-4,4.35444208E-6
1.54200000E-4,5.24730556E-5
1.54240000E-4,2.56528424E-5
1.54280000E-4,4.06522140E-5
1.54320000E-4,-1.89573556E-5
1.54360000E-4,3.07945588E-5
1.54400000E-4,2.33211372E-5
1.54440000E-4,1.11603393E-5
1.54480000E-4,1.56347124E-5
1.54520000E-4,3.96617110E-7
1.54560000E-4,3.55393654E-5
1.54600000E-4,1.37302247E-5
1.54640000E-4,3.44400268E-5
1.54680000E-4,3.66795022E-5
1.54720000E-4,3.73537595E-5
1.54760000E-4,2.41014813E-5
1.54800000E-4,9.51077825E-6
1.54840000E-4,3.32949595E-5
1.54880000E-4,4.17802964E-5
1.54920000E-4,4.48245776E-5
1.54960000E-4,1.58207648E-5
1.55000000E-4,4.60035480E-5
1.55040000E-4,3.37052016E-5
1.55080000E-4,6.48765923E-5
1.55120000E-4,5.82140308E-6
1.55160000E-4,4.74557461E-5
1.55200000E-4,4.09153042E-5
1.55240000E-4,1.08607425E-5
1.55280000E-4,3.04234673E-7
1.55320000E-4,4.33084928E-5
1.55360000E-4,1.33881989E-5
1.55400000E-4,2.77266822E-6
1.55440000E-4,5.47416467E-5
1.55480000E-4,1.55764143E-5
1.55520000E-4,1.29360905E-5
1.55560000E-4,6.61322381E-5
1.55600000E-4,1.34864941E-5
1.55640000E-4,-8.54929679E-6
1.55680000E-4,1.34812489E-5
1.55720000E-4,2.58013582E-5
1.55760000E-4,4.85663571E-5
1.55800000E-4,6.08295225E-5
1.55840000E-4,2.38136433E-5
1.55880000E-4,-3.28779895E-6
1.55920000E-4,4.18699608E-5
1.55960000E-4,2.84345962E-5
1.56000000E-4,-1.01545310E-5
1.56040000E-4,2.92277958E-5
1.56080000E-4,5.24601238E-5
1.56120000E-4,1.70546192E-5
1.56160000E-4,3.79753645E-5
1.56200000E-4,2.15351340E-5
1.56240000E-4,2.41190098E-5
1.56280000E-4,5.57077951E-5
1.56320000E-4,4.02738342E-5
1.56360000E-4,5.31904286E-5
1.56400000E-4,2.43815659E-5
1.56440000E-4,6.55744897E-6
1.56480000E-4,4.66626514E-5
1.56520000E-4,2.64133692E-5
1.56560000E-4,4.18670998E-5
1.56600000E-4,3.39716392E-5
1.56640000E-4,2.10206648E-5
1.56680000E-4,3.13011411E-5
1.56720000E-4,6.57650735E-5
1.56760000E-4,1.91620202E-5
1.56800000E-4,4.43338453E-5
1.56840000E-4,2.97336151E-5
1.56880000E-4,9.95901474E-6
1.56920000E-4,5.68921824E-5
1.56960000E-4,5.87936279E-5
1.57000000E-4,2.28079364E-5
1.57040000E-4,2.33388374E-5
1.57080000E-4,7.98056685E-5
1.57120000E-4,4.76964631E-5
1.57160000E-4,5.13097922E-5
1.57200000E-4,2.89424278E-5
1.57240000E-4,4.22517930E-5
1.57280000E-4,5.85274288E-5
1.57320000E-4,4.90544668E-5
1.57360000E-4,3.27714304E-5
1.57400000E-4,4.16060982E-5
1.57440000E-4,1.81913609E-5
1.57480000E-4,4.22479687E-5
1.57520000E-4,3.81636103E-5
1.57560000E-4,4.70164455E-5
1.57600000E-4,2.43787907E-5
1.57640000E-4,3.40417914E-5
1.57680000E-4,5.03992144E-5
1.57720000E-4,3.26303057E-5
1.57760000E-4,3.00458290E-5
1.57800000E-4,4.41538584E-5
1.57840000E-4,7.49111526E-6
1.57880000E-4,4.06514988E-5
1.57920000E-4,2.44583844E-5
1.57960000E-4,1.77048534E-5
1.58000000E-4,1.96950669E-5
1.58040000E-4,2.40334080E-5
1.58080000E-4,6.94661788E-5
1.58120000E-4,7.44139273E-5
1.58160000E-4,3.28240160E-5
1.58200000E-4,3.00757935E-5
1.58240000E-4,9.90251907E-6
1.58280000E-4,3.33296828E-5
1.58320000E-4,3.52326542E-5
1.58360000E-4,3.27757601E-5
1.58400000E-4,5.28798168E-5
1.58440000E-4,3.63569504E-5
1.58480000E-4,2.51936673E-5
1.58520000E-4,1.96443872E-6
1.58560000E-4,2.84630824E-5
1.58600000E-4,6.30481601E-5
1.58640000E-4,3.31444109E-6
1.58680000E-4,4.36171590E-5
1.58720000E-4,4.76487316E-5
1.58760000E-4,5.00315157E-5
1.58800000E-4,2.95641186E-5
1.58840000E-4,3.44457584E-5
1.58880000E-4,2.92827656E-5
1.58920000E-4,6.12463735E-5
1.58960000E-4,3.28641562E-5
1.59000000E-4,5.46266622E-5
1.59040000E-4,2.58859681E-5
1.59080000E-4,4.68963016E-5
1.59120000E-4,2.64228185E-6
1.59160000E-4,2.80457831E-5
1.59200000E-4,4.14020023E-5
1.59240000E-4,4.38069116E-5
1.59280000E-4,3.19982866E-5
1.59320000E-4,2.95343735E-5
1.59360000E-4,1.80197948E-5
1.59400000E-4,3.73888166E-5
1.59440000E-4,5.14195624E-7
1.59480000E-4,4.21059285E-5
1.59520000E-4,2.59038877E-5
1.59560000E-4,4.64183391E-5
1.59600000E-4,5.13288833E-6
1.59640000E-4,5.01901404E-5
1.59680000E-4,5.22921054E-5
1.59720000E-4,2.91273929E-5
1.59760000E-4,2.04980322E-5
1.59800000E-4,7.32926161E-5
1.59840000E-4,1.43113462E-5
1.59880000E-4,1.22424831E-5
1.59920000E-4,6.14936422E-5
1.59960000E-4,3.77199419E-5
1.60000000E-4,5.69628592E-5
1.60040000E-4,2.88911201E-5
1.60080000E-4,5.14056270E-5
1.60120000E-4,1.77372116E-5
1.60160000E-4,8.13590801E-5
1.60200000E-4,2.15026137E-5
1.60240000E-4,6.09054922E-5
1.60280000E-4,6.81784991E-5
1.60320000E-4,5.24122398E-5
1.60360000E-4,5.07827155E-5
1.60400000E-4,2.48827504E-5
1.60440000E-4,2.61888822E-6
1.60480000E-4,5.64224978E-5
1.60520000E-4,4.18497715E-5
1.60560000E-4,4.39494097E-5
1.60600000E-4,3.22998098E-5
1.60640000E-4,3.78918893E-5
1.60680000E-4,2.16376063E-5
1.60720000E-4,6.66824892E-5
1.60760000E-4,7.63380894E-5
1.60800000E-4,2.64154863E-5
1.60840000E-4,6.72728327E-5
1.60880000E-4,3.37261538E-5
1.60920000E-4,4.62772907E-5
1.60960000E-4,3.50053363E-5
1.61000000E-4,7.09900361E-5
1.61040000E-4,3.04879811E-5
1.61080000E-4,4.73128475E-5
1.61120000E-4,4.06990490E-5
1.61160000E-4,1.18583526E-5
1.61200000E-4,5.69860812E-5
1.61240000E-4,4.29923688E-5
1.61280000E-4,2.85461856E-5
1.61320000E-4,5.22941082E-5
1.61360000E-4,3.70107610E-5
1.61400000E-4,6.91736678E-5
1.61440000E-4,3.07704785E-5
1.61480000E-4,5.46511621E-5
1.61520000E-4,7.96059008E-6
1.61560000E-4,2.14001223E-5
1.61600000E-4,1.51110689E-5
1.61640000E-4,4.19087277E-5
1.61680000E-4,4.81173005E-5
1.61720000E-4,5.15373962E-5
1.61760000E-4,7.39278777E-5
1.61800000E-4,5.19898765E-5
1.61840000E-4,4.29958783E-5
1.61880000E-4,3.36122184E-5
1.61920000E-4,3.21154741E-5
1.61960000E-4,5.28497570E-5
1.62000000E-4,4.35592042E-5
1.62040000E-4,9.71169836E-6
1.62080000E-4,5.61348219E-5
1.62120000E-4,1.61474078E-5
1.62160000E-4,2.43003033E-5
1.62200000E-4,2.92779590E-5
1.62240000E-4,3.21099142E-5
1.62280000E-4,5.36531609E-5
1.62320000E-4,1.66882270E-5
1.62360000E-4,7.85635172E-5
1.62400000E-4,3.67935235E-5
1.62440000E-4,4.32196866E-5
1.62480000E-4,4.91969457E-5
1.62520000E-4,2.92228462E-5
1.62560000E-4,1.65261119E-5
1.62600000E-4,3.97969493E-5
1.62640000E-4,8.17316410E-6
1.62680000E-4,5.16320769E-5
1.62720000E-4,2.72045565E-5
1.62760000E-4,2.88813068E-5
1.62800000E-4,4.75498261E-5
1.62840000E-4,8.04212176E-5
1.62880000E-4,3.84545572E-5
1.62920000E-4,4.92407384E-5
1.62960000E-4,4.11827335E-5
1.63000000E-4,1.64223235E-5
1.63040000E-4,5.15662925E-5
1.63080000E-4,5.19327037E-5
1.63120000E-4,3.33425288E-5
1.63160000E-4,3.37841468E-5
1.63200000E-4,2.29844997E-5
1.63240000E-4,3.86150988E-5
1.63280000E-4,2.15312334E-5
1.63320000E-4,6.21427416E-5
1.63360000E-4,4.68565143E-5
1.63400000E-4,3.11329701E-5
1.63440000E-4,3.76867063E-5
1.63480000E-4,9.15936846E-5
1.63520000E-4,4.07695255E-5
1.63560000E-4,2.30140350E-5
1.63600000E-4,4.95731035E-5
1.63640000E-4,6.32064223E-5
1.63680000E-4,4.94942918E-5
1.63720000E-4,4.72387470E-5
1.63760000E-4,8.38602342E-5
1.63800000E-4,3.65343434E-5
1.63840000E-4,5.32098835E-5
1.63880000E-4,5.20184963E-5
1.63920000E-4,3.91466292E-5
1.63960000E-4,4.52140868E-5
1.64000000E-4,4.35663568E-5
1.64040000E-4,7.55980381E-5
1.64080000E-4,6.45383812E-5
1.64120000E-4,2.73743105E-5
1.64160000E-4,3.56128651E-5
1.64200000E-4,8.85032456E-5
1.64240000E-4,3.63436467E-5
1.64280000E-4,4.18112049E-5
1.64320000E-4,5.56731768E-5
1.64360000E-4,3.49653106E-5
1.64400000E-4,2.52477120E-5
1.64440000E-4,3.81820352E-5
1.64480000E-4,3.85492094E-5
1.64520000E-4,2.37352894E-5
1.64560000E-4,4.38545095E-5
1.64600000E-4,3.22338060E-5
1.64640000E-4,4.33123918E-6
1.64680000E-4,5.26880520E-5
1.64720000E-4,4.59376872E-5
1.64760000E-4,5.09583918E-5
1.64800000E-4,6.40634323E-5
1.64840000E-4,2.58758115E-5
1.64880000E-4,3.81510694E-5
1.64920000E-4,4.84018197E-5
1.64960000E-4,1.70788234E-5
1.65000000E-4,3.01149227E-5
1.65040000E-4,6.22093748E-5
1.65080000E-4,2.93766739E-5
1.65120000E-4,4.41635477E-5
1.65160000E-4,2.93625213E-5
1.65200000E-4,2.62070417E-5
1.65240000E-4,2.59928178E-5
1.65280000E-4,2.96722652E-5
1.65320000E-4,1.13329067E-5
1.65360000E-4,1.88222737E-5
1.65400000E-4,1.13983764E-5
1.65440000E-4,2.39450119E-5
1.65480000E-4,4.44741881E-5
1.65520000E-4,2.61711263E-5
1.65560000E-4,4.15284500E-5
1.65600000E-4,1.71608966E-5
1.65640000E-4,3.18450979E-5
1.65680000E-4,2.15829989E-5
1.65720000E-4,3.04314091E-5
1.65760000E-4,5.42526582E-6
1.65800000E-4,8.60726443E-5
1.65840000E-4,4.02858123E-5
1.65880000E-4,5.14730788E-6
1.65920000E-4,1.69479682E-6
1.65960000E-4,4.26438580E-5
1.66000000E-4,3.74092824E-5
1.66040000E-4,5.62129660E-5
1.66080000E-4,4.06236419E-5
1.66120000E-4,2.50984620E-5
1.66160000E-4,4.29797708E-5
1.66200000E-4,3.60680443E-5
1.66240000E-4,5.27436607E-5
1.66280000E-4,2.54281091E-5
1.66320000E-4,7.33729536E-5
1.66360000E-4,4.48517859E-5
1.66400000E-4,6.21507143E-5
1.66440000E-4,3.55372482E-5
1.66480000E-4,2.48215054E-5
1.66520000E-4,9.32496280E-7
1.66560000E-4,4.48792803E-5
1.66600000E-4,3.27685679E-6
1.66640000E-4,3.69555623E-5
1.66680000E-4,6.87230456E-6
1.66720000E-4,9.78118308E-6
1.66760000E-4,5.54445047E-5
1.66800000E-4,2.07984396E-5
1.66840000E-4,3.72559125E-5
1.66880000E-4,2.42420815E-5
1.66920000E-4,4.63947929E-5
1.66960000E-4,4.20923291E-5
1.67000000E-4,5.99542973E-5
1.67040000E-4,4.79672303E-5
1.67080000E-4,1.91939492E-5
1.67120000E-4,2.46988915E-5
1.67160000E-4,3.77830465E-5
1.67200000E-4,3.00352242E-5
1.67240000E-4,5.29298180E-5
1.67280000E-4,1.64826625E-5
1.67320000E-4,2.75841570E-5
1.67360000E-4,-1.61838989E-5
1.67400000E-4,3.61465508E-5
1.67440000E-4,7.00121002E-5
1.67480000E-4,2.46925496E-5
1.67520000E-4,1.52693121E-5
1.67560000E-4,4.93892351E-5
1.67600000E-4,1.53657763E-5
1.67640000E-4,9.81005080E-6
1.67680000E-4,1.09366263E-5
1.67720000E-4,3.72009904E-5
1.67760000E-4,3.17215875E-5
1.67800000E-4,8.77666832E-6
1.67840000E-4,9.92937454E-6
1.67880000E-4,2.11737391E-5
1.67920000E-4,4.62696136E-5
1.67960000E-4,3.98193320E-5
1.68000000E-4,4.13324223E-5
1.68040000E-4,3.79818018E-5
1.68080000E-4,2.14801546E-5
1.68120000E-4,1.51149885E-5
1.68160000E-4,2.38760994E-5
1.68200000E-4,3.85022410E-5
1.68240000E-4,1.48607294E-5
1.68280000E-4,2.14707419E-5
1.68320000E-4,2.68059778E-5
1.68360000E-4,1.60581343E-5
1.68400000E-4,4.00242862E-5
1.68440000E-4,5.02440787E-6
1.68480000E-4,1.45242921E-5
1.68520000E-4,2.72609759E-5
1.68560000E-4,2.34565780E-5
1.68600000E-4,5.11478488E-5
1.68640000E-4,1.80564922E-5
1.68680000E-4,4.30547773E-5
1.68720000E-4,4.20478020E-5
1.68760000E-4,1.60740512E-5
1.68800000E-4,1.98325677E-5
1.68840000E-4,4.78476395E-5
1.68880000E-4,1.66451686E-5
1.68920000E-4,3.49177604E-5
1.68960000E-4,1.89221139E-5
1.69000000E-4,4.12453423E-5
1.69040000E-4,2.00864740E-5
1.69080000E-4,4.91678586E-5
1.69120000E-4,4.25541745E-5
1.69160000E-4,1.64645236E-5
1.69200000E-4,1.91806454E-5
1.69240000E-4,4.32679616E-5
1.69280000E-4,6.46186043E-5
1.69320000E-4,3.26005606E-5
1.69360000E-4,4.70564331E-5
1.69400000E-4,3.07209923E-5
1.69440000E-4,2.80118991E-5
1.69480000E-4,3.86133726E-5
1.69520000E-4,3.13063100E-5
1.69560000E-4,1.24517574E-5
1.69600000E-4,4.40588629E-5
1.69640000E-4,3.33210997E-5
1.69680000E-4,2.14959093E-5
1.69720000E-4,3.54156357E-5
1.69760000E-4,3.18763402E-5
1.69800000E-4,4.73972191E-5
1.69840000E-4,4.37962782E-5
1.69880000E-4,2.45141457E-5
1.69920000E-4,7.02593197E-6
1.69960000E-4,1.23773041E-5
1.70000000E-4,4.60744060E-5
1.70040000E-4,3.56009251E-5
1.70080000E-4,2.25282619E-5
1.70120000E-4,1.65377372E-5
1.70160000E-4,5.67646857E-5
1.70200000E-4,1.99895711E-5
1.70240000E-4,3.44508891E-5
1.70280000E-4,3.48048534E-6
1.70320000E-4,1.69216865E-5
1.70360000E-4,6.24365973E-5
1.70400000E-4,1.40197110E-6
1.70440000E-4,1.63898795E-5
1.70480000E-4,5.34956520E-5
1.70520000E-4,1.02267207E-5
1.70560000E-4,-3.01665025E-6
1.70600000E-4,2.69503260E-5
1.70640000E-4,-2.26129040E-5
1.70680000E-4,1.63232463E-5
1.70720000E-4,-8.79349465E-6
1.70760000E-4,3.34101729E-5
1.70800000E-4,4.04710445E-5
1.70840000E-4,9.50130826E-6
1.70880000E-4,4.72850861E-5
1.70920000E-4,2.10432764E-5
1.70960000E-4,3.90961894E-5
1.71000000E-4,8.07085391E-6
1.71040000E-4,4.94962072E-6
1.71080000E-4,4.51064742E-5
1.71120000E-4,7.11864819E-6
1.71160000E-4,3.50160747E-5
1.71200000E-4,2.58717489E-5
1.71240000E-4,5.97851140E-6
1.71280000E-4,1.00560496E-6
1.71320000E-4,5.09899474E-6
1.71360000E-4,2.28473613E-5
1.71400000E-4,2.65084028E-5
1.71440000E-4,2.45002110E-6
1.71480000E-4,2.66862535E-5
1.71520000E-4,9.37271481E-6
1.71560000E-4,1.21501484E-5
1.71600000E-4,2.80701590E-5
1.71640000E-4,3.41662841E-5
1.71680000E-4,1.59260504E-5
1.71720000E-4,2.82574035E-5
1.71760000E-4,2.11513373E-5
1.71800000E-4,3.42569675E-6
1.71840000E-4,-1.55286006E-5
1.71880000E-4,3.74974019E-5
1.71920000E-4,3.40163760E-5
1.71960000E-4,2.34322864E-6
1.72000000E-4,1.16375770E-5
1.72040000E-4,5.99713109E-5
1.72080000E-4,3.26479677E-5
1.72120000E-4,1.16486396E-5
1.72160000E-4,5.20206706E-5
1.72200000E-4,4.85432687E-5
1.72240000E-4,2.02302785E-5
1.72280000E-4,1.76713985E-5
1.72320000E-4,2.26971481E-5
1.72360000E-4,1.36974946E-5
1.72400000E-4,4.30184327E-5
1.72440000E-4,2.14598605E-5
1.72480000E-4,4.18147812E-5
1.72520000E-4,2.49874066E-5
1.72560000E-4,9.54521543E-6
1.72600000E-4,2.14180895E-5
1.72640000E-4,7.23087674E-5
1.72680000E-4,2.99156334E-5
1.72720000E-4,4.22112809E-5
1.72760000E-4,1.92301507E-5
1.72800000E-4,4.44396078E-5
1.72840000E-4,2.05833479E-5
1.72880000E-4,3.21835855E-5
1.72920000E-4,1.73556655E-5
1.72960000E-4,7.20601636E-5
1.73000000E-4,3.17554811E-5
1.73040000E-4,1.89155892E-6
1.73080000E-4,1.48092977E-5
1.73120000E-4,2.50990151E-5
1.73160000E-4,4.95401716E-6
1.73200000E-4,4.03467506E-6
1.73240000E-4,4.08055633E-6
1.73280000E-4,1.72023719E-5
1.73320000E-4,3.44987445E-5
1.73360000E-4,6.66964033E-5
1.73400000E-4,5.16155578E-6
1.73440000E-4,2.37007378E-5
1.73480000E-4,5.15381496E-5
1.73520000E-4,1.78185600E-5
1.73560000E-4,2.89315273E-5
1.73600000E-4,3.73093850E-5
1.73640000E-4,3.54611832E-5
1.73680000E-4,3.47662597E-5
1.73720000E-4,3.44860034E-5
1.73760000E-4,4.93650594E-5
1.73800000E-4,2.22649333E-5
1.73840000E-4,7.65700135E-5
1.73880000E-4,3.14831403E-5
1.73920000E-4,4.23501263E-5
1.73960000E-4,3.11410668E-5
1.74000000E-4,5.33536309E-5
1.74040000E-4,2.51988171E-5
1.74080000E-4,2.02638193E-5
1.74120000E-4,3.38304477E-5
1.74160000E-4,7.76287431E-6
1.74200000E-4,2.39312218E-5
1.74240000E-4,2.67229605E-5
1.74280000E-4,2.44171761E-5
1.74320000E-4,3.28925471E-5
1.74360000E-4,7.28589803E-5
1.74400000E-4,9.27509670E-6
1.74440000E-4,3.59658867E-5
1.74480000E-4,3.69528348E-5
1.74520000E-4,3.14877832E-6
1.74560000E-4,3.03633072E-5
1.74600000E-4,9.03217676E-6
1.74640000E-4,2.91178466E-5
1.74680000E-4,3.27690176E-5
1.74720000E-4,3.09406712E-5
1.74760000E-4,2.09095903E-5
1.74800000E-4,4.53859866E-5
1.74840000E-4,5.63928862E-5
1.74880000E-4,2.83418990E-5
1.74920000E-4,3.26444296E-5
1.74960000E-4,5.59890528E-5
1.75000000E-4,4.82966294E-5
1.75040000E-4,3.17059854E-5
1.75080000E-4,2.34215400E-5
1.75120000E-4,3.64010293E-5
1.75160000E-4,3.96205863E-5
1.75200000E-4,3.69290788E-5
1.75240000E-4,2.68070936E-5
1.75280000E-4,4.66997303E-5
1.75320000E-4,2.76089240E-5
1.75360000E-4,3.55040604E-5
1.75400000E-4,1.36256528E-6
1.75440000E-4,1.93621678E-5
1.75480000E-4,3.98918304E-5
1.75520000E-4,6.71868494E-5
1.75560000E-4,5.38371819E-5
1.75600000E-4,1.16028347E-5
1.75640000E-4,1.73799747E-5
1.75680000E-4,1.32149052E-6
1.75720000E-4,-7.39145980E-6
1.75760000E-4,2.79042960E-5
1.75800000E-4,2.83263255E-5
1.75840000E-4,9.58289510E-6
1.75880000E-4,1.74455494E-5
1.75920000E-4,2.71032652E-6
1.75960000E-4,3.24336580E-5
1.76000000E-4,3.26983313E-5
1.76040000E-4,2.47667454E-5
1.76080000E-4,2.86434413E-5
1.76120000E-4,2.45848988E-5
1.76160000E-4,3.16357282E-5
1.76200000E-4,1.93255585E-7
1.76240000E-4,4.52960456E-5
1.76280000E-4,1.51184122E-5
1.76320000E-4,2.60955762E-5
1.76360000E-4,3.41023498E-5
1.76400000E-4,1.29187432E-5
1.76440000E-4,3.47516304E-5
1.76480000E-4,-3.06516367E-6
1.76520000E-4,5.82052681E-5
1.76560000E-4,4.99858061E-5
1.76600000E-4,3.91638144E-5
1.76640000E-4,2.60136175E-5
1.76680000E-4,5.29065865E-5
1.76720000E-4,-7.91719188E-6
1.76760000E-4,2.02138086E-5
1.76800000E-4,1.30936852E-5
1.76840000E-4,2.14713332E-5
1.76880000E-4,-5.33170434E-6
1.76920000E-4,4.42245924E-5
1.76960000E-4,1.79732555E-5
1.77000000E-4,2.21352526E-5
1.77040000E-4,5.06324641E-5
1.77080000E-4,4.41841948E-5
1.77120000E-4,1.19633426E-5
1.77160000E-4,-4.13843987E-7
1.77200000E-4,2.35523365E-5
1.77240000E-4,2.08697363E-5
1.77280000E-4,2.60068273E-5
1.77320000E-4,2.88524200E-5
1.77360000E-4,5.53598375E-5
1.77400000E-4,4.07725677E-5
1.77440000E-4,2.72538233E-5
1.77480000E-4,4.72104706E-5
1.77520000E-4,1.94393773E-5
1.77560000E-4,-3.86548720E-6
1.77600000E-4,1.14768829E-5
1.77640000E-4,3.66326100E-5
1.77680000E-4,2.60360956E-5
1.77720000E-4,1.52908079E-5
1.77760000E-4,5.12444560E-5
1.77800000E-4,5.24044674E-5
1.77840000E-4,6.43956528E-6
1.77880000E-4,2.00819726E-5
1.77920000E-4,4.94077173E-5
1.77960000E-4,1.93659253E-5
1.78000000E-4,1.96669431E-5
1.78040000E-4,3.34299712E-5
1.78080000E-4,3.90602454E-5
1.78120000E-4,3.62231785E-5
1.78160000E-4,1.59061663E-5
1.78200000E-4,3.29006151E-5
1.78240000E-4,2.85371829E-5
1.78280000E-4,3.79066904E-5
1.78320000E-4,2.49561547E-5
1.78360000E-4,3.57247692E-5
1.78400000E-4,3.75433404E-5
1.78440000E-4,4.27024709E-5
1.78480000E-4,-4.08036912E-6
1.78520000E-4,5.60556288E-5
1.78560000E-4,1.34926453E-5
1.78600000E-4,2.24896762E-5
1.78640000E-4,6.25487303E-5
1.78680000E-4,3.34539466E-5
1.78720000E-4,4.34363615E-5
1.78760000E-4,5.36861294E-5
1.78800000E-4,5.90347630E-6
1.78840000E-4,4.84181180E-5
1.78880000E-4,9.04239935E-5
1.78920000E-4,4.27066766E-5
1.78960000E-4,4.48278677E-5
1.79000000E-4,3.96898612E-5
1.79040000E-4,5.56138677E-5
1.79080000E-4,3.88143690E-5
1.79120000E-4,2.33816288E-5
1.79160000E-4,2.28247115E-5
1.79200000E-4,3.58571297E-5
1.79240000E-4,-2.81588272E-6
1.79280000E-4,5.38176697E-5
1.79320000E-4,4.06510028E-5
1.79360000E-4,7.40203745E-5
1.79400000E-4,4.64955772E-5
1.79440000E-4,1.05766429E-5
1.79480000E-4,3.27125792E-5
1.79520000E-4,3.74895246E-5
1.79560000E-4,3.24768881E-5
1.79600000E-4,1.84078068E-5
1.79640000E-4,4.82774319E-5
1.79680000E-4,4.30727922E-5
1.79720000E-4,5.60086699E-5
1.79760000E-4,-1.44649214E-6
1.79800000E-4,4.43950712E-5
1.79840000E-4,-4.02816498E-6
1.79880000E-4,4.39418756E-5
1.79920000E-4,3.22487978E-5
1.79960000E-4,3.97529754E-5
1.80000000E-4,2.02778955E-5
1.80040000E-4,3.97399386E-5
1.80080000E-4,2.39151142E-5
1.80120000E-4,2.95407535E-5
1.80160000E-4,4.61310829E-5
1.80200000E-4,2.12493750E-5
1.80240000E-4,1.18688526E-5
1.80280000E-4,5.35220402E-5
1.80320000E-4,4.40415823E-5
1.80360000E-4,2.35828159E-5
1.80400000E-4,4.33116399E-5
1.80440000E-4,3.08569863E-5
1.80480000E-4,2.30004642E-5
1.80520000E-4,1.81723923E-5
1.80560000E-4,1.97349878E-5
1.80600000E-4,6.00954221E-5
1.80640000E-4,3.58476120E-5
1.80680000E-4,1.88617272E-5
1.80720000E-4,7.50624164E-5
1.80760000E-4,5.27090328E-5
1.80800000E-4,1.88058323E-5
1.80840000E-4,1.76652759E-5
1.80880000E-4,5.46856183E-5
1.80920000E-4,2.86782695E-5
1.80960000E-4,3.90407332E-5
1.81000000E-4,1.50659124E-5
1.81040000E-4,2.04726644E-5
1.81080000E-4,2.98003342E-5
1.81120000E-4,1.27948132E-5
1.81160000E-4,1.47384397E-5
1.81200000E-4,2.65581274E-5
1.81240000E-4,3.06433999E-6
1.81280000E-4,-1.55665260E-7
1.81320000E-4,4.97488657E-5
1.81360000E-4,3.33420233E-5
1.81400000E-4,2.39620255E-5
1.81440000E-4,2.22098586E-5
1.81480000E-4,1.78044647E-5
1.81520000E-4,4.81013264E-5
1.81560000E-4,1.74667781E-5
1.81600000E-4,2.97894814E-5
1.81640000E-4,2.21653125E-5
1.81680000E-4,2.34907100E-5
1.81720000E-4,3.27047209E-5
1.81760000E-4,2.02606435E-5
1.81800000E-4,4.54797995E-5
1.81840000E-4,4.81811394E-5
1.81880000E-4,2.19225928E-5
1.81920000E-4,-2.55383669E-5
1.81960000E-4,3.26179270E-5
1.82000000E-4,2.72019720E-5
1.82040000E-4,2.02222200E-5
1.82080000E-4,2.98071228E-6
1.82120000E-4,3.85071047E-5
1.82160000E-4,3.10900166E-5
1.82200000E-4,2.85222579E-5
1.82240000E-4,3.96548709E-5
1.82280000E-4,-6.50294999E-6
1.82320000E-4,3.67875535E-5
1.82360000E-4,2.65713072E-5
1.82400000E-4,4.19328461E-5
1.82440000E-4,1.53017180E-5
1.82480000E-4,5.69327231E-5
1.82520000E-4,1.31903496E-5
1.82560000E-4,3.30929522E-5
1.82600000E-4,2.83462859E-5
1.82640000E-4,2.92176010E-5
1.82680000E-4,3.04107811E-5
1.82720000E-4,4.27583180E-5
1.82760000E-4,5.91184956E-6
1.82800000E-4,2.38604019E-5
1.82840000E-4,4.19364129E-5
1.82880000E-4,4.37344991E-5
1.82920000E-4,4.28903924E-5
1.82960000E-4,4.08600673E-5
1.83000000E-4,3.30360735E-6
1.83040000E-4,4.70387043E-5
1.83080000E-4,-4.96975783E-7
1.83120000E-4,4.01718482E-5
1.83160000E-4,4.23066102E-5
1.83200000E-4,3.27320246E-5
1.83240000E-4,-4.98062972E-7
1.83280000E-4,1.33245793E-5
1.83320000E-4,4.14270172E-5
1.83360000E-4,4.03935108E-5
1.83400000E-4,3.18572286E-5
1.83440000E-4,6.49847008E-5
1.83480000E-4,2.87971259E-5
1.83520000E-4,3.77171857E-5
1.83560000E-4,3.92502745E-5
1.83600000E-4,6.16478323E-5
1.83640000E-4,3.56211334E-5
1.83680000E-4,5.18841045E-5
1.83720000E-4,1.08191718E-5
1.83760000E-4,1.72316402E-5
1.83800000E-4,5.79167053E-5
1.83840000E-4,6.53744961E-5
1.83880000E-4,4.44554388E-5
1.83920000E-4,3.42416530E-5
1.83960000E-4,4.10056076E-5
1.84000000E-4,8.05779159E-5
1.84040000E-4,4.67223896E-5
1.84080000E-4,3.71906430E-5
1.84120000E-4,3.43045097E-5
1.84160000E-4,5.77531406E-5
1.84200000E-4,3.74931104E-5
1.84240000E-4,2.68049860E-5
1.84280000E-4,4.42575991E-5
1.84320000E-4,3.48603111E-5
1.84360000E-4,3.69116742E-5
1.84400000E-4,1.60726874E-5
1.84440000E-4,1.84962506E-5
1.84480000E-4,5.32791584E-5
1.84520000E-4,3.52930790E-5
1.84560000E-4,4.14782105E-5
1.84600000E-4,7.52474101E-5
1.84640000E-4,3.38969569E-5
1.84680000E-4,-2.58747923E-7
1.84720000E-4,4.68731369E-5
1.84760000E-4,5.63870402E-5
1.84800000E-4,3.27626852E-5
1.84840000E-4,4.92063108E-5
1.84880000E-4,5.28482025E-5
1.84920000E-4,3.67056996E-5
1.84960000E-4,3.84476145E-5
1.85000000E-4,2.39559601E-5
1.85040000E-4,3.33874182E-5
1.85080000E-4,4.94414678E-5
1.85120000E-4,7.11761742E-5
1.85160000E-4,4.14540348E-5
1.85200000E-4,6.00323079E-5
1.85240000E-4,6.17979025E-5
1.85280000E-4,5.92613861E-5
1.85320000E-4,5.12038676E-5
1.85360000E-4,3.26473574E-5
1.85400000E-4,1.29230252E-5
1.85440000E-4,6.43426395E-5
1.85480000E-4,5.61525507E-5
1.85520000E-4,4.85196557E-5
1.85560000E-4,3.24544863E-5
1.85600000E-4,3.04916623E-5
1.85640000E-4,4.61576236E-5
1.85680000E-4,2.47646649E-6
1.85720000E-4,3.48546176E-5
1.85760000E-4,6.18487333E-5
1.85800000E-4,5.34068268E-5
1.85840000E-4,3.14356950E-5
1.85880000E-4,4.40421450E-5
1.85920000E-4,3.91550692E-5
1.85960000E-4,4.32962381E-5
1.86000000E-4,2.30455921E-5
1.86040000E-4,1.47794382E-5
1.86080000E-4,4.12958012E-5
1.86120000E-4,6.29489303E-5
1.86160000E-4,3.46476798E-5
1.86200000E-4,5.04913489E-5
1.86240000E-4,5.91759083E-5
1.86280000E-4,2.02228876E-5
1.86320000E-4,2.25017211E-5
1.86360000E-4,2.00053544E-5
1.86400000E-4,2.65630007E-5
1.86440000E-4,4.07751236E-5
1.86480000E-4,3.09074643E-5
1.86520000E-4,2.89284946E-5
1.86560000E-4,2.89911224E-5
1.86600000E-4,1.58121531E-5
1.86640000E-4,-3.63757009E-7
1.86680000E-4,2.74966288E-5
1.86720000E-4,4.09667263E-5
1.86760000E-4,6.77878168E-5
1.86800000E-4,3.95956000E-5
1.86840000E-4,3.03080132E-5
1.86880000E-4,2.32846782E-5
1.86920000E-4,3.53138595E-5
1.86960000E-4,2.76999808E-5
1.87000000E-4,1.55263941E-5
1.87040000E-4,3.17566636E-5
1.87080000E-4,3.25062231E-5
1.87120000E-4,3.66181332E-5
1.87160000E-4,-8.40336554E-6
1.87200000E-4,2.65224314E-5
1.87240000E-4,-2.18066677E-5
1.87280000E-4,5.01454893E-5
1.87320000E-4,6.20602949E-6
1.87360000E-4,2.63523054E-5
1.87400000E-4,4.28134118E-5
1.87440000E-4,2.58997201E-5
1.87480000E-4,1.41683332E-5
1.87520000E-4,3.13594964E-5
1.87560000E-4,2.68003798E-5
1.87600000E-4,2.66140509E-5
1.87640000E-4,1.40463186E-6
1.87680000E-4,7.30656019E-6
1.87720000E-4,9.33244114E-6
1.87760000E-4,2.20614573E-5
1.87800000E-4,4.20042382E-5
1.87840000E-4,3.42454105E-5
1.87880000E-4,3.18696168E-5
1.87920000E-4,2.14761206E-5
1.87960000E-4,3.64301449E-5
1.88000000E-4,2.54736264E-6
1.88040000E-4,5.63580866E-5
1.88080000E-4,2.99894383E-5
1.88120000E-4,3.27519087E-5
1.88160000E-4,1.47370569E-5
1.88200000E-4,2.85969974E-5
1.88240000E-4,4.01046714E-5
1.88280000E-4,4.37861406E-5
1.88320000E-4,-5.20890923E-6
1.88360000E-4,-1.72756859E-6
1.88400000E-4,1.15106811E-5
1.88440000E-4,6.59217526E-5
1.88480000E-4,2.31429241E-5
1.88520000E-4,3.44831901E-5
1.88560000E-4,1.02177085E-5
1.88600000E-4,2.46666382E-5
1.88640000E-4,1.68631786E-5
1.88680000E-4,2.01394315E-5
1.88720000E-4,1.58079760E-5
1.88760000E-4,1.30790558E-5
1.88800000E-4,2.50683831E-5
1.88840000E-4,-6.47845964E-6
1.88880000E-4,3.28064875E-5
1.88920000E-4,8.77026916E-6
1.88960000E-4,5.14477889E-5
1.89000000E-4,2.73240805E-5
1.89040000E-4,1.03364218E-5
1.89080000E-4,2.31109664E-5
1.89120000E-4,2.54641198E-5
1.89160000E-4,4.70738743E-6
1.89200000E-4,7.48299949E-6
1.89240000E-4,3.01886322E-5
1.89280000E-4,3.46347099E-5
1.89320000E-4,5.01512304E-5
1.89360000E-4,6.00728486E-5
1.89400000E-4,3.53599697E-5
1.89440000E-4,5.18320338E-5
1.89480000E-4,1.02259196E-5
1.89520000E-4,9.26447276E-6
1.89560000E-4,3.16102460E-5
1.89600000E-4,-6.02887846E-6
1.89640000E-4,3.88467161E-6
1.89680000E-4,6.92426074E-6
1.89720000E-4,1.17971935E-5
1.89760000E-4,5.00093809E-5
1.89800000E-4,1.30622139E-5
1.89840000E-4,1.11871280E-5
1.89880000E-4,3.87658175E-5
1.89920000E-4,2.62110853E-5
1.89960000E-4,3.47483688E-5
1.90000000E-4,3.93839415E-5
1.90040000E-4,8.25500843E-6
1.90080000E-4,2.99493649E-5
1.90120000E-4,3.65184552E-5
1.90160000E-4,5.26311367E-5
1.90200000E-4,-7.16788992E-6
1.90240000E-4,2.05964514E-5
1.90280000E-4,1.35533753E-5
1.90320000E-4,3.82938059E-5
1.90360000E-4,4.70902885E-5
1.90400000E-4,4.72444405E-5
1.90440000E-4,3.80591543E-5
1.90480000E-4,4.58036674E-5
1.90520000E-4,-3.53803357E-6
1.90560000E-4,-1.46223906E-5
1.90600000E-4,3.44532066E-5
1.90640000E-4,1.57230322E-5
1.90680000E-4,-5.23955079E-6
1.90720000E-4,3.78614481E-5
1.90760000E-4,4.14644585E-5
1.90800000E-4,3.75386484E-5
1.90840000E-4,3.57636505E-5
1.90880000E-4,7.19547620E-6
1.90920000E-4,1.73778480E-5
1.90960000E-4,5.32356995E-5
1.91000000E-4,3.99488887E-5
1.91040000E-4,9.47495824E-6
1.91080000E-4,1.61616652E-5
1.91120000E-4,2.91793205E-5
1.91160000E-4,5.03246084E-5
1.91200000E-4,1.27656308E-5
1.91240000E-4,9.19142131E-6
1.91280000E-4,3.85583361E-5
1.91320000E-4,5.16553275E-5
1.91360000E-4,4.80972352E-5
1.91400000E-4,5.74857207E-5
1.91440000E-4,4.24765263E-5
1.91480000E-4,2.42060898E-5
1.91520000E-4,2.87717964E-5
1.91560000E-4,1.85089726E-5
1.91600000E-4,5.54180402E-5
1.91640000E-4,8.10057041E-6
1.91680000E-4,6.46945343E-6
1.91720000E-4,3.93126544E-5
1.91760000E-4,3.88749655E-5
1.91800000E-4,-7.04248174E-6
1.91840000E-4,1.88344616E-5
1.91880000E-4,3.61336285E-5
1.91920000E-4,4.13971275E-6
1.91960000E-4,6.63062360E-5
1.92000000E-4,5.23912765E-6
1.92040000E-4,2.12272497E-5
1.92080000E-4,1.24633255E-5
1.92120000E-4,5.06409613E-5
1.92160000E-4,1.71759765E-7
1.92200000E-4,1.30939141E-5
1.92240000E-4,1.68054813E-5
1.92280000E-4,2.33455894E-5
1.92320000E-4,4.08173713E-5
1.92360000E-4,3.08361104E-5
1.92400000E-4,-1.19241025E-5
1.92440000E-4,2.97176506E-5
1.92480000E-4,2.02384229E-5
1.92520000E-4,1.30746785E-5
1.92560000E-4,4.17322693E-5
1.92600000E-4,6.82359389E-5
1.92640000E-4,3.33164267E-5
1.92680000E-4,2.37501667E-5
1.92720000E-4,-2.15574821E-5
1.92760000E-4,2.19543311E-5
1.92800000E-4,1.86501545E-5
1.92840000E-4,8.59849334E-6
1.92880000E-4,2.74733496E-5
1.92920000E-4,3.12723878E-5
1.92960000E-4,3.10801270E-5
1.93000000E-4,2.34234474E-5
1.93040000E-4,2.21145293E-5
1.93080000E-4,3.99241885E-5
1.93120000E-4,6.14140009E-5
1.93160000E-4,4.28161870E-5
1.93200000E-4,2.41571854E-5
1.93240000E-4,1.20140114E-5
1.93280000E-4,2.64801073E-5
1.93320000E-4,2.33588264E-5
1.93360000E-4,2.26486823E-5
1.93400000E-4,4.03278980E-5
1.93440000E-4,3.24500231E-5
1.93480000E-4,1.22722759E-5
1.93520000E-4,6.10468252E-6
1.93560000E-4,3.81046064E-5
1.93600000E-4,1.44140474E-5
1.93640000E-4,6.68600347E-5
1.93680000E-4,-3.58520230E-6
1.93720000E-4,3.87914904E-5
1.93760000E-4,2.10870104E-6
1.93800000E-4,4.02543029E-5
1.93840000E-4,6.23959708E-5
1.93880000E-4,8.98039224E-6
1.93920000E-4,2.65300417E-5
1.93960000E-4,3.44280963E-5
1.94000000E-4,2.04315611E-5
1.94040000E-4,4.03904590E-5
1.94080000E-4,3.72357614E-5
1.94120000E-4,1.30397645E-5
1.94160000E-4,4.13604317E-5
1.94200000E-4,1.75296157E-5
1.94240000E-4,-6.44597749E-6
1.94280000E-4,4.27819692E-5
1.94320000E-4,3.41998534E-5
1.94360000E-4,1.51353495E-5
1.94400000E-4,4.66577781E-5
1.94440000E-4,2.49108632E-6
1.94480000E-4,1.83539623E-5
1.94520000E-4,8.78225685E-6
1.94560000E-4,1.67074626E-5
1.94600000E-4,4.33237802E-5
1.94640000E-4,1.90166135E-5
1.94680000E-4,7.15336194E-6
1.94720000E-4,2.94189693E-5
1.94760000E-4,1.37744466E-5
1.94800000E-4,3.49954563E-5
1.94840000E-4,3.01538803E-5
1.94880000E-4,1.15633144E-5
1.94920000E-4,2.16436240E-5
1.94960000E-4,4.00889548E-5
1.95000000E-4,4.59411491E-5
1.95040000E-4,3.22707418E-5
1.95080000E-4,6.20345457E-6
1.95120000E-4,3.24545149E-5
1.95160000E-4,3.93215521E-5
1.95200000E-4,4.50888789E-5
1.95240000E-4,3.45508819E-5
1.95280000E-4,3.06138756E-5
1.95320000E-4,1.19499244E-5
1.95360000E-4,1.89415307E-5
1.95400000E-4,6.64151265E-5
1.95440000E-4,-3.16335398E-6
1.95480000E-4,4.87264981E-5
1.95520000E-4,3.24618772E-5
1.95560000E-4,1.66243213E-5
1.95600000E-4,3.90146693E-5
1.95640000E-4,4.34619867E-5
1.95680000E-4,3.59154278E-5
1.95720000E-4,1.87490982E-5
1.95760000E-4,6.43050743E-5
1.95800000E-4,3.78014715E-5
1.95840000E-4,4.71191738E-6
1.95880000E-4,4.18761788E-5
1.95920000E-4,3.79770429E-5
1.95960000E-4,1.46521894E-5
1.96000000E-4,2.86440803E-5
1.96040000E-4,3.67463071E-5
1.96080000E-4,2.01528879E-5
1.96120000E-4,6.94665794E-5
1.96160000E-4,2.84550334E-5
1.96200000E-4,2.96038105E-5
1.96240000E-4,3.51518780E-5
1.96280000E-4,2.29985378E-5
1.96320000E-4,3.23145250E-5
1.96360000E-4,1.71138137E-5
1.96400000E-4,3.83883436E-5
1.96440000E-4,5.29366463E-5
1.96480000E-4,3.05909207E-5
1.96520000E-4,1.31151238E-5
1.96560000E-4,6.05971692E-5
1.96600000E-4,5.25173061E-5
1.96640000E-4,2.38000534E-5
1.96680000E-4,3.35891776E-5
1.96720000E-4,2.21719405E-5
1.96760000E-4,6.25051856E-5
1.96800000E-4,2.72420264E-5
1.96840000E-4,5.03982035E-5
1.96880000E-4,5.56601496E-5
1.96920000E-4,3.46446472E-5
1.96960000E-4,1.25162068E-5
1.97000000E-4,-2.26261410E-5
1.97040000E-4,2.02852102E-5
1.97080000E-4,-2.02295287E-5
1.97120000E-4,2.71455431E-5
1.97160000E-4,2.63449907E-5
1.97200000E-4,3.69934407E-6
1.97240000E-4,4.08072242E-5
1.97280000E-4,2.27448222E-5
1.97320000E-4,3.15836862E-5
1.97360000E-4,4.98723474E-5
1.97400000E-4,5.18283050E-5
1.97440000E-4,4.91868749E-5
1.97480000E-4,3.14591459E-5
1.97520000E-4,3.48732524E-5
1.97560000E-4,2.44182824E-5
1.97600000E-4,9.20808120E-5
1.97640000E-4,3.43386035E-5
1.97680000E-4,5.30691593E-5
1.97720000E-4,6.47004318E-7
1.97760000E-4,4.08452377E-5
1.97800000E-4,4.91247621E-5
1.97840000E-4,2.88500835E-5
1.97880000E-4,2.92869522E-5
1.97920000E-4,-3.35099895E-6
1.97960000E-4,5.11773444E-6
1.98000000E-4,3.72778089E-5
1.98040000E-4,4.39731275E-5
1.98080000E-4,3.01096680E-5
1.98120000E-4,1.37057057E-5
1.98160000E-4,1.26913586E-5
1.98200000E-4,5.34744599E-6
1.98240000E-4,8.65419746E-6
1.98280000E-4,2.92338134E-5
1.98320000E-4,3.56434685E-5
1.98360000E-4,3.13466504E-5
1.98400000E-4,4.47135222E-5
1.98440000E-4,5.98011357E-6
1.98480000E-4,2.84851600E-5
1.98520000E-4,1.55643503E-5
1.98560000E-4,3.05066636E-5
1.98600000E-4,8.40993284E-6
1.98640000E-4,8.94962671E-6
1.98680000E-4,2.65938234E-5
1.98720000E-4,3.48329979E-5
1.98760000E-4,4.43825400E-5
1.98800000E-4,3.12618116E-5
1.98840000E-4,5.92895848E-6
1.98880000E-4,3.86763056E-5
1.98920000E-4,5.27364891E-5
1.98960000E-4,4.04264793E-5
1.99000000E-4,5.21954887E-5
1.99040000E-4,3.58078915E-5
1.99080000E-4,1.11220111E-5
1.99120000E-4,1.46448747E-5
1.99160000E-4,3.53719765E-5
1.99200000E-4,3.17638719E-6
1.99240000E-4,4.52170813E-5
1.99280000E-4,1.01406325E-5
1.99320000E-4,1.48458330E-5
1.99360000E-4,2.75095702E-5
1.99400000E-4,2.80154754E-5
1.99440000E-4,1.88157315E-5
1.99480000E-4,3.37680869E-5
1.99520000E-4,3.00321629E-5
1.99560000E-4,1.88620514E-5
1.99600000E-4,1.33474675E-5
1.99640000E-4,3.27784685E-5
1.99680000E-4,3.26077894E-5
1.99720000E-4,2.74954367E-5
1.99760000E-4,2.20422408E-5
1.99800000E-4,3.26568560E-5
1.99840000E-4,6.92099456E-5
1.99880000E-4,4.11939297E-5
1.99920000E-4,4.87507596E-5
1.99960000E-4,2.70600271E-5
2.00000000E-4,3.58555561E-5
2.00040000E-4,1.11155452E-5
2.00080000E-4,7.05516209E-6
2.00120000E-4,3.46963458E-5
2.00160000E-4,4.04135475E-5
2.00200000E-4,2.31482933E-5
2.00240000E-4,1.91036172E-5
2.00280000E-4,5.11996047E-5
2.00320000E-4,5.54067487E-5
2.00360000E-4,2.06794973E-5
2.00400000E-4,3.64989144E-5
2.00440000E-4,2.82674266E-5
2.00480000E-4,5.40742940E-5
2.00520000E-4,3.38220839E-5
2.00560000E-4,4.87352052E-5
2.00600000E-4,3.01300370E-6
2.00640000E-4,3.32410578E-5
2.00680000E-4,5.18410556E-5
2.00720000E-4,3.96626529E-5
2.00760000E-4,5.17436282E-5
2.00800000E-4,1.69660228E-5
2.00840000E-4,2.91798546E-5
2.00880000E-4,3.92186411E-5
2.00920000E-4,1.15917339E-5
2.00960000E-4,5.12872569E-5
2.01000000E-4,-3.88563834E-6
2.01040000E-4,3.76977022E-5
2.01080000E-4,2.39365894E-6
2.01120000E-4,3.29843859E-5
2.01160000E-4,1.06683005E-5
2.01200000E-4,2.14041086E-5
2.01240000E-4,4.40443956E-5
2.01280000E-4,-8.71983284E-6
2.01320000E-4,4.14517460E-5
2.01360000E-4,1.50736563E-5
2.01400000E-4,1.36971322E-5
2.01440000E-4,4.88443914E-5
2.01480000E-4,7.58115753E-5
2.01520000E-4,5.43817491E-5
2.01560000E-4,9.80540641E-6
2.01600000E-4,1.19251289E-5
2.01640000E-4,3.23614267E-5
2.01680000E-4,2.11641546E-5
2.01720000E-4,4.90239015E-5
2.01760000E-4,3.18408254E-5
2.01800000E-4,2.88898899E-5
2.01840000E-4,7.36472399E-5
2.01880000E-4,3.33325915E-5
2.01920000E-4,2.98894646E-5
2.01960000E-4,4.58465064E-5
2.02000000E-4,1.76731151E-5
2.02040000E-4,4.20830117E-5
2.02080000E-4,5.88261482E-5
2.02120000E-4,1.54514353E-5
2.02160000E-4,5.26819198E-5
2.02200000E-4,4.66541351E-5
2.02240000E-4,2.08435961E-5
2.02280000E-4,3.41781669E-5
2.02320000E-4,3.06957963E-5
2.02360000E-4,3.73329980E-5
2.02400000E-4,3.32760100E-5
2.02440000E-4,2.69051218E-5
2.02480000E-4,3.45789771E-5
2.02520000E-4,1.66240542E-5
2.02560000E-4,6.71876219E-5
2.02600000E-4,1.74917644E-5
2.02640000E-4,4.40360399E-6
2.02680000E-4,1.80323070E-5
2.02720000E-4,5.72953864E-5
2.02760000E-4,3.37054496E-5
2.02800000E-4,2.49875497E-5
2.02840000E-4,4.42665255E-5
2.02880000E-4,2.02231927E-5
2.02920000E-4,2.89528419E-5
2.02960000E-4,4.17203007E-5
2.03000000E-4,3.18057397E-5
2.03040000E-4,9.07373789E-6
2.03080000E-4,2.56890725E-5
2.03120000E-4,2.15264078E-5
2.03160000E-4,2.01931711E-5
2.03200000E-4,3.91131743E-5
2.03240000E-4,7.32448465E-5
2.03280000E-4,3.02861645E-5
2.03320000E-4,2.91766597E-5
2.03360000E-4,4.26807366E-5
2.03400000E-4,2.85278560E-5
2.03440000E-4,4.30226194E-5
2.03480000E-4,3.38432555E-5
2.03520000E-4,2.52549790E-5
2.03560000E-4,3.45362239E-5
2.03600000E-4,5.79131099E-5
2.03640000E-4,3.45338779E-5
2.03680000E-4,1.02324999E-5
2.03720000E-4,3.65682561E-5
2.03760000E-4,3.27753500E-5
2.03800000E-4,4.05192718E-5
2.03840000E-4,1.88194413E-5
2.03880000E-4,2.67819357E-5
2.03920000E-4,3.04301407E-5
2.03960000E-4,2.75913668E-5
2.04000000E-4,2.74228335E-5
2.04040000E-4,3.67535359E-5
2.04080000E-4,3.00459435E-5
2.04120000E-4,2.81131793E-5
2.04160000E-4,4.60094321E-5
2.04200000E-4,2.59931039E-5
2.04240000E-4,4.35994588E-5
2.04280000E-4,2.79789878E-5
2.04320000E-4,6.03440736E-5
2.04360000E-4,5.84105369E-5
2.04400000E-4,6.88293803E-6
2.04440000E-4,1.86682648E-5
2.04480000E-4,2.96519329E-5
2.04520000E-4,8.30710767E-6
2.04560000E-4,3.01094677E-5
2.04600000E-4,3.85609396E-5
2.04640000E-4,1.10360088E-5
2.04680000E-4,5.46580857E-5
2.04720000E-4,1.03811587E-5
2.04760000E-4,2.63636350E-5
2.04800000E-4,6.37672115E-5
2.04840000E-4,1.36974088E-5
2.04880000E-4,1.85826058E-5
2.04920000E-4,-1.57804199E-6
2.04960000E-4,1.94388623E-5
2.05000000E-4,1.88072056E-5
2.05040000E-4,2.06369730E-5
2.05080000E-4,3.68939549E-5
2.05120000E-4,1.78334087E-5
2.05160000E-4,4.09264526E-5
2.05200000E-4,2.90364124E-5
2.05240000E-4,4.05775398E-6
2.05280000E-4,4.10710678E-5
2.05320000E-4,1.29818764E-5
2.05360000E-4,2.80256892E-5
2.05400000E-4,5.21432369E-5
2.05440000E-4,2.17384955E-5
2.05480000E-4,2.63942957E-5
2.05520000E-4,3.06979420E-5
2.05560000E-4,1.88277382E-5
2.05600000E-4,-4.56243244E-6
2.05640000E-4,4.22579537E-5
2.05680000E-4,1.17219391E-5
2.05720000E-4,2.86229087E-5
2.05760000E-4,4.88778558E-5
2.05800000E-4,8.78555862E-5
2.05840000E-4,1.44004671E-5
2.05880000E-4,1.98025937E-5
2.05920000E-4,2.85624744E-5
2.05960000E-4,9.41461926E-6
2.06000000E-4,-1.25561215E-5
2.06040000E-4,3.34439425E-5
2.06080000E-4,4.86443391E-5
2.06120000E-4,3.97662982E-5
2.06160000E-4,2.84382869E-5
2.06200000E-4,2.15915533E-5
2.06240000E-4,2.80190039E-5
2.06280000E-4,3.50327545E-5
2.06320000E-4,4.03771648E-5
2.06360000E-4,1.80844444E-5
2.06400000E-4,1.51969950E-5
2.06440000E-4,1.03478182E-5
2.06480000E-4,-9.39092397E-6
2.06520000E-4,1.20745602E-5
2.06560000E-4,3.10224297E-5
2.06600000E-4,2.33010147E-5
2.06640000E-4,2.93577625E-5
2.06680000E-4,2.35303257E-5
2.06720000E-4,2.10707827E-7
2.06760000E-4,3.54802471E-5
2.06800000E-4,3.77362783E-5
2.06840000E-4,2.71486712E-5
2.06880000E-4,3.76923044E-5
2.06920000E-4,-4.92850035E-6
2.06960000E-4,-1.25248220E-5
2.07000000E-4,3.01741936E-5
2.07040000E-4,5.61674280E-5
2.07080000E-4,5.00236860E-5
2.07120000E-4,1.70754951E-5
2.07160000E-4,3.49128967E-5
2.07200000E-4,4.70382275E-5
2.07240000E-4,3.27656988E-5
2.07280000E-4,1.08135737E-5
2.07320000E-4,3.68385751E-5
2.07360000E-4,7.65986794E-6
2.07400000E-4,2.43859433E-5
2.07440000E-4,4.29511987E-5
2.07480000E-4,2.06009432E-5
2.07520000E-4,4.13761196E-5
2.07560000E-4,4.06265697E-5
2.07600000E-4,8.19932068E-5
2.07640000E-4,4.21365223E-5
2.07680000E-4,2.88676311E-5
2.07720000E-4,4.58529437E-5
2.07760000E-4,2.53257035E-5
2.07800000E-4,9.67654593E-6
2.07840000E-4,3.23418669E-5
2.07880000E-4,4.87201848E-5
2.07920000E-4,4.18999825E-5
2.07960000E-4,3.82642324E-5
2.08000000E-4,5.04669157E-5
2.08040000E-4,2.11451384E-5
2.08080000E-4,2.16685435E-5
2.08120000E-4,1.75236553E-5
2.08160000E-4,4.66587604E-5
2.08200000E-4,3.92186984E-5
2.08240000E-4,3.35047583E-5
2.08280000E-4,5.20208900E-5
2.08320000E-4,4.53042567E-5
2.08360000E-4,3.86634882E-5
2.08400000E-4,1.45112936E-5
2.08440000E-4,1.56558554E-5
2.08480000E-4,8.00122534E-5
2.08520000E-4,2.37445496E-5
2.08560000E-4,1.49991457E-5
2.08600000E-4,4.70984043E-5
2.08640000E-4,2.47280072E-5
2.08680000E-4,4.30560456E-5
2.08720000E-4,4.41774523E-5
2.08760000E-4,6.15295752E-6
2.08800000E-4,3.00730946E-5
2.08840000E-4,2.80112220E-5
2.08880000E-4,4.36824571E-5
2.08920000E-4,2.50920915E-5
2.08960000E-4,9.41481682E-5
2.09000000E-4,2.04072519E-5
2.09040000E-4,4.52521765E-5
2.09080000E-4,2.08935209E-5
2.09120000E-4,4.48049319E-5
2.09160000E-4,4.11925754E-5
2.09200000E-4,3.85251005E-5
2.09240000E-4,8.08231914E-5
2.09280000E-4,8.75436188E-6
2.09320000E-4,1.01597251E-5
2.09360000E-4,3.96322306E-5
2.09400000E-4,5.12328975E-5
2.09440000E-4,1.77058929E-5
2.09480000E-4,5.51556844E-5
2.09520000E-4,2.83457328E-5
2.09560000E-4,2.39860390E-5
2.09600000E-4,2.88224842E-5
2.09640000E-4,2.93729069E-5
2.09680000E-4,4.92840925E-5
2.09720000E-4,4.62255062E-5
2.09760000E-4,2.84115649E-5
2.09800000E-4,3.17423967E-5
2.09840000E-4,3.60365540E-5
2.09880000E-4,2.69189310E-5
2.09920000E-4,3.30271010E-5
2.09960000E-4,-2.27447224E-6
2.10000000E-4,5.54173631E-5
2.10040000E-4,6.28659415E-5
2.10080000E-4,2.57507848E-5
2.10120000E-4,9.72738631E-6
2.10160000E-4,5.18140285E-5
2.10200000E-4,7.80803079E-6
2.10240000E-4,3.98031005E-5
2.10280000E-4,4.42252314E-5
2.10320000E-4,3.97391375E-5
2.10360000E-4,-1.10525791E-6
2.10400000E-4,4.28209935E-5
2.10440000E-4,5.07442442E-5
2.10480000E-4,6.34992957E-5
2.10520000E-4,2.73858023E-5
2.10560000E-4,2.66508436E-5
2.10600000E-4,2.89476921E-5
2.10640000E-4,3.63759572E-5
2.10680000E-4,6.35785079E-5
2.10720000E-4,1.40934983E-5
2.10760000E-4,1.01664294E-5
2.10800000E-4,3.72054059E-5
2.10840000E-4,4.68815864E-5
2.10880000E-4,3.01859333E-5
2.10920000E-4,2.21759078E-5
2.10960000E-4,2.99229672E-5
2.11000000E-4,2.20587966E-5
2.11040000E-4,2.22086379E-5
2.11080000E-4,2.83899261E-5
2.11120000E-4,5.28977730E-6
2.11160000E-4,2.93102218E-5
2.11200000E-4,6.90393905E-5
2.11240000E-4,1.93097920E-5
2.11280000E-4,1.61275332E-5
2.11320000E-4,5.04037539E-5
2.11360000E-4,1.93601460E-5
2.11400000E-4,6.16768717E-5
2.11440000E-4,4.29032575E-5
2.11480000E-4,2.28701827E-5
2.11520000E-4,2.52167844E-5
2.11560000E-4,5.20178192E-5
2.11600000E-4,9.80473884E-6
2.11640000E-4,2.45355271E-5
2.11680000E-4,1.86930031E-5
2.11720000E-4,1.66939490E-5
2.11760000E-4,6.00246213E-5
2.11800000E-4,2.29396674E-5
2.11840000E-4,3.66933400E-5
2.11880000E-4,2.65891504E-5
2.11920000E-4,3.44125705E-5
2.11960000E-4,3.91461428E-5
2.12000000E-4,2.57402181E-5
2.12040000E-4,3.38293986E-5
2.12080000E-4,2.96423008E-5
2.12120000E-4,6.24053645E-5
2.12160000E-4,3.50499588E-5
2.12200000E-4,5.71531936E-5
2.12240000E-4,2.65320444E-5
2.12280000E-4,2.90020896E-5
2.12320000E-4,5.08006922E-5
2.12360000E-4,2.35826347E-5
2.12400000E-4,5.88980457E-5
2.12440000E-4,8.03689753E-5
2.12480000E-4,1.85380406E-5
2.12520000E-4,2.88320304E-5
2.12560000E-4,4.95362344E-5
2.12600000E-4,3.42855220E-5
2.12640000E-4,8.52200690E-5
2.12680000E-4,3.93336924E-5
2.12720000E-4,4.36244070E-5
2.12760000E-4,3.51985603E-5
2.12800000E-4,1.96158723E-6
2.12840000E-4,3.18638948E-5
2.12880000E-4,4.81469216E-5
2.12920000E-4,6.13821482E-5
2.12960000E-4,2.34845493E-5
2.13000000E-4,3.64939267E-5
2.13040000E-4,3.90450438E-5
2.13080000E-4,1.19186821E-5
2.13120000E-4,3.89072760E-5
2.13160000E-4,2.90583469E-5
2.13200000E-4,4.30426561E-5
2.13240000E-4,1.28942910E-5
2.13280000E-4,1.01556624E-5
2.13320000E-4,2.04163213E-5
2.13360000E-4,2.31773040E-5
2.13400000E-4,4.05602130E-5
2.13440000E-4,2.58053541E-5
2.13480000E-4,3.34012847E-5
2.13520000E-4,1.30678216E-5
2.13560000E-4,3.46071868E-5
2.13600000E-4,4.41973650E-5
2.13640000E-4,3.34553771E-5
2.13680000E-4,4.16278229E-5
2.13720000E-4,6.35442806E-5
2.13760000E-4,1.29403534E-5
2.13800000E-4,2.79770041E-5
2.13840000E-4,2.42892502E-5
2.13880000E-4,2.72497320E-5
2.13920000E-4,5.65985079E-5
2.13960000E-4,2.09188219E-5
2.14000000E-4,5.72551318E-5
2.14040000E-4,1.29810276E-5
2.14080000E-4,4.76395478E-5
2.14120000E-4,9.00551202E-6
2.14160000E-4,3.72081144E-5
2.14200000E-4,2.59965753E-5
2.14240000E-4,4.56651938E-5
2.14280000E-4,5.16817062E-5
2.14320000E-4,-1.17232682E-5
2.14360000E-4,3.50930553E-5
2.14400000E-4,2.63739824E-5
2.14440000E-4,2.48362111E-5
2.14480000E-4,1.98162217E-5
2.14520000E-4,3.56530434E-5
2.14560000E-4,1.28160229E-5
2.14600000E-4,5.26747085E-6
2.14640000E-4,2.93413116E-5
2.14680000E-4,3.78063448E-5
2.14720000E-4,3.65832383E-5
2.14760000E-4,3.12190488E-5
2.14800000E-4,3.08260110E-5
2.14840000E-4,2.28387973E-5
2.14880000E-4,1.36725560E-5
2.14920000E-4,2.07755705E-5
2.14960000E-4,2.22204825E-5
2.15000000E-4,2.46606190E-6
2.15040000E-4,4.02270564E-5
2.15080000E-4,3.16972211E-5
2.15120000E-4,-1.30851057E-5
2.15160000E-4,-1.02389408E-5
2.15200000E-4,-5.13809891E-6
2.15240000E-4,9.11548022E-6
2.15280000E-4,5.55949468E-5
2.15320000E-4,3.62085873E-5
2.15360000E-4,2.82723475E-5
2.15400000E-4,4.71522663E-6
2.15440000E-4,4.21555195E-5
2.15480000E-4,4.03390464E-5
2.15520000E-4,5.23008220E-5
2.15560000E-4,5.01759688E-5
2.15600000E-4,2.41577194E-5
2.15640000E-4,4.72905411E-5
2.15680000E-4,4.36667215E-5
2.15720000E-4,3.48097171E-6
2.15760000E-4,2.39694450E-5
2.15800000E-4,8.29450009E-6
2.15840000E-4,3.43595844E-5
2.15880000E-4,1.16522064E-5
2.15920000E-4,9.85578903E-6
2.15960000E-4,2.43248318E-5
2.16000000E-4,1.45605508E-5
2.16040000E-4,8.55115294E-6
2.16080000E-4,4.59540141E-5
2.16120000E-4,6.29963263E-6
2.16160000E-4,1.47402422E-5
2.16200000E-4,4.82844510E-5
2.16240000E-4,2.13187548E-5
2.16280000E-4,5.08891265E-5
2.16320000E-4,3.06008008E-5
2.16360000E-4,1.55138247E-5
2.16400000E-4,1.83332295E-5
2.16440000E-4,2.90508510E-5
2.16480000E-4,5.41262692E-5
2.16520000E-4,4.27678166E-5
2.16560000E-4,1.88320298E-5
2.16600000E-4,2.35191200E-5
2.16640000E-4,1.85075516E-5
2.16680000E-4,4.83373895E-5
2.16720000E-4,3.78636034E-5
2.16760000E-4,9.53031903E-6
2.16800000E-4,3.97855624E-5
2.16840000E-4,5.11153666E-5
2.16880000E-4,1.50368254E-5
2.16920000E-4,2.87640621E-5
2.16960000E-4,9.65172178E-6
2.17000000E-4,3.28622965E-5
2.17040000E-4,6.28917083E-6
2.17080000E-4,4.14415989E-5
2.17120000E-4,2.94084884E-5
2.17160000E-4,2.18362948E-5
2.17200000E-4,5.87770531E-5
2.17240000E-4,1.11527385E-5
2.17280000E-4,6.24007105E-5
2.17320000E-4,1.08430137E-5
2.17360000E-4,6.91947726E-5
2.17400000E-4,1.88774437E-5
2.17440000E-4,3.90981444E-5
2.17480000E-4,4.66782631E-5
2.17520000E-4,1.72061866E-5
2.17560000E-4,1.76309246E-5
2.17600000E-4,6.37849197E-6
2.17640000E-4,4.99140119E-6
2.17680000E-4,4.87802949E-5
2.17720000E-4,4.22576485E-5
2.17760000E-4,4.00252669E-6
2.17800000E-4,7.90932856E-7
2.17840000E-4,1.15354862E-5
2.17880000E-4,2.68118238E-5
2.17920000E-4,3.83356531E-5
2.17960000E-4,6.13351320E-5
2.18000000E-4,4.60737479E-5
2.18040000E-4,3.04615166E-5
2.18080000E-4,5.13730781E-5
2.18120000E-4,5.99593518E-5
2.18160000E-4,4.71539558E-5
2.18200000E-4,7.82926736E-5
2.18240000E-4,3.39587073E-5
2.18280000E-4,4.63056339E-5
2.18320000E-4,5.66458769E-5
2.18360000E-4,1.03909434E-5
2.18400000E-4,3.68945844E-5
2.18440000E-4,1.16909923E-5
2.18480000E-4,2.14384886E-5
2.18520000E-4,3.45554675E-6
2.18560000E-4,5.08680693E-5
2.18600000E-4,9.25101642E-6
2.18640000E-4,3.26242403E-5
2.18680000E-4,1.74315612E-7
2.18720000E-4,2.21713301E-5
2.18760000E-4,2.41860626E-5
2.18800000E-4,2.05871530E-5
2.18840000E-4,4.58366073E-5
2.18880000E-4,3.34353213E-5
2.18920000E-4,6.18746638E-5
2.18960000E-4,5.35022801E-5
2.19000000E-4,1.57932131E-5
2.19040000E-4,3.44386821E-5
2.19080000E-4,7.65382164E-6
2.19120000E-4,1.76581901E-5
2.19160000E-4,1.06045379E-5
2.19200000E-4,2.21182677E-5
2.19240000E-4,1.19378700E-5
2.19280000E-4,1.57188837E-5
2.19320000E-4,2.99608853E-5
2.19360000E-4,5.08716361E-5
2.19400000E-4,6.19630217E-5
2.19440000E-4,1.92962117E-5
2.19480000E-4,5.42976350E-5
2.19520000E-4,4.19775162E-5
2.19560000E-4,2.07046823E-6
2.19600000E-4,3.69999558E-5
2.19640000E-4,7.53453334E-5
2.19680000E-4,4.29332601E-5
2.19720000E-4,1.82442612E-5
2.19760000E-4,1.04442919E-5
2.19800000E-4,1.11589565E-5
2.19840000E-4,3.55039173E-5
2.19880000E-4,-2.34915448E-6
2.19920000E-4,1.75285667E-5
2.19960000E-4,3.26267008E-5
2.20000000E-4,5.21717136E-5
2.20040000E-4,5.66140719E-5
2.20080000E-4,3.05419304E-5
2.20120000E-4,9.63243849E-6
2.20160000E-4,4.22652875E-5
2.20200000E-4,3.44590144E-5
2.20240000E-4,6.13280462E-5
2.20280000E-4,4.27466546E-5
2.20320000E-4,2.68299055E-5
2.20360000E-4,2.47209691E-5
2.20400000E-4,3.45109325E-5
2.20440000E-4,3.22225717E-5
2.20480000E-4,1.11177753E-6
2.20520000E-4,1.98380799E-5
2.20560000E-4,1.54563658E-5
2.20600000E-4,1.43637601E-5
2.20640000E-4,-2.08759578E-5
2.20680000E-4,4.46296942E-5
2.20720000E-4,8.55561614E-6
2.20760000E-4,8.50934385E-6
2.20800000E-4,1.71173995E-5
2.20840000E-4,3.58530369E-6
2.20880000E-4,3.02452900E-5
2.20920000E-4,2.04537817E-5
2.20960000E-4,3.08532765E-5
2.21000000E-4,1.39915315E-5
2.21040000E-4,8.41323255E-6
2.21080000E-4,4.85337987E-5
2.21120000E-4,3.41019969E-5
2.21160000E-4,3.31526522E-5
2.21200000E-4,4.52602065E-5
2.21240000E-4,1.06131114E-5
2.21280000E-4,3.46597248E-5
2.21320000E-4,6.27657771E-5
2.21360000E-4,1.05589045E-5
2.21400000E-4,3.77280958E-5
2.21440000E-4,6.77667010E-6
2.21480000E-4,2.40433167E-5
2.21520000E-4,8.99182680E-6
2.21560000E-4,1.14657154E-5
2.21600000E-4,3.36330371E-5
2.21640000E-4,4.20031033E-5
2.21680000E-4,3.18506959E-5
2.21720000E-4,4.43082487E-5
2.21760000E-4,2.54735040E-5
2.21800000E-4,6.65144899E-5
2.21840000E-4,3.62686020E-5
2.21880000E-4,4.18876324E-5
2.21920000E-4,5.09388987E-5
2.21960000E-4,1.76250213E-5
2.22000000E-4,9.90206131E-6
2.22040000E-4,7.02052463E-6
2.22080000E-4,3.33410792E-5
2.22120000E-4,1.36817876E-5
2.22160000E-4,6.83610308E-6
2.22200000E-4,3.37199359E-5
2.22240000E-4,7.00209694E-5
2.22280000E-4,2.82101489E-5
2.22320000E-4,6.15285086E-5
2.22360000E-4,3.65305955E-5
2.22400000E-4,4.22294961E-5
2.22440000E-4,4.02607974E-5
2.22480000E-4,6.79326037E-5
2.22520000E-4,3.90134867E-5
2.22560000E-4,3.45837169E-5
2.22600000E-4,4.40798532E-5
2.22640000E-4,7.49527328E-6
2.22680000E-4,3.34276156E-5
2.22720000E-4,9.07859209E-6
2.22760000E-4,5.61970873E-5
2.22800000E-4,5.10515547E-6
2.22840000E-4,3.35896353E-5
2.22880000E-4,3.06906941E-5
2.22920000E-4,7.40480025E-5
2.22960000E-4,3.57647091E-5
2.23000000E-4,1.49626104E-5
2.23040000E-4,3.52740913E-5
2.23080000E-4,3.27686361E-5
2.23120000E-4,1.60386698E-5
2.23160000E-4,5.20692794E-5
2.23200000E-4,3.96488246E-5
2.23240000E-4,3.17154077E-5
2.23280000E-4,6.25924086E-5
2.23320000E-4,3.97548255E-5
2.23360000E-4,3.66072995E-5
2.23400000E-4,5.41017693E-5
2.23440000E-4,1.57238047E-5
2.23480000E-4,6.37936569E-5
2.23520000E-4,5.60302038E-5
2.23560000E-4,1.36219827E-5
2.23600000E-4,2.16460368E-5
2.23640000E-4,6.71163538E-5
2.23680000E-4,3.35095935E-5
2.23720000E-4,5.61147661E-5
2.23760000E-4,3.38244872E-5
2.23800000E-4,4.94069448E-5
2.23840000E-4,6.17046045E-5
2.23880000E-4,1.40877477E-5
2.23920000E-4,3.64876134E-5
2.23960000E-4,6.31115508E-5
2.24000000E-4,4.10879001E-5
2.24040000E-4,6.23150706E-5
2.24080000E-4,6.17414545E-5
2.24120000E-4,5.47740335E-5
2.24160000E-4,3.22126917E-5
2.24200000E-4,1.02447070E-5
2.24240000E-4,4.06419525E-5
2.24280000E-4,1.82139153E-5
2.24320000E-4,4.32420217E-5
2.24360000E-4,3.97013339E-5
2.24400000E-4,6.28045916E-5
2.24440000E-4,3.26307920E-5
2.24480000E-4,3.11737302E-5
2.24520000E-4,3.40590625E-5
2.24560000E-4,8.31970586E-5
2.24600000E-4,4.71997990E-5
2.24640000E-4,2.07836290E-5
2.24680000E-4,2.65347242E-5
2.24720000E-4,4.31687604E-5
2.24760000E-4,6.24859976E-5
2.24800000E-4,1.16992607E-5
2.24840000E-4,4.64072860E-5
2.24880000E-4,2.14593455E-5
2.24920000E-4,5.74268123E-5
2.24960000E-4,1.08623733E-5
2.25000000E-4,2.85222198E-5
2.25040000E-4,-9.20627354E-6
2.25080000E-4,6.55617787E-5
2.25120000E-4,1.24828186E-5
2.25160000E-4,2.97181942E-5
2.25200000E-4,2.58631086E-5
2.25240000E-4,3.30903296E-5
2.25280000E-4,2.88355209E-5
2.25320000E-4,3.81961687E-5
2.25360000E-4,3.61205250E-5
2.25400000E-4,1.00848330E-5
2.25440000E-4,4.78819241E-5
2.25480000E-4,4.11025867E-5
2.25520000E-4,6.80885676E-5
