-1.43600000E-5,-6.36879662E-6
-1.43200000E-5,5.45003671E-5
-1.42800000E-5,-2.05179881E-6
-1.42400000E-5,3.01307347E-5
-1.42000000E-5,8.61980796E-6
-1.41600000E-5,1.39598695E-5
-1.41200000E-5,2.62088441E-5
-1.40800000E-5,2.08783575E-5
-1.40400000E-5,7.62679451E-6
-1.40000000E-5,7.41373412E-6
-1.39600000E-5,3.32276682E-5
-1.39200000E-5,1.25782623E-5
-1.38800000E-5,2.21227690E-5
-1.38400000E-5,-1.01348091E-5
-1.38000000E-5,3.23459104E-5
-1.37600000E-5,-1.62442188E-5
-1.37200000E-5,3.18051103E-5
-1.36800000E-5,-1.81652146E-5
-1.36400000E-5,1.37314549E-5
-1.36000000E-5,3.58708554E-7
-1.35600000E-5,8.63067031E-6
-1.35200000E-5,3.14225534E-5
-1.34800000E-5,2.50687741E-5
-1.34400000E-5,7.27985841E-5
-1.34000000E-5,1.23821678E-5
-1.33600000E-5,4.69983639E-5
-1.33200000E-5,1.17013969E-5
-1.32800000E-5,-1.19768883E-5
-1.32400000E-5,4.27500497E-5
-1.32000000E-5,5.77675887E-5
-1.31600000E-5,3.44621711E-5
-1.31200000E-5,9.21672076E-7
-1.30800000E-5,1.41106073E-5
-1.30400000E-5,1.26454487E-5
-1.30000000E-5,4.74324574E-5
-1.29600000E-5,6.46176682E-6
-1.29200000E-5,1.84154839E-5
-1.28800000E-5,3.50059181E-5
-1.28400000E-5,1.29292622E-5
-1.28000000E-5,1.27722016E-5
-1.27600000E-5,3.43662219E-5
-1.27200000E-5,3.22173441E-6
-1.26800000E-5,3.64508301E-5
-1.26400000E-5,1.63556331E-5
-1.26000000E-5,2.18535754E-5
-1.25600000E-5,3.66012055E-5
-1.25200000E-5,2.08983274E-5
-1.24800000E-5,7.56629188E-7
-1.24400000E-5,6.78191530E-6
-1.24000000E-5,5.01367251E-5
-1.23600000E-5,1.43789045E-5
-1.23200000E-5,3.66455418E-5
-1.22800000E-5,2.86788799E-5
-1.22400000E-5,2.01709981E-5
-1.22000000E-5,4.10305366E-5
-1.21600000E-5,2.95951893E-5
-1.21200000E-5,1.53322165E-5
-1.20800000E-5,1.12398757E-5
-1.20400000E-5,1.74718216E-6
-1.20000000E-5,4.03911193E-8
-1.19600000E-5,1.25167202E-6
-1.19200000E-5,1.86339802E-5
-1.18800000E-5,5.40279835E-5
-1.18400000E-5,1.88410134E-5
-1.18000000E-5,-2.19065380E-6
-1.17600000E-5,-8.68540520E-6
-1.17200000E-5,9.84251388E-6
-1.16800000E-5,5.39482754E-5
-1.16400000E-5,2.06363626E-5
-1.16000000E-5,1.82360310E-5
-1.15600000E-5,1.33122864E-5
-1.15200000E-5,2.99660923E-5
-1.14800000E-5,-1.14167874E-6
-1.14400000E-5,2.41609810E-5
-1.14000000E-5,4.91527891E-6
-1.13600000E-5,2.95984508E-5
-1.13200000E-5,-2.72527412E-6
-1.12800000E-5,8.26612828E-6
-1.12400000E-5,2.89914371E-5
-1.12000000E-5,2.98198750E-5
-1.11600000E-5,2.15005442E-5
-1.11200000E-5,1.30763665E-5
-1.10800000E-5,4.37902128E-5
-1.10400000E-5,4.20173035E-5
-1.10000000E-5,7.92433138E-6
-1.09600000E-5,4.31197034E-5
-1.09200000E-5,2.19676634E-5
-1.08800000E-5,5.37719983E-5
-1.08400000E-5,2.27252624E-5
-1.08000000E-5,6.64430963E-6
-1.07600000E-5,3.08835175E-5
-1.07200000E-5,1.61131995E-5
-1.06800000E-5,4.16570244E-5
-1.06400000E-5,2.63601637E-5
-1.06000000E-5,4.56540931E-5
-1.05600000E-5,2.31041572E-5
-1.05200000E-5,2.17150733E-5
-1.04800000E-5,2.28073833E-5
-1.04400000E-5,3.05117657E-5
-1.04000000E-5,4.47573531E-5
-1.03600000E-5,1.13350715E-5
-1.03200000E-5,4.30182786E-6
-1.02800000E-5,3.32718615E-5
-1.02400000E-5,-1.78344899E-5
-1.02000000E-5,7.34660036E-5
-1.01600000E-5,5.25722473E-5
-1.01200000E-5,1.86706490E-5
-1.00800000E-5,4.69651283E-5
-1.00400000E-5,1.75310653E-5
-1.00000000E-5,2.79259826E-5
-9.96000000E-6,1.68717521E-5
-9.92000000E-6,3.73602254E-5
-9.88000000E-6,3.15326169E-5
-9.84000000E-6,1.67337649E-5
-9.80000000E-6,4.63953746E-5
-9.76000000E-6,1.66595595E-5
-9.72000000E-6,1.21192287E-6
-9.68000000E-6,6.86853198E-5
-9.64000000E-6,-3.87277328E-6
-9.60000000E-6,3.03636601E-5
-9.56000000E-6,1.21480503E-5
-9.52000000E-6,9.73619826E-6
-9.48000000E-6,3.32243113E-5
-9.44000000E-6,3.92777770E-6
-9.40000000E-6,1.71658843E-5
-9.36000000E-6,3.81414469E-5
-9.32000000E-6,1.93110700E-5
-9.28000000E-6,3.26720385E-5
-9.24000000E-6,3.49562984E-5
-9.20000000E-6,5.99292062E-5
-9.16000000E-6,1.85631031E-5
-9.12000000E-6,2.42965077E-5
-9.08000000E-6,4.55525729E-6
-9.04000000E-6,8.57403159E-6
-9.00000000E-6,5.21212913E-6
-8.96000000E-6,6.39637447E-5
-8.92000000E-6,1.66924899E-5
-8.88000000E-6,5.33305504E-6
-8.84000000E-6,-1.30736997E-5
-8.80000000E-6,1.93270249E-5
-8.76000000E-6,1.69498103E-5
-8.72000000E-6,1.06867637E-5
-8.68000000E-6,-1.38183001E-5
-8.64000000E-6,3.47250801E-5
-8.60000000E-6,1.88480706E-5
-8.56000000E-6,1.41655389E-5
-8.52000000E-6,2.83956672E-5
-8.48000000E-6,3.39339976E-5
-8.44000000E-6,1.41673127E-5
-8.40000000E-6,3.61897427E-5
-8.36000000E-6,3.06686738E-5
-8.32000000E-6,2.65111589E-5
-8.28000000E-6,2.40646599E-5
-8.24000000E-6,2.33880851E-5
-8.20000000E-6,3.78860243E-5
-8.16000000E-6,4.37630903E-5
-8.12000000E-6,9.11322001E-6
-8.08000000E-6,3.00068238E-5
-8.04000000E-6,1.20558014E-5
-8.00000000E-6,-3.91072952E-6
-7.96000000E-6,7.43450515E-6
-7.92000000E-6,3.42560249E-5
-7.88000000E-6,-6.28173568E-6
-7.84000000E-6,3.16321328E-5
-7.80000000E-6,1.45019380E-5
-7.76000000E-6,1.54122107E-5
-7.72000000E-6,4.59714282E-5
-7.68000000E-6,-2.58323385E-6
-7.64000000E-6,1.29903641E-5
-7.60000000E-6,-8.11593762E-6
-7.56000000E-6,2.00836511E-5
-7.52000000E-6,2.66359758E-5
-7.48000000E-6,2.55744298E-6
-7.44000000E-6,-1.59046058E-5
-7.40000000E-6,-2.47449575E-5
-7.36000000E-6,1.40214769E-5
-7.32000000E-6,1.13146438E-5
-7.28000000E-6,1.52963965E-5
-7.24000000E-6,2.99802639E-5
-7.20000000E-6,2.85125400E-5
-7.16000000E-6,4.11538086E-5
-7.12000000E-6,1.92489762E-5
-7.08000000E-6,8.82423760E-6
-7.04000000E-6,1.40574765E-6
-7.00000000E-6,3.04967835E-5
-6.96000000E-6,1.16596641E-5
-6.92000000E-6,4.96032095E-6
-6.88000000E-6,7.75467271E-6
-6.84000000E-6,2.16486689E-5
-6.80000000E-6,4.94789457E-6
-6.76000000E-6,-1.40780157E-6
-6.72000000E-6,1.26072239E-6
-6.68000000E-6,2.03047796E-5
-6.64000000E-6,2.76962519E-5
-6.60000000E-6,-8.70070214E-6
-6.56000000E-6,-6.75639850E-6
-6.52000000E-6,6.88487399E-6
-6.48000000E-6,1.18991604E-5
-6.44000000E-6,4.06749687E-5
-6.40000000E-6,-1.13442875E-5
-6.36000000E-6,7.98482295E-6
-6.32000000E-6,7.26683012E-6
-6.28000000E-6,-5.18373223E-6
-6.24000000E-6,3.74911172E-5
-6.20000000E-6,5.31724327E-5
-6.16000000E-6,1.45783273E-5
-6.12000000E-6,-4.81817930E-6
-6.08000000E-6,-7.85814990E-6
-6.04000000E-6,3.39018683E-5
-6.00000000E-6,1.52696936E-5
-5.96000000E-6,2.50691937E-5
-5.92000000E-6,4.64735363E-6
-5.88000000E-6,1.48765890E-5
-5.84000000E-6,1.13579311E-5
-5.80000000E-6,1.98833127E-5
-5.76000000E-6,5.41079873E-5
-5.72000000E-6,8.01782962E-6
-5.68000000E-6,2.83755256E-5
-5.64000000E-6,8.14845440E-6
-5.60000000E-6,3.63636834E-5
-5.56000000E-6,7.27581579E-5
-5.52000000E-6,-5.17017098E-6
-5.48000000E-6,1.11491527E-5
-5.44000000E-6,1.04038466E-5
-5.40000000E-6,8.47630857E-6
-5.36000000E-6,1.87853379E-5
-5.32000000E-6,2.00833841E-5
-5.28000000E-6,2.19982859E-5
-5.24000000E-6,-1.47592429E-5
-5.20000000E-6,5.03104464E-5
-5.16000000E-6,3.70347268E-5
-5.12000000E-6,2.93654587E-5
-5.08000000E-6,1.51181261E-5
-5.04000000E-6,2.50398396E-5
-5.00000000E-6,8.55091452E-6
-4.96000000E-6,2.94771244E-5
-4.92000000E-6,3.65052087E-5
-4.88000000E-6,4.70755543E-5
-4.84000000E-6,3.30258230E-5
-4.80000000E-6,3.12754491E-5
-4.76000000E-6,4.80595174E-5
-4.72000000E-6,2.38133476E-5
-4.68000000E-6,2.93213608E-5
-4.64000000E-6,4.20033608E-5
-4.60000000E-6,4.59518684E-5
-4.56000000E-6,9.05931833E-6
-4.52000000E-6,2.84955264E-5
-4.48000000E-6,4.66814579E-5
-4.44000000E-6,2.52677392E-5
-4.40000000E-6,1.98024110E-6
-4.36000000E-6,2.52406358E-5
-4.32000000E-6,3.13229516E-5
-4.28000000E-6,5.63254519E-5
-4.24000000E-6,2.78872538E-5
-4.20000000E-6,2.68532118E-6
-4.16000000E-6,4.61068500E-5
-4.12000000E-6,1.57009451E-5
-4.08000000E-6,1.54006521E-5
-4.04000000E-6,4.31579362E-5
-4.00000000E-6,4.77166047E-5
-3.96000000E-6,2.98982670E-5
-3.92000000E-6,2.82257606E-5
-3.88000000E-6,3.87653788E-5
-3.84000000E-6,-8.37806456E-6
-3.80000000E-6,4.59963176E-6
-3.76000000E-6,3.72185571E-5
-3.72000000E-6,2.11018416E-5
-3.68000000E-6,1.81141132E-5
-3.64000000E-6,5.97453568E-5
-3.60000000E-6,4.65357078E-5
-3.56000000E-6,1.08697738E-5
-3.52000000E-6,2.26011417E-5
-3.48000000E-6,1.59657710E-5
-3.44000000E-6,-1.79479310E-6
-3.40000000E-6,-7.45315300E-6
-3.36000000E-6,3.22483972E-5
-3.32000000E-6,3.02523949E-5
-3.28000000E-6,2.31089256E-5
-3.24000000E-6,-1.41416624E-5
-3.20000000E-6,2.85557128E-5
-3.16000000E-6,3.32370810E-5
-3.12000000E-6,-9.05884501E-6
-3.08000000E-6,2.26424358E-5
-3.04000000E-6,3.05655434E-5
-3.00000000E-6,3.09836343E-5
-2.96000000E-6,1.62894957E-5
-2.92000000E-6,-1.79654961E-5
-2.88000000E-6,3.56205612E-5
-2.84000000E-6,2.13870665E-5
-2.80000000E-6,1.20986500E-5
-2.76000000E-6,3.03874733E-5
-2.72000000E-6,6.21485972E-5
-2.68000000E-6,4.64380611E-5
-2.64000000E-6,2.79165221E-5
-2.60000000E-6,3.25551561E-5
-2.56000000E-6,9.89527115E-6
-2.52000000E-6,1.12174739E-5
-2.48000000E-6,6.90730441E-6
-2.44000000E-6,-1.06515575E-5
-2.40000000E-6,1.79202392E-6
-2.36000000E-6,1.35939351E-5
-2.32000000E-6,-3.26640803E-6
-2.28000000E-6,1.42160264E-5
-2.24000000E-6,3.11199430E-5
-2.20000000E-6,1.98864312E-5
-2.16000000E-6,4.20148812E-5
-2.12000000E-6,3.64279515E-5
-2.08000000E-6,-1.96571333E-5
-2.04000000E-6,3.65316716E-6
-2.00000000E-6,2.29693172E-5
-1.96000000E-6,8.25951931E-6
-1.92000000E-6,2.37930534E-5
-1.88000000E-6,-9.39160108E-6
-1.84000000E-6,-4.03384888E-6
-1.80000000E-6,5.63389162E-6
-1.76000000E-6,-6.02423407E-6
-1.72000000E-6,2.34852154E-6
-1.68000000E-6,1.95778031E-5
-1.64000000E-6,3.10324052E-5
-1.60000000E-6,-2.04815371E-5
-1.56000000E-6,2.54293965E-5
-1.52000000E-6,-4.92827147E-6
-1.48000000E-6,6.61833154E-6
-1.44000000E-6,2.97137501E-5
-1.40000000E-6,9.70074065E-6
-1.36000000E-6,8.96212938E-6
-1.32000000E-6,-3.15749842E-6
-1.28000000E-6,2.63303518E-5
-1.24000000E-6,4.15872631E-5
-1.20000000E-6,3.58465439E-5
-1.16000000E-6,3.97269576E-6
-1.12000000E-6,1.03674735E-5
-1.08000000E-6,-1.65394493E-6
-1.04000000E-6,3.12432912E-5
-1.00000000E-6,1.43433896E-5
-9.60000000E-7,1.54245798E-5
-9.20000000E-7,1.64018576E-5
-8.80000000E-7,3.10014775E-5
-8.40000000E-7,7.47823112E-6
-8.00000000E-7,3.16459252E-8
-7.60000000E-7,1.03180827E-5
-7.20000000E-7,1.07584704E-5
-6.80000000E-7,1.69144004E-5
-6.40000000E-7,2.30736492E-5
-6.00000000E-7,9.85473045E-6
-5.60000000E-7,-2.09263976E-5
-5.20000000E-7,3.38687663E-5
-4.80000000E-7,3.67964894E-5
-4.40000000E-7,2.67345285E-5
-4.00000000E-7,5.79894405E-6
-3.60000000E-7,2.30758617E-5
-3.20000000E-7,4.26727162E-5
-2.80000000E-7,3.12900212E-5
-2.40000000E-7,2.32746440E-6
-2.00000000E-7,3.25368170E-5
-1.60000000E-7,8.63296141E-8
-1.20000000E-7,3.27880434E-5
-8.00000000E-8,1.07540645E-5
-4.00000000E-8,3.20014051E-5
0.00000000E+0,1.21288624E-5
4.00000000E-8,2.39208172E-5
8.00000000E-8,4.80119576E-5
1.20000000E-7,4.11371002E-5
1.60000000E-7,4.24583493E-5
2.00000000E-7,2.59233426E-5
2.40000000E-7,1.42170278E-5
2.80000000E-7,2.38989193E-6
3.20000000E-7,-2.58501612E-5
3.60000000E-7,-2.39421353E-5
4.00000000E-7,-1.00594974E-5
4.40000000E-7,-1.67050819E-5
4.80000000E-7,-3.36991779E-5
5.20000000E-7,-8.49285438E-5
5.60000000E-7,-9.98069989E-5
6.00000000E-7,-1.57676895E-4
6.40000000E-7,-1.41171958E-4
6.80000000E-7,-1.37520081E-4
7.20000000E-7,-2.13265134E-4
7.60000000E-7,-2.16087085E-4
8.00000000E-7,-2.12151357E-4
8.40000000E-7,-2.43702062E-4
8.80000000E-7,-2.77809282E-4
9.20000000E-7,-2.07591458E-4
9.60000000E-7,-2.23696244E-4
1.00000000E-6,-2.65496507E-4
1.04000000E-6,-3.86153167E-4
1.08000000E-6,-3.75355218E-4
1.12000000E-6,-3.67445681E-4
1.16000000E-6,-3.73011086E-4
1.20000000E-6,-3.99985308E-4
1.24000000E-6,-4.00137228E-4
1.28000000E-6,-4.42682140E-4
1.32000000E-6,-5.00903760E-4
1.36000000E-6,-4.85136929E-4
1.40000000E-6,-4.37019240E-4
1.44000000E-6,-5.34348215E-4
1.48000000E-6,-5.25444510E-4
1.52000000E-6,-6.12787274E-4
1.56000000E-6,-5.03851291E-4
1.60000000E-6,-5.60709520E-4
1.64000000E-6,-5.04058801E-4
1.68000000E-6,-6.37620240E-4
1.72000000E-6,-6.58294995E-4
1.76000000E-6,-6.11154927E-4
1.80000000E-6,-5.38337549E-4
1.84000000E-6,-6.58303797E-4
1.88000000E-6,-6.16887378E-4
1.92000000E-6,-7.76544161E-4
1.96000000E-6,-7.82239171E-4
2.00000000E-6,-7.71102314E-4
2.04000000E-6,-8.45957046E-4
2.08000000E-6,-7.94563314E-4
2.12000000E-6,-8.09798062E-4
2.16000000E-6,-8.15223115E-4
2.20000000E-6,-7.80050011E-4
2.24000000E-6,-8.15887616E-4
2.28000000E-6,-9.30662862E-4
2.32000000E-6,-8.59323345E-4
2.36000000E-6,-8.88017433E-4
2.40000000E-6,-8.93087624E-4
2.44000000E-6,-8.74614579E-4
2.48000000E-6,-9.32838594E-4
2.52000000E-6,-9.03300571E-4
2.56000000E-6,-9.36972944E-4
2.60000000E-6,-9.91971660E-4
2.64000000E-6,-9.71380819E-4
2.68000000E-6,-9.93606916E-4
2.72000000E-6,-1.05399872E-3
2.76000000E-6,-9.76750654E-4
2.80000000E-6,-1.14316344E-3
2.84000000E-6,-1.02153183E-3
2.88000000E-6,-9.48509218E-4
2.92000000E-6,-1.16436761E-3
2.96000000E-6,-1.11216920E-3
3.00000000E-6,-1.09997957E-3
3.04000000E-6,-1.10615828E-3
3.08000000E-6,-1.03231124E-3
3.12000000E-6,-1.30052072E-3
3.16000000E-6,-1.19056252E-3
3.20000000E-6,-1.13424108E-3
3.24000000E-6,-1.22121636E-3
3.28000000E-6,-1.45740754E-3
3.32000000E-6,-1.37087893E-3
3.36000000E-6,-1.22544838E-3
3.40000000E-6,-1.27974704E-3
3.44000000E-6,-1.40600525E-3
3.48000000E-6,-1.35067297E-3
3.52000000E-6,-1.27235547E-3
3.56000000E-6,-1.28362651E-3
3.60000000E-6,-1.30559828E-3
3.64000000E-6,-1.38203045E-3
3.68000000E-6,-1.34130402E-3
3.72000000E-6,-1.45783590E-3
3.76000000E-6,-1.37478647E-3
3.80000000E-6,-1.34615012E-3
3.84000000E-6,-1.34431985E-3
3.88000000E-6,-1.37941664E-3
3.92000000E-6,-1.47019916E-3
3.96000000E-6,-1.53888850E-3
4.00000000E-6,-1.51160032E-3
4.04000000E-6,-1.60563640E-3
4.08000000E-6,-1.40181360E-3
4.12000000E-6,-1.52821220E-3
4.16000000E-6,-1.66284010E-3
4.20000000E-6,-1.48419182E-3
4.24000000E-6,-1.66544348E-3
4.28000000E-6,-1.64670162E-3
4.32000000E-6,-1.55383265E-3
4.36000000E-6,-1.52841057E-3
4.40000000E-6,-1.66250585E-3
4.44000000E-6,-1.61135338E-3
4.48000000E-6,-1.63631291E-3
4.52000000E-6,-1.89178378E-3
4.56000000E-6,-1.61650266E-3
4.60000000E-6,-1.67742559E-3
4.64000000E-6,-1.69037602E-3
4.68000000E-6,-1.77435998E-3
4.72000000E-6,-1.89787331E-3
4.76000000E-6,-1.75065867E-3
4.80000000E-6,-1.90431495E-3
4.84000000E-6,-1.87513645E-3
4.88000000E-6,-1.68656900E-3
4.92000000E-6,-1.77270807E-3
4.96000000E-6,-1.89943099E-3
5.00000000E-6,-1.77215876E-3
5.04000000E-6,-1.97637517E-3
5.08000000E-6,-1.59804979E-3
5.12000000E-6,-1.79499624E-3
5.16000000E-6,-1.84686159E-3
5.20000000E-6,-1.76449402E-3
5.24000000E-6,-1.99342746E-3
5.28000000E-6,-1.94138144E-3
5.32000000E-6,-1.66310562E-3
5.36000000E-6,-1.85704510E-3
5.40000000E-6,-1.97271418E-3
5.44000000E-6,-2.11434343E-3
5.48000000E-6,-2.07404786E-3
5.52000000E-6,-1.97565054E-3
5.56000000E-6,-1.95619649E-3
5.60000000E-6,-2.05085687E-3
5.64000000E-6,-1.92764039E-3
5.68000000E-6,-2.19153085E-3
5.72000000E-6,-1.94563160E-3
5.76000000E-6,-1.99365840E-3
5.80000000E-6,-2.17786017E-3
5.84000000E-6,-1.87906874E-3
5.88000000E-6,-2.01617039E-3
5.92000000E-6,-1.92400956E-3
5.96000000E-6,-2.19144944E-3
6.00000000E-6,-2.06270796E-3
6.04000000E-6,-2.09551969E-3
6.08000000E-6,-1.97826903E-3
6.12000000E-6,-2.09638354E-3
6.16000000E-6,-2.16457284E-3
6.20000000E-6,-2.09239797E-3
6.24000000E-6,-2.05596984E-3
6.28000000E-6,-1.99643398E-3
6.32000000E-6,-2.12418898E-3
6.36000000E-6,-2.31743320E-3
6.40000000E-6,-2.15723025E-3
6.44000000E-6,-2.20263100E-3
6.48000000E-6,-2.24265935E-3
6.52000000E-6,-2.22203290E-3
6.56000000E-6,-2.29149960E-3
6.60000000E-6,-2.23088040E-3
6.64000000E-6,-2.09735089E-3
6.68000000E-6,-2.21447379E-3
6.72000000E-6,-2.17342629E-3
6.76000000E-6,-2.45356710E-3
6.80000000E-6,-2.53022028E-3
6.84000000E-6,-2.37284578E-3
6.88000000E-6,-2.36148560E-3
6.92000000E-6,-2.39787894E-3
6.96000000E-6,-2.09422477E-3
7.00000000E-6,-2.58630860E-3
7.04000000E-6,-2.36540220E-3
7.08000000E-6,-2.38330275E-3
7.12000000E-6,-2.35773247E-3
7.16000000E-6,-2.34470009E-3
7.20000000E-6,-2.27673251E-3
7.24000000E-6,-2.48576108E-3
7.28000000E-6,-2.38155583E-3
7.32000000E-6,-2.34212976E-3
7.36000000E-6,-2.35177292E-3
7.40000000E-6,-2.29319483E-3
7.44000000E-6,-2.28639573E-3
7.48000000E-6,-2.38664877E-3
7.52000000E-6,-2.59075394E-3
7.56000000E-6,-2.38316181E-3
7.60000000E-6,-2.31724339E-3
7.64000000E-6,-2.41035143E-3
7.68000000E-6,-2.27665449E-3
7.72000000E-6,-2.48523784E-3
7.76000000E-6,-2.43720594E-3
7.80000000E-6,-2.43069693E-3
7.84000000E-6,-2.69939328E-3
7.88000000E-6,-2.57519183E-3
7.92000000E-6,-2.44688767E-3
7.96000000E-6,-2.42324201E-3
8.00000000E-6,-2.59152854E-3
8.04000000E-6,-2.56079901E-3
8.08000000E-6,-2.63359332E-3
8.12000000E-6,-2.36284697E-3
8.16000000E-6,-2.49105243E-3
8.20000000E-6,-2.70612033E-3
8.24000000E-6,-2.47642459E-3
8.28000000E-6,-2.71022651E-3
8.32000000E-6,-2.67595628E-3
8.36000000E-6,-2.69461719E-3
8.40000000E-6,-2.45033590E-3
8.44000000E-6,-2.64789138E-3
8.48000000E-6,-2.63321252E-3
8.52000000E-6,-2.92657623E-3
8.56000000E-6,-2.55695754E-3
8.60000000E-6,-2.44643945E-3
8.64000000E-6,-2.78249975E-3
8.68000000E-6,-2.93042716E-3
8.72000000E-6,-2.50080729E-3
8.76000000E-6,-2.88698666E-3
8.80000000E-6,-2.50076959E-3
8.84000000E-6,-2.50227931E-3
8.88000000E-6,-2.56973680E-3
8.92000000E-6,-2.64723169E-3
8.96000000E-6,-2.81801586E-3
9.00000000E-6,-2.51043275E-3
9.04000000E-6,-3.02069703E-3
9.08000000E-6,-2.81368964E-3
9.12000000E-6,-2.79246846E-3
9.16000000E-6,-2.64347088E-3
9.20000000E-6,-2.81147404E-3
9.24000000E-6,-2.80324477E-3
9.28000000E-6,-2.68050635E-3
9.32000000E-6,-2.64223361E-3
9.36000000E-6,-2.90237301E-3
9.40000000E-6,-2.79907750E-3
9.44000000E-6,-2.76091964E-3
9.48000000E-6,-2.74079396E-3
9.52000000E-6,-2.97292956E-3
9.56000000E-6,-2.97511060E-3
9.60000000E-6,-2.70005174E-3
9.64000000E-6,-3.02567325E-3
9.68000000E-6,-2.80108791E-3
9.72000000E-6,-2.52738629E-3
9.76000000E-6,-2.80452642E-3
9.80000000E-6,-2.79822658E-3
9.84000000E-6,-2.68322272E-3
9.88000000E-6,-2.85634230E-3
9.92000000E-6,-2.88310137E-3
9.96000000E-6,-2.93031971E-3
1.00000000E-5,-2.91653701E-3
1.00400000E-5,-2.68844606E-3
1.00800000E-5,-2.85923657E-3
1.01200000E-5,-2.81927437E-3
1.01600000E-5,-2.76618750E-3
1.02000000E-5,-2.88696642E-3
1.02400000E-5,-2.83864558E-3
1.02800000E-5,-2.82842649E-3
1.03200000E-5,-2.82750671E-3
1.03600000E-5,-2.65406383E-3
1.04000000E-5,-2.83567963E-3
1.04400000E-5,-2.94725110E-3
1.04800000E-5,-3.02954810E-3
1.05200000E-5,-3.00255125E-3
1.05600000E-5,-3.07261473E-3
1.06000000E-5,-2.67166791E-3
1.06400000E-5,-2.99891138E-3
1.06800000E-5,-2.84855435E-3
1.07200000E-5,-3.14572697E-3
1.07600000E-5,-2.91502943E-3
1.08000000E-5,-2.97113795E-3
1.08400000E-5,-2.97557548E-3
1.08800000E-5,-3.04273798E-3
1.09200000E-5,-2.89285395E-3
1.09600000E-5,-3.25216639E-3
1.10000000E-5,-2.96746628E-3
1.10400000E-5,-3.02474535E-3
1.10800000E-5,-2.79966672E-3
1.11200000E-5,-3.16672325E-3
1.11600000E-5,-3.07546778E-3
1.12000000E-5,-3.10827285E-3
1.12400000E-5,-3.18326339E-3
1.12800000E-5,-3.18148751E-3
1.13200000E-5,-3.05136354E-3
1.13600000E-5,-2.91901504E-3
1.14000000E-5,-3.24595341E-3
1.14400000E-5,-2.79074030E-3
1.14800000E-5,-2.92001941E-3
1.15200000E-5,-2.98093507E-3
1.15600000E-5,-3.03232346E-3
1.16000000E-5,-2.75018361E-3
1.16400000E-5,-3.12115496E-3
1.16800000E-5,-3.03537128E-3
1.17200000E-5,-2.99382794E-3
1.17600000E-5,-2.97969769E-3
1.18000000E-5,-3.03278044E-3
1.18400000E-5,-3.22619097E-3
1.18800000E-5,-3.41092045E-3
1.19200000E-5,-3.05720794E-3
1.19600000E-5,-3.08839334E-3
1.20000000E-5,-3.21769412E-3
1.20400000E-5,-2.89310819E-3
1.20800000E-5,-3.14823696E-3
1.21200000E-5,-3.13384078E-3
1.21600000E-5,-3.06335938E-3
1.22000000E-5,-3.02109624E-3
1.22400000E-5,-3.28420615E-3
1.22800000E-5,-3.21830573E-3
1.23200000E-5,-3.21826930E-3
1.23600000E-5,-3.35630548E-3
1.24000000E-5,-3.14400753E-3
1.24400000E-5,-3.16299241E-3
1.24800000E-5,-3.43760588E-3
1.25200000E-5,-3.35360108E-3
1.25600000E-5,-3.22301819E-3
1.26000000E-5,-3.12389592E-3
1.26400000E-5,-3.27567669E-3
1.26800000E-5,-2.87029186E-3
1.27200000E-5,-3.11851422E-3
1.27600000E-5,-3.10927173E-3
1.28000000E-5,-3.32190183E-3
1.28400000E-5,-3.30459407E-3
1.28800000E-5,-3.38359324E-3
1.29200000E-5,-3.25948740E-3
1.29600000E-5,-3.12042363E-3
1.30000000E-5,-3.20603376E-3
1.30400000E-5,-3.11912110E-3
1.30800000E-5,-3.07712784E-3
1.31200000E-5,-3.30440549E-3
1.31600000E-5,-3.16876123E-3
1.32000000E-5,-3.21951695E-3
1.32400000E-5,-3.17928950E-3
1.32800000E-5,-3.26218217E-3
1.33200000E-5,-2.99659102E-3
1.33600000E-5,-3.23786386E-3
1.34000000E-5,-3.39032281E-3
1.34400000E-5,-3.48247123E-3
1.34800000E-5,-3.12044373E-3
1.35200000E-5,-3.25343351E-3
1.35600000E-5,-3.23998464E-3
1.36000000E-5,-3.29764848E-3
1.36400000E-5,-3.27169826E-3
1.36800000E-5,-3.33644741E-3
1.37200000E-5,-3.36407951E-3
1.37600000E-5,-3.24488822E-3
1.38000000E-5,-3.53871737E-3
1.38400000E-5,-3.13584523E-3
1.38800000E-5,-3.26268607E-3
1.39200000E-5,-3.67838591E-3
1.39600000E-5,-3.17999872E-3
1.40000000E-5,-3.44391922E-3
1.40400000E-5,-3.21478021E-3
1.40800000E-5,-3.41000367E-3
1.41200000E-5,-3.39955639E-3
1.41600000E-5,-3.19267552E-3
1.42000000E-5,-3.33710035E-3
1.42400000E-5,-3.20052492E-3
1.42800000E-5,-3.36238801E-3
1.43200000E-5,-3.41614287E-3
1.43600000E-5,-3.16086543E-3
1.44000000E-5,-3.25633815E-3
1.44400000E-5,-3.65360817E-3
1.44800000E-5,-3.32438904E-3
1.45200000E-5,-3.38553071E-3
1.45600000E-5,-3.64868678E-3
1.46000000E-5,-3.43610860E-3
1.46400000E-5,-3.28201677E-3
1.46800000E-5,-3.75473393E-3
1.47200000E-5,-3.44827719E-3
1.47600000E-5,-3.29301116E-3
1.48000000E-5,-3.16425533E-3
1.48400000E-5,-3.19453621E-3
1.48800000E-5,-3.32245406E-3
1.49200000E-5,-3.42239840E-3
1.49600000E-5,-3.53208581E-3
1.50000000E-5,-3.30271074E-3
1.50400000E-5,-3.33280329E-3
1.50800000E-5,-3.48538938E-3
1.51200000E-5,-3.34567568E-3
1.51600000E-5,-3.45477745E-3
1.52000000E-5,-3.46100020E-3
1.52400000E-5,-3.43022298E-3
1.52800000E-5,-3.42197700E-3
1.53200000E-5,-3.18318338E-3
1.53600000E-5,-3.38323597E-3
1.54000000E-5,-3.58776463E-3
1.54400000E-5,-3.24587242E-3
1.54800000E-5,-3.35938930E-3
1.55200000E-5,-3.28243330E-3
1.55600000E-5,-3.82436629E-3
1.56000000E-5,-3.40788198E-3
1.56400000E-5,-3.45202029E-3
1.56800000E-5,-3.44841270E-3
1.57200000E-5,-3.38673748E-3
1.57600000E-5,-3.31525718E-3
1.58000000E-5,-3.33303296E-3
1.58400000E-5,-3.58332065E-3
1.58800000E-5,-3.32841375E-3
1.59200000E-5,-3.35005671E-3
1.59600000E-5,-3.46648984E-3
1.60000000E-5,-3.36844679E-3
1.60400000E-5,-3.27265664E-3
1.60800000E-5,-3.29106258E-3
1.61200000E-5,-3.40485019E-3
1.61600000E-5,-3.67461576E-3
1.62000000E-5,-3.67517030E-3
1.62400000E-5,-3.82334012E-3
1.62800000E-5,-3.11759260E-3
1.63200000E-5,-3.70935869E-3
1.63600000E-5,-3.86545750E-3
1.64000000E-5,-3.35356512E-3
1.64400000E-5,-3.66937237E-3
1.64800000E-5,-3.58497849E-3
1.65200000E-5,-3.31308678E-3
1.65600000E-5,-3.44298709E-3
1.66000000E-5,-3.66773206E-3
1.66400000E-5,-3.22203403E-3
1.66800000E-5,-3.42541153E-3
1.67200000E-5,-3.45349679E-3
1.67600000E-5,-3.80394306E-3
1.68000000E-5,-3.42922876E-3
1.68400000E-5,-3.43581625E-3
1.68800000E-5,-3.45686450E-3
1.69200000E-5,-3.67560205E-3
1.69600000E-5,-3.63994285E-3
1.70000000E-5,-3.44716866E-3
1.70400000E-5,-3.64271372E-3
1.70800000E-5,-3.38422195E-3
1.71200000E-5,-3.76935524E-3
1.71600000E-5,-3.80325686E-3
1.72000000E-5,-3.39400735E-3
1.72400000E-5,-3.64303371E-3
1.72800000E-5,-3.74806773E-3
1.73200000E-5,-3.74625963E-3
1.73600000E-5,-3.70887259E-3
1.74000000E-5,-3.65445099E-3
1.74400000E-5,-3.46820452E-3
1.74800000E-5,-3.69924494E-3
1.75200000E-5,-3.42659702E-3
1.75600000E-5,-3.66267225E-3
1.76000000E-5,-3.75752438E-3
1.76400000E-5,-3.57160756E-3
1.76800000E-5,-3.49993946E-3
1.77200000E-5,-3.61910698E-3
1.77600000E-5,-3.45092074E-3
1.78000000E-5,-3.53950284E-3
1.78400000E-5,-3.57781718E-3
1.78800000E-5,-3.48019478E-3
1.79200000E-5,-3.58737571E-3
1.79600000E-5,-3.52836617E-3
1.80000000E-5,-3.55876950E-3
1.80400000E-5,-3.64797229E-3
1.80800000E-5,-3.59020112E-3
1.81200000E-5,-3.78248846E-3
1.81600000E-5,-3.62322970E-3
1.82000000E-5,-3.54660498E-3
1.82400000E-5,-3.67963121E-3
1.82800000E-5,-3.54803341E-3
1.83200000E-5,-3.75984657E-3
1.83600000E-5,-3.49188021E-3
1.84000000E-5,-3.57243108E-3
1.84400000E-5,-3.58228994E-3
1.84800000E-5,-3.51811405E-3
1.85200000E-5,-3.52058268E-3
1.85600000E-5,-3.98551214E-3
1.86000000E-5,-3.61969411E-3
1.86400000E-5,-3.49759038E-3
1.86800000E-5,-3.50511298E-3
1.87200000E-5,-3.62618688E-3
1.87600000E-5,-3.59408616E-3
1.88000000E-5,-3.72007684E-3
1.88400000E-5,-3.40783685E-3
1.88800000E-5,-3.61296359E-3
1.89200000E-5,-3.72537196E-3
1.89600000E-5,-3.97101890E-3
1.90000000E-5,-3.60043518E-3
1.90400000E-5,-3.53099006E-3
1.90800000E-5,-3.51333821E-3
1.91200000E-5,-3.77574863E-3
1.91600000E-5,-3.41764418E-3
1.92000000E-5,-3.79052562E-3
1.92400000E-5,-3.64571148E-3
1.92800000E-5,-3.88236869E-3
1.93200000E-5,-3.78093838E-3
1.93600000E-5,-3.65183919E-3
1.94000000E-5,-3.71792785E-3
1.94400000E-5,-3.99251250E-3
1.94800000E-5,-3.58583953E-3
1.95200000E-5,-3.41765089E-3
1.95600000E-5,-4.02412064E-3
1.96000000E-5,-3.99470477E-3
1.96400000E-5,-3.68773656E-3
1.96800000E-5,-3.61680116E-3
1.97200000E-5,-3.73806989E-3
1.97600000E-5,-3.65061476E-3
1.98000000E-5,-3.87246870E-3
1.98400000E-5,-3.76758733E-3
1.98800000E-5,-3.85848914E-3
1.99200000E-5,-3.76751003E-3
1.99600000E-5,-3.79218047E-3
2.00000000E-5,-3.87807517E-3
2.00400000E-5,-3.46233211E-3
2.00800000E-5,-3.87817111E-3
2.01200000E-5,-3.80221303E-3
2.01600000E-5,-3.99344572E-3
2.02000000E-5,-3.83726489E-3
2.02400000E-5,-3.60121365E-3
2.02800000E-5,-3.46002156E-3
2.03200000E-5,-3.91938031E-3
2.03600000E-5,-3.53697669E-3
2.04000000E-5,-3.84657962E-3
2.04400000E-5,-3.82074832E-3
2.04800000E-5,-4.09110655E-3
2.05200000E-5,-3.42148638E-3
2.05600000E-5,-3.68515487E-3
2.06000000E-5,-3.91650924E-3
2.06400000E-5,-3.90314455E-3
2.06800000E-5,-3.79698747E-3
2.07200000E-5,-3.98471662E-3
2.07600000E-5,-3.82885409E-3
2.08000000E-5,-3.92423113E-3
2.08400000E-5,-3.79564684E-3
2.08800000E-5,-3.58716793E-3
2.09200000E-5,-3.63267422E-3
2.09600000E-5,-3.44494286E-3
2.10000000E-5,-3.73866960E-3
2.10400000E-5,-3.77276745E-3
2.10800000E-5,-3.64869204E-3
2.11200000E-5,-3.67297941E-3
2.11600000E-5,-3.52477763E-3
2.12000000E-5,-3.75132576E-3
2.12400000E-5,-3.92623368E-3
2.12800000E-5,-3.81638517E-3
2.13200000E-5,-3.34960831E-3
2.13600000E-5,-3.95742270E-3
2.14000000E-5,-3.92037995E-3
2.14400000E-5,-3.74440255E-3
2.14800000E-5,-3.84659888E-3
2.15200000E-5,-3.70043568E-3
2.15600000E-5,-3.96923908E-3
2.16000000E-5,-3.76819626E-3
2.16400000E-5,-3.45824874E-3
2.16800000E-5,-3.81852291E-3
2.17200000E-5,-3.49335405E-3
2.17600000E-5,-3.72053594E-3
2.18000000E-5,-3.80897768E-3
2.18400000E-5,-3.73470685E-3
2.18800000E-5,-3.58028020E-3
2.19200000E-5,-3.72403176E-3
2.19600000E-5,-3.71684339E-3
2.20000000E-5,-3.96918257E-3
2.20400000E-5,-3.73995422E-3
2.20800000E-5,-3.48783302E-3
2.21200000E-5,-3.72711362E-3
2.21600000E-5,-3.75522116E-3
2.22000000E-5,-3.79498510E-3
2.22400000E-5,-3.60741038E-3
2.22800000E-5,-3.57654707E-3
2.23200000E-5,-3.66307756E-3
2.23600000E-5,-4.09358205E-3
2.24000000E-5,-3.96838202E-3
2.24400000E-5,-3.61296463E-3
2.24800000E-5,-3.83197829E-3
2.25200000E-5,-3.60633516E-3
2.25600000E-5,-3.93699627E-3
2.26000000E-5,-3.69795690E-3
2.26400000E-5,-3.54557550E-3
2.26800000E-5,-3.71046535E-3
2.27200000E-5,-3.92272573E-3
2.27600000E-5,-3.70450729E-3
2.28000000E-5,-3.67547976E-3
2.28400000E-5,-3.78103255E-3
2.28800000E-5,-3.51781729E-3
2.29200000E-5,-3.57849856E-3
2.29600000E-5,-3.91231368E-3
2.30000000E-5,-3.76960311E-3
2.30400000E-5,-3.85254105E-3
2.30800000E-5,-3.87793050E-3
2.31200000E-5,-3.80560785E-3
2.31600000E-5,-3.72844807E-3
2.32000000E-5,-3.65670976E-3
2.32400000E-5,-3.50481010E-3
2.32800000E-5,-3.80525066E-3
2.33200000E-5,-3.76003984E-3
2.33600000E-5,-3.70932556E-3
2.34000000E-5,-3.95417068E-3
2.34400000E-5,-3.75424891E-3
2.34800000E-5,-3.82229367E-3
2.35200000E-5,-3.56602175E-3
2.35600000E-5,-3.71748539E-3
2.36000000E-5,-3.75872964E-3
2.36400000E-5,-3.65773981E-3
2.36800000E-5,-3.64278828E-3
2.37200000E-5,-3.55555917E-3
2.37600000E-5,-3.92276582E-3
2.38000000E-5,-3.83480766E-3
2.38400000E-5,-3.68938815E-3
2.38800000E-5,-3.87336414E-3
2.39200000E-5,-3.67149867E-3
2.39600000E-5,-3.95376062E-3
2.40000000E-5,-3.65691597E-3
2.40400000E-5,-3.54520358E-3
2.40800000E-5,-3.86617663E-3
2.41200000E-5,-3.95029902E-3
2.41600000E-5,-4.05556715E-3
2.42000000E-5,-3.79228536E-3
2.42400000E-5,-3.71850615E-3
2.42800000E-5,-3.70850322E-3
2.43200000E-5,-3.91270982E-3
2.43600000E-5,-3.72309036E-3
2.44000000E-5,-3.86307321E-3
2.44400000E-5,-3.96942943E-3
2.44800000E-5,-3.80488728E-3
2.45200000E-5,-4.05192375E-3
2.45600000E-5,-3.88847504E-3
2.46000000E-5,-3.73240658E-3
2.46400000E-5,-3.89360167E-3
2.46800000E-5,-3.66455470E-3
2.47200000E-5,-4.11206105E-3
2.47600000E-5,-3.94855324E-3
2.48000000E-5,-3.76170009E-3
2.48400000E-5,-3.69119351E-3
2.48800000E-5,-3.62613025E-3
2.49200000E-5,-3.69733046E-3
2.49600000E-5,-4.09750863E-3
2.50000000E-5,-3.54058987E-3
2.50400000E-5,-3.85173895E-3
2.50800000E-5,-4.01551009E-3
2.51200000E-5,-4.06313374E-3
2.51600000E-5,-3.79422741E-3
2.52000000E-5,-3.70011475E-3
2.52400000E-5,-3.84686522E-3
2.52800000E-5,-3.83418877E-3
2.53200000E-5,-3.72432438E-3
2.53600000E-5,-4.30337647E-3
2.54000000E-5,-4.08638612E-3
2.54400000E-5,-4.16408585E-3
2.54800000E-5,-3.71591929E-3
2.55200000E-5,-3.91101248E-3
2.55600000E-5,-3.62504015E-3
2.56000000E-5,-4.02410760E-3
2.56400000E-5,-3.88012063E-3
2.56800000E-5,-3.57694493E-3
2.57200000E-5,-3.73560083E-3
2.57600000E-5,-4.04792094E-3
2.58000000E-5,-3.73215543E-3
2.58400000E-5,-3.64619167E-3
2.58800000E-5,-3.61741506E-3
2.59200000E-5,-3.78148755E-3
2.59600000E-5,-3.84690459E-3
2.60000000E-5,-3.86047348E-3
2.60400000E-5,-3.93047060E-3
2.60800000E-5,-4.01771139E-3
2.61200000E-5,-3.41063924E-3
2.61600000E-5,-3.82885717E-3
2.62000000E-5,-3.82713790E-3
2.62400000E-5,-3.62318069E-3
2.62800000E-5,-3.87378467E-3
2.63200000E-5,-3.46341849E-3
2.63600000E-5,-3.81480076E-3
2.64000000E-5,-3.92867850E-3
2.64400000E-5,-3.75742073E-3
2.64800000E-5,-3.62582805E-3
2.65200000E-5,-3.83411466E-3
2.65600000E-5,-3.89247486E-3
2.66000000E-5,-3.80586542E-3
2.66400000E-5,-3.76788437E-3
2.66800000E-5,-3.91304814E-3
2.67200000E-5,-3.76070572E-3
2.67600000E-5,-3.66646307E-3
2.68000000E-5,-3.84285081E-3
2.68400000E-5,-3.80278806E-3
2.68800000E-5,-3.99805270E-3
2.69200000E-5,-3.84531337E-3
2.69600000E-5,-3.84078200E-3
2.70000000E-5,-3.53019699E-3
2.70400000E-5,-4.10099132E-3
2.70800000E-5,-4.17826121E-3
2.71200000E-5,-4.26631411E-3
2.71600000E-5,-3.83389404E-3
2.72000000E-5,-3.74947373E-3
2.72400000E-5,-3.70313608E-3
2.72800000E-5,-3.90591871E-3
2.73200000E-5,-3.55703392E-3
2.73600000E-5,-3.96989287E-3
2.74000000E-5,-3.58949124E-3
2.74400000E-5,-3.68086939E-3
2.74800000E-5,-3.81531455E-3
2.75200000E-5,-3.75871364E-3
2.75600000E-5,-3.68424529E-3
2.76000000E-5,-3.77491031E-3
2.76400000E-5,-3.59403123E-3
2.76800000E-5,-3.84929180E-3
2.77200000E-5,-3.77207190E-3
2.77600000E-5,-3.81527582E-3
2.78000000E-5,-3.91531103E-3
2.78400000E-5,-3.64083652E-3
2.78800000E-5,-3.81263945E-3
2.79200000E-5,-3.70078514E-3
2.79600000E-5,-3.68196640E-3
2.80000000E-5,-3.74924316E-3
2.80400000E-5,-3.41864865E-3
2.80800000E-5,-3.82274244E-3
2.81200000E-5,-3.78015070E-3
2.81600000E-5,-3.84872593E-3
2.82000000E-5,-3.91107821E-3
2.82400000E-5,-4.07166681E-3
2.82800000E-5,-3.54768055E-3
2.83200000E-5,-3.66821802E-3
2.83600000E-5,-3.84900160E-3
2.84000000E-5,-3.69243171E-3
2.84400000E-5,-3.81958964E-3
2.84800000E-5,-3.69253773E-3
2.85200000E-5,-4.03984152E-3
2.85600000E-5,-3.90526926E-3
2.86000000E-5,-3.89075186E-3
2.86400000E-5,-3.73209206E-3
2.86800000E-5,-4.05410634E-3
2.87200000E-5,-3.58480554E-3
2.87600000E-5,-4.04759543E-3
2.88000000E-5,-3.66204003E-3
2.88400000E-5,-3.66066991E-3
2.88800000E-5,-3.89404761E-3
2.89200000E-5,-3.62292221E-3
2.89600000E-5,-3.85360369E-3
2.90000000E-5,-3.96504683E-3
2.90400000E-5,-3.85741917E-3
2.90800000E-5,-3.90419721E-3
2.91200000E-5,-3.99749466E-3
2.91600000E-5,-3.84812465E-3
2.92000000E-5,-3.82720153E-3
2.92400000E-5,-3.93806061E-3
2.92800000E-5,-3.66189664E-3
2.93200000E-5,-3.69687206E-3
2.93600000E-5,-3.78079786E-3
2.94000000E-5,-3.68093222E-3
2.94400000E-5,-3.91397879E-3
2.94800000E-5,-3.87072700E-3
2.95200000E-5,-3.94348852E-3
2.95600000E-5,-3.68796336E-3
2.96000000E-5,-3.74606848E-3
2.96400000E-5,-4.00243771E-3
2.96800000E-5,-3.92807295E-3
2.97200000E-5,-3.78054307E-3
2.97600000E-5,-3.75791217E-3
2.98000000E-5,-3.45678884E-3
2.98400000E-5,-4.01261515E-3
2.98800000E-5,-3.99177940E-3
2.99200000E-5,-4.09834866E-3
2.99600000E-5,-3.77324163E-3
3.00000000E-5,-4.00007468E-3
3.00400000E-5,-3.80330778E-3
3.00800000E-5,-3.79071745E-3
3.01200000E-5,-3.90520754E-3
3.01600000E-5,-3.98950915E-3
3.02000000E-5,-3.81764941E-3
3.02400000E-5,-3.75889927E-3
3.02800000E-5,-3.59002070E-3
3.03200000E-5,-3.94154017E-3
3.03600000E-5,-3.85882555E-3
3.04000000E-5,-3.83377388E-3
3.04400000E-5,-3.98333809E-3
3.04800000E-5,-3.77294865E-3
3.05200000E-5,-3.81730635E-3
3.05600000E-5,-4.12264008E-3
3.06000000E-5,-3.78285158E-3
3.06400000E-5,-3.80613781E-3
3.06800000E-5,-3.64779747E-3
3.07200000E-5,-3.99335118E-3
3.07600000E-5,-4.04267353E-3
3.08000000E-5,-3.83256723E-3
3.08400000E-5,-4.03316210E-3
3.08800000E-5,-3.79040048E-3
3.09200000E-5,-3.98183494E-3
3.09600000E-5,-3.66262064E-3
3.10000000E-5,-3.72211013E-3
3.10400000E-5,-4.11411969E-3
3.10800000E-5,-4.03765617E-3
3.11200000E-5,-4.15214534E-3
3.11600000E-5,-3.99268708E-3
3.12000000E-5,-4.02835912E-3
3.12400000E-5,-3.97644880E-3
3.12800000E-5,-3.81736239E-3
3.13200000E-5,-3.71108362E-3
3.13600000E-5,-4.15313808E-3
3.14000000E-5,-3.66946498E-3
3.14400000E-5,-3.83219283E-3
3.14800000E-5,-3.96977325E-3
3.15200000E-5,-3.86221461E-3
3.15600000E-5,-4.05824935E-3
3.16000000E-5,-3.94226084E-3
3.16400000E-5,-4.17459976E-3
3.16800000E-5,-4.00831703E-3
3.17200000E-5,-3.80094389E-3
3.17600000E-5,-4.24002072E-3
3.18000000E-5,-3.86606777E-3
3.18400000E-5,-3.80444772E-3
3.18800000E-5,-4.11617069E-3
3.19200000E-5,-3.95855602E-3
3.19600000E-5,-4.12008446E-3
3.20000000E-5,-4.27682361E-3
3.20400000E-5,-3.71647618E-3
3.20800000E-5,-3.84155400E-3
3.21200000E-5,-3.97735313E-3
3.21600000E-5,-3.73981752E-3
3.22000000E-5,-3.69060953E-3
3.22400000E-5,-4.02019313E-3
3.22800000E-5,-3.91283590E-3
3.23200000E-5,-3.91251594E-3
3.23600000E-5,-4.31963355E-3
3.24000000E-5,-4.02568622E-3
3.24400000E-5,-4.08949070E-3
3.24800000E-5,-3.87528180E-3
3.25200000E-5,-4.01878771E-3
3.25600000E-5,-4.14902764E-3
3.26000000E-5,-3.82722242E-3
3.26400000E-5,-3.88212866E-3
3.26800000E-5,-3.88443430E-3
3.27200000E-5,-3.93955805E-3
3.27600000E-5,-3.92173213E-3
3.28000000E-5,-3.75868133E-3
3.28400000E-5,-3.86889864E-3
3.28800000E-5,-3.93729459E-3
3.29200000E-5,-4.05006095E-3
3.29600000E-5,-3.92512888E-3
3.30000000E-5,-3.80509854E-3
3.30400000E-5,-4.09743812E-3
3.30800000E-5,-4.11678313E-3
3.31200000E-5,-3.92564646E-3
3.31600000E-5,-3.48272951E-3
3.32000000E-5,-3.58157496E-3
3.32400000E-5,-3.88233931E-3
3.32800000E-5,-3.95628890E-3
3.33200000E-5,-3.70358668E-3
3.33600000E-5,-3.87541137E-3
3.34000000E-5,-3.97654933E-3
3.34400000E-5,-4.00356151E-3
3.34800000E-5,-3.94998447E-3
3.35200000E-5,-3.77469454E-3
3.35600000E-5,-3.89829268E-3
3.36000000E-5,-3.92307765E-3
3.36400000E-5,-3.71585216E-3
3.36800000E-5,-4.19254903E-3
3.37200000E-5,-3.77254927E-3
3.37600000E-5,-4.02563232E-3
3.38000000E-5,-3.76435844E-3
3.38400000E-5,-3.89733642E-3
3.38800000E-5,-3.80364530E-3
3.39200000E-5,-4.00902328E-3
3.39600000E-5,-3.73437519E-3
3.40000000E-5,-3.67493095E-3
3.40400000E-5,-3.85177037E-3
3.40800000E-5,-4.02290192E-3
3.41200000E-5,-3.80326090E-3
3.41600000E-5,-3.72176413E-3
3.42000000E-5,-3.69243861E-3
3.42400000E-5,-3.72088436E-3
3.42800000E-5,-3.89239502E-3
3.43200000E-5,-3.95897404E-3
3.43600000E-5,-3.92476382E-3
3.44000000E-5,-3.82814121E-3
3.44400000E-5,-3.86457001E-3
3.44800000E-5,-3.77490637E-3
3.45200000E-5,-3.96558863E-3
3.45600000E-5,-3.73518594E-3
3.46000000E-5,-3.95584960E-3
3.46400000E-5,-3.73745913E-3
3.46800000E-5,-4.06004353E-3
3.47200000E-5,-3.77281858E-3
3.47600000E-5,-3.89741432E-3
3.48000000E-5,-3.77669167E-3
3.48400000E-5,-3.93456237E-3
3.48800000E-5,-3.59646245E-3
3.49200000E-5,-3.86065474E-3
3.49600000E-5,-3.57027455E-3
3.50000000E-5,-4.09031058E-3
3.50400000E-5,-3.78441574E-3
3.50800000E-5,-3.90535537E-3
3.51200000E-5,-4.02216151E-3
3.51600000E-5,-4.06079332E-3
3.52000000E-5,-3.79008023E-3
3.52400000E-5,-3.84754919E-3
3.52800000E-5,-3.89913738E-3
3.53200000E-5,-3.88088423E-3
3.53600000E-5,-3.93736003E-3
3.54000000E-5,-4.02461493E-3
3.54400000E-5,-4.04214328E-3
3.54800000E-5,-3.79081123E-3
3.55200000E-5,-3.81603696E-3
3.55600000E-5,-3.91037998E-3
3.56000000E-5,-3.84437017E-3
3.56400000E-5,-4.04763111E-3
3.56800000E-5,-3.77891569E-3
3.57200000E-5,-3.64670698E-3
3.57600000E-5,-3.73947106E-3
3.58000000E-5,-3.99736828E-3
3.58400000E-5,-3.84191939E-3
3.58800000E-5,-4.22299669E-3
3.59200000E-5,-3.89946484E-3
3.59600000E-5,-3.83294762E-3
3.60000000E-5,-3.99865382E-3
3.60400000E-5,-3.64548442E-3
3.60800000E-5,-3.59970918E-3
3.61200000E-5,-3.88922142E-3
3.61600000E-5,-3.98840825E-3
3.62000000E-5,-3.85575599E-3
3.62400000E-5,-3.70393171E-3
3.62800000E-5,-4.07087168E-3
3.63200000E-5,-4.07837569E-3
3.63600000E-5,-3.82082358E-3
3.64000000E-5,-3.66063855E-3
3.64400000E-5,-3.78533478E-3
3.64800000E-5,-3.97500375E-3
3.65200000E-5,-4.23553704E-3
3.65600000E-5,-4.00325655E-3
3.66000000E-5,-3.83962314E-3
3.66400000E-5,-3.49705235E-3
3.66800000E-5,-3.68000927E-3
3.67200000E-5,-3.89021222E-3
3.67600000E-5,-3.78275306E-3
3.68000000E-5,-3.97998628E-3
3.68400000E-5,-4.07949521E-3
3.68800000E-5,-3.95659859E-3
3.69200000E-5,-3.89334403E-3
3.69600000E-5,-3.77020639E-3
3.70000000E-5,-3.67176619E-3
3.70400000E-5,-3.95807047E-3
3.70800000E-5,-4.04730547E-3
3.71200000E-5,-3.80851688E-3
3.71600000E-5,-4.28022758E-3
3.72000000E-5,-3.95403976E-3
3.72400000E-5,-3.78515786E-3
3.72800000E-5,-3.99181822E-3
3.73200000E-5,-3.82912280E-3
3.73600000E-5,-3.98600733E-3
3.74000000E-5,-3.76694094E-3
3.74400000E-5,-3.77094179E-3
3.74800000E-5,-3.95332719E-3
3.75200000E-5,-3.81968078E-3
3.75600000E-5,-3.72405186E-3
3.76000000E-5,-3.78828582E-3
3.76400000E-5,-3.62889574E-3
3.76800000E-5,-4.02191581E-3
3.77200000E-5,-3.91962750E-3
3.77600000E-5,-3.80550747E-3
3.78000000E-5,-3.82051077E-3
3.78400000E-5,-4.16121311E-3
3.78800000E-5,-3.95757215E-3
3.79200000E-5,-3.50492362E-3
3.79600000E-5,-3.89605678E-3
3.80000000E-5,-4.13014297E-3
3.80400000E-5,-3.83984357E-3
3.80800000E-5,-3.94382920E-3
3.81200000E-5,-3.77007895E-3
3.81600000E-5,-4.00170117E-3
3.82000000E-5,-3.90573172E-3
3.82400000E-5,-4.15936086E-3
3.82800000E-5,-3.88806834E-3
3.83200000E-5,-4.07801069E-3
3.83600000E-5,-3.87698089E-3
3.84000000E-5,-3.76848065E-3
3.84400000E-5,-4.17359651E-3
3.84800000E-5,-3.97064308E-3
3.85200000E-5,-4.09357220E-3
3.85600000E-5,-4.23041204E-3
3.86000000E-5,-3.90546266E-3
3.86400000E-5,-4.17204132E-3
3.86800000E-5,-4.12254581E-3
3.87200000E-5,-4.13580085E-3
3.87600000E-5,-4.25627883E-3
3.88000000E-5,-4.04748925E-3
3.88400000E-5,-3.91207610E-3
3.88800000E-5,-4.03835350E-3
3.89200000E-5,-4.00379466E-3
3.89600000E-5,-4.01712685E-3
3.90000000E-5,-4.14217293E-3
3.90400000E-5,-3.99998679E-3
3.90800000E-5,-3.83339618E-3
3.91200000E-5,-3.95695628E-3
3.91600000E-5,-4.15127909E-3
3.92000000E-5,-4.02089704E-3
3.92400000E-5,-3.77833515E-3
3.92800000E-5,-3.82848151E-3
3.93200000E-5,-3.90205605E-3
3.93600000E-5,-4.10346218E-3
3.94000000E-5,-4.02868689E-3
3.94400000E-5,-3.91360792E-3
3.94800000E-5,-4.35987175E-3
3.95200000E-5,-3.99758069E-3
3.95600000E-5,-3.80374043E-3
3.96000000E-5,-3.94046357E-3
3.96400000E-5,-3.95881632E-3
3.96800000E-5,-3.90648673E-3
3.97200000E-5,-4.18903336E-3
3.97600000E-5,-4.03601314E-3
3.98000000E-5,-3.95581727E-3
3.98400000E-5,-4.04286105E-3
3.98800000E-5,-4.31867847E-3
3.99200000E-5,-4.09226612E-3
3.99600000E-5,-4.01691263E-3
4.00000000E-5,-3.87018521E-3
4.00400000E-5,-4.02441969E-3
4.00800000E-5,-3.71703121E-3
4.01200000E-5,-4.01064094E-3
4.01600000E-5,-4.08876655E-3
4.02000000E-5,-4.18458452E-3
4.02400000E-5,-4.07706064E-3
4.02800000E-5,-3.99901937E-3
4.03200000E-5,-3.99898315E-3
4.03600000E-5,-4.18679151E-3
4.04000000E-5,-3.85799526E-3
4.04400000E-5,-3.99387431E-3
4.04800000E-5,-3.73436331E-3
4.05200000E-5,-4.04991901E-3
4.05600000E-5,-4.03045185E-3
4.06000000E-5,-4.34274079E-3
4.06400000E-5,-3.94693863E-3
4.06800000E-5,-3.91822117E-3
4.07200000E-5,-4.30307514E-3
4.07600000E-5,-4.17818997E-3
4.08000000E-5,-3.84754254E-3
4.08400000E-5,-3.79588458E-3
4.08800000E-5,-3.90130906E-3
4.09200000E-5,-3.85681138E-3
4.09600000E-5,-4.04176740E-3
4.10000000E-5,-3.93554292E-3
4.10400000E-5,-4.00572332E-3
4.10800000E-5,-3.83522534E-3
4.11200000E-5,-3.96497001E-3
4.11600000E-5,-4.06014242E-3
4.12000000E-5,-3.98272232E-3
4.12400000E-5,-4.08361117E-3
4.12800000E-5,-3.84815273E-3
4.13200000E-5,-4.23463323E-3
4.13600000E-5,-4.01855058E-3
4.14000000E-5,-3.72754765E-3
4.14400000E-5,-3.92791919E-3
4.14800000E-5,-4.10706954E-3
4.15200000E-5,-3.70847626E-3
4.15600000E-5,-3.90532940E-3
4.16000000E-5,-3.96487104E-3
4.16400000E-5,-3.87570721E-3
4.16800000E-5,-4.08424232E-3
4.17200000E-5,-3.86910037E-3
4.17600000E-5,-3.97501066E-3
4.18000000E-5,-3.89315564E-3
4.18400000E-5,-4.13148558E-3
4.18800000E-5,-4.16189642E-3
4.19200000E-5,-3.86126560E-3
4.19600000E-5,-3.88206983E-3
4.20000000E-5,-3.90752027E-3
4.20400000E-5,-4.30307360E-3
4.20800000E-5,-4.14398852E-3
4.21200000E-5,-4.13431639E-3
4.21600000E-5,-3.98597179E-3
4.22000000E-5,-3.90932650E-3
4.22400000E-5,-3.84988401E-3
4.22800000E-5,-3.78820270E-3
4.23200000E-5,-4.19023017E-3
4.23600000E-5,-3.88952056E-3
4.24000000E-5,-3.90614747E-3
4.24400000E-5,-4.19805531E-3
4.24800000E-5,-3.64167042E-3
4.25200000E-5,-3.72747268E-3
4.25600000E-5,-3.92491143E-3
4.26000000E-5,-4.13166107E-3
4.26400000E-5,-3.81039943E-3
4.26800000E-5,-4.05089172E-3
4.27200000E-5,-3.94399440E-3
4.27600000E-5,-4.02529146E-3
4.28000000E-5,-4.17039214E-3
4.28400000E-5,-3.68763993E-3
4.28800000E-5,-4.11948122E-3
4.29200000E-5,-4.01527906E-3
4.29600000E-5,-3.97188387E-3
4.30000000E-5,-3.88136591E-3
4.30400000E-5,-4.03773134E-3
4.30800000E-5,-3.95516369E-3
4.31200000E-5,-4.09440064E-3
4.31600000E-5,-3.99446865E-3
4.32000000E-5,-3.90276666E-3
4.32400000E-5,-4.26620044E-3
4.32800000E-5,-3.87328125E-3
4.33200000E-5,-3.78822997E-3
4.33600000E-5,-4.06553102E-3
4.34000000E-5,-4.20967943E-3
4.34400000E-5,-3.89598825E-3
4.34800000E-5,-4.04313567E-3
4.35200000E-5,-3.85079325E-3
4.35600000E-5,-3.87972598E-3
4.36000000E-5,-4.05319512E-3
4.36400000E-5,-4.04416435E-3
4.36800000E-5,-4.11321308E-3
4.37200000E-5,-3.82205077E-3
4.37600000E-5,-4.04195425E-3
4.38000000E-5,-3.95115661E-3
4.38400000E-5,-4.19775132E-3
4.38800000E-5,-3.73204255E-3
4.39200000E-5,-3.75686777E-3
4.39600000E-5,-4.05665411E-3
4.40000000E-5,-3.82010266E-3
4.40400000E-5,-4.18683372E-3
4.40800000E-5,-3.81559922E-3
4.41200000E-5,-3.92922710E-3
4.41600000E-5,-3.62987061E-3
4.42000000E-5,-3.75631825E-3
4.42400000E-5,-3.72589074E-3
4.42800000E-5,-4.03606134E-3
4.43200000E-5,-4.13950482E-3
4.43600000E-5,-3.64015811E-3
4.44000000E-5,-3.92710680E-3
4.44400000E-5,-4.10135505E-3
4.44800000E-5,-3.83539439E-3
4.45200000E-5,-3.75819529E-3
4.45600000E-5,-4.11315999E-3
4.46000000E-5,-3.95819993E-3
4.46400000E-5,-4.17864165E-3
4.46800000E-5,-3.94304062E-3
4.47200000E-5,-3.83679763E-3
4.47600000E-5,-4.10410902E-3
4.48000000E-5,-4.21230832E-3
4.48400000E-5,-4.20729098E-3
4.48800000E-5,-4.36240482E-3
4.49200000E-5,-3.92955446E-3
4.49600000E-5,-3.88883744E-3
4.50000000E-5,-3.94108507E-3
4.50400000E-5,-4.23141846E-3
4.50800000E-5,-4.24183128E-3
4.51200000E-5,-3.86717302E-3
4.51600000E-5,-4.13183649E-3
4.52000000E-5,-3.89899164E-3
4.52400000E-5,-3.88131381E-3
4.52800000E-5,-4.01427832E-3
4.53200000E-5,-3.99592669E-3
4.53600000E-5,-4.30611828E-3
4.54000000E-5,-3.88091677E-3
4.54400000E-5,-3.93304013E-3
4.54800000E-5,-3.99686912E-3
4.55200000E-5,-4.10647098E-3
4.55600000E-5,-3.96691977E-3
4.56000000E-5,-4.30092959E-3
4.56400000E-5,-3.87333619E-3
4.56800000E-5,-4.09154986E-3
4.57200000E-5,-4.36846959E-3
4.57600000E-5,-3.92290381E-3
4.58000000E-5,-4.40988884E-3
4.58400000E-5,-4.21254903E-3
4.58800000E-5,-4.10037455E-3
4.59200000E-5,-3.91894727E-3
4.59600000E-5,-3.76771858E-3
4.60000000E-5,-4.02002465E-3
4.60400000E-5,-4.02992038E-3
4.60800000E-5,-3.93844043E-3
4.61200000E-5,-4.26861061E-3
4.61600000E-5,-4.13422994E-3
4.62000000E-5,-3.96970929E-3
4.62400000E-5,-3.99670671E-3
4.62800000E-5,-4.11640631E-3
4.63200000E-5,-4.02805685E-3
4.63600000E-5,-4.03614582E-3
4.64000000E-5,-4.09432590E-3
4.64400000E-5,-4.04895321E-3
4.64800000E-5,-4.08276367E-3
4.65200000E-5,-4.19141103E-3
4.65600000E-5,-4.19236907E-3
4.66000000E-5,-3.94300621E-3
4.66400000E-5,-4.22721216E-3
4.66800000E-5,-4.03822394E-3
4.67200000E-5,-3.88367411E-3
4.67600000E-5,-4.02278218E-3
4.68000000E-5,-3.95035269E-3
4.68400000E-5,-4.04596492E-3
4.68800000E-5,-4.20587029E-3
4.69200000E-5,-4.08756629E-3
4.69600000E-5,-4.40259919E-3
4.70000000E-5,-4.16153134E-3
4.70400000E-5,-4.17312215E-3
4.70800000E-5,-4.22665754E-3
4.71200000E-5,-4.58807213E-3
4.71600000E-5,-4.04021567E-3
4.72000000E-5,-3.97166510E-3
4.72400000E-5,-4.22741906E-3
4.72800000E-5,-3.84363827E-3
4.73200000E-5,-4.49888919E-3
4.73600000E-5,-4.14333310E-3
4.74000000E-5,-4.27057385E-3
4.74400000E-5,-4.21877964E-3
4.74800000E-5,-4.00520180E-3
4.75200000E-5,-4.33839172E-3
4.75600000E-5,-4.24788377E-3
4.76000000E-5,-4.03119396E-3
4.76400000E-5,-4.29827581E-3
4.76800000E-5,-4.29479536E-3
4.77200000E-5,-4.25075715E-3
4.77600000E-5,-4.28629098E-3
4.78000000E-5,-4.17694595E-3
4.78400000E-5,-4.29548785E-3
4.78800000E-5,-4.06784356E-3
4.79200000E-5,-4.31345923E-3
4.79600000E-5,-4.22685552E-3
4.80000000E-5,-4.10945413E-3
4.80400000E-5,-3.77995912E-3
4.80800000E-5,-4.02553053E-3
4.81200000E-5,-3.83849658E-3
4.81600000E-5,-3.96884423E-3
4.82000000E-5,-4.15539784E-3
4.82400000E-5,-4.00375357E-3
4.82800000E-5,-4.05408355E-3
4.83200000E-5,-3.93610701E-3
4.83600000E-5,-3.85294841E-3
4.84000000E-5,-4.02296082E-3
4.84400000E-5,-3.96946787E-3
4.84800000E-5,-3.93002387E-3
4.85200000E-5,-4.01875353E-3
4.85600000E-5,-3.88804710E-3
4.86000000E-5,-4.05365359E-3
4.86400000E-5,-4.22725014E-3
4.86800000E-5,-4.37452547E-3
4.87200000E-5,-4.17840204E-3
4.87600000E-5,-3.88961988E-3
4.88000000E-5,-4.04240839E-3
4.88400000E-5,-3.92632107E-3
4.88800000E-5,-4.09304963E-3
4.89200000E-5,-3.79111774E-3
4.89600000E-5,-3.95431517E-3
4.90000000E-5,-3.56768805E-3
4.90400000E-5,-4.55405304E-3
4.90800000E-5,-4.17975147E-3
4.91200000E-5,-3.94833994E-3
4.91600000E-5,-4.37206769E-3
4.92000000E-5,-3.80427242E-3
4.92400000E-5,-4.10226686E-3
4.92800000E-5,-4.23662260E-3
4.93200000E-5,-4.06082378E-3
4.93600000E-5,-4.09195624E-3
4.94000000E-5,-4.27883285E-3
4.94400000E-5,-3.90021236E-3
4.94800000E-5,-4.08009353E-3
4.95200000E-5,-3.88799282E-3
4.95600000E-5,-4.40432061E-3
4.96000000E-5,-4.01650520E-3
4.96400000E-5,-3.93007498E-3
4.96800000E-5,-4.07189551E-3
4.97200000E-5,-4.04799221E-3
4.97600000E-5,-3.82749780E-3
4.98000000E-5,-3.99702742E-3
4.98400000E-5,-4.14036143E-3
4.98800000E-5,-3.89695509E-3
4.99200000E-5,-3.96161611E-3
4.99600000E-5,-3.92243721E-3
5.00000000E-5,-4.04631876E-3
5.00400000E-5,-4.40699543E-3
5.00800000E-5,-3.98168612E-3
5.01200000E-5,-3.94963810E-3
5.01600000E-5,-3.95962737E-3
5.02000000E-5,-4.04658240E-3
5.02400000E-5,-3.82139277E-3
5.02800000E-5,-3.97644298E-3
5.03200000E-5,-3.93118602E-3
5.03600000E-5,-3.94126813E-3
5.04000000E-5,-3.93905872E-3
5.04400000E-5,-4.18356440E-3
5.04800000E-5,-3.92304321E-3
5.05200000E-5,-4.18908984E-3
5.05600000E-5,-3.95835502E-3
5.06000000E-5,-4.06490801E-3
5.06400000E-5,-3.78799435E-3
5.06800000E-5,-3.98984932E-3
5.07200000E-5,-3.89604703E-3
5.07600000E-5,-3.84303029E-3
5.08000000E-5,-4.29223095E-3
5.08400000E-5,-4.06941620E-3
5.08800000E-5,-4.07351086E-3
5.09200000E-5,-3.96746106E-3
5.09600000E-5,-3.82419399E-3
5.10000000E-5,-4.00551360E-3
5.10400000E-5,-4.08804706E-3
5.10800000E-5,-4.03420816E-3
5.11200000E-5,-4.45204958E-3
5.11600000E-5,-4.19849353E-3
5.12000000E-5,-3.92056809E-3
5.12400000E-5,-3.98024436E-3
5.12800000E-5,-3.93355705E-3
5.13200000E-5,-4.07892728E-3
5.13600000E-5,-4.06881753E-3
5.14000000E-5,-3.93064362E-3
5.14400000E-5,-3.95219563E-3
5.14800000E-5,-4.23699780E-3
5.15200000E-5,-3.89400954E-3
5.15600000E-5,-3.82362201E-3
5.16000000E-5,-4.06220020E-3
5.16400000E-5,-4.13118355E-3
5.16800000E-5,-3.88336770E-3
5.17200000E-5,-4.14528277E-3
5.17600000E-5,-4.16226510E-3
5.18000000E-5,-4.18517996E-3
5.18400000E-5,-4.06647531E-3
5.18800000E-5,-4.10241454E-3
5.19200000E-5,-4.02997915E-3
5.19600000E-5,-3.88247394E-3
5.20000000E-5,-4.29025123E-3
5.20400000E-5,-4.04014944E-3
5.20800000E-5,-4.09106592E-3
5.21200000E-5,-4.00268929E-3
5.21600000E-5,-3.97651985E-3
5.22000000E-5,-4.03840023E-3
5.22400000E-5,-3.98072578E-3
5.22800000E-5,-3.79478812E-3
5.23200000E-5,-3.94476460E-3
5.23600000E-5,-3.73668474E-3
5.24000000E-5,-4.06055583E-3
5.24400000E-5,-4.23606554E-3
5.24800000E-5,-4.17067665E-3
5.25200000E-5,-3.86621021E-3
5.25600000E-5,-3.97733915E-3
5.26000000E-5,-4.03940658E-3
5.26400000E-5,-3.72380171E-3
5.26800000E-5,-3.95565514E-3
5.27200000E-5,-4.13924428E-3
5.27600000E-5,-4.28491128E-3
5.28000000E-5,-3.83798758E-3
5.28400000E-5,-3.85546996E-3
5.28800000E-5,-4.16747811E-3
5.29200000E-5,-4.15077587E-3
5.29600000E-5,-4.07813942E-3
5.30000000E-5,-4.16963454E-3
5.30400000E-5,-3.97808759E-3
5.30800000E-5,-4.05506664E-3
5.31200000E-5,-4.12533670E-3
5.31600000E-5,-3.91443144E-3
5.32000000E-5,-4.17113715E-3
5.32400000E-5,-4.02785842E-3
5.32800000E-5,-4.11979938E-3
5.33200000E-5,-4.15484691E-3
5.33600000E-5,-3.92607449E-3
5.34000000E-5,-4.14271680E-3
5.34400000E-5,-4.32357449E-3
5.34800000E-5,-3.99983704E-3
5.35200000E-5,-4.03356163E-3
5.35600000E-5,-3.94065318E-3
5.36000000E-5,-4.08764025E-3
5.36400000E-5,-4.21207398E-3
5.36800000E-5,-4.27226647E-3
5.37200000E-5,-3.73622178E-3
5.37600000E-5,-4.06339346E-3
5.38000000E-5,-3.89285234E-3
5.38400000E-5,-4.53166826E-3
5.38800000E-5,-4.11540495E-3
5.39200000E-5,-4.02706522E-3
5.39600000E-5,-4.23633651E-3
5.40000000E-5,-4.08135181E-3
5.40400000E-5,-3.89531783E-3
5.40800000E-5,-4.10530914E-3
5.41200000E-5,-4.10958621E-3
5.41600000E-5,-4.05416866E-3
5.42000000E-5,-4.06980084E-3
5.42400000E-5,-4.15207131E-3
5.42800000E-5,-4.24507377E-3
5.43200000E-5,-4.03240270E-3
5.43600000E-5,-4.03689898E-3
5.44000000E-5,-4.19610167E-3
5.44400000E-5,-4.10763952E-3
5.44800000E-5,-4.00181842E-3
5.45200000E-5,-4.25049956E-3
5.45600000E-5,-4.15581047E-3
5.46000000E-5,-4.35765932E-3
5.46400000E-5,-3.99503103E-3
5.46800000E-5,-4.32422589E-3
5.47200000E-5,-3.97751097E-3
5.47600000E-5,-4.21223886E-3
5.48000000E-5,-3.97005372E-3
5.48400000E-5,-4.05770336E-3
5.48800000E-5,-4.06738594E-3
5.49200000E-5,-4.13645743E-3
5.49600000E-5,-4.14259905E-3
5.50000000E-5,-4.04550328E-3
5.50400000E-5,-4.09886492E-3
5.50800000E-5,-4.12228019E-3
5.51200000E-5,-3.98887056E-3
5.51600000E-5,-4.38061036E-3
5.52000000E-5,-4.31971986E-3
5.52400000E-5,-4.12958398E-3
5.52800000E-5,-4.16321371E-3
5.53200000E-5,-3.97233458E-3
5.53600000E-5,-4.38771264E-3
5.54000000E-5,-3.99855856E-3
5.54400000E-5,-4.28033154E-3
5.54800000E-5,-4.00690010E-3
5.55200000E-5,-4.27782452E-3
5.55600000E-5,-4.41267639E-3
5.56000000E-5,-4.12569972E-3
5.56400000E-5,-4.14021358E-3
5.56800000E-5,-4.08660771E-3
5.57200000E-5,-4.17827767E-3
5.57600000E-5,-4.04673012E-3
5.58000000E-5,-4.17259256E-3
5.58400000E-5,-4.11837153E-3
5.58800000E-5,-4.39299762E-3
5.59200000E-5,-3.96898168E-3
5.59600000E-5,-3.93474925E-3
5.60000000E-5,-4.00330174E-3
5.60400000E-5,-4.17192234E-3
5.60800000E-5,-4.25844021E-3
5.61200000E-5,-4.12326573E-3
5.61600000E-5,-4.12399764E-3
5.62000000E-5,-4.26829644E-3
5.62400000E-5,-4.27497935E-3
5.62800000E-5,-4.50483946E-3
5.63200000E-5,-4.22478038E-3
5.63600000E-5,-4.03556169E-3
5.64000000E-5,-4.52852048E-3
5.64400000E-5,-3.90692600E-3
5.64800000E-5,-4.05437699E-3
5.65200000E-5,-3.99917897E-3
5.65600000E-5,-4.05620225E-3
5.66000000E-5,-4.22991563E-3
5.66400000E-5,-4.07389233E-3
5.66800000E-5,-4.33761410E-3
5.67200000E-5,-4.12200275E-3
5.67600000E-5,-4.24535775E-3
5.68000000E-5,-4.17968264E-3
5.68400000E-5,-3.96793961E-3
5.68800000E-5,-4.03327227E-3
5.69200000E-5,-4.23039839E-3
5.69600000E-5,-4.11101318E-3
5.70000000E-5,-4.09269555E-3
5.70400000E-5,-4.21816818E-3
5.70800000E-5,-4.15061131E-3
5.71200000E-5,-3.90884114E-3
5.71600000E-5,-4.14113914E-3
5.72000000E-5,-4.37043160E-3
5.72400000E-5,-4.25284317E-3
5.72800000E-5,-4.21761602E-3
5.73200000E-5,-4.06655246E-3
5.73600000E-5,-4.31119179E-3
5.74000000E-5,-4.04130463E-3
5.74400000E-5,-3.97465093E-3
5.74800000E-5,-4.01594502E-3
5.75200000E-5,-4.11593823E-3
5.75600000E-5,-4.08682305E-3
5.76000000E-5,-4.12809082E-3
5.76400000E-5,-4.13400986E-3
5.76800000E-5,-4.29346775E-3
5.77200000E-5,-4.24134844E-3
5.77600000E-5,-4.13525829E-3
5.78000000E-5,-4.16239471E-3
5.78400000E-5,-4.15203036E-3
5.78800000E-5,-3.98844621E-3
5.79200000E-5,-4.05265434E-3
5.79600000E-5,-4.20249408E-3
5.80000000E-5,-4.32163729E-3
5.80400000E-5,-4.16044760E-3
5.80800000E-5,-4.02151920E-3
5.81200000E-5,-3.87668875E-3
5.81600000E-5,-4.02701851E-3
5.82000000E-5,-4.16518639E-3
5.82400000E-5,-4.11130684E-3
5.82800000E-5,-4.08879329E-3
5.83200000E-5,-4.15568054E-3
5.83600000E-5,-3.98293878E-3
5.84000000E-5,-4.17614860E-3
5.84400000E-5,-4.04496200E-3
5.84800000E-5,-4.35419310E-3
5.85200000E-5,-3.73566875E-3
5.85600000E-5,-4.01089621E-3
5.86000000E-5,-3.97970815E-3
5.86400000E-5,-3.90333829E-3
5.86800000E-5,-4.10096466E-3
5.87200000E-5,-4.07997997E-3
5.87600000E-5,-4.20531862E-3
5.88000000E-5,-4.05577168E-3
5.88400000E-5,-4.46323402E-3
5.88800000E-5,-4.08779776E-3
5.89200000E-5,-4.06876277E-3
5.89600000E-5,-4.27552887E-3
5.90000000E-5,-3.93613190E-3
5.90400000E-5,-4.31539106E-3
5.90800000E-5,-3.81759901E-3
5.91200000E-5,-3.90124018E-3
5.91600000E-5,-3.91114641E-3
5.92000000E-5,-4.20674791E-3
5.92400000E-5,-4.31716580E-3
5.92800000E-5,-4.09357257E-3
5.93200000E-5,-3.90636838E-3
5.93600000E-5,-3.85151036E-3
5.94000000E-5,-4.16991269E-3
5.94400000E-5,-4.05234666E-3
5.94800000E-5,-4.32485170E-3
5.95200000E-5,-4.04189040E-3
5.95600000E-5,-4.24210837E-3
5.96000000E-5,-4.04844005E-3
5.96400000E-5,-4.05777066E-3
5.96800000E-5,-4.09948304E-3
5.97200000E-5,-4.37063646E-3
5.97600000E-5,-4.02061413E-3
5.98000000E-5,-4.06557173E-3
5.98400000E-5,-3.77901884E-3
5.98800000E-5,-4.08894658E-3
5.99200000E-5,-3.98869814E-3
5.99600000E-5,-4.01373556E-3
6.00000000E-5,-4.04363732E-3
6.00400000E-5,-4.14420444E-3
6.00800000E-5,-4.19189548E-3
6.01200000E-5,-3.96534590E-3
6.01600000E-5,-4.14269910E-3
6.02000000E-5,-4.24091088E-3
6.02400000E-5,-4.05587306E-3
6.02800000E-5,-4.08720767E-3
6.03200000E-5,-3.79733132E-3
6.03600000E-5,-4.27095800E-3
6.04000000E-5,-3.92692937E-3
6.04400000E-5,-4.23971113E-3
6.04800000E-5,-4.08454840E-3
6.05200000E-5,-4.34737331E-3
6.05600000E-5,-3.86803577E-3
6.06000000E-5,-3.87469176E-3
6.06400000E-5,-3.94358373E-3
6.06800000E-5,-4.51736500E-3
6.07200000E-5,-4.27494559E-3
6.07600000E-5,-4.19124130E-3
6.08000000E-5,-4.02060878E-3
6.08400000E-5,-4.18838491E-3
6.08800000E-5,-3.91029241E-3
6.09200000E-5,-4.31930119E-3
6.09600000E-5,-3.90078533E-3
6.10000000E-5,-4.18645986E-3
6.10400000E-5,-4.17101365E-3
6.10800000E-5,-4.08761350E-3
6.11200000E-5,-4.23209161E-3
6.11600000E-5,-3.94142262E-3
6.12000000E-5,-4.10671996E-3
6.12400000E-5,-4.16868558E-3
6.12800000E-5,-3.88235736E-3
6.13200000E-5,-4.00318898E-3
6.13600000E-5,-4.39661369E-3
6.14000000E-5,-4.09048234E-3
6.14400000E-5,-4.15586631E-3
6.14800000E-5,-4.03042757E-3
6.15200000E-5,-4.08127240E-3
6.15600000E-5,-4.10790276E-3
6.16000000E-5,-4.14132047E-3
6.16400000E-5,-4.21741032E-3
6.16800000E-5,-3.69822021E-3
6.17200000E-5,-4.15080810E-3
6.17600000E-5,-4.28882276E-3
6.18000000E-5,-4.11774344E-3
6.18400000E-5,-4.03319706E-3
6.18800000E-5,-4.09536903E-3
6.19200000E-5,-3.97585898E-3
6.19600000E-5,-3.88183344E-3
6.20000000E-5,-3.88077274E-3
6.20400000E-5,-4.16368457E-3
6.20800000E-5,-3.96329034E-3
6.21200000E-5,-4.16061375E-3
6.21600000E-5,-3.85846215E-3
6.22000000E-5,-4.00923845E-3
6.22400000E-5,-3.98636932E-3
6.22800000E-5,-4.20041477E-3
6.23200000E-5,-4.13698745E-3
6.23600000E-5,-4.07798099E-3
6.24000000E-5,-4.02709873E-3
6.24400000E-5,-4.28245337E-3
6.24800000E-5,-4.38921831E-3
6.25200000E-5,-4.08305912E-3
6.25600000E-5,-4.21455986E-3
6.26000000E-5,-3.72587242E-3
6.26400000E-5,-3.95545476E-3
6.26800000E-5,-3.99931923E-3
6.27200000E-5,-4.05374246E-3
6.27600000E-5,-4.02606268E-3
6.28000000E-5,-3.92708796E-3
6.28400000E-5,-4.14614429E-3
6.28800000E-5,-4.09083997E-3
6.29200000E-5,-4.05197991E-3
6.29600000E-5,-4.10651409E-3
6.30000000E-5,-4.26108858E-3
6.30400000E-5,-4.01115608E-3
6.30800000E-5,-3.89671475E-3
6.31200000E-5,-3.97119896E-3
6.31600000E-5,-4.24982532E-3
6.32000000E-5,-4.27963154E-3
6.32400000E-5,-4.18639328E-3
6.32800000E-5,-4.01357438E-3
6.33200000E-5,-4.24543965E-3
6.33600000E-5,-4.18536034E-3
6.34000000E-5,-4.10581721E-3
6.34400000E-5,-4.22516044E-3
6.34800000E-5,-4.49116230E-3
6.35200000E-5,-4.10197168E-3
6.35600000E-5,-4.49730291E-3
6.36000000E-5,-3.97389080E-3
6.36400000E-5,-3.91072594E-3
6.36800000E-5,-3.97625422E-3
6.37200000E-5,-4.04633434E-3
6.37600000E-5,-3.80357750E-3
6.38000000E-5,-4.11646223E-3
6.38400000E-5,-4.12248414E-3
6.38800000E-5,-4.07343185E-3
6.39200000E-5,-3.95242416E-3
6.39600000E-5,-4.00225547E-3
6.40000000E-5,-4.02318584E-3
6.40400000E-5,-4.08838510E-3
6.40800000E-5,-4.06131434E-3
6.41200000E-5,-3.87415213E-3
6.41600000E-5,-3.92656185E-3
6.42000000E-5,-3.83239483E-3
6.42400000E-5,-4.08822106E-3
6.42800000E-5,-4.23727918E-3
6.43200000E-5,-4.20794393E-3
6.43600000E-5,-3.86556928E-3
6.44000000E-5,-4.09440308E-3
6.44400000E-5,-3.94230179E-3
6.44800000E-5,-3.99902272E-3
6.45200000E-5,-3.96480093E-3
6.45600000E-5,-4.20232611E-3
6.46000000E-5,-3.85298269E-3
6.46400000E-5,-4.10750494E-3
6.46800000E-5,-3.79620376E-3
6.47200000E-5,-4.06036916E-3
6.47600000E-5,-4.30214350E-3
6.48000000E-5,-4.12435508E-3
6.48400000E-5,-4.14442732E-3
6.48800000E-5,-4.05165454E-3
6.49200000E-5,-4.07401493E-3
6.49600000E-5,-4.10995152E-3
6.50000000E-5,-3.91312687E-3
6.50400000E-5,-4.04875146E-3
6.50800000E-5,-4.27837711E-3
6.51200000E-5,-4.08208914E-3
6.51600000E-5,-3.93306990E-3
6.52000000E-5,-4.13426005E-3
6.52400000E-5,-4.20250431E-3
6.52800000E-5,-4.17981690E-3
6.53200000E-5,-4.44003351E-3
6.53600000E-5,-3.84553743E-3
6.54000000E-5,-4.10091889E-3
6.54400000E-5,-4.15346620E-3
6.54800000E-5,-3.98659594E-3
6.55200000E-5,-4.21912897E-3
6.55600000E-5,-3.96583107E-3
6.56000000E-5,-4.18421666E-3
6.56400000E-5,-4.03339940E-3
6.56800000E-5,-4.00482687E-3
6.57200000E-5,-3.82089027E-3
6.57600000E-5,-3.99686495E-3
6.58000000E-5,-4.25538158E-3
6.58400000E-5,-4.23337809E-3
6.58800000E-5,-4.15319048E-3
6.59200000E-5,-3.87045582E-3
6.59600000E-5,-4.02979121E-3
6.60000000E-5,-4.21026243E-3
6.60400000E-5,-3.91919253E-3
6.60800000E-5,-3.91297197E-3
6.61200000E-5,-4.19490494E-3
6.61600000E-5,-4.04614282E-3
6.62000000E-5,-3.97120890E-3
6.62400000E-5,-4.29987969E-3
6.62800000E-5,-3.91725656E-3
6.63200000E-5,-4.26384598E-3
6.63600000E-5,-3.87714923E-3
6.64000000E-5,-3.87825974E-3
6.64400000E-5,-4.06990576E-3
6.64800000E-5,-4.19933049E-3
6.65200000E-5,-4.01024409E-3
6.65600000E-5,-4.23855398E-3
6.66000000E-5,-4.16933222E-3
6.66400000E-5,-3.89142027E-3
6.66800000E-5,-4.04230276E-3
6.67200000E-5,-4.33492369E-3
6.67600000E-5,-4.01275402E-3
6.68000000E-5,-4.08714262E-3
6.68400000E-5,-3.98504576E-3
6.68800000E-5,-4.17765952E-3
6.69200000E-5,-4.12833839E-3
6.69600000E-5,-4.13073846E-3
6.70000000E-5,-4.01118730E-3
6.70400000E-5,-4.14894143E-3
6.70800000E-5,-4.09060708E-3
6.71200000E-5,-4.06805664E-3
6.71600000E-5,-4.09717030E-3
6.72000000E-5,-4.28574715E-3
6.72400000E-5,-4.19006916E-3
6.72800000E-5,-4.15590170E-3
6.73200000E-5,-4.37815608E-3
6.73600000E-5,-4.13348266E-3
6.74000000E-5,-4.19255443E-3
6.74400000E-5,-4.08004988E-3
6.74800000E-5,-3.97592914E-3
6.75200000E-5,-4.08237656E-3
6.75600000E-5,-3.99061814E-3
6.76000000E-5,-4.35411026E-3
6.76400000E-5,-4.24888337E-3
6.76800000E-5,-4.19209203E-3
6.77200000E-5,-3.97687862E-3
6.77600000E-5,-3.93178940E-3
6.78000000E-5,-4.00220392E-3
6.78400000E-5,-4.03957958E-3
6.78800000E-5,-3.87526452E-3
6.79200000E-5,-3.97314212E-3
6.79600000E-5,-4.10263423E-3
6.80000000E-5,-4.07890233E-3
6.80400000E-5,-4.08550606E-3
6.80800000E-5,-4.21241276E-3
6.81200000E-5,-4.33462598E-3
6.81600000E-5,-3.99803075E-3
6.82000000E-5,-4.27321494E-3
6.82400000E-5,-4.15794742E-3
6.82800000E-5,-4.31055530E-3
6.83200000E-5,-4.13778387E-3
6.83600000E-5,-4.38689406E-3
6.84000000E-5,-4.14863751E-3
6.84400000E-5,-4.12239163E-3
6.84800000E-5,-3.94553169E-3
6.85200000E-5,-4.13368254E-3
6.85600000E-5,-4.03371860E-3
6.86000000E-5,-4.35960438E-3
6.86400000E-5,-4.17574088E-3
6.86800000E-5,-4.09589321E-3
6.87200000E-5,-4.00467686E-3
6.87600000E-5,-4.15719194E-3
6.88000000E-5,-3.98029974E-3
6.88400000E-5,-4.22364081E-3
6.88800000E-5,-4.33656278E-3
6.89200000E-5,-4.35490802E-3
6.89600000E-5,-4.24422558E-3
6.90000000E-5,-3.99731401E-3
6.90400000E-5,-4.14470985E-3
6.90800000E-5,-4.12541160E-3
6.91200000E-5,-4.23060940E-3
6.91600000E-5,-4.23654301E-3
6.92000000E-5,-4.08735998E-3
6.92400000E-5,-4.12538983E-3
6.92800000E-5,-4.58804982E-3
6.93200000E-5,-4.02920815E-3
6.93600000E-5,-3.96085260E-3
6.94000000E-5,-3.77956765E-3
6.94400000E-5,-4.14918304E-3
6.94800000E-5,-4.01942376E-3
6.95200000E-5,-3.94346114E-3
6.95600000E-5,-4.20211221E-3
6.96000000E-5,-4.10194220E-3
6.96400000E-5,-3.98306791E-3
6.96800000E-5,-4.17200735E-3
6.97200000E-5,-3.99736351E-3
6.97600000E-5,-4.58775913E-3
6.98000000E-5,-4.14485543E-3
6.98400000E-5,-4.01521903E-3
6.98800000E-5,-4.13379654E-3
6.99200000E-5,-4.23914383E-3
6.99600000E-5,-3.98237004E-3
7.00000000E-5,-4.27257974E-3
7.00400000E-5,-3.97398191E-3
7.00800000E-5,-3.90483759E-3
7.01200000E-5,-4.07004862E-3
7.01600000E-5,-4.32361516E-3
7.02000000E-5,-4.10739973E-3
7.02400000E-5,-4.28734273E-3
7.02800000E-5,-4.02251491E-3
7.03200000E-5,-4.06135936E-3
7.03600000E-5,-3.95749781E-3
7.04000000E-5,-4.04952597E-3
7.04400000E-5,-4.12602389E-3
7.04800000E-5,-3.86803135E-3
7.05200000E-5,-4.04142964E-3
7.05600000E-5,-4.09251086E-3
7.06000000E-5,-4.14773349E-3
7.06400000E-5,-4.41352767E-3
7.06800000E-5,-4.03957563E-3
7.07200000E-5,-3.86719048E-3
7.07600000E-5,-4.14077392E-3
7.08000000E-5,-4.19537425E-3
7.08400000E-5,-4.09706447E-3
7.08800000E-5,-4.21215892E-3
7.09200000E-5,-3.94768566E-3
7.09600000E-5,-3.99915657E-3
7.10000000E-5,-3.97642892E-3
7.10400000E-5,-4.25618234E-3
7.10800000E-5,-4.19350174E-3
7.11200000E-5,-3.87487700E-3
7.11600000E-5,-4.36170224E-3
7.12000000E-5,-3.79347200E-3
7.12400000E-5,-4.30539644E-3
7.12800000E-5,-4.01663987E-3
7.13200000E-5,-4.05855383E-3
7.13600000E-5,-4.06300145E-3
7.14000000E-5,-3.94236581E-3
7.14400000E-5,-3.91333623E-3
7.14800000E-5,-4.10791400E-3
7.15200000E-5,-3.82257206E-3
7.15600000E-5,-3.79417825E-3
7.16000000E-5,-4.13312672E-3
7.16400000E-5,-3.82102609E-3
7.16800000E-5,-4.19727528E-3
7.17200000E-5,-4.15560442E-3
7.17600000E-5,-3.89814189E-3
7.18000000E-5,-4.06419502E-3
7.18400000E-5,-4.13476772E-3
7.18800000E-5,-4.05122515E-3
7.19200000E-5,-3.84516941E-3
7.19600000E-5,-3.94551360E-3
7.20000000E-5,-4.01031528E-3
7.20400000E-5,-3.90989334E-3
7.20800000E-5,-4.20424885E-3
7.21200000E-5,-3.87725872E-3
7.21600000E-5,-4.16855034E-3
7.22000000E-5,-3.78374770E-3
7.22400000E-5,-4.04389874E-3
7.22800000E-5,-4.04616578E-3
7.23200000E-5,-4.15657219E-3
7.23600000E-5,-3.97262071E-3
7.24000000E-5,-4.00714550E-3
7.24400000E-5,-4.08714738E-3
7.24800000E-5,-3.78769200E-3
7.25200000E-5,-3.88706543E-3
7.25600000E-5,-4.05031787E-3
7.26000000E-5,-3.98593577E-3
7.26400000E-5,-3.86453208E-3
7.26800000E-5,-3.99724768E-3
7.27200000E-5,-3.99374262E-3
7.27600000E-5,-4.04630209E-3
7.28000000E-5,-4.03438649E-3
7.28400000E-5,-4.13509533E-3
7.28800000E-5,-3.99100109E-3
7.29200000E-5,-4.13335994E-3
7.29600000E-5,-3.95419873E-3
7.30000000E-5,-4.07386101E-3
7.30400000E-5,-4.14551344E-3
7.30800000E-5,-3.96356578E-3
7.31200000E-5,-4.02405628E-3
7.31600000E-5,-3.77169566E-3
7.32000000E-5,-3.90261998E-3
7.32400000E-5,-4.07325502E-3
7.32800000E-5,-3.96970813E-3
7.33200000E-5,-4.05061439E-3
7.33600000E-5,-3.73387060E-3
7.34000000E-5,-3.88391511E-3
7.34400000E-5,-4.15039520E-3
7.34800000E-5,-3.93629371E-3
7.35200000E-5,-3.84605319E-3
7.35600000E-5,-3.92597561E-3
7.36000000E-5,-3.94610925E-3
7.36400000E-5,-3.83709309E-3
7.36800000E-5,-4.09128688E-3
7.37200000E-5,-4.05282454E-3
7.37600000E-5,-4.05876758E-3
7.38000000E-5,-3.79603024E-3
7.38400000E-5,-3.91062611E-3
7.38800000E-5,-3.66471089E-3
7.39200000E-5,-3.78086669E-3
7.39600000E-5,-3.81689197E-3
7.40000000E-5,-4.17538520E-3
7.40400000E-5,-4.04886612E-3
7.40800000E-5,-3.63738406E-3
7.41200000E-5,-3.72900862E-3
7.41600000E-5,-3.92824251E-3
7.42000000E-5,-4.07585482E-3
7.42400000E-5,-4.30530140E-3
7.42800000E-5,-4.26728280E-3
7.43200000E-5,-4.11907784E-3
7.43600000E-5,-4.11455767E-3
7.44000000E-5,-3.95928127E-3
7.44400000E-5,-4.03234827E-3
7.44800000E-5,-3.95124143E-3
7.45200000E-5,-3.97282864E-3
7.45600000E-5,-4.13474588E-3
7.46000000E-5,-3.86454555E-3
7.46400000E-5,-4.07896729E-3
7.46800000E-5,-3.95575890E-3
7.47200000E-5,-4.07455817E-3
7.47600000E-5,-3.93922865E-3
7.48000000E-5,-4.18953981E-3
7.48400000E-5,-4.24303393E-3
7.48800000E-5,-4.07592079E-3
7.49200000E-5,-4.00905145E-3
7.49600000E-5,-3.94149413E-3
7.50000000E-5,-3.82544561E-3
7.50400000E-5,-3.93240003E-3
7.50800000E-5,-4.01343026E-3
7.51200000E-5,-3.85133085E-3
7.51600000E-5,-4.11477906E-3
7.52000000E-5,-4.12008917E-3
7.52400000E-5,-3.80703586E-3
7.52800000E-5,-3.95309791E-3
7.53200000E-5,-4.09291014E-3
7.53600000E-5,-3.77709964E-3
7.54000000E-5,-4.01560308E-3
7.54400000E-5,-4.18199949E-3
7.54800000E-5,-4.07956859E-3
7.55200000E-5,-4.21371597E-3
7.55600000E-5,-4.04136169E-3
7.56000000E-5,-4.14224433E-3
7.56400000E-5,-4.08659392E-3
7.56800000E-5,-4.04417128E-3
7.57200000E-5,-3.88983054E-3
7.57600000E-5,-3.93501565E-3
7.58000000E-5,-4.48925915E-3
7.58400000E-5,-3.95324825E-3
7.58800000E-5,-4.20513211E-3
7.59200000E-5,-4.00041530E-3
7.59600000E-5,-3.92139827E-3
7.60000000E-5,-3.95051907E-3
7.60400000E-5,-4.01444459E-3
7.60800000E-5,-3.89265275E-3
7.61200000E-5,-4.25251645E-3
7.61600000E-5,-4.21449807E-3
7.62000000E-5,-3.85149577E-3
7.62400000E-5,-4.05762346E-3
7.62800000E-5,-3.86373828E-3
7.63200000E-5,-3.98925823E-3
7.63600000E-5,-3.94433891E-3
7.64000000E-5,-4.07766507E-3
7.64400000E-5,-4.05294796E-3
7.64800000E-5,-4.07936688E-3
7.65200000E-5,-4.15033786E-3
7.65600000E-5,-3.98436631E-3
7.66000000E-5,-4.02361518E-3
7.66400000E-5,-3.92322508E-3
7.66800000E-5,-4.28540953E-3
7.67200000E-5,-4.16555110E-3
7.67600000E-5,-3.91778168E-3
7.68000000E-5,-4.18561359E-3
7.68400000E-5,-3.98393908E-3
7.68800000E-5,-4.00207419E-3
7.69200000E-5,-4.19128374E-3
7.69600000E-5,-4.09220845E-3
7.70000000E-5,-4.00101217E-3
7.70400000E-5,-4.02096871E-3
7.70800000E-5,-3.97967075E-3
7.71200000E-5,-3.86030285E-3
7.71600000E-5,-4.12615745E-3
7.72000000E-5,-4.19401549E-3
7.72400000E-5,-4.10026402E-3
7.72800000E-5,-3.97793186E-3
7.73200000E-5,-4.25959140E-3
7.73600000E-5,-4.17352459E-3
7.74000000E-5,-4.41060020E-3
7.74400000E-5,-4.20534545E-3
7.74800000E-5,-3.98512943E-3
7.75200000E-5,-4.23948126E-3
7.75600000E-5,-4.11233436E-3
7.76000000E-5,-4.24479173E-3
7.76400000E-5,-4.05056981E-3
7.76800000E-5,-3.96716780E-3
7.77200000E-5,-4.08182074E-3
7.77600000E-5,-4.13182425E-3
7.78000000E-5,-4.06897934E-3
7.78400000E-5,-4.30805930E-3
7.78800000E-5,-4.39062615E-3
7.79200000E-5,-4.17944930E-3
7.79600000E-5,-4.49326210E-3
7.80000000E-5,-4.06370681E-3
7.80400000E-5,-3.88882856E-3
7.80800000E-5,-4.06962457E-3
7.81200000E-5,-3.83615234E-3
7.81600000E-5,-4.45415130E-3
7.82000000E-5,-4.21869192E-3
7.82400000E-5,-4.19594119E-3
7.82800000E-5,-4.21306644E-3
7.83200000E-5,-4.41872107E-3
7.83600000E-5,-4.40862775E-3
7.84000000E-5,-4.26818318E-3
7.84400000E-5,-4.29347896E-3
7.84800000E-5,-4.15474508E-3
7.85200000E-5,-4.08536820E-3
7.85600000E-5,-4.35565450E-3
7.86000000E-5,-4.43307181E-3
7.86400000E-5,-4.43545170E-3
7.86800000E-5,-4.26359213E-3
7.87200000E-5,-4.09666168E-3
7.87600000E-5,-4.27578332E-3
7.88000000E-5,-4.22164939E-3
7.88400000E-5,-4.12069813E-3
7.88800000E-5,-4.25213316E-3
7.89200000E-5,-4.04127999E-3
7.89600000E-5,-4.11549039E-3
7.90000000E-5,-4.44179436E-3
7.90400000E-5,-4.07465181E-3
7.90800000E-5,-4.06342741E-3
7.91200000E-5,-4.09629675E-3
7.91600000E-5,-4.16965232E-3
7.92000000E-5,-4.52438459E-3
7.92400000E-5,-4.12088842E-3
7.92800000E-5,-4.10668471E-3
7.93200000E-5,-4.33750925E-3
7.93600000E-5,-4.42617716E-3
7.94000000E-5,-4.24133057E-3
7.94400000E-5,-4.51098784E-3
7.94800000E-5,-4.43542955E-3
7.95200000E-5,-3.92416330E-3
7.95600000E-5,-4.11340990E-3
7.96000000E-5,-4.25447985E-3
7.96400000E-5,-4.21100795E-3
7.96800000E-5,-4.02124196E-3
7.97200000E-5,-4.13428749E-3
7.97600000E-5,-4.30235206E-3
7.98000000E-5,-4.00229616E-3
7.98400000E-5,-4.11005794E-3
7.98800000E-5,-4.14849989E-3
7.99200000E-5,-4.31481396E-3
7.99600000E-5,-4.23950053E-3
8.00000000E-5,-4.04054967E-3
8.00400000E-5,-4.16652090E-3
8.00800000E-5,-4.40279946E-3
8.01200000E-5,-3.89611647E-3
8.01600000E-5,-4.25931011E-3
8.02000000E-5,-4.13668262E-3
8.02400000E-5,-4.19238617E-3
8.02800000E-5,-4.04138177E-3
8.03200000E-5,-4.06551564E-3
8.03600000E-5,-4.26791336E-3
8.04000000E-5,-3.95389199E-3
8.04400000E-5,-4.24402368E-3
8.04800000E-5,-4.32684906E-3
8.05200000E-5,-4.27326138E-3
8.05600000E-5,-4.23722468E-3
8.06000000E-5,-4.18960145E-3
8.06400000E-5,-4.62158957E-3
8.06800000E-5,-4.16660649E-3
8.07200000E-5,-3.87522315E-3
8.07600000E-5,-4.25907483E-3
8.08000000E-5,-4.40915479E-3
8.08400000E-5,-3.94918003E-3
8.08800000E-5,-4.11811145E-3
8.09200000E-5,-4.14258080E-3
8.09600000E-5,-3.98822230E-3
8.10000000E-5,-4.17127366E-3
8.10400000E-5,-3.90833867E-3
8.10800000E-5,-3.95725689E-3
8.11200000E-5,-4.04821013E-3
8.11600000E-5,-4.19701936E-3
8.12000000E-5,-4.01884896E-3
8.12400000E-5,-3.95641752E-3
8.12800000E-5,-3.88012414E-3
8.13200000E-5,-4.24920974E-3
8.13600000E-5,-4.05970320E-3
8.14000000E-5,-4.10405990E-3
8.14400000E-5,-4.11808745E-3
8.14800000E-5,-4.14732867E-3
8.15200000E-5,-4.03199260E-3
8.15600000E-5,-3.90292597E-3
8.16000000E-5,-3.98850408E-3
8.16400000E-5,-4.09435970E-3
8.16800000E-5,-4.41517487E-3
8.17200000E-5,-4.12198170E-3
8.17600000E-5,-3.89024736E-3
8.18000000E-5,-4.31069415E-3
8.18400000E-5,-4.12231461E-3
8.18800000E-5,-3.80626478E-3
8.19200000E-5,-3.94356368E-3
8.19600000E-5,-4.12773694E-3
8.20000000E-5,-3.88204760E-3
8.20400000E-5,-4.01909351E-3
8.20800000E-5,-3.80862160E-3
8.21200000E-5,-3.91247889E-3
8.21600000E-5,-4.21151853E-3
8.22000000E-5,-3.95900825E-3
8.22400000E-5,-3.70755921E-3
8.22800000E-5,-3.89278834E-3
8.23200000E-5,-4.09388143E-3
8.23600000E-5,-4.31078748E-3
8.24000000E-5,-4.13769347E-3
8.24400000E-5,-3.94898714E-3
8.24800000E-5,-4.06860340E-3
8.25200000E-5,-4.18864957E-3
8.25600000E-5,-3.77283666E-3
8.26000000E-5,-3.97727317E-3
8.26400000E-5,-3.88996483E-3
8.26800000E-5,-4.20156738E-3
8.27200000E-5,-4.03289147E-3
8.27600000E-5,-4.04868945E-3
8.28000000E-5,-4.10206753E-3
8.28400000E-5,-3.98376933E-3
8.28800000E-5,-4.07392551E-3
8.29200000E-5,-3.72358587E-3
8.29600000E-5,-3.92719899E-3
8.30000000E-5,-4.03467214E-3
8.30400000E-5,-4.06703761E-3
8.30800000E-5,-4.08021856E-3
8.31200000E-5,-3.90097673E-3
8.31600000E-5,-4.05388885E-3
8.32000000E-5,-4.12325832E-3
8.32400000E-5,-3.98554658E-3
8.32800000E-5,-3.98203831E-3
8.33200000E-5,-4.01585794E-3
8.33600000E-5,-4.18727157E-3
8.34000000E-5,-4.12745396E-3
8.34400000E-5,-3.93228121E-3
8.34800000E-5,-3.95697411E-3
8.35200000E-5,-3.95814971E-3
8.35600000E-5,-3.96176806E-3
8.36000000E-5,-3.92426552E-3
8.36400000E-5,-4.06715251E-3
8.36800000E-5,-4.17872228E-3
8.37200000E-5,-3.69426456E-3
8.37600000E-5,-3.98259957E-3
8.38000000E-5,-4.38627669E-3
8.38400000E-5,-3.92577487E-3
8.38800000E-5,-4.16939723E-3
8.39200000E-5,-4.07284218E-3
8.39600000E-5,-4.15064394E-3
8.40000000E-5,-4.07045294E-3
8.40400000E-5,-3.87980019E-3
8.40800000E-5,-4.07267959E-3
8.41200000E-5,-4.12592496E-3
8.41600000E-5,-3.99640733E-3
8.42000000E-5,-4.03719904E-3
8.42400000E-5,-4.40764813E-3
8.42800000E-5,-4.18734109E-3
8.43200000E-5,-3.99947542E-3
8.43600000E-5,-4.12403246E-3
8.44000000E-5,-4.36153061E-3
8.44400000E-5,-3.88108447E-3
8.44800000E-5,-3.98151153E-3
8.45200000E-5,-4.03701133E-3
8.45600000E-5,-4.09885724E-3
8.46000000E-5,-3.86535750E-3
8.46400000E-5,-3.85442175E-3
8.46800000E-5,-3.77420209E-3
8.47200000E-5,-4.03757178E-3
8.47600000E-5,-3.78550018E-3
8.48000000E-5,-3.82733220E-3
8.48400000E-5,-3.99630100E-3
8.48800000E-5,-3.70803702E-3
8.49200000E-5,-4.13640890E-3
8.49600000E-5,-3.60474110E-3
8.50000000E-5,-3.84698269E-3
8.50400000E-5,-3.87130050E-3
8.50800000E-5,-4.38402160E-3
8.51200000E-5,-3.72799463E-3
8.51600000E-5,-3.85436191E-3
8.52000000E-5,-4.05955649E-3
8.52400000E-5,-3.91544488E-3
8.52800000E-5,-3.84263235E-3
8.53200000E-5,-4.30779222E-3
8.53600000E-5,-3.93685105E-3
8.54000000E-5,-4.04503367E-3
8.54400000E-5,-4.19031235E-3
8.54800000E-5,-3.94779730E-3
8.55200000E-5,-3.90503146E-3
8.55600000E-5,-4.08635992E-3
8.56000000E-5,-3.97452265E-3
8.56400000E-5,-4.11802628E-3
8.56800000E-5,-4.06767125E-3
8.57200000E-5,-4.19347625E-3
8.57600000E-5,-4.03212958E-3
8.58000000E-5,-3.91728831E-3
8.58400000E-5,-4.25257984E-3
8.58800000E-5,-4.05352378E-3
8.59200000E-5,-4.07440091E-3
8.59600000E-5,-3.78667771E-3
8.60000000E-5,-4.31070990E-3
8.60400000E-5,-4.29803247E-3
8.60800000E-5,-3.85877664E-3
8.61200000E-5,-3.86391070E-3
8.61600000E-5,-4.04011755E-3
8.62000000E-5,-4.16749961E-3
8.62400000E-5,-3.95337998E-3
8.62800000E-5,-3.67359456E-3
8.63200000E-5,-4.07742307E-3
8.63600000E-5,-4.31335316E-3
8.64000000E-5,-4.02293355E-3
8.64400000E-5,-4.15319960E-3
8.64800000E-5,-3.89026900E-3
8.65200000E-5,-3.96405010E-3
8.65600000E-5,-3.86211244E-3
8.66000000E-5,-3.97955000E-3
8.66400000E-5,-4.13952215E-3
8.66800000E-5,-3.83218955E-3
8.67200000E-5,-4.18351946E-3
8.67600000E-5,-3.79039766E-3
8.68000000E-5,-3.99934151E-3
8.68400000E-5,-3.91689148E-3
8.68800000E-5,-3.95035745E-3
8.69200000E-5,-3.87627468E-3
8.69600000E-5,-4.19358079E-3
8.70000000E-5,-4.08309397E-3
8.70400000E-5,-4.18114092E-3
8.70800000E-5,-4.27776245E-3
8.71200000E-5,-4.11679734E-3
8.71600000E-5,-4.13459956E-3
8.72000000E-5,-4.05254577E-3
8.72400000E-5,-3.99948609E-3
8.72800000E-5,-4.04062076E-3
8.73200000E-5,-3.90893774E-3
8.73600000E-5,-4.26675734E-3
8.74000000E-5,-3.82890976E-3
8.74400000E-5,-4.08302603E-3
8.74800000E-5,-4.05550654E-3
8.75200000E-5,-4.15076044E-3
8.75600000E-5,-4.41293633E-3
8.76000000E-5,-4.29408340E-3
8.76400000E-5,-3.98332671E-3
8.76800000E-5,-4.12598256E-3
8.77200000E-5,-4.03638790E-3
8.77600000E-5,-3.91567912E-3
8.78000000E-5,-3.78566058E-3
8.78400000E-5,-3.85592489E-3
8.78800000E-5,-3.99267474E-3
8.79200000E-5,-4.13482353E-3
8.79600000E-5,-3.97582453E-3
8.80000000E-5,-3.96495356E-3
8.80400000E-5,-4.10376992E-3
8.80800000E-5,-4.19096541E-3
8.81200000E-5,-4.20542554E-3
8.81600000E-5,-3.95300149E-3
8.82000000E-5,-3.84187864E-3
8.82400000E-5,-4.16059415E-3
8.82800000E-5,-4.31910634E-3
8.83200000E-5,-4.50518566E-3
8.83600000E-5,-4.15594561E-3
8.84000000E-5,-4.22158551E-3
8.84400000E-5,-4.00792630E-3
8.84800000E-5,-3.80260142E-3
8.85200000E-5,-4.52150529E-3
8.85600000E-5,-4.31923273E-3
8.86000000E-5,-4.22342632E-3
8.86400000E-5,-4.14361583E-3
8.86800000E-5,-4.07070883E-3
8.87200000E-5,-4.30586434E-3
8.87600000E-5,-4.28622072E-3
8.88000000E-5,-4.35625164E-3
8.88400000E-5,-4.11939593E-3
8.88800000E-5,-4.26523962E-3
8.89200000E-5,-4.09593425E-3
8.89600000E-5,-4.06541066E-3
8.90000000E-5,-4.32009200E-3
8.90400000E-5,-4.02327018E-3
8.90800000E-5,-4.16487845E-3
8.91200000E-5,-4.03602986E-3
8.91600000E-5,-4.15818622E-3
8.92000000E-5,-4.07758164E-3
8.92400000E-5,-4.00586068E-3
8.92800000E-5,-4.36158690E-3
8.93200000E-5,-4.01879278E-3
8.93600000E-5,-4.29446147E-3
8.94000000E-5,-4.52497146E-3
8.94400000E-5,-4.25646503E-3
8.94800000E-5,-4.49839291E-3
8.95200000E-5,-4.21247292E-3
8.95600000E-5,-4.31512255E-3
8.96000000E-5,-4.22048661E-3
8.96400000E-5,-4.18477989E-3
8.96800000E-5,-4.14290886E-3
8.97200000E-5,-4.20988551E-3
8.97600000E-5,-4.41557491E-3
8.98000000E-5,-4.28092525E-3
8.98400000E-5,-4.20241594E-3
8.98800000E-5,-4.08680807E-3
8.99200000E-5,-4.44576274E-3
8.99600000E-5,-4.39818113E-3
9.00000000E-5,-4.31579197E-3
9.00400000E-5,-4.15603367E-3
9.00800000E-5,-4.13535447E-3
9.01200000E-5,-4.44219436E-3
9.01600000E-5,-4.12565341E-3
9.02000000E-5,-4.24570188E-3
9.02400000E-5,-3.95425701E-3
9.02800000E-5,-4.45485158E-3
9.03200000E-5,-4.09058054E-3
9.03600000E-5,-4.33527893E-3
9.04000000E-5,-4.38591551E-3
9.04400000E-5,-4.29634269E-3
9.04800000E-5,-4.40213721E-3
9.05200000E-5,-4.36223964E-3
9.05600000E-5,-4.20695790E-3
9.06000000E-5,-4.31491496E-3
9.06400000E-5,-4.29226466E-3
9.06800000E-5,-4.42052264E-3
9.07200000E-5,-4.28404753E-3
9.07600000E-5,-4.33845914E-3
9.08000000E-5,-4.46897218E-3
9.08400000E-5,-4.21856110E-3
9.08800000E-5,-4.26529381E-3
9.09200000E-5,-4.52940383E-3
9.09600000E-5,-4.53543364E-3
9.10000000E-5,-4.52734330E-3
9.10400000E-5,-4.63051280E-3
9.10800000E-5,-4.47816646E-3
9.11200000E-5,-4.17368059E-3
9.11600000E-5,-4.49723029E-3
9.12000000E-5,-4.33491772E-3
9.12400000E-5,-4.19319846E-3
9.12800000E-5,-4.08595255E-3
9.13200000E-5,-4.34991064E-3
9.13600000E-5,-4.28765634E-3
9.14000000E-5,-4.29217098E-3
9.14400000E-5,-4.35821903E-3
9.14800000E-5,-4.50110961E-3
9.15200000E-5,-4.20065173E-3
9.15600000E-5,-4.32569257E-3
9.16000000E-5,-4.36921321E-3
9.16400000E-5,-4.56989266E-3
9.16800000E-5,-4.20469437E-3
9.17200000E-5,-4.38247353E-3
9.17600000E-5,-3.92087552E-3
9.18000000E-5,-4.26833671E-3
9.18400000E-5,-4.19361127E-3
9.18800000E-5,-4.11865535E-3
9.19200000E-5,-4.31094257E-3
9.19600000E-5,-4.15123139E-3
9.20000000E-5,-4.25035316E-3
9.20400000E-5,-4.49789078E-3
9.20800000E-5,-4.14825665E-3
9.21200000E-5,-4.10323124E-3
9.21600000E-5,-4.14126592E-3
9.22000000E-5,-4.25372716E-3
9.22400000E-5,-4.20723872E-3
9.22800000E-5,-4.20495954E-3
9.23200000E-5,-4.35349325E-3
9.23600000E-5,-3.90078439E-3
9.24000000E-5,-3.98673695E-3
9.24400000E-5,-4.54354652E-3
9.24800000E-5,-4.10606353E-3
9.25200000E-5,-4.38476420E-3
9.25600000E-5,-4.14193532E-3
9.26000000E-5,-4.33998510E-3
9.26400000E-5,-4.34738900E-3
9.26800000E-5,-4.02727678E-3
9.27200000E-5,-4.51094186E-3
9.27600000E-5,-4.27770628E-3
9.28000000E-5,-4.13940415E-3
9.28400000E-5,-4.20609683E-3
9.28800000E-5,-3.92823651E-3
9.29200000E-5,-4.01517429E-3
9.29600000E-5,-4.30481175E-3
9.30000000E-5,-4.08794762E-3
9.30400000E-5,-4.04971168E-3
9.30800000E-5,-4.20863043E-3
9.31200000E-5,-3.87882984E-3
9.31600000E-5,-4.09928245E-3
9.32000000E-5,-4.09657437E-3
9.32400000E-5,-4.18234939E-3
9.32800000E-5,-4.20960501E-3
9.33200000E-5,-4.13068809E-3
9.33600000E-5,-3.62700020E-3
9.34000000E-5,-4.28016686E-3
9.34400000E-5,-4.16889678E-3
9.34800000E-5,-4.28364134E-3
9.35200000E-5,-3.87574228E-3
9.35600000E-5,-4.11231559E-3
9.36000000E-5,-4.19945007E-3
9.36400000E-5,-4.36944245E-3
9.36800000E-5,-4.22383282E-3
9.37200000E-5,-3.96353950E-3
9.37600000E-5,-4.11687025E-3
9.38000000E-5,-3.93065083E-3
9.38400000E-5,-3.92499266E-3
9.38800000E-5,-3.93141072E-3
9.39200000E-5,-3.79976915E-3
9.39600000E-5,-4.10867637E-3
9.40000000E-5,-4.02549603E-3
9.40400000E-5,-3.91933823E-3
9.40800000E-5,-4.24193074E-3
9.41200000E-5,-3.84650287E-3
9.41600000E-5,-4.01536617E-3
9.42000000E-5,-4.16489275E-3
9.42400000E-5,-4.10681643E-3
9.42800000E-5,-3.90638392E-3
9.43200000E-5,-3.73545606E-3
9.43600000E-5,-3.98935434E-3
9.44000000E-5,-4.02014904E-3
9.44400000E-5,-4.02800262E-3
9.44800000E-5,-3.96436773E-3
9.45200000E-5,-3.96557421E-3
9.45600000E-5,-4.09494330E-3
9.46000000E-5,-3.71836866E-3
9.46400000E-5,-4.09724200E-3
9.46800000E-5,-4.18637992E-3
9.47200000E-5,-4.02732549E-3
9.47600000E-5,-4.00238229E-3
9.48000000E-5,-3.69959424E-3
9.48400000E-5,-4.12729015E-3
9.48800000E-5,-4.28102363E-3
9.49200000E-5,-3.97155722E-3
9.49600000E-5,-3.93881128E-3
9.50000000E-5,-4.17688212E-3
9.50400000E-5,-3.97781715E-3
9.50800000E-5,-4.08064183E-3
9.51200000E-5,-3.81695387E-3
9.51600000E-5,-4.00184866E-3
9.52000000E-5,-3.75882178E-3
9.52400000E-5,-3.99080860E-3
9.52800000E-5,-4.00948641E-3
9.53200000E-5,-3.74027255E-3
9.53600000E-5,-3.78845719E-3
9.54000000E-5,-3.74083215E-3
9.54400000E-5,-4.00998398E-3
9.54800000E-5,-4.21281578E-3
9.55200000E-5,-4.13651333E-3
9.55600000E-5,-4.09527262E-3
9.56000000E-5,-4.19975376E-3
9.56400000E-5,-3.91608136E-3
9.56800000E-5,-3.85337328E-3
9.57200000E-5,-4.12436305E-3
9.57600000E-5,-4.04347149E-3
9.58000000E-5,-3.79812766E-3
9.58400000E-5,-4.43751903E-3
9.58800000E-5,-3.91036285E-3
9.59200000E-5,-4.04300377E-3
9.59600000E-5,-3.95931950E-3
9.60000000E-5,-4.24158353E-3
9.60400000E-5,-3.90372656E-3
9.60800000E-5,-4.06705202E-3
9.61200000E-5,-4.15855785E-3
9.61600000E-5,-3.89599103E-3
9.62000000E-5,-4.08868343E-3
9.62400000E-5,-4.07732934E-3
9.62800000E-5,-3.94665673E-3
9.63200000E-5,-3.79258534E-3
9.63600000E-5,-3.88707121E-3
9.64000000E-5,-4.31448137E-3
9.64400000E-5,-4.09685825E-3
9.64800000E-5,-4.10984773E-3
9.65200000E-5,-4.21379074E-3
9.65600000E-5,-4.00970196E-3
9.66000000E-5,-3.97371880E-3
9.66400000E-5,-3.82214119E-3
9.66800000E-5,-3.78441381E-3
9.67200000E-5,-3.88927130E-3
9.67600000E-5,-4.07433552E-3
9.68000000E-5,-3.58182180E-3
9.68400000E-5,-4.00282838E-3
9.68800000E-5,-4.10610596E-3
9.69200000E-5,-4.24303409E-3
9.69600000E-5,-3.95689903E-3
9.70000000E-5,-4.13980720E-3
9.70400000E-5,-4.00380915E-3
9.70800000E-5,-3.96719782E-3
9.71200000E-5,-4.20536133E-3
9.71600000E-5,-4.13735697E-3
9.72000000E-5,-4.21914704E-3
9.72400000E-5,-3.87908984E-3
9.72800000E-5,-3.89826158E-3
9.73200000E-5,-3.90482219E-3
9.73600000E-5,-4.03417530E-3
9.74000000E-5,-4.09928205E-3
9.74400000E-5,-3.94332337E-3
9.74800000E-5,-4.24757411E-3
9.75200000E-5,-4.30261527E-3
9.75600000E-5,-4.05506623E-3
9.76000000E-5,-4.23806317E-3
9.76400000E-5,-3.94407363E-3
9.76800000E-5,-4.07311299E-3
9.77200000E-5,-4.06621438E-3
9.77600000E-5,-4.24933953E-3
9.78000000E-5,-4.00998003E-3
9.78400000E-5,-4.18421903E-3
9.78800000E-5,-3.93122356E-3
9.79200000E-5,-3.79661894E-3
9.79600000E-5,-4.35474112E-3
9.80000000E-5,-4.20942110E-3
9.80400000E-5,-4.31040995E-3
9.80800000E-5,-4.06989874E-3
9.81200000E-5,-4.01945337E-3
9.81600000E-5,-3.81228556E-3
9.82000000E-5,-4.05533223E-3
9.82400000E-5,-3.93689947E-3
9.82800000E-5,-4.00703423E-3
9.83200000E-5,-3.95108054E-3
9.83600000E-5,-4.19154233E-3
9.84000000E-5,-4.45645831E-3
9.84400000E-5,-4.17108732E-3
9.84800000E-5,-4.09789964E-3
9.85200000E-5,-3.84729196E-3
9.85600000E-5,-4.15169329E-3
9.86000000E-5,-3.84689228E-3
9.86400000E-5,-3.97221055E-3
9.86800000E-5,-3.97934016E-3
9.87200000E-5,-4.47458001E-3
9.87600000E-5,-4.09041657E-3
9.88000000E-5,-4.16532288E-3
9.88400000E-5,-4.23399102E-3
9.88800000E-5,-4.22753134E-3
9.89200000E-5,-4.30218433E-3
9.89600000E-5,-4.33599327E-3
9.90000000E-5,-4.12373622E-3
9.90400000E-5,-4.04589199E-3
9.90800000E-5,-4.12064369E-3
9.91200000E-5,-4.17723937E-3
9.91600000E-5,-4.21411577E-3
9.92000000E-5,-4.19684052E-3
9.92400000E-5,-4.30248134E-3
9.92800000E-5,-4.23453203E-3
9.93200000E-5,-4.06640811E-3
9.93600000E-5,-4.29515077E-3
9.94000000E-5,-4.35251834E-3
9.94400000E-5,-4.42857627E-3
9.94800000E-5,-4.16506781E-3
9.95200000E-5,-4.30255984E-3
9.95600000E-5,-4.28505469E-3
9.96000000E-5,-4.05946606E-3
9.96400000E-5,-3.83833965E-3
9.96800000E-5,-4.32266368E-3
9.97200000E-5,-4.34970071E-3
9.97600000E-5,-4.26795927E-3
9.98000000E-5,-4.30543130E-3
9.98400000E-5,-4.33876149E-3
9.98800000E-5,-4.31789043E-3
9.99200000E-5,-4.46836400E-3
9.99600000E-5,-4.21997876E-3
1.00000000E-4,-4.18149887E-3
1.00040000E-4,-4.24537631E-3
1.00080000E-4,-4.11555636E-3
1.00120000E-4,-4.40083026E-3
1.00160000E-4,-4.08075663E-3
1.00200000E-4,-4.28446269E-3
1.00240000E-4,-3.94514806E-3
1.00280000E-4,-4.07499489E-3
1.00320000E-4,-3.85328789E-3
1.00360000E-4,-3.98480099E-3
1.00400000E-4,-4.00098833E-3
1.00440000E-4,-3.84865187E-3
1.00480000E-4,-3.95902142E-3
1.00520000E-4,-4.17475201E-3
1.00560000E-4,-3.92567506E-3
1.00600000E-4,-4.07264313E-3
1.00640000E-4,-3.61490436E-3
1.00680000E-4,-3.84234607E-3
1.00720000E-4,-3.75451434E-3
1.00760000E-4,-3.80051717E-3
1.00800000E-4,-3.84828954E-3
1.00840000E-4,-3.83294991E-3
1.00880000E-4,-3.75614152E-3
1.00920000E-4,-3.88010726E-3
1.00960000E-4,-3.71255929E-3
1.01000000E-4,-3.63130525E-3
1.01040000E-4,-3.78747041E-3
1.01080000E-4,-3.52888172E-3
1.01120000E-4,-3.51765251E-3
1.01160000E-4,-3.79205398E-3
1.01200000E-4,-3.53537684E-3
1.01240000E-4,-3.54398070E-3
1.01280000E-4,-3.44845722E-3
1.01320000E-4,-3.51754364E-3
1.01360000E-4,-3.66578422E-3
1.01400000E-4,-3.38325615E-3
1.01440000E-4,-3.40426697E-3
1.01480000E-4,-3.40390385E-3
1.01520000E-4,-3.33151228E-3
1.01560000E-4,-3.28085267E-3
1.01600000E-4,-3.42326703E-3
1.01640000E-4,-3.50156131E-3
1.01680000E-4,-3.33636990E-3
1.01720000E-4,-3.20001641E-3
1.01760000E-4,-3.81681840E-3
1.01800000E-4,-3.25825544E-3
1.01840000E-4,-3.44610744E-3
1.01880000E-4,-3.28619546E-3
1.01920000E-4,-2.96615132E-3
1.01960000E-4,-3.28088404E-3
1.02000000E-4,-3.23455629E-3
1.02040000E-4,-3.32731464E-3
1.02080000E-4,-3.10664040E-3
1.02120000E-4,-3.11127556E-3
1.02160000E-4,-2.97454812E-3
1.02200000E-4,-2.97665113E-3
1.02240000E-4,-3.04080132E-3
1.02280000E-4,-3.13722057E-3
1.02320000E-4,-3.10128360E-3
1.02360000E-4,-3.13415799E-3
1.02400000E-4,-2.95741565E-3
1.02440000E-4,-2.84202527E-3
1.02480000E-4,-3.13511811E-3
1.02520000E-4,-3.16445748E-3
1.02560000E-4,-3.21376273E-3
1.02600000E-4,-2.90580646E-3
1.02640000E-4,-3.03020388E-3
1.02680000E-4,-2.82548346E-3
1.02720000E-4,-2.86827445E-3
1.02760000E-4,-2.85259173E-3
1.02800000E-4,-3.11288398E-3
1.02840000E-4,-2.96993199E-3
1.02880000E-4,-2.99167524E-3
1.02920000E-4,-2.93805751E-3
1.02960000E-4,-2.69388497E-3
1.03000000E-4,-2.97000559E-3
1.03040000E-4,-2.86636650E-3
1.03080000E-4,-2.85675256E-3
1.03120000E-4,-2.93003119E-3
1.03160000E-4,-2.90730127E-3
1.03200000E-4,-2.68166791E-3
1.03240000E-4,-2.64307737E-3
1.03280000E-4,-2.77170802E-3
1.03320000E-4,-2.76657353E-3
1.03360000E-4,-3.00558792E-3
1.03400000E-4,-2.64271489E-3
1.03440000E-4,-2.76959003E-3
1.03480000E-4,-2.61916320E-3
1.03520000E-4,-2.76352952E-3
1.03560000E-4,-2.51334195E-3
1.03600000E-4,-2.72326256E-3
1.03640000E-4,-2.74424434E-3
1.03680000E-4,-2.63333938E-3
1.03720000E-4,-2.53376154E-3
1.03760000E-4,-2.59569482E-3
1.03800000E-4,-2.76203115E-3
1.03840000E-4,-2.52376943E-3
1.03880000E-4,-2.66528365E-3
1.03920000E-4,-2.58786460E-3
1.03960000E-4,-2.69261067E-3
1.04000000E-4,-2.60049795E-3
1.04040000E-4,-2.41545970E-3
1.04080000E-4,-2.36978338E-3
1.04120000E-4,-2.41570091E-3
1.04160000E-4,-2.48627539E-3
1.04200000E-4,-2.28051305E-3
1.04240000E-4,-2.57381423E-3
1.04280000E-4,-2.34537046E-3
1.04320000E-4,-2.46123987E-3
1.04360000E-4,-2.32010314E-3
1.04400000E-4,-2.59682031E-3
1.04440000E-4,-2.43762385E-3
1.04480000E-4,-2.24146347E-3
1.04520000E-4,-2.58630691E-3
1.04560000E-4,-2.34609132E-3
1.04600000E-4,-2.44612976E-3
1.04640000E-4,-2.36432876E-3
1.04680000E-4,-2.22459060E-3
1.04720000E-4,-2.22691004E-3
1.04760000E-4,-2.07124684E-3
1.04800000E-4,-2.18317397E-3
1.04840000E-4,-2.16167391E-3
1.04880000E-4,-2.09165902E-3
1.04920000E-4,-2.21984480E-3
1.04960000E-4,-2.28223872E-3
1.05000000E-4,-2.23553205E-3
1.05040000E-4,-2.20559937E-3
1.05080000E-4,-2.35731654E-3
1.05120000E-4,-1.91350293E-3
1.05160000E-4,-2.17221623E-3
1.05200000E-4,-2.07013174E-3
1.05240000E-4,-2.12785698E-3
1.05280000E-4,-2.07159571E-3
1.05320000E-4,-1.90165416E-3
1.05360000E-4,-1.88779854E-3
1.05400000E-4,-1.94063599E-3
1.05440000E-4,-2.12313361E-3
1.05480000E-4,-2.11929051E-3
1.05520000E-4,-2.11610309E-3
1.05560000E-4,-2.04972965E-3
1.05600000E-4,-2.04505439E-3
1.05640000E-4,-1.98709186E-3
1.05680000E-4,-1.97381896E-3
1.05720000E-4,-2.17463771E-3
1.05760000E-4,-2.08168530E-3
1.05800000E-4,-1.96498690E-3
1.05840000E-4,-1.92456469E-3
1.05880000E-4,-1.88233825E-3
1.05920000E-4,-1.80633808E-3
1.05960000E-4,-1.92971116E-3
1.06000000E-4,-1.92219124E-3
1.06040000E-4,-1.86684451E-3
1.06080000E-4,-1.91781190E-3
1.06120000E-4,-1.89016168E-3
1.06160000E-4,-1.70493891E-3
1.06200000E-4,-1.97203775E-3
1.06240000E-4,-1.70572176E-3
1.06280000E-4,-1.85224196E-3
1.06320000E-4,-1.86292974E-3
1.06360000E-4,-1.84242537E-3
1.06400000E-4,-1.70311489E-3
1.06440000E-4,-1.83436730E-3
1.06480000E-4,-1.67009517E-3
1.06520000E-4,-1.71164731E-3
1.06560000E-4,-1.91165401E-3
1.06600000E-4,-1.84246965E-3
1.06640000E-4,-1.87018615E-3
1.06680000E-4,-1.71344717E-3
1.06720000E-4,-1.83384300E-3
1.06760000E-4,-1.57665468E-3
1.06800000E-4,-1.83037022E-3
1.06840000E-4,-1.68066620E-3
1.06880000E-4,-1.81216081E-3
1.06920000E-4,-1.66639833E-3
1.06960000E-4,-1.53114055E-3
1.07000000E-4,-1.64532497E-3
1.07040000E-4,-1.75974153E-3
1.07080000E-4,-1.60349800E-3
1.07120000E-4,-1.77132305E-3
1.07160000E-4,-1.70339257E-3
1.07200000E-4,-1.66865572E-3
1.07240000E-4,-1.81693765E-3
1.07280000E-4,-1.70216712E-3
1.07320000E-4,-1.63545073E-3
1.07360000E-4,-1.54464894E-3
1.07400000E-4,-1.46908859E-3
1.07440000E-4,-1.54724910E-3
1.07480000E-4,-1.73303929E-3
1.07520000E-4,-1.54671139E-3
1.07560000E-4,-1.61151925E-3
1.07600000E-4,-1.51878945E-3
1.07640000E-4,-1.39309365E-3
1.07680000E-4,-1.44818241E-3
1.07720000E-4,-1.69628143E-3
1.07760000E-4,-1.32941997E-3
1.07800000E-4,-1.59404499E-3
1.07840000E-4,-1.63511785E-3
1.07880000E-4,-1.50753837E-3
1.07920000E-4,-1.56055818E-3
1.07960000E-4,-1.28404039E-3
1.08000000E-4,-1.30686560E-3
1.08040000E-4,-1.44679568E-3
1.08080000E-4,-1.29325835E-3
1.08120000E-4,-1.46313613E-3
1.08160000E-4,-1.35295775E-3
1.08200000E-4,-1.42508688E-3
1.08240000E-4,-1.27142264E-3
1.08280000E-4,-1.44561082E-3
1.08320000E-4,-1.32894510E-3
1.08360000E-4,-1.23848768E-3
1.08400000E-4,-1.52373154E-3
1.08440000E-4,-1.37987976E-3
1.08480000E-4,-1.22430438E-3
1.08520000E-4,-1.35148219E-3
1.08560000E-4,-1.26775175E-3
1.08600000E-4,-1.33597222E-3
1.08640000E-4,-1.30451165E-3
1.08680000E-4,-1.31765790E-3
1.08720000E-4,-1.27369764E-3
1.08760000E-4,-1.40486726E-3
1.08800000E-4,-1.37828904E-3
1.08840000E-4,-1.31643117E-3
1.08880000E-4,-1.36532209E-3
1.08920000E-4,-1.34142442E-3
1.08960000E-4,-1.26887819E-3
1.09000000E-4,-1.29712219E-3
1.09040000E-4,-1.40588723E-3
1.09080000E-4,-1.36423408E-3
1.09120000E-4,-1.31042062E-3
1.09160000E-4,-1.22757638E-3
1.09200000E-4,-1.10558790E-3
1.09240000E-4,-1.11040168E-3
1.09280000E-4,-1.35339949E-3
1.09320000E-4,-1.29926795E-3
1.09360000E-4,-1.19968799E-3
1.09400000E-4,-1.27422164E-3
1.09440000E-4,-1.23940028E-3
1.09480000E-4,-1.21614582E-3
1.09520000E-4,-1.24588542E-3
1.09560000E-4,-1.14655992E-3
1.09600000E-4,-1.09326287E-3
1.09640000E-4,-1.17978556E-3
1.09680000E-4,-1.31296370E-3
1.09720000E-4,-9.41128332E-4
1.09760000E-4,-1.12118560E-3
1.09800000E-4,-1.18909538E-3
1.09840000E-4,-1.19351725E-3
1.09880000E-4,-9.68581804E-4
1.09920000E-4,-1.14577854E-3
1.09960000E-4,-1.22144313E-3
1.10000000E-4,-1.10349263E-3
1.10040000E-4,-1.01221165E-3
1.10080000E-4,-1.28098735E-3
1.10120000E-4,-1.09349058E-3
1.10160000E-4,-1.19938400E-3
1.10200000E-4,-1.12619010E-3
1.10240000E-4,-1.08743153E-3
1.10280000E-4,-1.18982658E-3
1.10320000E-4,-1.22513121E-3
1.10360000E-4,-9.49275315E-4
1.10400000E-4,-1.17164735E-3
1.10440000E-4,-1.04810962E-3
1.10480000E-4,-1.13034456E-3
1.10520000E-4,-1.07802926E-3
1.10560000E-4,-1.05786204E-3
1.10600000E-4,-9.80243573E-4
1.10640000E-4,-1.08823655E-3
1.10680000E-4,-9.78840336E-4
1.10720000E-4,-1.00442924E-3
1.10760000E-4,-1.05352336E-3
1.10800000E-4,-8.30235256E-4
1.10840000E-4,-1.01590815E-3
1.10880000E-4,-9.09497938E-4
1.10920000E-4,-1.09035817E-3
1.10960000E-4,-9.46407921E-4
1.11000000E-4,-9.03276900E-4
1.11040000E-4,-1.02631210E-3
1.11080000E-4,-1.07108345E-3
1.11120000E-4,-1.00385130E-3
1.11160000E-4,-9.39116441E-4
1.11200000E-4,-9.78221916E-4
1.11240000E-4,-1.05335455E-3
1.11280000E-4,-1.17191009E-3
1.11320000E-4,-9.65607675E-4
1.11360000E-4,-1.05118543E-3
1.11400000E-4,-9.92298055E-4
1.11440000E-4,-8.67239663E-4
1.11480000E-4,-9.62545493E-4
1.11520000E-4,-9.10228900E-4
1.11560000E-4,-9.71087364E-4
1.11600000E-4,-9.09150485E-4
1.11640000E-4,-1.02079728E-3
1.11680000E-4,-8.49114929E-4
1.11720000E-4,-9.47038242E-4
1.11760000E-4,-8.40122657E-4
1.11800000E-4,-8.42102294E-4
1.11840000E-4,-8.28419193E-4
1.11880000E-4,-6.89449028E-4
1.11920000E-4,-9.12077474E-4
1.11960000E-4,-8.17388261E-4
1.12000000E-4,-8.68865382E-4
1.12040000E-4,-8.44902072E-4
1.12080000E-4,-8.09838288E-4
1.12120000E-4,-8.97525033E-4
1.12160000E-4,-8.09942868E-4
1.12200000E-4,-8.68845612E-4
1.12240000E-4,-8.74664914E-4
1.12280000E-4,-7.85215608E-4
1.12320000E-4,-8.36669812E-4
1.12360000E-4,-8.17687638E-4
1.12400000E-4,-7.67366705E-4
1.12440000E-4,-7.63544511E-4
1.12480000E-4,-8.51910749E-4
1.12520000E-4,-6.95261969E-4
1.12560000E-4,-8.13792556E-4
1.12600000E-4,-7.46191576E-4
1.12640000E-4,-7.96856806E-4
1.12680000E-4,-8.46625123E-4
1.12720000E-4,-6.05677565E-4
1.12760000E-4,-7.31033714E-4
1.12800000E-4,-8.26712068E-4
1.12840000E-4,-7.63486947E-4
1.12880000E-4,-7.79392796E-4
1.12920000E-4,-8.55644298E-4
1.12960000E-4,-7.68340492E-4
1.13000000E-4,-8.24906229E-4
1.13040000E-4,-7.34312627E-4
1.13080000E-4,-7.33580453E-4
1.13120000E-4,-6.82649416E-4
1.13160000E-4,-7.21651885E-4
1.13200000E-4,-7.85848771E-4
1.13240000E-4,-8.07527726E-4
1.13280000E-4,-7.90706865E-4
1.13320000E-4,-6.81476082E-4
1.13360000E-4,-6.14177207E-4
1.13400000E-4,-7.20654866E-4
1.13440000E-4,-8.10960543E-4
1.13480000E-4,-6.75889991E-4
1.13520000E-4,-5.78102776E-4
1.13560000E-4,-6.54989340E-4
1.13600000E-4,-6.85387224E-4
1.13640000E-4,-6.73976434E-4
1.13680000E-4,-6.59424765E-4
1.13720000E-4,-5.42546391E-4
1.13760000E-4,-6.37024756E-4
1.13800000E-4,-5.85223634E-4
1.13840000E-4,-7.36972587E-4
1.13880000E-4,-6.63447163E-4
1.13920000E-4,-5.82075974E-4
1.13960000E-4,-6.58355562E-4
1.14000000E-4,-6.32729321E-4
1.14040000E-4,-6.13987903E-4
1.14080000E-4,-6.59740641E-4
1.14120000E-4,-5.77097098E-4
1.14160000E-4,-6.09478577E-4
1.14200000E-4,-5.85372903E-4
1.14240000E-4,-5.66628166E-4
1.14280000E-4,-6.09292115E-4
1.14320000E-4,-5.68692175E-4
1.14360000E-4,-5.70851551E-4
1.14400000E-4,-6.41181804E-4
1.14440000E-4,-6.17176561E-4
1.14480000E-4,-5.81622903E-4
1.14520000E-4,-7.00149608E-4
1.14560000E-4,-6.43760024E-4
1.14600000E-4,-5.51607299E-4
1.14640000E-4,-5.72175194E-4
1.14680000E-4,-5.85134980E-4
1.14720000E-4,-5.01521312E-4
1.14760000E-4,-5.00253145E-4
1.14800000E-4,-5.15446055E-4
1.14840000E-4,-6.47101919E-4
1.14880000E-4,-4.56256474E-4
1.14920000E-4,-5.12724001E-4
1.14960000E-4,-5.55229802E-4
1.15000000E-4,-4.88712426E-4
1.15040000E-4,-5.16877825E-4
1.15080000E-4,-4.52524336E-4
1.15120000E-4,-5.99128559E-4
1.15160000E-4,-4.31614396E-4
1.15200000E-4,-5.34617466E-4
1.15240000E-4,-4.64469231E-4
1.15280000E-4,-4.61966990E-4
1.15320000E-4,-5.30727924E-4
1.15360000E-4,-4.73478555E-4
1.15400000E-4,-5.05086290E-4
1.15440000E-4,-5.71612755E-4
1.15480000E-4,-5.76131979E-4
1.15520000E-4,-4.31961762E-4
1.15560000E-4,-6.33178015E-4
1.15600000E-4,-5.40244116E-4
1.15640000E-4,-5.04010011E-4
1.15680000E-4,-4.95777513E-4
1.15720000E-4,-4.98292056E-4
1.15760000E-4,-5.21482518E-4
1.15800000E-4,-4.44158275E-4
1.15840000E-4,-4.61644581E-4
1.15880000E-4,-4.16651655E-4
1.15920000E-4,-5.33111185E-4
1.15960000E-4,-4.46349275E-4
1.16000000E-4,-4.81275568E-4
1.16040000E-4,-6.11099242E-4
1.16080000E-4,-4.23937651E-4
1.16120000E-4,-3.79166148E-4
1.16160000E-4,-5.10156443E-4
1.16200000E-4,-4.66814593E-4
1.16240000E-4,-4.39641521E-4
1.16280000E-4,-3.82503236E-4
1.16320000E-4,-3.80325025E-4
1.16360000E-4,-4.49108999E-4
1.16400000E-4,-4.06145778E-4
1.16440000E-4,-5.18582394E-4
1.16480000E-4,-3.71084511E-4
1.16520000E-4,-4.41696470E-4
1.16560000E-4,-4.97577325E-4
1.16600000E-4,-4.96729995E-4
1.16640000E-4,-4.57813042E-4
1.16680000E-4,-3.73733857E-4
1.16720000E-4,-4.92980796E-4
1.16760000E-4,-4.57392243E-4
1.16800000E-4,-3.60071355E-4
1.16840000E-4,-4.70266361E-4
1.16880000E-4,-4.36717164E-4
1.16920000E-4,-3.84683345E-4
1.16960000E-4,-5.05918209E-4
1.17000000E-4,-5.47515311E-4
1.17040000E-4,-4.03492751E-4
1.17080000E-4,-4.28765150E-4
1.17120000E-4,-3.36558962E-4
1.17160000E-4,-4.12536702E-4
1.17200000E-4,-3.00766914E-4
1.17240000E-4,-4.93366681E-4
1.17280000E-4,-3.48954001E-4
1.17320000E-4,-3.85402072E-4
1.17360000E-4,-3.61199247E-4
1.17400000E-4,-3.40872116E-4
1.17440000E-4,-4.12290273E-4
1.17480000E-4,-3.41059313E-4
1.17520000E-4,-3.45134106E-4
1.17560000E-4,-3.32762241E-4
1.17600000E-4,-4.25023876E-4
1.17640000E-4,-3.59587185E-4
1.17680000E-4,-3.20569056E-4
1.17720000E-4,-4.34179608E-4
1.17760000E-4,-3.48407060E-4
1.17800000E-4,-4.00712494E-4
1.17840000E-4,-3.65868094E-4
1.17880000E-4,-3.63822433E-4
1.17920000E-4,-3.94259695E-4
1.17960000E-4,-3.39933224E-4
1.18000000E-4,-3.49188290E-4
1.18040000E-4,-3.68414328E-4
1.18080000E-4,-3.73776620E-4
1.18120000E-4,-3.18430651E-4
1.18160000E-4,-2.93561379E-4
1.18200000E-4,-2.96058633E-4
1.18240000E-4,-2.81265589E-4
1.18280000E-4,-3.07359846E-4
1.18320000E-4,-4.37012774E-4
1.18360000E-4,-3.66627819E-4
1.18400000E-4,-3.64868605E-4
1.18440000E-4,-3.11747902E-4
1.18480000E-4,-3.30997133E-4
1.18520000E-4,-3.01039484E-4
1.18560000E-4,-3.04937733E-4
1.18600000E-4,-3.04781740E-4
1.18640000E-4,-2.93950593E-4
1.18680000E-4,-2.83897635E-4
1.18720000E-4,-3.28167362E-4
1.18760000E-4,-3.72698252E-4
1.18800000E-4,-3.28343114E-4
1.18840000E-4,-3.11262596E-4
1.18880000E-4,-3.52038032E-4
1.18920000E-4,-3.35000925E-4
1.18960000E-4,-3.16042460E-4
1.19000000E-4,-2.56528248E-4
1.19040000E-4,-3.21835851E-4
1.19080000E-4,-2.49797443E-4
1.19120000E-4,-2.91422030E-4
1.19160000E-4,-2.72376037E-4
1.19200000E-4,-3.17159556E-4
1.19240000E-4,-2.47582477E-4
1.19280000E-4,-3.58148433E-4
1.19320000E-4,-3.13291491E-4
1.19360000E-4,-3.73193667E-4
1.19400000E-4,-2.91717889E-4
1.19440000E-4,-3.01316640E-4
1.19480000E-4,-2.44570841E-4
1.19520000E-4,-2.88682267E-4
1.19560000E-4,-3.10584009E-4
1.19600000E-4,-2.86685959E-4
1.19640000E-4,-2.82104231E-4
1.19680000E-4,-2.37094224E-4
1.19720000E-4,-2.94672048E-4
1.19760000E-4,-1.65731638E-4
1.19800000E-4,-3.62599794E-4
1.19840000E-4,-2.87004181E-4
1.19880000E-4,-3.20862369E-4
1.19920000E-4,-3.44926892E-4
1.19960000E-4,-2.15598842E-4
1.20000000E-4,-2.00643616E-4
1.20040000E-4,-2.51832823E-4
1.20080000E-4,-2.96827876E-4
1.20120000E-4,-2.14327947E-4
1.20160000E-4,-2.29262726E-4
1.20200000E-4,-1.98782473E-4
1.20240000E-4,-2.91972978E-4
1.20280000E-4,-2.57495055E-4
1.20320000E-4,-2.43092817E-4
1.20360000E-4,-3.91715845E-4
1.20400000E-4,-2.45200466E-4
1.20440000E-4,-2.44986204E-4
1.20480000E-4,-2.54591975E-4
1.20520000E-4,-2.95353925E-4
1.20560000E-4,-3.62559931E-4
1.20600000E-4,-2.45994057E-4
1.20640000E-4,-1.99030314E-4
1.20680000E-4,-3.30024395E-4
1.20720000E-4,-1.84128742E-4
1.20760000E-4,-2.64135699E-4
1.20800000E-4,-2.54898028E-4
1.20840000E-4,-2.07028371E-4
1.20880000E-4,-2.81344067E-4
1.20920000E-4,-3.21680926E-4
1.20960000E-4,-1.72260178E-4
1.21000000E-4,-1.83449401E-4
1.21040000E-4,-3.25377445E-4
1.21080000E-4,-2.72251030E-4
1.21120000E-4,-2.26060088E-4
1.21160000E-4,-2.85740162E-4
1.21200000E-4,-1.61948479E-4
1.21240000E-4,-2.63558822E-4
1.21280000E-4,-2.35417817E-4
1.21320000E-4,-2.08512012E-4
1.21360000E-4,-2.52112745E-4
1.21400000E-4,-2.77391525E-4
1.21440000E-4,-1.86064062E-4
1.21480000E-4,-2.15939266E-4
1.21520000E-4,-1.30308815E-4
1.21560000E-4,-1.99183074E-4
1.21600000E-4,-2.39637130E-4
1.21640000E-4,-1.49196565E-4
1.21680000E-4,-2.79822508E-4
1.21720000E-4,-2.85757643E-4
1.21760000E-4,-2.45555662E-4
1.21800000E-4,-1.83525238E-4
1.21840000E-4,-2.45719627E-4
1.21880000E-4,-1.74735345E-4
1.21920000E-4,-2.87684123E-4
1.21960000E-4,-3.70930636E-4
1.22000000E-4,-1.91567640E-4
1.22040000E-4,-1.85914793E-4
1.22080000E-4,-3.10496214E-4
1.22120000E-4,-2.00327101E-4
1.22160000E-4,-1.76354598E-4
1.22200000E-4,-2.22499783E-4
1.22240000E-4,-2.74005142E-4
1.22280000E-4,-1.29257560E-4
1.22320000E-4,-1.67959965E-4
1.22360000E-4,-2.07056724E-4
1.22400000E-4,-2.13524438E-4
1.22440000E-4,-2.07931272E-4
1.22480000E-4,-2.72747141E-4
1.22520000E-4,-1.60332735E-4
1.22560000E-4,-8.02917122E-5
1.22600000E-4,-1.79752406E-4
1.22640000E-4,-1.77817430E-4
1.22680000E-4,-9.82502495E-5
1.22720000E-4,-1.79015178E-4
1.22760000E-4,-2.08304435E-4
1.22800000E-4,-2.68686996E-4
1.22840000E-4,-2.06131002E-4
1.22880000E-4,-1.36401421E-4
1.22920000E-4,-2.39214757E-4
1.22960000E-4,-1.34691998E-4
1.23000000E-4,-1.87087040E-4
1.23040000E-4,-2.34464047E-4
1.23080000E-4,-1.99471846E-4
1.23120000E-4,-1.82406263E-4
1.23160000E-4,-2.44515289E-4
1.23200000E-4,-1.77151927E-4
1.23240000E-4,-1.61452139E-4
1.23280000E-4,-2.14041816E-4
1.23320000E-4,-1.67995757E-4
1.23360000E-4,-1.50603654E-4
1.23400000E-4,-2.20546371E-4
1.23440000E-4,-2.28515723E-4
1.23480000E-4,-1.83585662E-4
1.23520000E-4,-1.69990405E-4
1.23560000E-4,-2.14504606E-4
1.23600000E-4,-1.42722794E-4
1.23640000E-4,-1.76327867E-4
1.23680000E-4,-1.94822006E-4
1.23720000E-4,-1.18564076E-4
1.23760000E-4,-1.58769510E-4
1.23800000E-4,-1.88200559E-4
1.23840000E-4,-2.30394633E-4
1.23880000E-4,-1.95970717E-4
1.23920000E-4,-1.32545916E-4
1.23960000E-4,-1.82709617E-4
1.24000000E-4,-1.45021426E-4
1.24040000E-4,-1.87923202E-4
1.24080000E-4,-2.01318055E-4
1.24120000E-4,-1.02360119E-4
1.24160000E-4,-1.16959109E-4
1.24200000E-4,-1.17311740E-4
1.24240000E-4,-1.96183176E-4
1.24280000E-4,-1.31211038E-4
1.24320000E-4,-1.73839187E-4
1.24360000E-4,-8.95905333E-5
1.24400000E-4,-9.17755348E-5
1.24440000E-4,-1.72660388E-4
1.24480000E-4,-2.43159536E-4
1.24520000E-4,-2.11353065E-4
1.24560000E-4,-1.11009955E-4
1.24600000E-4,-1.80958146E-4
1.24640000E-4,-1.45441777E-4
1.24680000E-4,-1.45339476E-4
1.24720000E-4,-2.47734598E-4
1.24760000E-4,-1.71992406E-4
1.24800000E-4,-1.32034784E-4
1.24840000E-4,-1.03452572E-4
1.24880000E-4,-2.04549323E-4
1.24920000E-4,-1.31558948E-4
1.24960000E-4,-1.68130387E-4
1.25000000E-4,-7.56147118E-5
1.25040000E-4,-1.82487592E-4
1.25080000E-4,-8.35049463E-5
1.25120000E-4,-1.49428374E-4
1.25160000E-4,-1.16680570E-4
1.25200000E-4,-1.06529946E-4
1.25240000E-4,-1.62377823E-4
1.25280000E-4,-1.11196179E-4
1.25320000E-4,-1.63540648E-4
1.25360000E-4,-1.10800004E-4
1.25400000E-4,-1.64098223E-4
1.25440000E-4,-1.29133735E-4
1.25480000E-4,-8.70668915E-5
1.25520000E-4,-9.40806802E-5
1.25560000E-4,-1.88405523E-4
1.25600000E-4,-1.20579686E-4
1.25640000E-4,-9.89822518E-5
1.25680000E-4,-1.29828440E-4
1.25720000E-4,-7.85507796E-5
1.25760000E-4,-1.19100308E-4
1.25800000E-4,-1.15822367E-4
1.25840000E-4,-1.40669161E-4
1.25880000E-4,-8.79860238E-5
1.25920000E-4,-9.26148827E-5
1.25960000E-4,-1.37412497E-4
1.26000000E-4,-1.07095894E-4
1.26040000E-4,-8.97993307E-5
1.26080000E-4,-1.97244378E-4
1.26120000E-4,-9.18278438E-5
1.26160000E-4,-1.29302192E-4
1.26200000E-4,-8.97697191E-5
1.26240000E-4,-8.60731724E-5
1.26280000E-4,-1.18212829E-4
1.26320000E-4,-9.00352793E-5
1.26360000E-4,-1.39273583E-4
1.26400000E-4,-9.38585885E-5
1.26440000E-4,-8.25021863E-5
1.26480000E-4,-1.25327735E-4
1.26520000E-4,-1.55062883E-4
1.26560000E-4,-1.08089241E-4
1.26600000E-4,-1.43629843E-4
1.26640000E-4,-8.88085680E-5
1.26680000E-4,-5.19017224E-5
1.26720000E-4,-1.32244583E-4
1.26760000E-4,-9.70097957E-5
1.26800000E-4,-1.04048380E-4
1.26840000E-4,-8.35870195E-5
1.26880000E-4,-6.16509543E-5
1.26920000E-4,-1.07922129E-4
1.26960000E-4,-1.21765247E-4
1.27000000E-4,-7.42630500E-5
1.27040000E-4,-1.18308644E-4
1.27080000E-4,-4.39283560E-5
1.27120000E-4,-6.23959552E-5
1.27160000E-4,-5.27290730E-5
1.27200000E-4,-7.54065533E-5
1.27240000E-4,-7.68139860E-5
1.27280000E-4,-8.06835007E-5
1.27320000E-4,-1.67956808E-4
1.27360000E-4,-1.00159172E-4
1.27400000E-4,-1.37894675E-4
1.27440000E-4,-5.78580197E-5
1.27480000E-4,-8.40595843E-5
1.27520000E-4,-9.84672295E-5
1.27560000E-4,-1.19003377E-4
1.27600000E-4,-1.23003145E-4
1.27640000E-4,-1.20036388E-4
1.27680000E-4,-8.78412847E-5
1.27720000E-4,-9.39451631E-5
1.27760000E-4,-8.23739076E-5
1.27800000E-4,-9.44363245E-5
1.27840000E-4,-1.08914885E-4
1.27880000E-4,-8.48070361E-5
1.27920000E-4,-5.17700008E-5
1.27960000E-4,-8.62729099E-5
1.28000000E-4,-5.48036772E-5
1.28040000E-4,-8.65215424E-5
1.28080000E-4,-1.24034009E-4
1.28120000E-4,-7.50927086E-5
1.28160000E-4,-2.03252871E-5
1.28200000E-4,-6.69325938E-5
1.28240000E-4,-8.26808095E-5
1.28280000E-4,-5.36653810E-5
1.28320000E-4,-1.11384329E-4
1.28360000E-4,-8.94186621E-5
1.28400000E-4,-7.55528374E-5
1.28440000E-4,-8.18355107E-5
1.28480000E-4,-8.11715626E-5
1.28520000E-4,-4.45638751E-5
1.28560000E-4,-4.70010567E-5
1.28600000E-4,-4.43446731E-5
1.28640000E-4,-6.41469300E-5
1.28680000E-4,-3.73510260E-5
1.28720000E-4,-8.48745467E-5
1.28760000E-4,-4.83376886E-5
1.28800000E-4,-1.42446879E-5
1.28840000E-4,-1.02111553E-4
1.28880000E-4,-3.00758638E-5
1.28920000E-4,-3.50469201E-5
1.28960000E-4,-1.30389095E-4
1.29000000E-4,-6.71906008E-5
1.29040000E-4,-2.11760886E-5
1.29080000E-4,-4.98058608E-5
1.29120000E-4,-5.84997281E-5
1.29160000E-4,-3.90374561E-5
1.29200000E-4,-1.23600421E-4
1.29240000E-4,-5.32562261E-5
1.29280000E-4,-3.39831821E-5
1.29320000E-4,-9.71853019E-6
1.29360000E-4,-9.69942127E-5
1.29400000E-4,-4.86855890E-5
1.29440000E-4,-1.25578228E-4
1.29480000E-4,-3.42455093E-5
1.29520000E-4,-9.37991174E-5
1.29560000E-4,-4.33604430E-5
1.29600000E-4,-2.57627951E-5
1.29640000E-4,-1.24741941E-4
1.29680000E-4,-6.05612478E-5
1.29720000E-4,-5.84281739E-5
1.29760000E-4,-1.33435609E-5
1.29800000E-4,-5.30522542E-5
1.29840000E-4,-3.62425035E-5
1.29880000E-4,-1.32813051E-5
1.29920000E-4,-1.82142526E-5
1.29960000E-4,-4.38377951E-5
1.30000000E-4,-2.21647533E-5
1.30040000E-4,-6.70835128E-5
1.30080000E-4,-1.76774579E-5
1.30120000E-4,-6.27054035E-5
1.30160000E-4,-4.54618644E-5
1.30200000E-4,-6.95183007E-5
1.30240000E-4,-5.72430427E-5
1.30280000E-4,-4.77619840E-5
1.30320000E-4,-5.25931744E-5
1.30360000E-4,-1.04363147E-6
1.30400000E-4,-9.27391846E-5
1.30440000E-4,-7.58150693E-5
1.30480000E-4,-2.03865988E-5
1.30520000E-4,-6.69999804E-5
1.30560000E-4,-3.72418970E-5
1.30600000E-4,-3.65220159E-5
1.30640000E-4,-8.44860102E-5
1.30680000E-4,-3.60585111E-5
1.30720000E-4,-8.16790795E-5
1.30760000E-4,-7.63260194E-5
1.30800000E-4,-4.25907610E-5
1.30840000E-4,-4.63458729E-5
1.30880000E-4,-5.41769510E-5
1.30920000E-4,-4.39549636E-5
1.30960000E-4,-5.79541977E-5
1.31000000E-4,-4.23415468E-5
1.31040000E-4,-4.42232512E-5
1.31080000E-4,-1.18849378E-4
1.31120000E-4,-3.80152220E-5
1.31160000E-4,-4.83693506E-5
1.31200000E-4,-1.62333088E-5
1.31240000E-4,-4.33484171E-5
1.31280000E-4,-7.26324385E-5
1.31320000E-4,-4.64318180E-5
1.31360000E-4,-2.85809792E-5
1.31400000E-4,-4.51186943E-5
1.31440000E-4,-3.25113860E-5
1.31480000E-4,-2.06871684E-5
1.31520000E-4,-4.61022759E-5
1.31560000E-4,-4.55171776E-5
1.31600000E-4,-2.21949466E-5
1.31640000E-4,-3.15181532E-5
1.31680000E-4,-3.58635896E-5
1.31720000E-4,4.62221477E-6
1.31760000E-4,-1.74865990E-5
1.31800000E-4,-3.03872781E-6
1.31840000E-4,-3.11936750E-5
1.31880000E-4,-3.91033454E-5
1.31920000E-4,-2.86808685E-6
1.31960000E-4,-1.08169340E-4
1.32000000E-4,-7.89886687E-5
1.32040000E-4,-1.43951014E-5
1.32080000E-4,-2.29998955E-5
1.32120000E-4,-5.19852165E-5
1.32160000E-4,-3.80373473E-5
1.32200000E-4,-1.50980262E-5
1.32240000E-4,-3.00563230E-5
1.32280000E-4,-5.09709838E-5
1.32320000E-4,-2.23095306E-5
1.32360000E-4,-4.00636860E-5
1.32400000E-4,-5.56414992E-5
1.32440000E-4,-5.19788269E-5
1.32480000E-4,-2.94770707E-5
1.32520000E-4,-1.48895720E-5
1.32560000E-4,-1.99956209E-5
1.32600000E-4,-1.22802712E-5
1.32640000E-4,-2.32560143E-5
1.32680000E-4,-1.31450361E-6
1.32720000E-4,2.99743893E-5
1.32760000E-4,-4.18191907E-5
1.32800000E-4,-1.05620361E-5
1.32840000E-4,-2.64776408E-5
1.32880000E-4,8.78272415E-6
1.32920000E-4,-4.79972364E-5
1.32960000E-4,-4.25078008E-5
1.33000000E-4,-2.76791442E-7
1.33040000E-4,-2.36950288E-5
1.33080000E-4,-4.89750292E-5
1.33120000E-4,-9.88406407E-5
1.33160000E-4,-7.28898749E-6
1.33200000E-4,-4.58823872E-5
1.33240000E-4,-7.62722226E-5
1.33280000E-4,-2.32132325E-5
1.33320000E-4,-2.65267550E-5
1.33360000E-4,-3.25870887E-5
1.33400000E-4,-1.40535429E-5
1.33440000E-4,-2.32877430E-5
1.33480000E-4,-3.33071414E-5
1.33520000E-4,-4.09663880E-6
1.33560000E-4,-6.18574836E-6
1.33600000E-4,-3.15886011E-5
1.33640000E-4,-1.06304336E-5
1.33680000E-4,-1.24302747E-5
1.33720000E-4,-1.89895898E-5
1.33760000E-4,-3.46776669E-5
1.33800000E-4,-6.26190101E-5
1.33840000E-4,-1.84137517E-5
1.33880000E-4,-3.52731698E-5
1.33920000E-4,-2.01222689E-5
1.33960000E-4,-8.09261440E-5
1.34000000E-4,-6.96722729E-6
1.34040000E-4,-2.29462036E-5
1.34080000E-4,-1.61086731E-5
1.34120000E-4,-1.75179463E-5
1.34160000E-4,-2.23182758E-5
1.34200000E-4,-2.16091998E-5
1.34240000E-4,-6.38151753E-5
1.34280000E-4,-1.67831688E-5
1.34320000E-4,-4.46757316E-5
1.34360000E-4,-2.82708633E-5
1.34400000E-4,-2.52145277E-5
1.34440000E-4,-2.33252987E-5
1.34480000E-4,-4.57212543E-5
1.34520000E-4,-4.39586734E-5
1.34560000E-4,4.49124667E-6
1.34600000E-4,-3.55049699E-5
1.34640000E-4,-6.81651813E-6
1.34680000E-4,-1.62631683E-5
1.34720000E-4,2.24188849E-5
1.34760000E-4,7.84595842E-6
1.34800000E-4,1.91015000E-5
1.34840000E-4,-1.30640295E-5
1.34880000E-4,1.13349857E-5
1.34920000E-4,-2.30687985E-5
1.34960000E-4,-2.48209821E-7
1.35000000E-4,3.03704583E-6
1.35040000E-4,-2.86142910E-5
1.35080000E-4,-1.12911869E-5
1.35120000E-4,1.86051316E-5
1.35160000E-4,-4.99126342E-5
1.35200000E-4,-4.25620363E-5
1.35240000E-4,-1.72840783E-6
1.35280000E-4,-2.60258391E-6
1.35320000E-4,1.24557247E-5
1.35360000E-4,-4.64256764E-5
1.35400000E-4,-2.24074921E-5
1.35440000E-4,-5.28561311E-5
1.35480000E-4,1.46478010E-6
1.35520000E-4,1.60744040E-5
1.35560000E-4,3.59792858E-5
1.35600000E-4,-8.64039177E-6
1.35640000E-4,-1.92960817E-5
1.35680000E-4,1.27204838E-5
1.35720000E-4,-2.96017445E-5
1.35760000E-4,2.18627291E-6
1.35800000E-4,-3.65839189E-5
1.35840000E-4,-1.80782300E-5
1.35880000E-4,5.75076442E-6
1.35920000E-4,-1.92900163E-5
1.35960000E-4,-3.49509995E-5
1.36000000E-4,-1.50102977E-5
1.36040000E-4,-1.59866695E-5
1.36080000E-4,-2.40371419E-6
1.36120000E-4,3.80511610E-6
1.36160000E-4,-3.76970381E-5
1.36200000E-4,-1.26043107E-5
1.36240000E-4,-3.74506182E-5
1.36280000E-4,-2.18722995E-5
1.36320000E-4,-6.48612718E-6
1.36360000E-4,-2.38313088E-5
1.36400000E-4,-1.57342605E-5
1.36440000E-4,-3.65549764E-6
1.36480000E-4,-2.58988749E-5
1.36520000E-4,1.05942859E-5
1.36560000E-4,1.45060579E-5
1.36600000E-4,2.88408805E-5
1.36640000E-4,-2.18300994E-5
1.36680000E-4,-2.77268875E-5
1.36720000E-4,-1.52964190E-5
1.36760000E-4,3.61424771E-6
1.36800000E-4,7.83351144E-7
1.36840000E-4,-1.96247084E-5
1.36880000E-4,1.71458953E-5
1.36920000E-4,-2.35120488E-6
1.36960000E-4,5.26525944E-5
1.37000000E-4,1.43880025E-5
1.37040000E-4,2.64477300E-5
1.37080000E-4,1.03079833E-5
1.37120000E-4,-1.07023502E-5
1.37160000E-4,-3.17820349E-5
1.37200000E-4,-3.09865179E-5
1.37240000E-4,-2.00696833E-5
1.37280000E-4,-6.53250436E-6
1.37320000E-4,1.38640443E-5
1.37360000E-4,2.93471576E-5
1.37400000E-4,-1.08211971E-5
1.37440000E-4,3.72402517E-6
1.37480000E-4,2.50129651E-5
1.37520000E-4,-1.02047420E-5
1.37560000E-4,2.57321786E-5
1.37600000E-4,-9.32213696E-7
1.37640000E-4,-9.36554669E-6
1.37680000E-4,-3.39130123E-6
1.37720000E-4,1.59648173E-5
1.37760000E-4,4.06202850E-5
1.37800000E-4,2.02485319E-5
1.37840000E-4,1.88575978E-5
1.37880000E-4,3.31661562E-5
1.37920000E-4,2.14057585E-5
1.37960000E-4,1.52514784E-5
1.38000000E-4,2.75529242E-5
1.38040000E-4,4.40397592E-6
1.38080000E-4,-8.91102548E-6
1.38120000E-4,2.90443565E-5
1.38160000E-4,1.81863064E-5
1.38200000E-4,9.19721011E-6
1.38240000E-4,1.97738214E-5
1.38280000E-4,-3.34542266E-5
1.38320000E-4,-1.48912139E-6
1.38360000E-4,4.97709608E-6
1.38400000E-4,-2.87638176E-5
1.38440000E-4,2.86519100E-5
1.38480000E-4,-1.14010517E-6
1.38520000E-4,-7.41717086E-6
1.38560000E-4,3.92000063E-5
1.38600000E-4,5.91895443E-6
1.38640000E-4,6.17421339E-7
1.38680000E-4,3.69392259E-5
1.38720000E-4,6.77090037E-6
1.38760000E-4,1.51488726E-5
1.38800000E-4,2.90798999E-5
1.38840000E-4,-1.63030319E-5
1.38880000E-4,3.45897060E-5
1.38920000E-4,3.35324626E-5
1.38960000E-4,2.83707095E-5
1.39000000E-4,4.94650999E-5
1.39040000E-4,2.44616269E-5
1.39080000E-4,1.10023154E-5
1.39120000E-4,5.85577461E-5
1.39160000E-4,3.31811671E-5
1.39200000E-4,-5.72826122E-6
1.39240000E-4,2.46795510E-5
1.39280000E-4,6.07770894E-5
1.39320000E-4,5.36650994E-6
1.39360000E-4,-1.39035776E-5
1.39400000E-4,3.89262923E-5
1.39440000E-4,-2.92616562E-6
1.39480000E-4,2.28009460E-5
1.39520000E-4,2.36830074E-6
1.39560000E-4,-6.57994951E-5
1.39600000E-4,9.03132799E-6
1.39640000E-4,2.33194397E-5
1.39680000E-4,2.41246365E-5
1.39720000E-4,1.39073506E-5
1.39760000E-4,5.32533329E-5
1.39800000E-4,2.87879039E-5
1.39840000E-4,1.27301922E-5
1.39880000E-4,4.60801853E-5
1.39920000E-4,8.29015134E-6
1.39960000E-4,-1.08654476E-5
1.40000000E-4,3.24226431E-5
1.40040000E-4,2.18148181E-5
1.40080000E-4,3.07720521E-5
1.40120000E-4,-1.10285641E-5
1.40160000E-4,5.38403863E-5
1.40200000E-4,4.70132889E-5
1.40240000E-4,1.01105250E-5
1.40280000E-4,4.53819144E-5
1.40320000E-4,2.53178739E-5
1.40360000E-4,4.46428740E-5
1.40400000E-4,-1.14613224E-5
1.40440000E-4,-3.48764142E-6
1.40480000E-4,2.21430442E-5
1.40520000E-4,2.10218744E-6
1.40560000E-4,3.08373978E-5
1.40600000E-4,1.67908328E-5
1.40640000E-4,7.42375724E-6
1.40680000E-4,1.10150088E-5
1.40720000E-4,3.60505429E-6
1.40760000E-4,9.94000801E-6
1.40800000E-4,3.17640832E-5
1.40840000E-4,1.39165059E-5
1.40880000E-4,-1.80527192E-5
1.40920000E-4,1.52001230E-5
1.40960000E-4,4.54443801E-5
1.41000000E-4,1.30108395E-5
1.41040000E-4,-5.97389913E-6
1.41080000E-4,-2.27589306E-5
1.41120000E-4,1.43845121E-5
1.41160000E-4,2.10642572E-5
1.41200000E-4,2.44035672E-5
1.41240000E-4,1.40745679E-5
1.41280000E-4,1.74859661E-5
1.41320000E-4,-7.08090680E-7
1.41360000E-4,2.20139739E-5
1.41400000E-4,2.86539127E-5
1.41440000E-4,5.55121759E-6
1.41480000E-4,3.57009274E-5
1.41520000E-4,-1.21256615E-5
1.41560000E-4,1.28805581E-5
1.41600000E-4,-2.74424270E-6
1.41640000E-4,-1.24737336E-5
1.41680000E-4,-4.57346645E-6
1.41720000E-4,1.62794631E-5
1.41760000E-4,4.17201290E-5
1.41800000E-4,3.73300878E-6
1.41840000E-4,8.71544242E-6
1.41880000E-4,1.56702940E-5
1.41920000E-4,1.54672091E-5
1.41960000E-4,8.66720557E-6
1.42000000E-4,-3.45469197E-6
1.42040000E-4,8.82078530E-6
1.42080000E-4,1.57075732E-5
1.42120000E-4,4.83420552E-7
1.42160000E-4,2.62192583E-5
1.42200000E-4,4.46972239E-5
1.42240000E-4,2.06881185E-5
1.42280000E-4,2.99395802E-5
1.42320000E-4,2.19103285E-5
1.42360000E-4,1.14856567E-5
1.42400000E-4,1.32274857E-5
1.42440000E-4,3.79583128E-5
1.42480000E-4,2.45215081E-5
1.42520000E-4,-8.57877487E-6
1.42560000E-4,8.65002990E-6
1.42600000E-4,1.02399386E-5
1.42640000E-4,-8.22811834E-6
1.42680000E-4,3.63867432E-5
1.42720000E-4,1.39641896E-5
1.42760000E-4,2.41437481E-5
1.42800000E-4,2.24485061E-5
1.42840000E-4,-8.73918290E-6
1.42880000E-4,2.00327249E-5
1.42920000E-4,4.12739429E-5
1.42960000E-4,-2.11211951E-5
1.43000000E-4,-8.42804663E-6
1.43040000E-4,4.66589512E-5
1.43080000E-4,-6.63731016E-5
1.43120000E-4,1.11697902E-5
1.43160000E-4,6.92884792E-6
1.43200000E-4,6.66521417E-6
1.43240000E-4,2.82485629E-5
1.43280000E-4,7.42102973E-6
1.43320000E-4,4.75711884E-5
1.43360000E-4,-3.77690039E-6
1.43400000E-4,-9.73145401E-7
1.43440000E-4,3.54324585E-5
1.43480000E-4,1.45566789E-5
1.43520000E-4,1.23669663E-5
1.43560000E-4,4.53269732E-5
1.43600000E-4,1.56813280E-5
1.43640000E-4,1.26673451E-5
1.43680000E-4,2.21048781E-5
1.43720000E-4,3.41911639E-6
1.43760000E-4,4.75566925E-5
1.43800000E-4,3.10580399E-5
1.43840000E-4,1.33932820E-5
1.43880000E-4,-5.25185319E-6
1.43920000E-4,2.10955092E-5
1.43960000E-4,6.99719410E-5
1.44000000E-4,5.11121051E-5
1.44040000E-4,3.03482296E-5
1.44080000E-4,3.33234171E-5
1.44120000E-4,3.39843421E-5
1.44160000E-4,-7.37169967E-6
1.44200000E-4,2.86584998E-5
1.44240000E-4,1.02996768E-5
1.44280000E-4,-5.25740357E-6
1.44320000E-4,1.87926049E-5
1.44360000E-4,7.14960446E-6
1.44400000E-4,2.36077625E-6
1.44440000E-4,5.10475604E-5
1.44480000E-4,-7.05849546E-7
1.44520000E-4,3.92818221E-5
1.44560000E-4,-5.11441917E-6
1.44600000E-4,6.51984955E-5
1.44640000E-4,-1.49156455E-5
1.44680000E-4,4.13889847E-5
1.44720000E-4,3.33270411E-5
1.44760000E-4,4.36980020E-5
1.44800000E-4,-2.20037922E-5
1.44840000E-4,-7.43463264E-6
1.44880000E-4,1.87490506E-5
1.44920000E-4,-1.61091667E-7
1.44960000E-4,4.16621742E-5
1.45000000E-4,1.42944757E-5
1.45040000E-4,3.50798931E-6
1.45080000E-4,1.13583984E-5
1.45120000E-4,4.29847108E-5
1.45160000E-4,1.38802472E-5
1.45200000E-4,-4.18402551E-7
1.45240000E-4,2.11492853E-6
1.45280000E-4,1.03323115E-5
1.45320000E-4,1.77406830E-5
1.45360000E-4,5.17789333E-5
1.45400000E-4,5.53598852E-5
1.45440000E-4,4.91049947E-7
1.45480000E-4,2.14818331E-5
1.45520000E-4,2.10810801E-5
1.45560000E-4,2.34331463E-5
1.45600000E-4,3.40895324E-5
1.45640000E-4,1.76050991E-5
1.45680000E-4,3.18491987E-5
1.45720000E-4,2.33246944E-5
1.45760000E-4,1.67375224E-5
1.45800000E-4,3.51218849E-5
1.45840000E-4,5.09180514E-5
1.45880000E-4,4.59376205E-5
1.45920000E-4,2.93871261E-5
1.45960000E-4,2.94012119E-5
1.46000000E-4,2.05876966E-5
1.46040000E-4,3.22449640E-5
1.46080000E-4,3.35800605E-5
1.46120000E-4,-1.50211886E-5
1.46160000E-4,-1.38902452E-5
1.46200000E-4,4.68362869E-5
1.46240000E-4,2.10151430E-5
1.46280000E-4,3.43927436E-5
1.46320000E-4,1.20420589E-5
1.46360000E-4,2.44275235E-5
1.46400000E-4,1.85722107E-5
1.46440000E-4,1.09879340E-5
1.46480000E-4,1.05235709E-5
1.46520000E-4,1.80945534E-5
1.46560000E-4,6.34106979E-6
1.46600000E-4,4.29664941E-6
1.46640000E-4,2.43093060E-5
1.46680000E-4,3.75380094E-5
1.46720000E-4,2.42157505E-5
1.46760000E-4,1.39539186E-5
1.46800000E-4,8.56488432E-7
1.46840000E-4,2.70340204E-5
1.46880000E-4,1.14099445E-5
1.46920000E-4,2.48395108E-5
1.46960000E-4,-7.56546723E-6
1.47000000E-4,-8.03048839E-6
1.47040000E-4,-5.86763120E-6
1.47080000E-4,3.51283508E-5
1.47120000E-4,-9.96359590E-6
1.47160000E-4,-3.12353807E-6
1.47200000E-4,5.69044753E-5
1.47240000E-4,3.17883161E-5
1.47280000E-4,7.45792739E-6
1.47320000E-4,5.01282072E-6
1.47360000E-4,4.60981429E-5
1.47400000E-4,6.31097030E-7
1.47440000E-4,1.69521564E-5
1.47480000E-4,2.75142527E-5
1.47520000E-4,6.47697792E-6
1.47560000E-4,1.12476657E-6
1.47600000E-4,4.29039331E-6
1.47640000E-4,-1.37276438E-5
1.47680000E-4,2.36478947E-5
1.47720000E-4,2.59549093E-5
1.47760000E-4,5.21183349E-6
1.47800000E-4,5.80049854E-6
1.47840000E-4,-6.64727106E-7
1.47880000E-4,1.82153744E-5
1.47920000E-4,1.08222999E-5
1.47960000E-4,-1.19235493E-5
1.48000000E-4,1.72633213E-5
1.48040000E-4,-7.29658827E-6
1.48080000E-4,-1.75868699E-6
1.48120000E-4,1.25211468E-5
1.48160000E-4,4.88951863E-7
1.48200000E-4,4.84157052E-5
1.48240000E-4,4.91426801E-6
1.48280000E-4,3.69055230E-5
1.48320000E-4,2.27931163E-5
1.48360000E-4,1.13041820E-5
1.48400000E-4,3.99842414E-5
1.48440000E-4,-2.22539696E-5
1.48480000E-4,-4.78710859E-6
1.48520000E-4,5.45291490E-5
1.48560000E-4,1.50955717E-5
1.48600000E-4,-1.32361105E-5
1.48640000E-4,7.58620613E-6
1.48680000E-4,2.81612636E-5
1.48720000E-4,3.80276052E-6
1.48760000E-4,1.10101054E-6
1.48800000E-4,-1.05531383E-5
1.48840000E-4,-1.29561784E-5
1.48880000E-4,-3.37033741E-5
1.48920000E-4,2.78491927E-5
1.48960000E-4,-7.52161728E-6
1.49000000E-4,2.88145019E-5
1.49040000E-4,3.37971072E-5
1.49080000E-4,3.04364159E-5
1.49120000E-4,4.18977318E-5
1.49160000E-4,2.35905311E-5
1.49200000E-4,1.86992211E-5
1.49240000E-4,5.20680610E-7
1.49280000E-4,1.22809830E-5
1.49320000E-4,1.80550999E-5
1.49360000E-4,4.59303535E-5
1.49400000E-4,3.14525178E-5
1.49440000E-4,-1.54296584E-6
1.49480000E-4,9.10535219E-6
1.49520000E-4,3.13222253E-6
1.49560000E-4,2.03806825E-5
1.49600000E-4,2.65274477E-5
1.49640000E-4,3.11068856E-6
1.49680000E-4,4.56071437E-5
1.49720000E-4,1.78996700E-5
1.49760000E-4,-1.25975316E-6
1.49800000E-4,4.73142956E-6
1.49840000E-4,4.35652109E-6
1.49880000E-4,1.07294406E-5
1.49920000E-4,5.32695645E-5
1.49960000E-4,3.41757255E-5
1.50000000E-4,2.12058493E-5
1.50040000E-4,3.99748176E-6
1.50080000E-4,3.10747197E-5
1.50120000E-4,3.85016974E-5
1.50160000E-4,1.60782092E-5
1.50200000E-4,-2.56344973E-5
1.50240000E-4,8.64122748E-6
1.50280000E-4,2.33836887E-5
1.50320000E-4,4.89979425E-5
1.50360000E-4,-6.35441521E-6
1.50400000E-4,2.93685772E-5
1.50440000E-4,3.80394705E-5
1.50480000E-4,1.48336736E-5
1.50520000E-4,8.83758904E-6
1.50560000E-4,2.34555099E-5
1.50600000E-4,9.86501106E-6
1.50640000E-4,3.24901251E-5
1.50680000E-4,3.28527025E-5
1.50720000E-4,1.06685771E-5
1.50760000E-4,4.10868511E-5
1.50800000E-4,4.08820305E-5
1.50840000E-4,2.87444545E-5
1.50880000E-4,2.83823348E-5
1.50920000E-4,3.18631494E-6
1.50960000E-4,2.27044341E-5
1.51000000E-4,3.29338396E-6
1.51040000E-4,-7.85786379E-6
1.51080000E-4,2.13496729E-5
1.51120000E-4,1.08577765E-5
1.51160000E-4,-3.84067260E-6
1.51200000E-4,3.86014803E-5
1.51240000E-4,3.05228856E-5
1.51280000E-4,4.79072060E-5
1.51320000E-4,-3.84108420E-7
1.51360000E-4,3.48929729E-6
1.51400000E-4,2.46006154E-5
1.51440000E-4,3.13603643E-5
1.51480000E-4,2.18893382E-5
1.51520000E-4,1.64643233E-5
1.51560000E-4,-7.55250679E-6
1.51600000E-4,1.80928463E-5
1.51640000E-4,-9.91207841E-6
1.51680000E-4,1.70355361E-5
1.51720000E-4,1.89113564E-5
1.51760000E-4,7.81588907E-6
1.51800000E-4,3.32161860E-5
1.51840000E-4,2.42153023E-5
1.51880000E-4,2.07873484E-5
1.51920000E-4,1.45022909E-5
1.51960000E-4,6.81672442E-6
1.52000000E-4,1.24582806E-5
1.52040000E-4,-6.28978470E-6
1.52080000E-4,5.66941519E-5
1.52120000E-4,3.32113127E-5
1.52160000E-4,8.47514356E-7
1.52200000E-4,-2.15786250E-5
1.52240000E-4,-3.20768252E-5
1.52280000E-4,9.97072586E-6
1.52320000E-4,1.96112866E-5
1.52360000E-4,2.26119372E-5
1.52400000E-4,6.11841543E-6
1.52440000E-4,2.77420951E-5
1.52480000E-4,4.79950284E-6
1.52520000E-4,1.88499493E-5
1.52560000E-4,3.08311513E-5
1.52600000E-4,2.05302664E-5
1.52640000E-4,2.77746821E-5
1.52680000E-4,1.62565081E-5
1.52720000E-4,3.55782276E-5
1.52760000E-4,1.75728553E-5
1.52800000E-4,6.11685537E-5
1.52840000E-4,3.11289075E-5
1.52880000E-4,4.55859363E-7
1.52920000E-4,1.19993820E-5
1.52960000E-4,-4.98863906E-6
1.53000000E-4,1.75838321E-5
1.53040000E-4,3.63994462E-5
1.53080000E-4,3.91817053E-5
1.53120000E-4,3.00957539E-5
1.53160000E-4,2.81011916E-5
1.53200000E-4,1.79506821E-5
1.53240000E-4,1.94247003E-5
1.53280000E-4,4.36382543E-5
1.53320000E-4,1.21986618E-5
1.53360000E-4,3.90090140E-5
1.53400000E-4,1.64658778E-5
1.53440000E-4,4.37893545E-5
1.53480000E-4,-2.79964164E-6
1.53520000E-4,1.04380645E-5
1.53560000E-4,5.07303683E-5
1.53600000E-4,-5.65698360E-6
1.53640000E-4,1.29042187E-5
1.53680000E-4,2.34412906E-5
1.53720000E-4,3.19552187E-5
1.53760000E-4,1.40691415E-5
1.53800000E-4,5.35159176E-5
1.53840000E-4,2.01280923E-5
1.53880000E-4,2.70093393E-5
1.53920000E-4,3.10471204E-5
1.53960000E-4,3.91665610E-5
1.54000000E-4,4.18516407E-5
1.54040000E-4,3.47238212E-5
1.54080000E-4,4.06404647E-5
1.54120000E-4,4.71396889E-5
1.54160000E-4,-1.37093523E-5
1.54200000E-4,3.96916160E-5
1.54240000E-4,-2.82529549E-6
1.54280000E-4,-3.23960978E-6
1.54320000E-4,2.60290861E-5
1.54360000E-4,5.07261530E-5
1.54400000E-4,3.84574278E-5
1.54440000E-4,5.45147294E-5
1.54480000E-4,1.61475985E-5
1.54520000E-4,-3.16903868E-5
1.54560000E-4,2.58775075E-6
1.54600000E-4,9.48564893E-6
1.54640000E-4,3.87928828E-5
1.54680000E-4,3.85614927E-5
1.54720000E-4,-6.49908761E-6
1.54760000E-4,6.19278883E-5
1.54800000E-4,8.82464996E-8
1.54840000E-4,4.87029328E-5
1.54880000E-4,3.75873525E-5
1.54920000E-4,7.06370701E-6
1.54960000E-4,3.49544006E-5
1.55000000E-4,-4.44101062E-6
1.55040000E-4,5.12078349E-5
1.55080000E-4,5.90540669E-5
1.55120000E-4,1.70735877E-5
1.55160000E-4,3.82413919E-5
1.55200000E-4,1.83905644E-5
1.55240000E-4,1.09621944E-5
1.55280000E-4,4.96572748E-5
1.55320000E-4,2.34501598E-5
1.55360000E-4,7.51765617E-5
1.55400000E-4,3.40193896E-5
1.55440000E-4,2.10931250E-5
1.55480000E-4,6.73302042E-6
1.55520000E-4,3.13567212E-5
1.55560000E-4,2.41515206E-5
1.55600000E-4,4.22691785E-5
1.55640000E-4,-1.85169202E-5
1.55680000E-4,4.66637577E-5
1.55720000E-4,3.86237105E-5
1.55760000E-4,4.58577979E-5
1.55800000E-4,1.26025524E-5
1.55840000E-4,1.70039218E-5
1.55880000E-4,4.42820513E-5
1.55920000E-4,4.19177399E-5
1.55960000E-4,3.03357270E-5
1.56000000E-4,3.37822776E-5
1.56040000E-4,2.01963945E-5
1.56080000E-4,3.59031540E-5
1.56120000E-4,3.72694165E-5
1.56160000E-4,2.64991617E-5
1.56200000E-4,5.35547322E-5
1.56240000E-4,3.19927744E-5
1.56280000E-4,4.27834092E-5
1.56320000E-4,1.91907353E-5
1.56360000E-4,3.77771337E-5
1.56400000E-4,5.57399816E-5
1.56440000E-4,2.53141641E-5
1.56480000E-4,3.52409988E-5
1.56520000E-4,2.04662271E-5
1.56560000E-4,-2.31782628E-6
1.56600000E-4,2.31213138E-5
1.56640000E-4,8.10625732E-5
1.56680000E-4,8.10637176E-5
1.56720000E-4,3.21784357E-5
1.56760000E-4,3.24233774E-5
1.56800000E-4,4.66070141E-5
1.56840000E-4,3.89749010E-5
1.56880000E-4,7.45046885E-5
1.56920000E-4,-1.80733090E-5
1.56960000E-4,4.42582857E-5
1.57000000E-4,5.89610836E-5
1.57040000E-4,1.12613239E-5
1.57080000E-4,4.98557821E-5
1.57120000E-4,3.09456876E-5
1.57160000E-4,2.76469756E-5
1.57200000E-4,1.33757249E-5
1.57240000E-4,4.70005382E-5
1.57280000E-4,3.33718257E-5
1.57320000E-4,2.00381990E-5
1.57360000E-4,-5.47034151E-7
1.57400000E-4,1.37061540E-5
1.57440000E-4,3.14263299E-5
1.57480000E-4,5.54232759E-5
1.57520000E-4,7.88176889E-6
1.57560000E-4,5.38247460E-5
1.57600000E-4,2.85813667E-5
1.57640000E-4,3.72474916E-5
1.57680000E-4,3.52527943E-6
1.57720000E-4,1.47271101E-5
1.57760000E-4,4.66911949E-5
1.57800000E-4,-4.72630231E-6
1.57840000E-4,2.53703069E-5
1.57880000E-4,2.03534837E-5
1.57920000E-4,4.46106398E-5
1.57960000E-4,6.96156291E-5
1.58000000E-4,3.91575678E-5
1.58040000E-4,2.04058023E-5
1.58080000E-4,1.87349171E-5
1.58120000E-4,9.99266991E-6
1.58160000E-4,4.04611835E-5
1.58200000E-4,2.63043642E-5
1.58240000E-4,3.95803698E-5
1.58280000E-4,3.83327635E-5
1.58320000E-4,7.20991975E-5
1.58360000E-4,1.59300162E-6
1.58400000E-4,1.42164842E-5
1.58440000E-4,2.04141946E-5
1.58480000E-4,2.24750659E-5
1.58520000E-4,3.33424334E-5
1.58560000E-4,7.36362807E-6
1.58600000E-4,5.56592531E-5
1.58640000E-4,1.95411820E-5
1.58680000E-4,6.04416440E-5
1.58720000E-4,5.13092105E-5
1.58760000E-4,2.01145406E-5
1.58800000E-4,-3.74397955E-6
1.58840000E-4,3.90822848E-5
1.58880000E-4,4.17651997E-5
1.58920000E-4,6.32529601E-6
1.58960000E-4,5.57155676E-5
1.59000000E-4,1.76180118E-5
1.59040000E-4,4.09675655E-5
1.59080000E-4,4.55687011E-5
1.59120000E-4,3.05013897E-5
1.59160000E-4,4.70665039E-5
1.59200000E-4,5.65100054E-6
1.59240000E-4,3.83901747E-5
1.59280000E-4,2.22980544E-5
1.59320000E-4,3.72871724E-6
1.59360000E-4,3.27569250E-5
1.59400000E-4,3.07663586E-5
1.59440000E-4,2.81967212E-5
1.59480000E-4,1.84223694E-5
1.59520000E-4,1.98143319E-6
1.59560000E-4,1.95146127E-5
1.59600000E-4,1.28135720E-5
1.59640000E-4,-1.26082128E-6
1.59680000E-4,3.57932415E-6
1.59720000E-4,2.43368958E-5
1.59760000E-4,4.48242438E-5
1.59800000E-4,1.67565292E-5
1.59840000E-4,2.87902023E-5
1.59880000E-4,7.04764633E-5
1.59920000E-4,1.85132546E-5
1.59960000E-4,5.01350180E-5
1.60000000E-4,3.36466365E-5
1.60040000E-4,3.23830179E-5
1.60080000E-4,5.15494315E-5
1.60120000E-4,5.21049850E-5
1.60160000E-4,2.52378320E-5
1.60200000E-4,1.89567132E-5
1.60240000E-4,4.90174165E-5
1.60280000E-4,3.39621867E-6
1.60320000E-4,1.06154097E-5
1.60360000E-4,5.66336508E-5
1.60400000E-4,2.34580658E-5
1.60440000E-4,4.41917383E-5
1.60480000E-4,3.08839085E-5
1.60520000E-4,-4.74268643E-6
1.60560000E-4,3.71060044E-5
1.60600000E-4,2.12760111E-5
1.60640000E-4,2.19386241E-5
1.60680000E-4,4.24276124E-5
1.60720000E-4,3.75880487E-5
1.60760000E-4,2.51851987E-5
1.60800000E-4,6.22205614E-5
1.60840000E-4,2.63421106E-5
1.60880000E-4,3.38482718E-5
1.60920000E-4,3.77653177E-5
1.60960000E-4,7.12435704E-5
1.61000000E-4,4.28142701E-5
1.61040000E-4,2.57060670E-5
1.61080000E-4,5.87052223E-5
1.61120000E-4,1.34746495E-5
1.61160000E-4,5.06282393E-5
1.61200000E-4,1.07150386E-6
1.61240000E-4,5.22489421E-5
1.61280000E-4,4.73435845E-5
1.61320000E-4,3.53210312E-5
1.61360000E-4,1.31709614E-5
1.61400000E-4,5.44801778E-5
1.61440000E-4,2.08806559E-5
1.61480000E-4,4.61961330E-5
1.61520000E-4,2.92163040E-5
1.61560000E-4,1.92738862E-5
1.61600000E-4,3.99466189E-5
1.61640000E-4,5.72346374E-5
1.61680000E-4,3.53181129E-5
1.61720000E-4,1.60632174E-5
1.61760000E-4,1.49821894E-5
1.61800000E-4,5.94020436E-5
1.61840000E-4,1.70490783E-5
1.61880000E-4,1.51191370E-5
1.61920000E-4,-9.10893199E-6
1.61960000E-4,5.54783411E-5
1.62000000E-4,1.05988063E-5
1.62040000E-4,4.28088342E-5
1.62080000E-4,4.55695785E-5
1.62120000E-4,3.25907759E-5
1.62160000E-4,3.53649193E-5
1.62200000E-4,4.89938512E-5
1.62240000E-4,4.66479267E-5
1.62280000E-4,2.62643671E-5
1.62320000E-4,3.73778589E-5
1.62360000E-4,3.61872998E-6
1.62400000E-4,1.57335513E-5
1.62440000E-4,4.07243785E-5
1.62480000E-4,5.30825585E-5
1.62520000E-4,3.54842239E-5
1.62560000E-4,6.28600001E-5
1.62600000E-4,6.00192044E-5
1.62640000E-4,2.82380439E-5
1.62680000E-4,3.27343515E-5
1.62720000E-4,4.66559757E-5
1.62760000E-4,4.26736508E-5
1.62800000E-4,7.76277719E-5
1.62840000E-4,1.59344714E-5
1.62880000E-4,3.62961060E-5
1.62920000E-4,1.78491443E-5
1.62960000E-4,3.89257964E-5
1.63000000E-4,1.21958103E-5
1.63040000E-4,-2.14640331E-6
1.63080000E-4,5.62177042E-6
1.63120000E-4,1.02189372E-6
1.63160000E-4,4.05824989E-6
1.63200000E-4,1.30103817E-5
1.63240000E-4,2.64700651E-5
1.63280000E-4,1.49734060E-5
1.63320000E-4,7.17702260E-6
1.63360000E-4,4.44874060E-5
1.63400000E-4,1.01950968E-5
1.63440000E-4,2.89412834E-5
1.63480000E-4,5.74365001E-6
1.63520000E-4,1.67805236E-5
1.63560000E-4,5.18002383E-5
1.63600000E-4,3.58279553E-6
1.63640000E-4,2.47945355E-5
1.63680000E-4,2.70762968E-5
1.63720000E-4,2.87725688E-5
1.63760000E-4,2.50533269E-7
1.63800000E-4,-1.28881624E-5
1.63840000E-4,4.43768465E-5
1.63880000E-4,1.67722839E-5
1.63920000E-4,1.07785930E-5
1.63960000E-4,2.18043181E-5
1.64000000E-4,1.44904462E-5
1.64040000E-4,1.74397415E-5
1.64080000E-4,4.44267332E-5
1.64120000E-4,7.13631024E-6
1.64160000E-4,1.50805609E-5
1.64200000E-4,1.97319169E-5
1.64240000E-4,1.35384122E-5
1.64280000E-4,1.96778340E-5
1.64320000E-4,6.46936394E-5
1.64360000E-4,2.96082355E-5
1.64400000E-4,1.18465938E-5
1.64440000E-4,3.69757421E-5
1.64480000E-4,1.57886259E-5
1.64520000E-4,1.72609943E-5
1.64560000E-4,5.62893648E-5
1.64600000E-4,2.69787741E-5
1.64640000E-4,2.11323973E-5
1.64680000E-4,7.09062367E-5
1.64720000E-4,8.67393852E-6
1.64760000E-4,6.71453741E-5
1.64800000E-4,-2.02680300E-6
1.64840000E-4,2.43200157E-5
1.64880000E-4,4.78975739E-5
1.64920000E-4,5.23251312E-5
1.64960000E-4,3.94043120E-5
1.65000000E-4,1.44074384E-5
1.65040000E-4,2.66075563E-5
1.65080000E-4,3.62892109E-5
1.65120000E-4,5.36810845E-5
1.65160000E-4,4.20791779E-5
1.65200000E-4,8.88182046E-6
1.65240000E-4,2.58631563E-5
1.65280000E-4,3.41819434E-5
1.65320000E-4,5.13337295E-5
1.65360000E-4,3.84573801E-5
1.65400000E-4,4.59684718E-5
1.65440000E-4,2.91403534E-5
1.65480000E-4,3.78375108E-5
1.65520000E-4,3.07922414E-5
1.65560000E-4,2.37512920E-5
1.65600000E-4,1.92932267E-5
1.65640000E-4,-4.24831843E-8
1.65680000E-4,2.75493002E-5
1.65720000E-4,4.15381107E-5
1.65760000E-4,5.21809913E-6
1.65800000E-4,4.25387345E-5
1.65840000E-4,4.91116014E-5
1.65880000E-4,-2.67702773E-6
1.65920000E-4,1.31018200E-5
1.65960000E-4,2.69009161E-5
1.66000000E-4,-8.20004369E-7
1.66040000E-4,3.13148820E-6
1.66080000E-4,2.61731767E-5
1.66120000E-4,1.68548816E-5
1.66160000E-4,1.91907544E-5
1.66200000E-4,4.76523175E-5
1.66240000E-4,2.12856909E-5
1.66280000E-4,2.66089678E-5
1.66320000E-4,-4.29219927E-6
1.66360000E-4,4.63093723E-5
1.66400000E-4,7.45122306E-6
1.66440000E-4,-7.64627206E-6
1.66480000E-4,4.92638555E-5
1.66520000E-4,1.61793940E-5
1.66560000E-4,-4.48290706E-7
1.66600000E-4,6.27659186E-6
1.66640000E-4,2.95078613E-5
1.66680000E-4,1.49407999E-5
1.66720000E-4,1.56471674E-5
1.66760000E-4,3.47094398E-5
1.66800000E-4,4.03698882E-5
1.66840000E-4,2.21662757E-5
1.66880000E-4,3.05595162E-5
1.66920000E-4,2.58443021E-5
1.66960000E-4,3.48115974E-5
1.67000000E-4,4.17105637E-5
1.67040000E-4,4.58704055E-5
1.67080000E-4,1.52652018E-5
1.67120000E-4,4.58556506E-6
1.67160000E-4,1.63939994E-5
1.67200000E-4,7.46143691E-6
1.67240000E-4,1.45649950E-5
1.67280000E-4,1.61518519E-5
1.67320000E-4,4.76064171E-5
1.67360000E-4,2.24492118E-5
1.67400000E-4,1.23143711E-5
1.67440000E-4,3.39609389E-5
1.67480000E-4,5.90073082E-5
1.67520000E-4,2.12756392E-5
1.67560000E-4,5.24243133E-5
1.67600000E-4,2.33550594E-5
1.67640000E-4,3.74303190E-6
1.67680000E-4,3.70617826E-5
1.67720000E-4,3.01151612E-5
1.67760000E-4,3.29213194E-5
1.67800000E-4,7.21183187E-5
1.67840000E-4,-5.98036504E-6
1.67880000E-4,2.85332824E-5
1.67920000E-4,3.75865610E-5
1.67960000E-4,-4.33036532E-6
1.68000000E-4,2.72004843E-5
1.68040000E-4,2.02214475E-5
1.68080000E-4,2.48840474E-5
1.68120000E-4,-1.53806094E-5
1.68160000E-4,2.23320720E-5
1.68200000E-4,4.47155630E-5
1.68240000E-4,3.16356042E-5
1.68280000E-4,4.95480600E-5
1.68320000E-4,4.37747633E-5
1.68360000E-4,1.51759951E-5
1.68400000E-4,-1.47059897E-5
1.68440000E-4,2.22338149E-5
1.68480000E-4,4.95911279E-5
1.68520000E-4,3.89233645E-5
1.68560000E-4,1.44954992E-6
1.68600000E-4,1.62739112E-6
1.68640000E-4,2.95910408E-5
1.68680000E-4,1.85902542E-5
1.68720000E-4,1.35405770E-5
1.68760000E-4,9.00938394E-6
1.68800000E-4,5.43097848E-5
1.68840000E-4,3.28547720E-5
1.68880000E-4,2.04424234E-5
1.68920000E-4,4.43779528E-5
1.68960000E-4,5.50200799E-6
1.69000000E-4,3.74974115E-5
1.69040000E-4,3.94525965E-5
1.69080000E-4,1.34141866E-5
1.69120000E-4,5.13926284E-5
1.69160000E-4,-2.94224610E-7
1.69200000E-4,6.58879926E-5
1.69240000E-4,1.20272198E-5
1.69280000E-4,3.41208701E-5
1.69320000E-4,-1.32523244E-6
1.69360000E-4,7.70604485E-6
1.69400000E-4,4.38297712E-5
1.69440000E-4,3.45758872E-5
1.69480000E-4,3.29262881E-5
1.69520000E-4,3.47958522E-5
1.69560000E-4,3.32926611E-5
1.69600000E-4,4.21474801E-5
1.69640000E-4,2.13851973E-5
1.69680000E-4,-6.25040748E-6
1.69720000E-4,1.19408550E-5
1.69760000E-4,1.11985816E-5
1.69800000E-4,-3.72400007E-6
1.69840000E-4,1.87744565E-5
1.69880000E-4,3.02779629E-5
1.69920000E-4,1.50493185E-5
1.69960000E-4,4.21981011E-5
1.70000000E-4,4.37263929E-5
1.70040000E-4,6.65418970E-6
1.70080000E-4,-1.17519085E-6
1.70120000E-4,1.58735602E-5
1.70160000E-4,1.54721396E-5
1.70200000E-4,3.00928833E-5
1.70240000E-4,1.06083907E-5
1.70280000E-4,-1.71999531E-5
1.70320000E-4,-1.04695869E-5
1.70360000E-4,5.42805070E-5
1.70400000E-4,-4.22929491E-6
1.70440000E-4,2.39545963E-5
1.70480000E-4,-3.10748773E-6
1.70520000E-4,2.39749668E-5
1.70560000E-4,1.40178052E-5
1.70600000E-4,1.80704731E-5
1.70640000E-4,-4.99692649E-6
1.70680000E-4,1.55604880E-5
1.70720000E-4,9.12030581E-6
1.70760000E-4,4.29600488E-5
1.70800000E-4,5.11808745E-5
1.70840000E-4,7.45810859E-6
1.70880000E-4,2.69035482E-5
1.70920000E-4,3.37779002E-5
1.70960000E-4,3.15952257E-5
1.71000000E-4,2.82652522E-5
1.71040000E-4,5.35633248E-5
1.71080000E-4,4.28006803E-5
1.71120000E-4,3.13729528E-5
1.71160000E-4,1.14290847E-5
1.71200000E-4,5.50359792E-5
1.71240000E-4,2.91723968E-5
1.71280000E-4,1.55615465E-5
1.71320000E-4,2.91409065E-5
1.71360000E-4,5.83497387E-6
1.71400000E-4,2.11021944E-5
1.71440000E-4,-7.32221351E-6
1.71480000E-4,3.27071909E-5
1.71520000E-4,3.65282399E-5
1.71560000E-4,4.51468718E-5
1.71600000E-4,1.22700157E-5
1.71640000E-4,7.94309889E-5
1.71680000E-4,1.50364916E-5
1.71720000E-4,2.27814037E-6
1.71760000E-4,2.23048373E-7
1.71800000E-4,1.73356098E-5
1.71840000E-4,-3.56891355E-6
1.71880000E-4,3.14979604E-5
1.71920000E-4,-3.92986976E-6
1.71960000E-4,1.85088295E-5
1.72000000E-4,4.68944515E-5
1.72040000E-4,2.24155948E-5
1.72080000E-4,5.31109684E-5
1.72120000E-4,5.00756613E-5
1.72160000E-4,4.49748480E-5
1.72200000E-4,2.31185958E-5
1.72240000E-4,-1.20526021E-6
1.72280000E-4,2.80061484E-5
1.72320000E-4,3.18224481E-5
1.72360000E-4,3.25529150E-5
1.72400000E-4,4.64150871E-5
1.72440000E-4,1.78999370E-5
1.72480000E-4,2.93350174E-5
1.72520000E-4,7.37045271E-5
1.72560000E-4,2.38920830E-5
1.72600000E-4,5.27643650E-5
1.72640000E-4,2.56331300E-5
1.72680000E-4,2.31821964E-5
1.72720000E-4,2.22273776E-5
1.72760000E-4,2.53462171E-5
1.72800000E-4,4.89621797E-5
1.72840000E-4,2.67493868E-5
1.72880000E-4,2.00527234E-5
1.72920000E-4,2.08802553E-5
1.72960000E-4,2.59225034E-5
1.73000000E-4,3.11821034E-5
1.73040000E-4,5.11856414E-6
1.73080000E-4,1.51256029E-5
1.73120000E-4,2.57390832E-5
1.73160000E-4,1.70772117E-5
1.73200000E-4,5.42767400E-5
1.73240000E-4,7.73928994E-6
1.73280000E-4,-1.87164956E-5
1.73320000E-4,-1.13387276E-5
1.73360000E-4,3.28912119E-5
1.73400000E-4,5.70698123E-6
1.73440000E-4,2.93355705E-5
1.73480000E-4,1.14433326E-5
1.73520000E-4,2.54145574E-5
1.73560000E-4,3.22993521E-5
1.73600000E-4,5.21466701E-5
1.73640000E-4,4.64788307E-5
1.73680000E-4,4.21771393E-5
1.73720000E-4,2.73531199E-5
1.73760000E-4,2.55828809E-5
1.73800000E-4,1.28012028E-5
1.73840000E-4,2.61574983E-5
1.73880000E-4,-1.97023756E-5
1.73920000E-4,2.70093130E-7
1.73960000E-4,1.19760551E-5
1.74000000E-4,3.21530489E-5
1.74040000E-4,1.69572013E-5
1.74080000E-4,1.16192474E-5
1.74120000E-4,-9.20058010E-6
1.74160000E-4,3.31349711E-5
1.74200000E-4,2.11210390E-5
1.74240000E-4,1.45553819E-5
1.74280000E-4,-8.41424696E-6
1.74320000E-4,4.59431709E-5
1.74360000E-4,-2.29777035E-5
1.74400000E-4,2.54273366E-5
1.74440000E-4,2.09631773E-5
1.74480000E-4,1.78608364E-5
1.74520000E-4,3.70276315E-5
1.74560000E-4,2.49309014E-5
1.74600000E-4,1.24339333E-5
1.74640000E-4,3.56762272E-5
1.74680000E-4,3.31594805E-5
1.74720000E-4,1.04020346E-5
1.74760000E-4,1.24748554E-5
1.74800000E-4,2.19663283E-5
1.74840000E-4,5.62235899E-5
1.74880000E-4,9.98672852E-6
1.74920000E-4,3.87687834E-5
1.74960000E-4,3.42500930E-5
1.75000000E-4,1.61179679E-5
1.75040000E-4,5.11221282E-5
1.75080000E-4,2.39849518E-5
1.75120000E-4,3.23533396E-5
1.75160000E-4,4.19474755E-5
1.75200000E-4,7.90065012E-7
1.75240000E-4,-9.43446874E-6
1.75280000E-4,3.70240933E-5
1.75320000E-4,5.25116699E-5
1.75360000E-4,1.03906192E-5
1.75400000E-4,1.14407958E-5
1.75440000E-4,9.89894279E-6
1.75480000E-4,2.20886370E-5
1.75520000E-4,-1.96911604E-5
1.75560000E-4,7.69682774E-5
1.75600000E-4,3.69049890E-5
1.75640000E-4,6.73766481E-6
1.75680000E-4,3.32674174E-5
1.75720000E-4,3.83298166E-5
1.75760000E-4,3.26384214E-5
1.75800000E-4,2.14925715E-5
1.75840000E-4,7.56602638E-6
1.75880000E-4,3.13785604E-5
1.75920000E-4,-2.49219881E-5
1.75960000E-4,1.82453484E-5
1.76000000E-4,4.26914941E-5
1.76040000E-4,4.18514309E-5
1.76080000E-4,2.24899623E-5
1.76120000E-4,1.60036414E-5
1.76160000E-4,1.91008992E-5
1.76200000E-4,3.25960020E-5
1.76240000E-4,5.87140152E-5
1.76280000E-4,-2.62253748E-5
1.76320000E-4,6.17918356E-6
1.76360000E-4,1.95550279E-6
1.76400000E-4,4.50443804E-5
1.76440000E-4,1.88579888E-5
1.76480000E-4,-3.69377813E-6
1.76520000E-4,1.06996287E-5
1.76560000E-4,2.76203013E-5
1.76600000E-4,8.83096100E-6
1.76640000E-4,1.12082233E-5
1.76680000E-4,2.30815647E-5
1.76720000E-4,1.74888843E-5
1.76760000E-4,1.82237095E-5
1.76800000E-4,1.90592332E-5
1.76840000E-4,1.95050187E-5
1.76880000E-4,3.89039366E-6
1.76920000E-4,1.59581343E-7
1.76960000E-4,2.16992995E-5
1.77000000E-4,4.77997158E-6
1.77040000E-4,1.87387986E-5
1.77080000E-4,2.63823271E-5
1.77120000E-4,5.39446133E-5
1.77160000E-4,1.85163731E-5
1.77200000E-4,8.30117581E-6
1.77240000E-4,1.53152029E-5
1.77280000E-4,4.44009459E-5
1.77320000E-4,-1.45020194E-6
1.77360000E-4,5.32250088E-5
1.77400000E-4,8.24090359E-6
1.77440000E-4,4.40277063E-5
1.77480000E-4,4.09565792E-5
1.77520000E-4,3.47394424E-5
1.77560000E-4,1.83358044E-5
1.77600000E-4,5.52135152E-5
1.77640000E-4,3.92400893E-5
1.77680000E-4,2.92800117E-7
1.77720000E-4,1.86859650E-5
1.77760000E-4,1.42504922E-5
1.77800000E-4,2.83069564E-5
1.77840000E-4,1.61971228E-5
1.77880000E-4,2.47220944E-5
1.77920000E-4,2.11790606E-5
1.77960000E-4,2.76566458E-5
1.78000000E-4,2.10678415E-6
1.78040000E-4,-9.72432853E-6
1.78080000E-4,3.64747101E-5
1.78120000E-4,5.16889159E-5
1.78160000E-4,-2.21990299E-6
1.78200000E-4,4.99453798E-5
1.78240000E-4,2.34602878E-5
1.78280000E-4,2.44957970E-5
1.78320000E-4,2.44040806E-6
1.78360000E-4,5.29273369E-6
1.78400000E-4,4.90018335E-5
1.78440000E-4,1.86612458E-5
1.78480000E-4,4.92951456E-5
1.78520000E-4,3.00247051E-5
1.78560000E-4,2.67216047E-6
1.78600000E-4,2.58199643E-5
1.78640000E-4,5.75895377E-5
1.78680000E-4,1.71796840E-5
1.78720000E-4,1.76902145E-5
1.78760000E-4,4.20931969E-5
1.78800000E-4,1.55927016E-6
1.78840000E-4,3.91856249E-5
1.78880000E-4,4.75573792E-5
1.78920000E-4,1.46684019E-5
1.78960000E-4,3.79536016E-5
1.79000000E-4,2.53227948E-5
1.79040000E-4,6.03470586E-5
1.79080000E-4,1.51762812E-5
1.79120000E-4,5.03266016E-5
1.79160000E-4,6.83688239E-5
1.79200000E-4,3.13617566E-5
1.79240000E-4,7.95013781E-6
1.79280000E-4,2.81073905E-5
1.79320000E-4,2.70476580E-5
1.79360000E-4,2.60107183E-5
1.79400000E-4,1.59685462E-5
1.79440000E-4,1.78100899E-6
1.79480000E-4,-1.92450506E-5
1.79520000E-4,1.97594876E-5
1.79560000E-4,7.52669913E-8
1.79600000E-4,3.06413033E-5
1.79640000E-4,-2.31960011E-6
1.79680000E-4,-2.37292004E-6
1.79720000E-4,6.49373398E-6
1.79760000E-4,2.12196203E-5
1.79800000E-4,-1.03320098E-5
1.79840000E-4,1.68449443E-5
1.79880000E-4,9.60578329E-6
1.79920000E-4,9.67788107E-6
1.79960000E-4,1.40180055E-5
1.80000000E-4,1.61236899E-5
1.80040000E-4,3.01774193E-7
1.80080000E-4,4.81058453E-6
1.80120000E-4,9.38151722E-6
1.80160000E-4,1.10437621E-5
1.80200000E-4,8.01441546E-6
1.80240000E-4,4.25832139E-5
1.80280000E-4,1.81300205E-5
1.80320000E-4,6.66469919E-6
1.80360000E-4,2.56107186E-5
1.80400000E-4,3.60059792E-5
1.80440000E-4,2.47051381E-5
1.80480000E-4,1.32999173E-5
1.80520000E-4,2.69727945E-5
1.80560000E-4,2.09612127E-5
1.80600000E-4,1.94044824E-5
1.80640000E-4,4.46010920E-6
1.80680000E-4,1.02015627E-5
1.80720000E-4,2.13011023E-5
1.80760000E-4,3.02700283E-5
1.80800000E-4,8.03627368E-6
1.80840000E-4,4.82856622E-5
1.80880000E-4,1.23718395E-5
1.80920000E-4,3.21738565E-6
1.80960000E-4,3.27662424E-5
1.81000000E-4,2.23962447E-5
1.81040000E-4,1.98174329E-5
1.81080000E-4,3.06750443E-5
1.81120000E-4,3.19750169E-5
1.81160000E-4,-5.48738215E-6
1.81200000E-4,2.33432243E-5
1.81240000E-4,-1.99608309E-5
1.81280000E-4,2.79573203E-5
1.81320000E-4,1.88723877E-6
1.81360000E-4,2.90284874E-5
1.81400000E-4,2.50595044E-5
1.81440000E-4,2.19307372E-5
1.81480000E-4,-2.36375523E-6
1.81520000E-4,-2.63600066E-6
1.81560000E-4,4.07952938E-5
1.81600000E-4,2.70801211E-5
1.81640000E-4,2.12998244E-5
1.81680000E-4,3.22534803E-5
1.81720000E-4,2.31948707E-5
1.81760000E-4,3.51293903E-5
1.81800000E-4,2.88005115E-5
1.81840000E-4,1.92746777E-5
1.81880000E-4,2.80575992E-5
1.81920000E-4,7.23878255E-6
1.81960000E-4,3.35551028E-5
1.82000000E-4,2.69907618E-5
1.82040000E-4,4.89114251E-5
1.82080000E-4,2.17811724E-5
1.82120000E-4,2.76493979E-5
1.82160000E-4,4.55794665E-6
1.82200000E-4,3.36755614E-5
1.82240000E-4,5.41849870E-5
1.82280000E-4,4.13288078E-5
1.82320000E-4,4.60594333E-5
1.82360000E-4,4.85430097E-6
1.82400000E-4,-2.93238438E-5
1.82440000E-4,2.44594715E-5
1.82480000E-4,2.51432847E-5
1.82520000E-4,2.96239807E-5
1.82560000E-4,1.77602127E-6
1.82600000E-4,5.24543144E-6
1.82640000E-4,4.52560771E-5
1.82680000E-4,5.49538869E-5
1.82720000E-4,4.34929811E-5
1.82760000E-4,1.98715444E-5
1.82800000E-4,2.51782655E-5
1.82840000E-4,2.28279731E-5
1.82880000E-4,5.97484849E-5
1.82920000E-4,6.02689050E-5
1.82960000E-4,3.23146204E-5
1.83000000E-4,2.72185183E-5
1.83040000E-4,3.63920552E-5
1.83080000E-4,3.12003472E-5
1.83120000E-4,-5.47854311E-7
1.83160000E-4,5.17925040E-5
1.83200000E-4,5.86774322E-5
1.83240000E-4,7.20155412E-5
1.83280000E-4,-5.14037018E-7
1.83320000E-4,2.00825052E-6
1.83360000E-4,2.93901398E-5
1.83400000E-4,1.79679230E-6
1.83440000E-4,-4.76749151E-6
1.83480000E-4,4.85162034E-5
1.83520000E-4,3.61930043E-5
1.83560000E-4,2.83775664E-5
1.83600000E-4,1.76521057E-5
1.83640000E-4,3.43046909E-5
1.83680000E-4,1.77050346E-5
1.83720000E-4,2.09901949E-5
1.83760000E-4,3.21235136E-5
1.83800000E-4,1.32345048E-5
1.83840000E-4,1.16071167E-5
1.83880000E-4,6.10624670E-5
1.83920000E-4,2.59467077E-5
1.83960000E-4,2.67645121E-5
1.84000000E-4,1.32627812E-5
1.84040000E-4,2.37174557E-5
1.84080000E-4,8.84473206E-6
1.84120000E-4,3.23644117E-5
1.84160000E-4,1.08390162E-6
1.84200000E-4,-8.90306230E-6
1.84240000E-4,1.61499636E-5
1.84280000E-4,1.14084552E-6
1.84320000E-4,8.78096939E-6
1.84360000E-4,2.36346386E-5
1.84400000E-4,-6.18909576E-6
1.84440000E-4,2.60559606E-5
1.84480000E-4,-7.24671111E-6
1.84520000E-4,4.87307325E-5
1.84560000E-4,-2.58082567E-5
1.84600000E-4,2.96010830E-5
1.84640000E-4,1.90039200E-5
1.84680000E-4,-5.61530002E-7
1.84720000E-4,3.85104506E-6
1.84760000E-4,3.34191851E-5
1.84800000E-4,1.36523953E-5
1.84840000E-4,7.37616331E-5
1.84880000E-4,1.49508230E-5
1.84920000E-4,4.02891025E-5
1.84960000E-4,2.35671947E-5
1.85000000E-4,1.33911076E-5
1.85040000E-4,1.37222901E-5
1.85080000E-4,1.85309071E-5
1.85120000E-4,3.41098838E-5
1.85160000E-4,3.65715558E-5
1.85200000E-4,6.03307508E-5
1.85240000E-4,1.88670106E-5
1.85280000E-4,-1.27277082E-6
1.85320000E-4,8.57878089E-6
1.85360000E-4,3.78597982E-5
1.85400000E-4,3.99846706E-5
1.85440000E-4,3.33746279E-6
1.85480000E-4,2.01298948E-5
1.85520000E-4,1.76946953E-6
1.85560000E-4,-3.22721202E-6
1.85600000E-4,3.05290654E-5
1.85640000E-4,-8.14068547E-6
1.85680000E-4,-1.09794785E-5
1.85720000E-4,5.00995244E-8
1.85760000E-4,1.17636036E-6
1.85800000E-4,1.74469307E-6
1.85840000E-4,6.70227396E-6
1.85880000E-4,1.18579902E-5
1.85920000E-4,1.85804028E-5
1.85960000E-4,3.16174463E-5
1.86000000E-4,-5.16016693E-6
1.86040000E-4,-1.54119662E-5
1.86080000E-4,2.18296000E-5
1.86120000E-4,4.03518257E-5
1.86160000E-4,7.72571915E-6
1.86200000E-4,5.13808982E-5
1.86240000E-4,8.74534012E-6
1.86280000E-4,1.67057365E-5
1.86320000E-4,1.13848041E-6
1.86360000E-4,-1.96737844E-5
1.86400000E-4,3.05575612E-5
1.86440000E-4,1.14865245E-5
1.86480000E-4,-1.26044934E-6
1.86520000E-4,5.01229620E-6
1.86560000E-4,1.29308548E-5
1.86600000E-4,3.17313054E-5
1.86640000E-4,2.86551143E-5
1.86680000E-4,5.20868747E-5
1.86720000E-4,6.79500925E-6
1.86760000E-4,2.02156682E-5
1.86800000E-4,2.30780075E-5
1.86840000E-4,-2.34893513E-6
1.86880000E-4,2.23321196E-5
1.86920000E-4,1.56595080E-5
1.86960000E-4,4.32496415E-5
1.87000000E-4,3.76656873E-5
1.87040000E-4,2.62886762E-5
1.87080000E-4,4.56361735E-5
1.87120000E-4,1.65306895E-5
1.87160000E-4,2.70463991E-5
1.87200000E-4,2.53048181E-5
1.87240000E-4,-7.38152252E-6
1.87280000E-4,5.03686968E-5
1.87320000E-4,3.48561054E-5
1.87360000E-4,1.01237143E-5
1.87400000E-4,-4.17751992E-6
1.87440000E-4,6.60572412E-5
1.87480000E-4,3.45601421E-5
1.87520000E-4,2.07781740E-5
1.87560000E-4,9.23388843E-6
1.87600000E-4,2.95261623E-5
1.87640000E-4,1.72243541E-5
1.87680000E-4,2.00579004E-6
1.87720000E-4,4.03122577E-5
1.87760000E-4,1.02173937E-5
1.87800000E-4,4.35035383E-5
1.87840000E-4,2.49230431E-5
1.87880000E-4,4.33128702E-5
1.87920000E-4,1.63496329E-6
1.87960000E-4,5.95842702E-6
1.88000000E-4,1.96061654E-5
1.88040000E-4,1.97121568E-5
1.88080000E-4,2.00037332E-5
1.88120000E-4,1.75872177E-5
1.88160000E-4,3.17517618E-5
1.88200000E-4,3.48800998E-5
1.88240000E-4,1.45993559E-5
1.88280000E-4,2.75748572E-6
1.88320000E-4,7.12464791E-5
1.88360000E-4,4.62487567E-5
1.88400000E-4,4.15315003E-6
1.88440000E-4,5.42660207E-5
1.88480000E-4,3.24109987E-5
1.88520000E-4,3.91139086E-5
1.88560000E-4,3.54414898E-5
1.88600000E-4,5.49447793E-5
1.88640000E-4,4.23100625E-5
1.88680000E-4,5.15347831E-5
1.88720000E-4,-7.95175304E-6
1.88760000E-4,1.25925961E-5
1.88800000E-4,3.64683777E-5
1.88840000E-4,3.03258564E-5
1.88880000E-4,2.59166002E-5
1.88920000E-4,9.69948180E-6
1.88960000E-4,1.55389635E-5
1.89000000E-4,2.51475667E-5
1.89040000E-4,5.23925750E-5
1.89080000E-4,3.85735663E-5
1.89120000E-4,2.68500647E-6
1.89160000E-4,4.38128149E-5
1.89200000E-4,1.39439908E-5
1.89240000E-4,7.14897710E-5
1.89280000E-4,6.05335496E-5
1.89320000E-4,3.43842368E-5
1.89360000E-4,1.46186105E-5
1.89400000E-4,2.40125607E-5
1.89440000E-4,3.42624908E-5
1.89480000E-4,2.43458985E-5
1.89520000E-4,3.45953231E-5
1.89560000E-4,5.01842276E-5
1.89600000E-4,1.96251435E-5
1.89640000E-4,8.36404123E-5
1.89680000E-4,4.03700218E-5
1.89720000E-4,4.08170089E-5
1.89760000E-4,3.14544442E-5
1.89800000E-4,3.89555415E-5
1.89840000E-4,-4.47658267E-6
1.89880000E-4,4.33520662E-5
1.89920000E-4,3.45407810E-6
1.89960000E-4,9.40986042E-6
1.90000000E-4,3.90367835E-6
1.90040000E-4,5.59160204E-5
1.90080000E-4,1.04309882E-5
1.90120000E-4,5.96466897E-5
1.90160000E-4,6.86931002E-6
1.90200000E-4,3.60051495E-5
1.90240000E-4,5.50972909E-5
1.90280000E-4,1.86433358E-5
1.90320000E-4,2.55970430E-5
1.90360000E-4,-1.38537268E-7
1.90400000E-4,4.83167981E-6
1.90440000E-4,1.44979421E-5
1.90480000E-4,1.55241720E-5
1.90520000E-4,4.02026233E-5
1.90560000E-4,4.62111820E-5
1.90600000E-4,2.35766838E-5
1.90640000E-4,2.63013506E-5
1.90680000E-4,2.08145758E-5
1.90720000E-4,3.49958568E-5
1.90760000E-4,1.62737029E-5
1.90800000E-4,3.52068764E-5
1.90840000E-4,5.10261790E-5
1.90880000E-4,5.65958949E-5
1.90920000E-4,3.01979973E-5
1.90960000E-4,3.66654259E-5
1.91000000E-4,3.08361867E-5
1.91040000E-4,3.14632180E-5
1.91080000E-4,5.19193618E-5
1.91120000E-4,-1.29955725E-8
1.91160000E-4,7.17104306E-6
1.91200000E-4,5.36027401E-5
1.91240000E-4,4.72813763E-5
1.91280000E-4,3.69357640E-5
1.91320000E-4,1.36652986E-5
1.91360000E-4,3.23969416E-5
1.91400000E-4,2.88845382E-6
1.91440000E-4,2.14743945E-5
1.91480000E-4,5.11332003E-5
1.91520000E-4,9.10272959E-6
1.91560000E-4,2.69780970E-5
1.91600000E-4,1.50542108E-5
1.91640000E-4,2.50715112E-5
1.91680000E-4,1.97742315E-5
1.91720000E-4,-2.00104426E-6
1.91760000E-4,4.29467260E-5
1.91800000E-4,4.41200983E-5
1.91840000E-4,1.89912648E-5
1.91880000E-4,3.96857890E-5
1.91920000E-4,-1.34769132E-5
1.91960000E-4,2.15427252E-5
1.92000000E-4,1.74085563E-5
1.92040000E-4,1.03673209E-5
1.92080000E-4,3.39509158E-5
1.92120000E-4,6.93830757E-5
1.92160000E-4,2.13394305E-5
1.92200000E-4,4.76995434E-5
1.92240000E-4,4.14507240E-6
1.92280000E-4,4.98559633E-5
1.92320000E-4,4.61670554E-5
1.92360000E-4,1.36305562E-5
1.92400000E-4,1.01831664E-5
1.92440000E-4,1.33126298E-5
1.92480000E-4,5.63385840E-5
1.92520000E-4,2.63081121E-5
1.92560000E-4,3.27729468E-5
1.92600000E-4,-1.12667729E-5
1.92640000E-4,3.51360851E-5
1.92680000E-4,2.06431528E-5
1.92720000E-4,2.61301183E-5
1.92760000E-4,2.98577263E-5
1.92800000E-4,4.34148179E-5
1.92840000E-4,7.61528763E-5
1.92880000E-4,6.22724413E-5
1.92920000E-4,3.20201925E-5
1.92960000E-4,4.08418522E-5
1.93000000E-4,6.80175173E-6
1.93040000E-4,3.27114252E-5
1.93080000E-4,2.08515116E-5
1.93120000E-4,-1.92472170E-6
1.93160000E-4,3.21550325E-5
1.93200000E-4,2.15009638E-5
1.93240000E-4,-4.29088320E-6
1.93280000E-4,4.90690389E-5
1.93320000E-4,2.73115683E-5
1.93360000E-4,1.14063014E-5
1.93400000E-4,2.24373195E-5
1.93440000E-4,2.04400678E-5
1.93480000E-4,2.14582678E-5
1.93520000E-4,3.52730804E-5
1.93560000E-4,5.13737170E-5
1.93600000E-4,-1.40042967E-6
1.93640000E-4,1.24086895E-5
1.93680000E-4,4.69228123E-6
1.93720000E-4,3.49242550E-5
1.93760000E-4,2.76713690E-6
1.93800000E-4,-8.87605424E-6
1.93840000E-4,8.47040533E-6
1.93880000E-4,4.90200200E-5
1.93920000E-4,3.13957551E-5
1.93960000E-4,5.27154415E-5
1.94000000E-4,3.74340398E-5
1.94040000E-4,3.21382097E-5
1.94080000E-4,3.90302332E-5
1.94120000E-4,1.35733739E-5
1.94160000E-4,2.30612323E-5
1.94200000E-4,1.98032613E-5
1.94240000E-4,4.69891418E-5
1.94280000E-4,2.35569427E-5
1.94320000E-4,3.65833527E-5
1.94360000E-4,4.18826352E-5
1.94400000E-4,5.12326575E-6
1.94440000E-4,3.27741865E-5
1.94480000E-4,3.03900673E-5
1.94520000E-4,1.84435791E-5
1.94560000E-4,4.91032377E-5
1.94600000E-4,3.32246642E-5
1.94640000E-4,1.30052891E-5
1.94680000E-4,1.01110781E-5
1.94720000E-4,1.91306634E-5
1.94760000E-4,3.89207705E-5
1.94800000E-4,4.55924762E-5
1.94840000E-4,7.01197510E-5
1.94880000E-4,2.41409252E-5
1.94920000E-4,1.54808562E-5
1.94960000E-4,2.78346682E-5
1.95000000E-4,-1.96007521E-5
1.95040000E-4,4.79229703E-5
1.95080000E-4,3.77693613E-5
1.95120000E-4,3.78618295E-5
1.95160000E-4,4.12611446E-5
1.95200000E-4,2.80765677E-5
1.95240000E-4,6.79200819E-5
1.95280000E-4,6.47368885E-5
1.95320000E-4,3.88220747E-5
1.95360000E-4,3.40312152E-5
1.95400000E-4,3.21580461E-5
1.95440000E-4,1.97877450E-5
1.95480000E-4,2.96628048E-5
1.95520000E-4,7.11516728E-6
1.95560000E-4,2.94003536E-5
1.95600000E-4,2.11064573E-5
1.95640000E-4,6.24362334E-6
1.95680000E-4,3.31162600E-5
1.95720000E-4,2.20470187E-5
1.95760000E-4,3.33832602E-5
1.95800000E-4,3.29634035E-6
1.95840000E-4,1.15580596E-5
1.95880000E-4,3.78172929E-5
1.95920000E-4,3.03374245E-5
1.95960000E-4,3.41665034E-5
1.96000000E-4,4.87754407E-5
1.96040000E-4,3.70494420E-5
1.96080000E-4,3.15181211E-5
1.96120000E-4,3.98020896E-5
1.96160000E-4,3.96810302E-5
1.96200000E-4,2.55997323E-5
1.96240000E-4,4.86283841E-5
1.96280000E-4,2.74952651E-5
1.96320000E-4,5.12329070E-5
1.96360000E-4,5.68054457E-5
1.96400000E-4,3.69446126E-6
1.96440000E-4,1.20001354E-5
1.96480000E-4,3.51652962E-5
1.96520000E-4,1.16805305E-5
1.96560000E-4,5.56444616E-5
1.96600000E-4,2.35462425E-5
1.96640000E-4,5.70015021E-5
1.96680000E-4,3.19605402E-5
1.96720000E-4,2.49614953E-5
1.96760000E-4,4.89876428E-5
1.96800000E-4,3.37401156E-5
1.96840000E-4,1.89545483E-5
1.96880000E-4,5.43920678E-5
1.96920000E-4,3.98539313E-5
1.96960000E-4,3.37684954E-6
1.97000000E-4,5.70700045E-5
1.97040000E-4,4.02728709E-5
1.97080000E-4,4.00324878E-5
1.97120000E-4,2.39172600E-5
1.97160000E-4,3.22240881E-5
1.97200000E-4,4.80013051E-5
1.97240000E-4,6.51811100E-5
1.97280000E-4,1.83416981E-5
1.97320000E-4,2.14661261E-5
1.97360000E-4,3.64785248E-5
1.97400000E-4,2.04173227E-5
1.97440000E-4,4.75134911E-5
1.97480000E-4,5.59625311E-5
1.97520000E-4,3.17749074E-5
1.97560000E-4,3.74536855E-5
1.97600000E-4,3.40843730E-5
1.97640000E-4,4.67406811E-5
1.97680000E-4,2.55184793E-5
1.97720000E-4,3.37689547E-5
1.97760000E-4,1.94964643E-5
1.97800000E-4,3.39496283E-5
1.97840000E-4,2.71250105E-5
1.97880000E-4,3.28254370E-5
1.97920000E-4,5.31308525E-5
1.97960000E-4,4.37931215E-5
1.98000000E-4,2.01871232E-6
1.98040000E-4,1.04817141E-5
1.98080000E-4,8.62294555E-6
1.98120000E-4,1.36649648E-5
1.98160000E-4,1.82893318E-5
1.98200000E-4,3.91439780E-5
1.98240000E-4,1.34683743E-5
1.98280000E-4,4.56697906E-5
1.98320000E-4,4.62544773E-6
1.98360000E-4,1.87017769E-5
1.98400000E-4,2.16116282E-5
1.98440000E-4,2.35219620E-5
1.98480000E-4,2.11327120E-5
1.98520000E-4,5.72670337E-5
1.98560000E-4,8.69835258E-6
1.98600000E-4,2.70100069E-5
1.98640000E-4,7.12563862E-6
1.98680000E-4,4.55007804E-5
1.98720000E-4,3.28393416E-5
1.98760000E-4,5.72629519E-5
1.98800000E-4,3.51625686E-5
1.98840000E-4,4.21444092E-5
1.98880000E-4,1.42975847E-5
1.98920000E-4,2.40927647E-5
1.98960000E-4,2.23906753E-5
1.99000000E-4,5.48508329E-5
1.99040000E-4,4.14918289E-5
1.99080000E-4,3.20674661E-5
1.99120000E-4,1.19871273E-5
1.99160000E-4,3.04729226E-5
1.99200000E-4,5.06677214E-5
1.99240000E-4,3.44783454E-5
1.99280000E-4,2.99656250E-5
1.99320000E-4,-4.47281566E-6
1.99360000E-4,2.97308685E-5
1.99400000E-4,1.92283578E-5
1.99440000E-4,3.84607752E-5
1.99480000E-4,-1.10041405E-5
1.99520000E-4,4.24674855E-5
1.99560000E-4,1.87435383E-5
1.99600000E-4,3.44907146E-5
1.99640000E-4,4.65563453E-5
1.99680000E-4,-4.38926425E-6
1.99720000E-4,5.59441824E-5
1.99760000E-4,4.08424530E-5
1.99800000E-4,7.68470940E-5
1.99840000E-4,3.50086075E-5
1.99880000E-4,5.55354185E-5
1.99920000E-4,2.78463984E-5
1.99960000E-4,3.00514176E-5
2.00000000E-4,3.96888598E-5
2.00040000E-4,3.38317256E-5
2.00080000E-4,3.46898990E-5
2.00120000E-4,3.78262003E-5
2.00160000E-4,3.31017165E-5
2.00200000E-4,4.21167908E-5
2.00240000E-4,4.78635373E-5
2.00280000E-4,5.25356834E-5
2.00320000E-4,6.61842515E-5
2.00360000E-4,3.65810067E-5
2.00400000E-4,3.02924206E-5
2.00440000E-4,3.72305066E-5
2.00480000E-4,5.01361719E-5
2.00520000E-4,2.41236828E-5
2.00560000E-4,4.24055062E-5
2.00600000E-4,2.33392189E-5
2.00640000E-4,7.01059418E-5
2.00680000E-4,3.29136996E-5
2.00720000E-4,3.99411925E-5
2.00760000E-4,2.90323021E-5
2.00800000E-4,3.47478252E-5
2.00840000E-4,5.09403960E-5
2.00880000E-4,2.96164562E-5
2.00920000E-4,2.55325555E-5
2.00960000E-4,9.50002080E-6
2.01000000E-4,2.58488607E-5
2.01040000E-4,2.01881261E-5
2.01080000E-4,3.04089215E-5
2.01120000E-4,4.68550743E-5
2.01160000E-4,4.91768709E-5
2.01200000E-4,3.72310216E-5
2.01240000E-4,4.29317723E-5
2.01280000E-4,4.26546632E-5
2.01320000E-4,-2.49850942E-6
2.01360000E-4,-9.20823810E-6
2.01400000E-4,3.11547807E-5
2.01440000E-4,3.89475497E-5
2.01480000E-4,1.88620991E-5
2.01520000E-4,3.62291771E-5
2.01560000E-4,8.60009551E-6
2.01600000E-4,2.93841793E-5
2.01640000E-4,9.83772643E-6
2.01680000E-4,1.43798772E-5
2.01720000E-4,3.70194776E-5
2.01760000E-4,2.43955372E-5
2.01800000E-4,3.60297257E-5
2.01840000E-4,1.13901271E-5
2.01880000E-4,4.15959686E-6
2.01920000E-4,3.92661818E-5
2.01960000E-4,2.31574390E-5
2.02000000E-4,4.25521146E-5
2.02040000E-4,3.32221369E-5
2.02080000E-4,7.22342855E-5
2.02120000E-4,5.04309241E-5
2.02160000E-4,1.11599292E-5
2.02200000E-4,3.28378920E-5
2.02240000E-4,-8.98396403E-7
2.02280000E-4,3.33742465E-6
2.02320000E-4,1.74333995E-5
2.02360000E-4,2.78387023E-5
2.02400000E-4,-8.69662194E-7
2.02440000E-4,1.09305610E-5
2.02480000E-4,2.01361509E-5
2.02520000E-4,2.55648851E-5
2.02560000E-4,3.15528348E-5
2.02600000E-4,2.90103961E-5
2.02640000E-4,5.40485162E-5
2.02680000E-4,4.10118828E-5
2.02720000E-4,3.25287203E-5
2.02760000E-4,2.03769346E-5
2.02800000E-4,3.26978544E-5
2.02840000E-4,1.89883942E-5
2.02880000E-4,3.53854137E-5
2.02920000E-4,4.78947796E-5
2.02960000E-4,4.37489282E-5
2.03000000E-4,3.47447258E-5
2.03040000E-4,3.58032376E-5
2.03080000E-4,8.68649841E-6
2.03120000E-4,3.91318758E-5
2.03160000E-4,2.42743347E-5
2.03200000E-4,4.29688989E-5
2.03240000E-4,1.34184113E-5
2.03280000E-4,4.06821498E-5
2.03320000E-4,3.85927256E-5
2.03360000E-4,-3.93063270E-6
2.03400000E-4,2.08489366E-5
2.03440000E-4,7.18863683E-7
2.03480000E-4,3.61657578E-5
2.03520000E-4,1.12248267E-5
2.03560000E-4,1.56023829E-5
2.03600000E-4,4.97839609E-5
2.03640000E-4,4.12799034E-5
2.03680000E-4,2.57041406E-5
2.03720000E-4,1.03074015E-5
2.03760000E-4,3.08956673E-5
2.03800000E-4,4.69576992E-5
2.03840000E-4,2.46391057E-5
2.03880000E-4,-3.13392359E-6
2.03920000E-4,3.14945558E-5
2.03960000E-4,2.07063814E-5
2.04000000E-4,1.40326921E-5
2.04040000E-4,4.08247051E-5
2.04080000E-4,1.85659737E-5
2.04120000E-4,2.93877556E-5
2.04160000E-4,2.78257323E-5
2.04200000E-4,7.06784897E-5
2.04240000E-4,2.30510852E-5
2.04280000E-4,2.46625756E-5
2.04320000E-4,2.84148837E-5
2.04360000E-4,1.32734433E-5
2.04400000E-4,2.08948656E-5
2.04440000E-4,4.44794031E-6
2.04480000E-4,3.69382722E-5
2.04520000E-4,3.69563539E-5
2.04560000E-4,4.22831689E-5
2.04600000E-4,1.41620580E-5
2.04640000E-4,3.01080849E-5
2.04680000E-4,7.50030597E-5
2.04720000E-4,9.63654898E-5
2.04760000E-4,2.79362632E-5
2.04800000E-4,1.01667250E-5
2.04840000E-4,1.49202482E-5
2.04880000E-4,4.95196596E-5
2.04920000E-4,2.39187191E-5
2.04960000E-4,1.89931054E-5
2.05000000E-4,5.74007484E-5
2.05040000E-4,7.82250757E-6
2.05080000E-4,1.55994360E-5
2.05120000E-4,4.26158772E-5
2.05160000E-4,3.64144093E-5
2.05200000E-4,4.74307312E-5
2.05240000E-4,6.37421394E-5
2.05280000E-4,1.23617115E-5
2.05320000E-4,4.03556213E-5
2.05360000E-4,1.64422934E-5
2.05400000E-4,4.78942360E-5
2.05440000E-4,3.32240633E-5
2.05480000E-4,1.04863395E-5
2.05520000E-4,2.88926364E-5
2.05560000E-4,4.29298730E-6
2.05600000E-4,5.38190049E-5
2.05640000E-4,3.88683756E-5
2.05680000E-4,5.53413553E-5
2.05720000E-4,9.01802423E-6
2.05760000E-4,1.40949384E-5
2.05800000E-4,1.85886521E-5
2.05840000E-4,2.19646212E-5
2.05880000E-4,2.47048329E-5
2.05920000E-4,5.91354439E-5
2.05960000E-4,1.84277004E-5
2.06000000E-4,2.25633189E-5
2.06040000E-4,4.19559441E-5
2.06080000E-4,2.87255622E-5
2.06120000E-4,1.42739812E-5
2.06160000E-4,5.78230354E-5
2.06200000E-4,4.02675208E-5
2.06240000E-4,6.75567019E-6
2.06280000E-4,7.54111640E-6
2.06320000E-4,3.33907275E-5
2.06360000E-4,2.45628975E-5
2.06400000E-4,5.85840866E-5
2.06440000E-4,3.39966445E-5
2.06480000E-4,2.21256682E-5
2.06520000E-4,1.20535889E-5
2.06560000E-4,8.82379891E-6
2.06600000E-4,4.81194081E-5
2.06640000E-4,2.49978684E-5
2.06680000E-4,4.46101248E-5
2.06720000E-4,5.75497218E-5
2.06760000E-4,3.79708822E-5
2.06800000E-4,8.09894916E-6
2.06840000E-4,2.38101910E-5
2.06880000E-4,5.58732218E-7
2.06920000E-4,1.38640252E-5
2.06960000E-4,4.66922344E-5
2.07000000E-4,-2.29711708E-5
2.07040000E-4,3.14749673E-5
2.07080000E-4,2.08611818E-5
2.07120000E-4,8.90792252E-6
2.07160000E-4,6.13211798E-5
2.07200000E-4,2.95133354E-5
2.07240000E-4,1.61504500E-5
2.07280000E-4,4.04540977E-5
2.07320000E-4,3.70587308E-5
2.07360000E-4,2.09730383E-5
2.07400000E-4,3.76928575E-5
2.07440000E-4,3.10336831E-5
2.07480000E-4,6.54839589E-5
2.07520000E-4,4.24395715E-5
2.07560000E-4,1.79496998E-5
2.07600000E-4,5.35364502E-5
2.07640000E-4,3.73706777E-5
2.07680000E-4,3.91786440E-5
2.07720000E-4,4.23320351E-5
2.07760000E-4,-2.58995711E-5
2.07800000E-4,-5.51039584E-7
2.07840000E-4,3.08478787E-5
2.07880000E-4,2.65034437E-5
2.07920000E-4,5.83159038E-5
2.07960000E-4,4.64337886E-5
2.08000000E-4,1.12884464E-5
2.08040000E-4,3.52656704E-5
2.08080000E-4,3.23608545E-5
2.08120000E-4,3.14608148E-5
2.08160000E-4,3.85519465E-5
2.08200000E-4,3.44394832E-5
2.08240000E-4,3.58983380E-5
2.08280000E-4,3.40355243E-6
2.08320000E-4,1.38332215E-5
2.08360000E-4,1.68772166E-5
2.08400000E-4,4.53030074E-5
2.08440000E-4,4.62766803E-5
2.08480000E-4,6.38922081E-6
2.08520000E-4,2.10404249E-5
2.08560000E-4,4.92868200E-5
2.08600000E-4,5.83530208E-5
2.08640000E-4,6.50412903E-6
2.08680000E-4,4.62740196E-5
2.08720000E-4,1.17688980E-5
2.08760000E-4,2.73263026E-5
2.08800000E-4,1.97006841E-5
2.08840000E-4,1.17545261E-5
2.08880000E-4,1.25236931E-5
2.08920000E-4,1.30468979E-5
2.08960000E-4,4.34368383E-5
2.09000000E-4,2.76910353E-5
2.09040000E-4,1.04166545E-5
2.09080000E-4,1.32658044E-5
2.09120000E-4,3.44170909E-5
2.09160000E-4,3.03969624E-5
2.09200000E-4,2.23004863E-5
2.09240000E-4,6.58306767E-5
2.09280000E-4,4.55542815E-5
2.09320000E-4,3.54589325E-5
2.09360000E-4,-1.08099914E-5
2.09400000E-4,5.07187144E-5
2.09440000E-4,1.47848074E-5
2.09480000E-4,1.86448807E-5
2.09520000E-4,1.16443481E-5
2.09560000E-4,1.09579696E-5
2.09600000E-4,1.27519646E-5
2.09640000E-4,-1.10787560E-5
2.09680000E-4,1.47390501E-5
2.09720000E-4,2.32582519E-5
2.09760000E-4,-6.71070567E-8
2.09800000E-4,1.62251227E-5
2.09840000E-4,-3.00332742E-6
2.09880000E-4,3.45403819E-5
2.09920000E-4,2.90168430E-5
2.09960000E-4,1.01030482E-5
2.10000000E-4,-3.04513650E-6
2.10040000E-4,4.17337857E-5
2.10080000E-4,2.34442074E-6
2.10120000E-4,1.07942809E-5
2.10160000E-4,5.87534290E-6
2.10200000E-4,3.29882578E-5
2.10240000E-4,1.56886809E-5
2.10280000E-4,-2.06192572E-5
2.10320000E-4,2.92460968E-5
2.10360000E-4,3.71152837E-5
2.10400000E-4,4.71657719E-5
2.10440000E-4,1.61005633E-5
2.10480000E-4,-1.27468660E-5
2.10520000E-4,2.95276501E-5
2.10560000E-4,6.02031396E-5
2.10600000E-4,1.69798702E-5
2.10640000E-4,6.48514820E-5
2.10680000E-4,2.58546399E-5
2.10720000E-4,-2.19174655E-5
2.10760000E-4,3.78312452E-5
2.10800000E-4,1.82296112E-6
2.10840000E-4,7.59000175E-6
2.10880000E-4,1.66660922E-5
2.10920000E-4,6.18364882E-5
2.10960000E-4,3.38819270E-5
2.11000000E-4,4.82937112E-5
2.11040000E-4,1.89368481E-5
2.11080000E-4,4.38813650E-5
2.11120000E-4,1.61666815E-5
2.11160000E-4,1.40463964E-5
2.11200000E-4,7.99859400E-6
2.11240000E-4,4.06844959E-5
2.11280000E-4,3.04417088E-5
2.11320000E-4,8.20423481E-6
2.11360000E-4,3.98251208E-5
2.11400000E-4,1.83493942E-5
2.11440000E-4,4.61548484E-5
2.11480000E-4,2.04533239E-5
2.11520000E-4,4.03729766E-6
2.11560000E-4,1.39688150E-5
2.11600000E-4,5.03618590E-5
2.11640000E-4,4.43245661E-5
2.11680000E-4,5.96556542E-5
2.11720000E-4,4.17741070E-5
2.11760000E-4,9.36787014E-6
2.11800000E-4,1.96416230E-5
2.11840000E-4,7.24865308E-6
2.11880000E-4,2.04058500E-5
2.11920000E-4,2.12538573E-5
2.11960000E-4,3.60867936E-5
2.12000000E-4,1.48343397E-6
2.12040000E-4,3.32933859E-5
2.12080000E-4,2.93948414E-5
2.12120000E-4,1.78902954E-5
2.12160000E-4,1.93947358E-5
2.12200000E-4,-4.51898304E-6
2.12240000E-4,4.69903912E-5
2.12280000E-4,1.01381243E-5
2.12320000E-4,-6.57131891E-6
2.12360000E-4,1.38060418E-5
2.12400000E-4,2.57504224E-5
2.12440000E-4,2.31561039E-5
2.12480000E-4,2.19699046E-5
2.12520000E-4,2.03404470E-5
2.12560000E-4,5.01053991E-7
2.12600000E-4,1.16893043E-5
2.12640000E-4,-1.13725163E-5
2.12680000E-4,5.68221160E-5
2.12720000E-4,3.62865120E-5
2.12760000E-4,2.81284667E-5
2.12800000E-4,4.99102926E-6
2.12840000E-4,9.83773597E-6
2.12880000E-4,3.16866926E-5
2.12920000E-4,2.52413320E-5
2.12960000E-4,1.77849716E-5
2.13000000E-4,9.05180338E-6
2.13040000E-4,3.48991066E-5
2.13080000E-4,3.30217684E-6
2.13120000E-4,3.61248452E-5
2.13160000E-4,9.95432266E-6
2.13200000E-4,-7.93488254E-6
2.13240000E-4,6.10179399E-5
2.13280000E-4,1.95050759E-5
2.13320000E-4,3.02428200E-5
2.13360000E-4,3.54044300E-5
2.13400000E-4,2.41966294E-5
2.13440000E-4,4.47996199E-5
2.13480000E-4,4.61137927E-5
2.13520000E-4,2.02675005E-5
2.13560000E-4,7.85444612E-6
2.13600000E-4,2.65796995E-5
2.13640000E-4,8.92051103E-6
2.13680000E-4,3.52620846E-5
2.13720000E-4,1.91424603E-5
2.13760000E-4,8.30909131E-6
2.13800000E-4,3.38573890E-5
2.13840000E-4,1.64801829E-5
2.13880000E-4,-2.37347470E-7
2.13920000E-4,-1.07874561E-5
2.13960000E-4,2.58066415E-5
2.14000000E-4,1.61874335E-5
2.14040000E-4,8.24036000E-6
2.14080000E-4,3.92679541E-6
2.14120000E-4,2.98285820E-5
2.14160000E-4,2.42884682E-5
2.14200000E-4,2.67978811E-5
2.14240000E-4,6.06598924E-5
2.14280000E-4,2.92537643E-5
2.14320000E-4,-9.52131033E-6
2.14360000E-4,1.88231415E-5
2.14400000E-4,1.20212593E-5
2.14440000E-4,2.68612337E-5
2.14480000E-4,3.19770769E-5
2.14520000E-4,3.74996908E-5
2.14560000E-4,1.46144334E-5
2.14600000E-4,3.08159497E-5
2.14640000E-4,5.93829224E-5
2.14680000E-4,5.90475422E-6
2.14720000E-4,1.46661894E-5
2.14760000E-4,1.31028500E-5
2.14800000E-4,2.05055090E-5
2.14840000E-4,1.36397782E-5
2.14880000E-4,1.03701915E-5
2.14920000E-4,-2.36676884E-6
2.14960000E-4,2.83875323E-5
2.15000000E-4,2.93240978E-5
2.15040000E-4,4.02610549E-5
2.15080000E-4,1.28780117E-5
2.15120000E-4,1.33117032E-6
2.15160000E-4,2.64176035E-5
2.15200000E-4,-9.48346853E-6
2.15240000E-4,2.62815427E-5
2.15280000E-4,4.38309252E-5
2.15320000E-4,5.57124014E-5
2.15360000E-4,2.58053159E-5
2.15400000E-4,1.96417375E-5
2.15440000E-4,-1.11041046E-5
2.15480000E-4,2.23910663E-5
2.15520000E-4,5.91780049E-6
2.15560000E-4,3.59676510E-5
2.15600000E-4,2.14606901E-5
2.15640000E-4,4.65473331E-5
2.15680000E-4,4.10982571E-5
2.15720000E-4,4.77301659E-5
2.15760000E-4,1.52138559E-5
2.15800000E-4,3.74116380E-5
2.15840000E-4,-8.91809221E-6
2.15880000E-4,2.40189121E-5
2.15920000E-4,2.45051144E-5
2.15960000E-4,-9.84976532E-6
2.16000000E-4,1.55803244E-5
2.16040000E-4,5.51749567E-6
2.16080000E-4,6.28156543E-5
2.16120000E-4,1.95531220E-5
2.16160000E-4,9.34395199E-6
2.16200000E-4,-5.01912803E-6
2.16240000E-4,3.87036665E-5
2.16280000E-4,1.19538631E-5
2.16320000E-4,1.38761464E-5
2.16360000E-4,-3.73589392E-7
2.16400000E-4,1.64159133E-6
2.16440000E-4,3.94615706E-5
2.16480000E-4,2.69590235E-5
2.16520000E-4,-2.51521780E-6
2.16560000E-4,-1.03627277E-5
2.16600000E-4,2.56523847E-5
2.16640000E-4,-1.20160462E-5
2.16680000E-4,1.08045615E-5
2.16720000E-4,-8.90868898E-6
2.16760000E-4,2.13840529E-5
2.16800000E-4,3.62456471E-5
2.16840000E-4,3.31284480E-5
2.16880000E-4,3.53396183E-5
2.16920000E-4,2.06776933E-6
2.16960000E-4,2.21316954E-5
2.17000000E-4,1.35445062E-5
2.17040000E-4,2.26717612E-5
2.17080000E-4,7.30028501E-6
2.17120000E-4,5.49310274E-5
2.17160000E-4,3.08210709E-5
2.17200000E-4,1.16719665E-5
2.17240000E-4,2.48357533E-5
2.17280000E-4,1.03134383E-5
2.17320000E-4,4.89311551E-6
2.17360000E-4,4.15501461E-5
2.17400000E-4,2.32111404E-5
2.17440000E-4,3.70568330E-5
2.17480000E-4,3.09280446E-5
2.17520000E-4,-2.77478088E-7
2.17560000E-4,2.64894628E-5
2.17600000E-4,4.41252085E-6
2.17640000E-4,2.58998346E-5
2.17680000E-4,2.05725031E-6
2.17720000E-4,2.30909774E-5
2.17760000E-4,3.07325032E-5
2.17800000E-4,2.79019118E-5
2.17840000E-4,4.95597044E-5
2.17880000E-4,4.58870948E-5
2.17920000E-4,8.35027097E-6
2.17960000E-4,2.95780613E-5
2.18000000E-4,8.52375387E-6
2.18040000E-4,8.95449044E-6
2.18080000E-4,2.08902594E-5
2.18120000E-4,-8.42811339E-6
2.18160000E-4,1.32093945E-5
2.18200000E-4,-5.07914428E-7
2.18240000E-4,3.50758987E-5
2.18280000E-4,1.68460204E-6
2.18320000E-4,2.94855263E-5
2.18360000E-4,4.98049703E-5
2.18400000E-4,3.63214451E-5
2.18440000E-4,3.36941676E-5
2.18480000E-4,3.66867120E-5
2.18520000E-4,3.62258870E-5
2.18560000E-4,-1.70735069E-6
2.18600000E-4,4.95540300E-5
2.18640000E-4,6.40224800E-6
2.18680000E-4,3.75407545E-6
2.18720000E-4,3.46022563E-5
2.18760000E-4,7.56908767E-6
2.18800000E-4,1.84395149E-6
2.18840000E-4,5.15583373E-6
2.18880000E-4,7.40530364E-6
2.18920000E-4,1.48626844E-5
2.18960000E-4,2.17457816E-5
2.19000000E-4,6.70285570E-6
2.19040000E-4,2.77541480E-6
2.19080000E-4,3.77790220E-5
2.19120000E-4,1.50068594E-6
2.19160000E-4,4.19809304E-5
2.19200000E-4,1.22696056E-5
2.19240000E-4,6.24885821E-5
2.19280000E-4,1.88742680E-5
2.19320000E-4,-4.84304159E-6
2.19360000E-4,1.15994682E-5
2.19400000E-4,1.17024555E-5
2.19440000E-4,2.16959807E-5
2.19480000E-4,6.39425621E-6
2.19520000E-4,2.74565268E-5
2.19560000E-4,6.93789829E-6
2.19600000E-4,4.71478523E-5
2.19640000E-4,6.27220496E-6
2.19680000E-4,-2.93352799E-6
2.19720000E-4,5.12531821E-5
2.19760000E-4,3.32452158E-5
2.19800000E-4,1.25420880E-6
2.19840000E-4,1.40039960E-5
2.19880000E-4,2.16921183E-5
2.19920000E-4,-1.10543911E-6
2.19960000E-4,5.69320079E-5
2.20000000E-4,4.47093340E-6
2.20040000E-4,1.26168480E-5
2.20080000E-4,-2.19140323E-5
2.20120000E-4,4.56760276E-5
2.20160000E-4,3.46004825E-5
2.20200000E-4,1.88889355E-5
2.20240000E-4,3.76085813E-5
2.20280000E-4,3.50628620E-5
2.20320000E-4,2.83038379E-5
2.20360000E-4,3.22186235E-5
2.20400000E-4,8.24194310E-6
2.20440000E-4,7.63024681E-6
2.20480000E-4,3.67714841E-5
2.20520000E-4,3.18559984E-5
2.20560000E-4,1.47593729E-5
2.20600000E-4,3.25744680E-5
2.20640000E-4,-2.32951832E-6
2.20680000E-4,9.09943003E-5
2.20720000E-4,1.53778116E-5
2.20760000E-4,2.92515232E-5
2.20800000E-4,-3.86208259E-6
2.20840000E-4,2.75496150E-5
2.20880000E-4,1.79683727E-5
2.20920000E-4,2.24420306E-5
2.20960000E-4,3.85526903E-5
2.21000000E-4,3.53231865E-5
2.21040000E-4,2.93883564E-5
2.21080000E-4,1.51602022E-5
2.21120000E-4,3.46081405E-5
2.21160000E-4,3.84102781E-5
2.21200000E-4,2.88736106E-5
2.21240000E-4,3.01302197E-5
2.21280000E-4,3.64781052E-5
2.21320000E-4,2.90164901E-5
2.21360000E-4,1.70977252E-5
2.21400000E-4,9.30223827E-6
2.21440000E-4,4.21705685E-5
2.21480000E-4,1.85436291E-5
2.21520000E-4,5.45623162E-6
2.21560000E-4,1.99304624E-5
2.21600000E-4,1.22030296E-5
2.21640000E-4,4.15192185E-5
2.21680000E-4,3.32445578E-5
2.21720000E-4,8.97260072E-6
2.21760000E-4,1.73335403E-5
2.21800000E-4,3.71010549E-5
2.21840000E-4,1.79725975E-5
2.21880000E-4,6.60142686E-5
2.21920000E-4,1.19084873E-5
2.21960000E-4,9.96377358E-6
2.22000000E-4,1.22633305E-5
2.22040000E-4,2.20812651E-5
2.22080000E-4,2.65566397E-5
2.22120000E-4,3.79772623E-5
2.22160000E-4,2.04270979E-5
2.22200000E-4,-1.13736988E-5
2.22240000E-4,5.11887328E-5
2.22280000E-4,4.63097156E-5
2.22320000E-4,-8.07548275E-6
2.22360000E-4,5.18762748E-5
2.22400000E-4,2.72575713E-5
2.22440000E-4,2.28200385E-5
2.22480000E-4,2.04606672E-5
2.22520000E-4,3.93703612E-5
2.22560000E-4,2.10160395E-5
2.22600000E-4,1.08714522E-5
2.22640000E-4,-4.24818720E-6
2.22680000E-4,8.83051278E-6
2.22720000E-4,-9.19502018E-6
2.22760000E-4,3.47141891E-5
2.22800000E-4,8.50857138E-6
2.22840000E-4,-1.55866332E-6
2.22880000E-4,1.61600535E-5
2.22920000E-4,1.30375615E-5
2.22960000E-4,2.03485818E-5
2.23000000E-4,3.90713866E-7
2.23040000E-4,3.74032743E-5
2.23080000E-4,-1.63760849E-6
2.23120000E-4,1.95450730E-5
2.23160000E-4,5.21251647E-5
2.23200000E-4,9.78412040E-6
2.23240000E-4,1.79845169E-6
2.23280000E-4,2.41229866E-5
2.23320000E-4,2.87400390E-5
2.23360000E-4,3.25103128E-6
2.23400000E-4,1.81655830E-5
2.23440000E-4,3.13793805E-5
2.23480000E-4,2.99221279E-5
2.23520000E-4,5.36336281E-6
2.23560000E-4,2.88365508E-5
2.23600000E-4,1.87642903E-5
2.23640000E-4,3.15974382E-5
2.23680000E-4,2.11514898E-5
2.23720000E-4,3.73828752E-5
2.23760000E-4,-1.89058969E-6
2.23800000E-4,6.96188320E-6
2.23840000E-4,3.04679253E-5
2.23880000E-4,1.57244627E-5
2.23920000E-4,-2.42086301E-5
2.23960000E-4,1.86358399E-5
2.24000000E-4,1.12131061E-5
2.24040000E-4,2.96805145E-5
2.24080000E-4,4.24466000E-5
2.24120000E-4,2.13314101E-5
2.24160000E-4,2.87682105E-5
2.24200000E-4,1.70820182E-5
2.24240000E-4,7.10383492E-5
2.24280000E-4,5.95445019E-6
2.24320000E-4,4.18752251E-5
2.24360000E-4,2.18140456E-5
2.24400000E-4,3.88184984E-5
2.24440000E-4,4.66266216E-5
2.24480000E-4,7.90451403E-6
2.24520000E-4,6.17211412E-5
2.24560000E-4,5.64678545E-5
2.24600000E-4,3.41124110E-5
2.24640000E-4,2.55271958E-5
2.24680000E-4,2.67620897E-5
2.24720000E-4,2.67821264E-5
2.24760000E-4,2.21742484E-5
2.24800000E-4,5.05870596E-5
2.24840000E-4,2.89387084E-5
2.24880000E-4,9.77929480E-6
2.24920000E-4,1.83866638E-5
2.24960000E-4,2.04060979E-5
2.25000000E-4,2.90793659E-5
2.25040000E-4,3.56108242E-5
2.25080000E-4,1.98752733E-5
2.25120000E-4,2.37201736E-5
2.25160000E-4,3.62800557E-5
2.25200000E-4,2.86504222E-5
2.25240000E-4,4.45267546E-5
2.25280000E-4,3.80076750E-5
2.25320000E-4,4.84208741E-5
2.25360000E-4,-1.44541815E-5
2.25400000E-4,1.71675723E-5
2.25440000E-4,1.63975566E-5
2.25480000E-4,3.67001302E-5
2.25520000E-4,-9.60716963E-6
