-1.43600000E-5,-5.70771107E-7
-1.43200000E-5,1.40235257E-6
-1.42800000E-5,4.56364692E-5
-1.42400000E-5,6.30303740E-5
-1.42000000E-5,2.97776272E-5
-1.41600000E-5,3.40809302E-5
-1.41200000E-5,1.27861443E-5
-1.40800000E-5,1.94971604E-5
-1.40400000E-5,2.43324707E-5
-1.40000000E-5,4.30982934E-5
-1.39600000E-5,2.46338128E-5
-1.39200000E-5,2.24785659E-5
-1.38800000E-5,3.79633672E-5
-1.38400000E-5,4.74525227E-5
-1.38000000E-5,1.96080823E-5
-1.37600000E-5,2.37470577E-5
-1.37200000E-5,3.31025938E-5
-1.36800000E-5,3.62065178E-5
-1.36400000E-5,4.96114111E-6
-1.36000000E-5,4.11089382E-5
-1.35600000E-5,1.98077531E-5
-1.35200000E-5,1.02325747E-6
-1.34800000E-5,7.70248765E-6
-1.34400000E-5,3.33745055E-5
-1.34000000E-5,-2.82314018E-6
-1.33600000E-5,8.99890153E-7
-1.33200000E-5,4.84399953E-5
-1.32800000E-5,2.16722819E-5
-1.32400000E-5,4.13720951E-5
-1.32000000E-5,1.79145092E-5
-1.31600000E-5,8.18994877E-6
-1.31200000E-5,2.96069099E-5
-1.30800000E-5,2.16791483E-5
-1.30400000E-5,-6.75152522E-6
-1.30000000E-5,4.09831772E-5
-1.29600000E-5,1.13245620E-5
-1.29200000E-5,5.09363715E-5
-1.28800000E-5,1.15275230E-5
-1.28400000E-5,-1.32358259E-6
-1.28000000E-5,3.71759278E-5
-1.27600000E-5,2.27795360E-5
-1.27200000E-5,3.89635714E-5
-1.26800000E-5,2.04878183E-5
-1.26400000E-5,5.12276332E-5
-1.26000000E-5,2.05970331E-5
-1.25600000E-5,5.46139974E-5
-1.25200000E-5,3.28143744E-5
-1.24800000E-5,-1.38210005E-6
-1.24400000E-5,1.78637356E-5
-1.24000000E-5,8.13628551E-6
-1.23600000E-5,4.59538234E-5
-1.23200000E-5,2.40329598E-5
-1.22800000E-5,9.12439707E-6
-1.22400000E-5,2.47678231E-5
-1.22000000E-5,4.99759546E-5
-1.21600000E-5,6.87530864E-6
-1.21200000E-5,3.68664605E-5
-1.20800000E-5,3.93545111E-5
-1.20400000E-5,9.04563310E-6
-1.20000000E-5,2.74260760E-5
-1.19600000E-5,1.02419699E-5
-1.19200000E-5,2.88151885E-5
-1.18800000E-5,1.58311217E-5
-1.18400000E-5,7.03154911E-6
-1.18000000E-5,2.14596888E-5
-1.17600000E-5,3.36632876E-5
-1.17200000E-5,-2.49209119E-6
-1.16800000E-5,-1.62334423E-5
-1.16400000E-5,2.38440845E-5
-1.16000000E-5,4.38883650E-5
-1.15600000E-5,5.11375205E-5
-1.15200000E-5,2.41253708E-5
-1.14800000E-5,1.06398333E-5
-1.14400000E-5,3.34339194E-5
-1.14000000E-5,9.55989248E-6
-1.13600000E-5,3.57838970E-5
-1.13200000E-5,9.42092305E-6
-1.12800000E-5,6.48090435E-5
-1.12400000E-5,1.47177068E-5
-1.12000000E-5,1.17195930E-5
-1.11600000E-5,3.97760638E-5
-1.11200000E-5,3.19029954E-5
-1.10800000E-5,1.24143257E-5
-1.10400000E-5,3.66697636E-6
-1.10000000E-5,1.87151665E-5
-1.09600000E-5,3.79721506E-5
-1.09200000E-5,3.93581160E-5
-1.08800000E-5,5.30945080E-5
-1.08400000E-5,2.13132902E-5
-1.08000000E-5,2.85114337E-5
-1.07600000E-5,1.88244099E-5
-1.07200000E-5,2.16761252E-5
-1.06800000E-5,2.61866235E-5
-1.06400000E-5,3.89526137E-5
-1.06000000E-5,2.97224285E-5
-1.05600000E-5,4.59697688E-5
-1.05200000E-5,5.03023211E-5
-1.04800000E-5,5.33928269E-5
-1.04400000E-5,-8.68410820E-6
-1.04000000E-5,6.39870811E-5
-1.03600000E-5,-1.59947757E-5
-1.03200000E-5,2.39090870E-5
-1.02800000E-5,2.06556745E-5
-1.02400000E-5,2.50612305E-5
-1.02000000E-5,3.55782753E-5
-1.01600000E-5,3.62598759E-5
-1.01200000E-5,1.26789990E-5
-1.00800000E-5,2.54404306E-5
-1.00400000E-5,3.32555346E-5
-1.00000000E-5,1.32899991E-5
-9.96000000E-6,1.53421156E-5
-9.92000000E-6,5.22406738E-5
-9.88000000E-6,3.86031206E-5
-9.84000000E-6,4.11927662E-5
-9.80000000E-6,5.22317760E-5
-9.76000000E-6,7.32842714E-5
-9.72000000E-6,1.78037208E-5
-9.68000000E-6,1.59292357E-5
-9.64000000E-6,2.72465372E-5
-9.60000000E-6,5.65935774E-5
-9.56000000E-6,3.51068645E-5
-9.52000000E-6,-1.26393296E-5
-9.48000000E-6,1.27610627E-5
-9.44000000E-6,2.80371810E-5
-9.40000000E-6,3.30861525E-5
-9.36000000E-6,5.35688466E-5
-9.32000000E-6,1.73736900E-5
-9.28000000E-6,4.63838542E-5
-9.24000000E-6,2.43538521E-5
-9.20000000E-6,8.26523182E-6
-9.16000000E-6,3.95715102E-5
-9.12000000E-6,3.54773861E-5
-9.08000000E-6,1.75588649E-5
-9.04000000E-6,1.70279353E-5
-9.00000000E-6,3.83156927E-5
-8.96000000E-6,-1.20876019E-6
-8.92000000E-6,1.31510964E-5
-8.88000000E-6,2.14769503E-5
-8.84000000E-6,-9.67672111E-6
-8.80000000E-6,4.11255607E-5
-8.76000000E-6,3.26232103E-5
-8.72000000E-6,3.50118118E-5
-8.68000000E-6,2.39514874E-5
-8.64000000E-6,-4.84849661E-6
-8.60000000E-6,4.38861620E-5
-8.56000000E-6,2.41318081E-5
-8.52000000E-6,1.57436411E-5
-8.48000000E-6,2.22594306E-5
-8.44000000E-6,7.13752156E-5
-8.40000000E-6,2.19070861E-5
-8.36000000E-6,4.05663261E-5
-8.32000000E-6,4.49904215E-5
-8.28000000E-6,3.01711228E-5
-8.24000000E-6,3.00229313E-5
-8.20000000E-6,1.86448616E-5
-8.16000000E-6,-1.53372474E-6
-8.12000000E-6,1.22475185E-5
-8.08000000E-6,6.01423333E-5
-8.04000000E-6,2.84392406E-5
-8.00000000E-6,3.36386351E-5
-7.96000000E-6,1.39583913E-5
-7.92000000E-6,2.58733224E-5
-7.88000000E-6,1.94382520E-5
-7.84000000E-6,1.39618436E-5
-7.80000000E-6,4.62709758E-6
-7.76000000E-6,3.62257153E-5
-7.72000000E-6,-1.14171387E-5
-7.68000000E-6,9.40233593E-6
-7.64000000E-6,1.24060478E-5
-7.60000000E-6,4.33952295E-5
-7.56000000E-6,1.91911359E-5
-7.52000000E-6,2.67173338E-5
-7.48000000E-6,1.30359593E-5
-7.44000000E-6,2.03731676E-5
-7.40000000E-6,3.43864970E-5
-7.36000000E-6,2.10993239E-5
-7.32000000E-6,4.39143431E-5
-7.28000000E-6,3.87953528E-5
-7.24000000E-6,4.77735104E-5
-7.20000000E-6,4.67516292E-5
-7.16000000E-6,2.73076868E-5
-7.12000000E-6,3.84347494E-5
-7.08000000E-6,5.10313384E-5
-7.04000000E-6,6.13192343E-5
-7.00000000E-6,5.27931850E-5
-6.96000000E-6,2.96311142E-5
-6.92000000E-6,4.59261668E-5
-6.88000000E-6,-1.80222493E-5
-6.84000000E-6,2.70022154E-5
-6.80000000E-6,3.08791497E-5
-6.76000000E-6,2.77542067E-5
-6.72000000E-6,-2.30596146E-5
-6.68000000E-6,3.08691361E-5
-6.64000000E-6,3.68885571E-5
-6.60000000E-6,4.31767236E-5
-6.56000000E-6,3.25800280E-5
-6.52000000E-6,1.19873085E-5
-6.48000000E-6,9.11299795E-5
-6.44000000E-6,5.02905337E-5
-6.40000000E-6,3.34476618E-5
-6.36000000E-6,4.20633660E-5
-6.32000000E-6,4.01892623E-5
-6.28000000E-6,1.20841446E-5
-6.24000000E-6,2.35339782E-5
-6.20000000E-6,1.80894321E-5
-6.16000000E-6,3.41720061E-5
-6.12000000E-6,3.56133705E-5
-6.08000000E-6,1.98747487E-5
-6.04000000E-6,3.48421913E-5
-6.00000000E-6,3.34378104E-5
-5.96000000E-6,-2.02003844E-5
-5.92000000E-6,2.43726204E-5
-5.88000000E-6,5.70374827E-6
-5.84000000E-6,3.45696216E-5
-5.80000000E-6,4.81959119E-5
-5.76000000E-6,3.38785033E-5
-5.72000000E-6,2.78176070E-5
-5.68000000E-6,8.55840086E-6
-5.64000000E-6,4.56835521E-5
-5.60000000E-6,2.25561854E-5
-5.56000000E-6,3.10678533E-5
-5.52000000E-6,1.55140440E-5
-5.48000000E-6,4.15576420E-5
-5.44000000E-6,-1.09138370E-5
-5.40000000E-6,2.15830275E-5
-5.36000000E-6,2.61909532E-5
-5.32000000E-6,3.15188649E-5
-5.28000000E-6,1.78452724E-5
-5.24000000E-6,1.22211781E-5
-5.20000000E-6,3.56669575E-5
-5.16000000E-6,3.87289961E-5
-5.12000000E-6,3.22860674E-5
-5.08000000E-6,3.77885873E-5
-5.04000000E-6,2.69055319E-5
-5.00000000E-6,2.69726610E-5
-4.96000000E-6,6.01894925E-5
-4.92000000E-6,4.28149568E-5
-4.88000000E-6,4.70939125E-5
-4.84000000E-6,4.93650785E-5
-4.80000000E-6,3.88072260E-5
-4.76000000E-6,1.12992420E-5
-4.72000000E-6,8.93237474E-6
-4.68000000E-6,4.21867238E-5
-4.64000000E-6,2.01692720E-5
-4.60000000E-6,3.36097769E-5
-4.56000000E-6,3.33679522E-6
-4.52000000E-6,6.04930089E-5
-4.48000000E-6,3.63147313E-5
-4.44000000E-6,2.76526881E-5
-4.40000000E-6,3.88375910E-5
-4.36000000E-6,1.16424503E-5
-4.32000000E-6,5.35001725E-5
-4.28000000E-6,3.08165028E-5
-4.24000000E-6,1.69547504E-5
-4.20000000E-6,2.54032182E-5
-4.16000000E-6,2.87736942E-5
-4.12000000E-6,3.87555178E-5
-4.08000000E-6,3.32555140E-6
-4.04000000E-6,3.49716621E-5
-4.00000000E-6,8.31138013E-6
-3.96000000E-6,2.69974074E-6
-3.92000000E-6,1.14243545E-5
-3.88000000E-6,4.58474124E-5
-3.84000000E-6,3.33240832E-6
-3.80000000E-6,3.07072499E-5
-3.76000000E-6,4.15266190E-5
-3.72000000E-6,2.09982821E-5
-3.68000000E-6,4.27095567E-5
-3.64000000E-6,6.13192533E-5
-3.60000000E-6,3.54735332E-5
-3.56000000E-6,1.31696740E-5
-3.52000000E-6,-6.86939937E-6
-3.48000000E-6,2.83885623E-5
-3.44000000E-6,2.66285181E-5
-3.40000000E-6,3.10592034E-5
-3.36000000E-6,2.05622987E-6
-3.32000000E-6,3.21982816E-5
-3.28000000E-6,3.04993107E-5
-3.24000000E-6,4.41475546E-5
-3.20000000E-6,2.86771346E-5
-3.16000000E-6,-5.46254847E-6
-3.12000000E-6,1.76490444E-5
-3.08000000E-6,2.63238001E-5
-3.04000000E-6,2.26778266E-5
-3.00000000E-6,2.66573477E-5
-2.96000000E-6,2.24355361E-5
-2.92000000E-6,4.36920034E-5
-2.88000000E-6,8.65102172E-6
-2.84000000E-6,2.75852252E-5
-2.80000000E-6,3.19330648E-5
-2.76000000E-6,6.96855892E-6
-2.72000000E-6,2.46361111E-5
-2.68000000E-6,1.52123587E-5
-2.64000000E-6,1.38911668E-5
-2.60000000E-6,1.14719715E-5
-2.56000000E-6,3.96009024E-5
-2.52000000E-6,4.03397426E-5
-2.48000000E-6,3.05690720E-5
-2.44000000E-6,3.85895975E-5
-2.40000000E-6,1.30004921E-5
-2.36000000E-6,2.95462086E-5
-2.32000000E-6,4.53007090E-5
-2.28000000E-6,3.35668807E-5
-2.24000000E-6,4.71971844E-6
-2.20000000E-6,1.70992034E-5
-2.16000000E-6,2.35484264E-5
-2.12000000E-6,4.32536088E-5
-2.08000000E-6,3.44924026E-5
-2.04000000E-6,3.86336477E-5
-2.00000000E-6,3.61913258E-5
-1.96000000E-6,1.39299813E-5
-1.92000000E-6,5.03390280E-5
-1.88000000E-6,4.93329778E-5
-1.84000000E-6,4.61832012E-5
-1.80000000E-6,2.99396374E-5
-1.76000000E-6,1.04821242E-5
-1.72000000E-6,3.34841971E-5
-1.68000000E-6,1.81681770E-5
-1.64000000E-6,1.65454333E-5
-1.60000000E-6,1.77811951E-5
-1.56000000E-6,1.30794373E-5
-1.52000000E-6,4.42307245E-5
-1.48000000E-6,2.69833517E-5
-1.44000000E-6,5.36196393E-5
-1.40000000E-6,1.73103279E-5
-1.36000000E-6,-3.86892997E-6
-1.32000000E-6,4.60971988E-5
-1.28000000E-6,8.70119453E-6
-1.24000000E-6,4.20233021E-5
-1.20000000E-6,5.07030550E-5
-1.16000000E-6,1.73307842E-5
-1.12000000E-6,1.72143501E-5
-1.08000000E-6,3.47131114E-5
-1.04000000E-6,3.60575348E-5
-1.00000000E-6,3.14675668E-5
-9.60000000E-7,5.09535472E-5
-9.20000000E-7,6.08790586E-7
-8.80000000E-7,1.93922086E-5
-8.40000000E-7,2.64927244E-5
-8.00000000E-7,3.74900396E-5
-7.60000000E-7,3.44546371E-5
-7.20000000E-7,5.01096121E-5
-6.80000000E-7,1.11691417E-5
-6.40000000E-7,2.82544185E-5
-6.00000000E-7,4.55360663E-5
-5.60000000E-7,4.15003071E-5
-5.20000000E-7,3.03685048E-5
-4.80000000E-7,4.56127990E-5
-4.40000000E-7,3.40172820E-5
-4.00000000E-7,3.35953860E-5
-3.60000000E-7,2.59679174E-5
-3.20000000E-7,3.25373224E-5
-2.80000000E-7,6.30899772E-6
-2.40000000E-7,7.41759188E-5
-2.00000000E-7,3.01567032E-5
-1.60000000E-7,3.06666997E-5
-1.20000000E-7,3.58476025E-5
-8.00000000E-8,3.28236918E-5
-4.00000000E-8,5.35863179E-5
0.00000000E+0,3.50216823E-5
4.00000000E-8,1.15514221E-5
8.00000000E-8,4.15373955E-5
1.20000000E-7,5.58347673E-5
1.60000000E-7,2.12394949E-5
2.00000000E-7,2.26667735E-5
2.40000000E-7,3.57588535E-5
2.80000000E-7,1.80175442E-5
3.20000000E-7,-1.13173748E-5
3.60000000E-7,3.42955070E-5
4.00000000E-7,-4.14261243E-5
4.40000000E-7,-1.33865621E-5
4.80000000E-7,-3.08193578E-5
5.20000000E-7,-2.71803271E-5
5.60000000E-7,-1.07260508E-4
6.00000000E-7,-5.09204105E-5
6.40000000E-7,-1.03859114E-4
6.80000000E-7,-7.28354853E-5
7.20000000E-7,-2.01478224E-4
7.60000000E-7,-1.46247174E-4
8.00000000E-7,-1.75874137E-4
8.40000000E-7,-1.82662048E-4
8.80000000E-7,-2.81282727E-4
9.20000000E-7,-1.77799081E-4
9.60000000E-7,-2.35501607E-4
1.00000000E-6,-2.61840548E-4
1.04000000E-6,-2.49736179E-4
1.08000000E-6,-3.64627687E-4
1.12000000E-6,-2.82867524E-4
1.16000000E-6,-3.21697253E-4
1.20000000E-6,-3.75805810E-4
1.24000000E-6,-2.90592229E-4
1.28000000E-6,-3.45090504E-4
1.32000000E-6,-3.65235130E-4
1.36000000E-6,-3.97883791E-4
1.40000000E-6,-3.80951274E-4
1.44000000E-6,-3.44581729E-4
1.48000000E-6,-4.89426261E-4
1.52000000E-6,-4.62037944E-4
1.56000000E-6,-5.99718607E-4
1.60000000E-6,-6.10734281E-4
1.64000000E-6,-5.11220867E-4
1.68000000E-6,-3.55483714E-4
1.72000000E-6,-6.03899315E-4
1.76000000E-6,-5.24456180E-4
1.80000000E-6,-4.94719354E-4
1.84000000E-6,-6.28215761E-4
1.88000000E-6,-6.21186828E-4
1.92000000E-6,-5.55903125E-4
1.96000000E-6,-5.92212980E-4
2.00000000E-6,-6.29715624E-4
2.04000000E-6,-6.05993355E-4
2.08000000E-6,-7.00473199E-4
2.12000000E-6,-6.47504550E-4
2.16000000E-6,-6.78560556E-4
2.20000000E-6,-8.31393618E-4
2.24000000E-6,-7.13096739E-4
2.28000000E-6,-7.15606457E-4
2.32000000E-6,-8.50542951E-4
2.36000000E-6,-7.07131982E-4
2.40000000E-6,-7.60961408E-4
2.44000000E-6,-7.19010826E-4
2.48000000E-6,-7.71967134E-4
2.52000000E-6,-8.06486609E-4
2.56000000E-6,-8.40341677E-4
2.60000000E-6,-8.36537146E-4
2.64000000E-6,-7.68052444E-4
2.68000000E-6,-8.63277718E-4
2.72000000E-6,-9.56292412E-4
2.76000000E-6,-9.17092381E-4
2.80000000E-6,-8.47129245E-4
2.84000000E-6,-8.31031994E-4
2.88000000E-6,-1.05805619E-3
2.92000000E-6,-8.36402869E-4
2.96000000E-6,-8.32302612E-4
3.00000000E-6,-9.18748884E-4
3.04000000E-6,-9.81900753E-4
3.08000000E-6,-1.16849639E-3
3.12000000E-6,-9.86147208E-4
3.16000000E-6,-9.40640833E-4
3.20000000E-6,-1.05376740E-3
3.24000000E-6,-1.05535547E-3
3.28000000E-6,-1.05659801E-3
3.32000000E-6,-9.93688684E-4
3.36000000E-6,-1.18043780E-3
3.40000000E-6,-1.21514481E-3
3.44000000E-6,-1.04220915E-3
3.48000000E-6,-1.10437007E-3
3.52000000E-6,-1.13346158E-3
3.56000000E-6,-1.23582074E-3
3.60000000E-6,-1.03564783E-3
3.64000000E-6,-1.09911384E-3
3.68000000E-6,-1.15655484E-3
3.72000000E-6,-1.24886902E-3
3.76000000E-6,-1.12310832E-3
3.80000000E-6,-1.25535649E-3
3.84000000E-6,-1.26141372E-3
3.88000000E-6,-1.26462087E-3
3.92000000E-6,-1.28004961E-3
3.96000000E-6,-1.38015443E-3
4.00000000E-6,-1.22778775E-3
4.04000000E-6,-1.30722847E-3
4.08000000E-6,-1.28094370E-3
4.12000000E-6,-1.36048614E-3
4.16000000E-6,-1.14956176E-3
4.20000000E-6,-1.35273519E-3
4.24000000E-6,-1.28212348E-3
4.28000000E-6,-1.42802510E-3
4.32000000E-6,-1.27502449E-3
4.36000000E-6,-1.34566986E-3
4.40000000E-6,-1.33994937E-3
4.44000000E-6,-1.44706994E-3
4.48000000E-6,-1.43674824E-3
4.52000000E-6,-1.61853693E-3
4.56000000E-6,-1.52926139E-3
4.60000000E-6,-1.40502419E-3
4.64000000E-6,-1.40165560E-3
4.68000000E-6,-1.51644770E-3
4.72000000E-6,-1.39125990E-3
4.76000000E-6,-1.70735881E-3
4.80000000E-6,-1.53121837E-3
4.84000000E-6,-1.45929380E-3
4.88000000E-6,-1.62555138E-3
4.92000000E-6,-1.51794856E-3
4.96000000E-6,-1.58178538E-3
5.00000000E-6,-1.54384103E-3
5.04000000E-6,-1.39756141E-3
5.08000000E-6,-1.58852219E-3
5.12000000E-6,-1.69517622E-3
5.16000000E-6,-1.68449744E-3
5.20000000E-6,-1.57910071E-3
5.24000000E-6,-1.62089750E-3
5.28000000E-6,-1.62197195E-3
5.32000000E-6,-1.61502395E-3
5.36000000E-6,-1.64214087E-3
5.40000000E-6,-1.74973800E-3
5.44000000E-6,-1.64323831E-3
5.48000000E-6,-1.75493804E-3
5.52000000E-6,-1.67359185E-3
5.56000000E-6,-1.84778632E-3
5.60000000E-6,-1.70994434E-3
5.64000000E-6,-1.67792669E-3
5.68000000E-6,-1.76236020E-3
5.72000000E-6,-1.75232534E-3
5.76000000E-6,-1.88617713E-3
5.80000000E-6,-1.68899257E-3
5.84000000E-6,-1.80907274E-3
5.88000000E-6,-1.80164671E-3
5.92000000E-6,-1.76181505E-3
5.96000000E-6,-1.84692070E-3
6.00000000E-6,-1.78189509E-3
6.04000000E-6,-1.95157727E-3
6.08000000E-6,-1.95802553E-3
6.12000000E-6,-1.76257612E-3
6.16000000E-6,-1.83573798E-3
6.20000000E-6,-1.75584435E-3
6.24000000E-6,-1.96261717E-3
6.28000000E-6,-1.79227351E-3
6.32000000E-6,-1.89801364E-3
6.36000000E-6,-2.01596481E-3
6.40000000E-6,-1.66681386E-3
6.44000000E-6,-1.77275317E-3
6.48000000E-6,-1.78167031E-3
6.52000000E-6,-1.87756871E-3
6.56000000E-6,-1.84664461E-3
6.60000000E-6,-1.89108226E-3
6.64000000E-6,-1.94214862E-3
6.68000000E-6,-1.91436565E-3
6.72000000E-6,-2.15743870E-3
6.76000000E-6,-1.93895676E-3
6.80000000E-6,-2.05926417E-3
6.84000000E-6,-1.99133365E-3
6.88000000E-6,-2.13053368E-3
6.92000000E-6,-1.88453247E-3
6.96000000E-6,-1.87154845E-3
7.00000000E-6,-2.01702588E-3
7.04000000E-6,-2.15140219E-3
7.08000000E-6,-2.06317839E-3
7.12000000E-6,-1.91016411E-3
7.16000000E-6,-2.05656020E-3
7.20000000E-6,-1.98315327E-3
7.24000000E-6,-2.04843265E-3
7.28000000E-6,-2.13988660E-3
7.32000000E-6,-2.24284496E-3
7.36000000E-6,-2.09119339E-3
7.40000000E-6,-1.95686641E-3
7.44000000E-6,-2.39526423E-3
7.48000000E-6,-2.20941017E-3
7.52000000E-6,-2.35947904E-3
7.56000000E-6,-2.07311803E-3
7.60000000E-6,-2.02596670E-3
7.64000000E-6,-2.16796250E-3
7.68000000E-6,-2.13492575E-3
7.72000000E-6,-2.20652935E-3
7.76000000E-6,-2.04185929E-3
7.80000000E-6,-2.30307069E-3
7.84000000E-6,-1.95677464E-3
7.88000000E-6,-2.23345045E-3
7.92000000E-6,-2.14631301E-3
7.96000000E-6,-2.42093471E-3
8.00000000E-6,-2.19510373E-3
8.04000000E-6,-2.37072923E-3
8.08000000E-6,-2.25216143E-3
8.12000000E-6,-2.32401802E-3
8.16000000E-6,-2.25981840E-3
8.20000000E-6,-2.46053899E-3
8.24000000E-6,-2.16739934E-3
8.28000000E-6,-2.29829577E-3
8.32000000E-6,-2.26741126E-3
8.36000000E-6,-2.31670346E-3
8.40000000E-6,-2.54274671E-3
8.44000000E-6,-2.18132353E-3
8.48000000E-6,-2.39672279E-3
8.52000000E-6,-2.33911233E-3
8.56000000E-6,-2.17350799E-3
8.60000000E-6,-2.12757318E-3
8.64000000E-6,-2.36148525E-3
8.68000000E-6,-2.32925137E-3
8.72000000E-6,-2.48204553E-3
8.76000000E-6,-2.38091623E-3
8.80000000E-6,-2.36044131E-3
8.84000000E-6,-2.24569103E-3
8.88000000E-6,-2.46010910E-3
8.92000000E-6,-2.36667525E-3
8.96000000E-6,-2.34286980E-3
9.00000000E-6,-2.42651544E-3
9.04000000E-6,-2.39264805E-3
9.08000000E-6,-2.25437682E-3
9.12000000E-6,-2.32634163E-3
9.16000000E-6,-2.55519667E-3
9.20000000E-6,-2.40472821E-3
9.24000000E-6,-2.44172608E-3
9.28000000E-6,-2.39794024E-3
9.32000000E-6,-2.44283650E-3
9.36000000E-6,-2.40591422E-3
9.40000000E-6,-2.39035626E-3
9.44000000E-6,-2.34682998E-3
9.48000000E-6,-2.46009397E-3
9.52000000E-6,-2.44693032E-3
9.56000000E-6,-2.51250740E-3
9.60000000E-6,-2.46129309E-3
9.64000000E-6,-2.36350038E-3
9.68000000E-6,-2.40701314E-3
9.72000000E-6,-2.44737708E-3
9.76000000E-6,-2.55169420E-3
9.80000000E-6,-2.48175727E-3
9.84000000E-6,-2.54480418E-3
9.88000000E-6,-2.65108933E-3
9.92000000E-6,-2.72073103E-3
9.96000000E-6,-2.59719909E-3
1.00000000E-5,-2.62154211E-3
1.00400000E-5,-2.79550796E-3
1.00800000E-5,-2.56569199E-3
1.01200000E-5,-2.39842248E-3
1.01600000E-5,-2.57024223E-3
1.02000000E-5,-2.60917164E-3
1.02400000E-5,-2.59586086E-3
1.02800000E-5,-2.57617361E-3
1.03200000E-5,-2.73626900E-3
1.03600000E-5,-2.77053341E-3
1.04000000E-5,-2.86548130E-3
1.04400000E-5,-2.57004014E-3
1.04800000E-5,-2.58604800E-3
1.05200000E-5,-2.66446376E-3
1.05600000E-5,-2.79198047E-3
1.06000000E-5,-2.73227832E-3
1.06400000E-5,-2.62924176E-3
1.06800000E-5,-2.71703062E-3
1.07200000E-5,-2.66738752E-3
1.07600000E-5,-2.60374771E-3
1.08000000E-5,-2.71596455E-3
1.08400000E-5,-2.90438050E-3
1.08800000E-5,-2.55476333E-3
1.09200000E-5,-2.58723665E-3
1.09600000E-5,-2.70023892E-3
1.10000000E-5,-2.63035914E-3
1.10400000E-5,-2.75050233E-3
1.10800000E-5,-2.67370915E-3
1.11200000E-5,-2.54872746E-3
1.11600000E-5,-2.65932711E-3
1.12000000E-5,-3.01787542E-3
1.12400000E-5,-2.59690720E-3
1.12800000E-5,-2.75794462E-3
1.13200000E-5,-2.75662594E-3
1.13600000E-5,-2.75087124E-3
1.14000000E-5,-3.02839209E-3
1.14400000E-5,-2.81792405E-3
1.14800000E-5,-2.73248970E-3
1.15200000E-5,-2.69532084E-3
1.15600000E-5,-2.77843708E-3
1.16000000E-5,-2.70382090E-3
1.16400000E-5,-2.89639817E-3
1.16800000E-5,-2.89184332E-3
1.17200000E-5,-2.87846429E-3
1.17600000E-5,-2.89479599E-3
1.18000000E-5,-2.90785020E-3
1.18400000E-5,-3.00565924E-3
1.18800000E-5,-2.85152414E-3
1.19200000E-5,-2.88105648E-3
1.19600000E-5,-2.79382326E-3
1.20000000E-5,-2.93540275E-3
1.20400000E-5,-2.84005995E-3
1.20800000E-5,-2.97415711E-3
1.21200000E-5,-2.90852268E-3
1.21600000E-5,-3.14659006E-3
1.22000000E-5,-2.94854996E-3
1.22400000E-5,-2.88024795E-3
1.22800000E-5,-2.63726394E-3
1.23200000E-5,-2.99950176E-3
1.23600000E-5,-2.81773555E-3
1.24000000E-5,-3.00704038E-3
1.24400000E-5,-3.01576138E-3
1.24800000E-5,-2.84419627E-3
1.25200000E-5,-3.01293765E-3
1.25600000E-5,-3.06980028E-3
1.26000000E-5,-2.99016321E-3
1.26400000E-5,-2.89886128E-3
1.26800000E-5,-3.07236345E-3
1.27200000E-5,-2.90732033E-3
1.27600000E-5,-2.78848788E-3
1.28000000E-5,-2.81274996E-3
1.28400000E-5,-2.89726834E-3
1.28800000E-5,-3.12197263E-3
1.29200000E-5,-2.90415805E-3
1.29600000E-5,-3.05908862E-3
1.30000000E-5,-2.86677136E-3
1.30400000E-5,-2.84696681E-3
1.30800000E-5,-2.97498192E-3
1.31200000E-5,-2.84697037E-3
1.31600000E-5,-2.73253001E-3
1.32000000E-5,-2.82661837E-3
1.32400000E-5,-2.81195308E-3
1.32800000E-5,-2.84407334E-3
1.33200000E-5,-3.03084857E-3
1.33600000E-5,-2.96443941E-3
1.34000000E-5,-2.91006601E-3
1.34400000E-5,-3.09525224E-3
1.34800000E-5,-3.31927843E-3
1.35200000E-5,-3.11722474E-3
1.35600000E-5,-3.04066708E-3
1.36000000E-5,-3.35203784E-3
1.36400000E-5,-3.06485337E-3
1.36800000E-5,-2.98811069E-3
1.37200000E-5,-2.84254606E-3
1.37600000E-5,-3.19863539E-3
1.38000000E-5,-3.00123309E-3
1.38400000E-5,-3.03474702E-3
1.38800000E-5,-3.07756056E-3
1.39200000E-5,-3.16551033E-3
1.39600000E-5,-3.03252758E-3
1.40000000E-5,-3.23841381E-3
1.40400000E-5,-3.03514235E-3
1.40800000E-5,-3.07132919E-3
1.41200000E-5,-2.97954785E-3
1.41600000E-5,-3.02271408E-3
1.42000000E-5,-2.90010123E-3
1.42400000E-5,-2.85678497E-3
1.42800000E-5,-3.13621774E-3
1.43200000E-5,-3.12489686E-3
1.43600000E-5,-3.08240755E-3
1.44000000E-5,-3.07034437E-3
1.44400000E-5,-3.22897430E-3
1.44800000E-5,-3.15312210E-3
1.45200000E-5,-3.14809360E-3
1.45600000E-5,-3.20489568E-3
1.46000000E-5,-3.01191207E-3
1.46400000E-5,-3.19540026E-3
1.46800000E-5,-3.18736618E-3
1.47200000E-5,-3.11779635E-3
1.47600000E-5,-3.20408438E-3
1.48000000E-5,-3.38415658E-3
1.48400000E-5,-3.17245590E-3
1.48800000E-5,-3.14108099E-3
1.49200000E-5,-3.10247958E-3
1.49600000E-5,-3.32747494E-3
1.50000000E-5,-3.33459469E-3
1.50400000E-5,-3.33307593E-3
1.50800000E-5,-3.23556405E-3
1.51200000E-5,-3.22995818E-3
1.51600000E-5,-3.05662822E-3
1.52000000E-5,-3.19513378E-3
1.52400000E-5,-3.16115066E-3
1.52800000E-5,-3.05507394E-3
1.53200000E-5,-3.21125555E-3
1.53600000E-5,-3.34818842E-3
1.54000000E-5,-3.03813153E-3
1.54400000E-5,-3.14986006E-3
1.54800000E-5,-2.97813905E-3
1.55200000E-5,-3.00645790E-3
1.55600000E-5,-3.33123391E-3
1.56000000E-5,-3.23216580E-3
1.56400000E-5,-3.11821690E-3
1.56800000E-5,-3.23588160E-3
1.57200000E-5,-3.11235203E-3
1.57600000E-5,-3.37871442E-3
1.58000000E-5,-3.32214402E-3
1.58400000E-5,-3.38533603E-3
1.58800000E-5,-3.33304889E-3
1.59200000E-5,-3.26554101E-3
1.59600000E-5,-3.41863838E-3
1.60000000E-5,-3.41588328E-3
1.60400000E-5,-3.30321847E-3
1.60800000E-5,-3.09108372E-3
1.61200000E-5,-3.15979721E-3
1.61600000E-5,-3.35359061E-3
1.62000000E-5,-3.14865228E-3
1.62400000E-5,-3.23992143E-3
1.62800000E-5,-3.41935575E-3
1.63200000E-5,-3.24175863E-3
1.63600000E-5,-3.42517166E-3
1.64000000E-5,-3.42811875E-3
1.64400000E-5,-3.36804951E-3
1.64800000E-5,-3.28955603E-3
1.65200000E-5,-3.33873636E-3
1.65600000E-5,-3.49118027E-3
1.66000000E-5,-3.21893676E-3
1.66400000E-5,-3.33486326E-3
1.66800000E-5,-3.14513326E-3
1.67200000E-5,-3.42997746E-3
1.67600000E-5,-3.17331062E-3
1.68000000E-5,-3.34028151E-3
1.68400000E-5,-3.44884610E-3
1.68800000E-5,-3.43079604E-3
1.69200000E-5,-3.35997995E-3
1.69600000E-5,-3.31626221E-3
1.70000000E-5,-3.29579348E-3
1.70400000E-5,-3.39504133E-3
1.70800000E-5,-3.41570897E-3
1.71200000E-5,-3.21439639E-3
1.71600000E-5,-3.52876714E-3
1.72000000E-5,-3.56036055E-3
1.72400000E-5,-3.50676987E-3
1.72800000E-5,-3.48262044E-3
1.73200000E-5,-3.29741845E-3
1.73600000E-5,-3.14817697E-3
1.74000000E-5,-3.12315948E-3
1.74400000E-5,-3.34045805E-3
1.74800000E-5,-3.37375200E-3
1.75200000E-5,-3.56338252E-3
1.75600000E-5,-3.30858102E-3
1.76000000E-5,-3.41588517E-3
1.76400000E-5,-3.30000655E-3
1.76800000E-5,-3.34159667E-3
1.77200000E-5,-3.18382256E-3
1.77600000E-5,-3.42758715E-3
1.78000000E-5,-3.29064309E-3
1.78400000E-5,-3.31501262E-3
1.78800000E-5,-3.55649287E-3
1.79200000E-5,-3.15095721E-3
1.79600000E-5,-3.38850554E-3
1.80000000E-5,-3.28833427E-3
1.80400000E-5,-3.24754107E-3
1.80800000E-5,-3.49487782E-3
1.81200000E-5,-3.52950619E-3
1.81600000E-5,-3.48241367E-3
1.82000000E-5,-3.39002402E-3
1.82400000E-5,-3.38220111E-3
1.82800000E-5,-3.44585642E-3
1.83200000E-5,-3.43054868E-3
1.83600000E-5,-3.42453436E-3
1.84000000E-5,-3.71671386E-3
1.84400000E-5,-3.61273779E-3
1.84800000E-5,-3.26033537E-3
1.85200000E-5,-3.52518087E-3
1.85600000E-5,-3.24308472E-3
1.86000000E-5,-3.50342438E-3
1.86400000E-5,-3.20311847E-3
1.86800000E-5,-3.41477645E-3
1.87200000E-5,-3.61857182E-3
1.87600000E-5,-3.51124560E-3
1.88000000E-5,-3.44789846E-3
1.88400000E-5,-3.50275854E-3
1.88800000E-5,-3.58691493E-3
1.89200000E-5,-3.52455036E-3
1.89600000E-5,-3.63775036E-3
1.90000000E-5,-3.61973504E-3
1.90400000E-5,-3.27347030E-3
1.90800000E-5,-3.60771969E-3
1.91200000E-5,-3.27527792E-3
1.91600000E-5,-3.52986849E-3
1.92000000E-5,-3.56224414E-3
1.92400000E-5,-3.31400735E-3
1.92800000E-5,-3.61591383E-3
1.93200000E-5,-3.58319332E-3
1.93600000E-5,-3.41905523E-3
1.94000000E-5,-3.50930814E-3
1.94400000E-5,-3.59459521E-3
1.94800000E-5,-3.52635745E-3
1.95200000E-5,-3.78974401E-3
1.95600000E-5,-3.49049511E-3
1.96000000E-5,-3.48881823E-3
1.96400000E-5,-3.36806455E-3
1.96800000E-5,-3.47482421E-3
1.97200000E-5,-3.69968356E-3
1.97600000E-5,-3.41908671E-3
1.98000000E-5,-3.87169262E-3
1.98400000E-5,-3.41077246E-3
1.98800000E-5,-3.66252515E-3
1.99200000E-5,-3.42936459E-3
1.99600000E-5,-3.63457640E-3
2.00000000E-5,-3.63228951E-3
2.00400000E-5,-3.59947815E-3
2.00800000E-5,-3.29521945E-3
2.01200000E-5,-3.40683505E-3
2.01600000E-5,-3.66487101E-3
2.02000000E-5,-3.67924054E-3
2.02400000E-5,-3.56480399E-3
2.02800000E-5,-3.31045837E-3
2.03200000E-5,-3.68949705E-3
2.03600000E-5,-3.57964771E-3
2.04000000E-5,-3.62425583E-3
2.04400000E-5,-3.43328036E-3
2.04800000E-5,-3.70072560E-3
2.05200000E-5,-3.24676150E-3
2.05600000E-5,-3.76121364E-3
2.06000000E-5,-3.47798362E-3
2.06400000E-5,-3.58607011E-3
2.06800000E-5,-3.73026538E-3
2.07200000E-5,-3.42138533E-3
2.07600000E-5,-3.50129490E-3
2.08000000E-5,-3.28272457E-3
2.08400000E-5,-3.92430960E-3
2.08800000E-5,-3.46280766E-3
2.09200000E-5,-4.03748318E-3
2.09600000E-5,-3.74828568E-3
2.10000000E-5,-3.42621716E-3
2.10400000E-5,-3.60084835E-3
2.10800000E-5,-3.63226196E-3
2.11200000E-5,-3.65575581E-3
2.11600000E-5,-3.62053854E-3
2.12000000E-5,-3.38484544E-3
2.12400000E-5,-3.57197129E-3
2.12800000E-5,-3.53977403E-3
2.13200000E-5,-3.66215996E-3
2.13600000E-5,-3.54562434E-3
2.14000000E-5,-3.51982526E-3
2.14400000E-5,-3.49808875E-3
2.14800000E-5,-3.55667734E-3
2.15200000E-5,-3.75343472E-3
2.15600000E-5,-3.42125796E-3
2.16000000E-5,-3.60862639E-3
2.16400000E-5,-3.69584288E-3
2.16800000E-5,-3.49815274E-3
2.17200000E-5,-3.54887647E-3
2.17600000E-5,-3.73337608E-3
2.18000000E-5,-3.63701871E-3
2.18400000E-5,-3.49115590E-3
2.18800000E-5,-3.65410925E-3
2.19200000E-5,-3.73287559E-3
2.19600000E-5,-3.68328730E-3
2.20000000E-5,-3.64577867E-3
2.20400000E-5,-3.39982765E-3
2.20800000E-5,-3.53215918E-3
2.21200000E-5,-3.51988730E-3
2.21600000E-5,-3.51346573E-3
2.22000000E-5,-3.47698678E-3
2.22400000E-5,-3.71575168E-3
2.22800000E-5,-3.46055200E-3
2.23200000E-5,-4.08823542E-3
2.23600000E-5,-3.57102065E-3
2.24000000E-5,-3.73627399E-3
2.24400000E-5,-3.39689331E-3
2.24800000E-5,-3.61628002E-3
2.25200000E-5,-3.49137527E-3
2.25600000E-5,-3.98031742E-3
2.26000000E-5,-3.70552743E-3
2.26400000E-5,-3.81527266E-3
2.26800000E-5,-3.69678575E-3
2.27200000E-5,-3.62916009E-3
2.27600000E-5,-3.68282469E-3
2.28000000E-5,-3.76933520E-3
2.28400000E-5,-3.78377691E-3
2.28800000E-5,-3.74157947E-3
2.29200000E-5,-3.50721415E-3
2.29600000E-5,-3.53206382E-3
2.30000000E-5,-3.78383293E-3
2.30400000E-5,-3.75838212E-3
2.30800000E-5,-3.72074996E-3
2.31200000E-5,-3.48570553E-3
2.31600000E-5,-3.73000539E-3
2.32000000E-5,-3.67973911E-3
2.32400000E-5,-3.68471125E-3
2.32800000E-5,-3.74476445E-3
2.33200000E-5,-3.86413505E-3
2.33600000E-5,-3.87674504E-3
2.34000000E-5,-3.66420013E-3
2.34400000E-5,-3.65564158E-3
2.34800000E-5,-3.68082445E-3
2.35200000E-5,-3.70714894E-3
2.35600000E-5,-3.68581443E-3
2.36000000E-5,-3.77704102E-3
2.36400000E-5,-3.63241181E-3
2.36800000E-5,-3.82905600E-3
2.37200000E-5,-3.76786162E-3
2.37600000E-5,-3.94629882E-3
2.38000000E-5,-3.65843805E-3
2.38400000E-5,-3.82822260E-3
2.38800000E-5,-3.76228619E-3
2.39200000E-5,-4.08320090E-3
2.39600000E-5,-3.61052801E-3
2.40000000E-5,-3.43230514E-3
2.40400000E-5,-3.56423757E-3
2.40800000E-5,-3.61368722E-3
2.41200000E-5,-3.72714045E-3
2.41600000E-5,-3.50033137E-3
2.42000000E-5,-3.78797454E-3
2.42400000E-5,-3.53065887E-3
2.42800000E-5,-3.89887477E-3
2.43200000E-5,-3.87908883E-3
2.43600000E-5,-3.89598670E-3
2.44000000E-5,-3.74228335E-3
2.44400000E-5,-3.89152588E-3
2.44800000E-5,-3.81629539E-3
2.45200000E-5,-3.73441678E-3
2.45600000E-5,-3.93300025E-3
2.46000000E-5,-3.82405397E-3
2.46400000E-5,-3.75612166E-3
2.46800000E-5,-4.09890448E-3
2.47200000E-5,-3.58825821E-3
2.47600000E-5,-3.73564344E-3
2.48000000E-5,-3.78381836E-3
2.48400000E-5,-4.07009547E-3
2.48800000E-5,-3.68280358E-3
2.49200000E-5,-3.92861294E-3
2.49600000E-5,-3.63447958E-3
2.50000000E-5,-3.65473798E-3
2.50400000E-5,-3.68987697E-3
2.50800000E-5,-3.43961565E-3
2.51200000E-5,-3.68710236E-3
2.51600000E-5,-3.93801399E-3
2.52000000E-5,-3.51913066E-3
2.52400000E-5,-3.82181600E-3
2.52800000E-5,-3.90435351E-3
2.53200000E-5,-3.66288793E-3
2.53600000E-5,-4.07051590E-3
2.54000000E-5,-3.75317667E-3
2.54400000E-5,-3.62817421E-3
2.54800000E-5,-3.99834024E-3
2.55200000E-5,-3.75919886E-3
2.55600000E-5,-3.76378934E-3
2.56000000E-5,-3.56711211E-3
2.56400000E-5,-3.97814394E-3
2.56800000E-5,-3.77176938E-3
2.57200000E-5,-3.63133842E-3
2.57600000E-5,-3.86231682E-3
2.58000000E-5,-3.60958490E-3
2.58400000E-5,-3.72639605E-3
2.58800000E-5,-3.78338787E-3
2.59200000E-5,-3.95406782E-3
2.59600000E-5,-3.56505643E-3
2.60000000E-5,-3.90601310E-3
2.60400000E-5,-3.61595904E-3
2.60800000E-5,-4.02239673E-3
2.61200000E-5,-3.76851206E-3
2.61600000E-5,-3.61053520E-3
2.62000000E-5,-3.51225366E-3
2.62400000E-5,-3.64861557E-3
2.62800000E-5,-3.71645420E-3
2.63200000E-5,-3.80189959E-3
2.63600000E-5,-3.57816609E-3
2.64000000E-5,-3.76148230E-3
2.64400000E-5,-3.77832741E-3
2.64800000E-5,-3.81227781E-3
2.65200000E-5,-3.87218290E-3
2.65600000E-5,-3.74877776E-3
2.66000000E-5,-3.91180663E-3
2.66400000E-5,-4.04639878E-3
2.66800000E-5,-3.75438089E-3
2.67200000E-5,-3.75769771E-3
2.67600000E-5,-3.73722928E-3
2.68000000E-5,-4.06574474E-3
2.68400000E-5,-3.81962131E-3
2.68800000E-5,-3.99771689E-3
2.69200000E-5,-3.98395017E-3
2.69600000E-5,-3.73149151E-3
2.70000000E-5,-3.87186363E-3
2.70400000E-5,-3.77400171E-3
2.70800000E-5,-3.86448756E-3
2.71200000E-5,-3.91535679E-3
2.71600000E-5,-3.91375813E-3
2.72000000E-5,-3.82103739E-3
2.72400000E-5,-3.76717925E-3
2.72800000E-5,-4.03702315E-3
2.73200000E-5,-3.77616750E-3
2.73600000E-5,-4.02501746E-3
2.74000000E-5,-3.72598434E-3
2.74400000E-5,-3.86593913E-3
2.74800000E-5,-3.88454272E-3
2.75200000E-5,-3.78927636E-3
2.75600000E-5,-3.93920029E-3
2.76000000E-5,-3.62457570E-3
2.76400000E-5,-3.88779798E-3
2.76800000E-5,-4.00210890E-3
2.77200000E-5,-3.91143286E-3
2.77600000E-5,-3.91511490E-3
2.78000000E-5,-4.01322868E-3
2.78400000E-5,-3.78164306E-3
2.78800000E-5,-3.99403718E-3
2.79200000E-5,-3.64404124E-3
2.79600000E-5,-3.86137337E-3
2.80000000E-5,-3.72222645E-3
2.80400000E-5,-3.78093138E-3
2.80800000E-5,-3.86571884E-3
2.81200000E-5,-4.01319301E-3
2.81600000E-5,-3.95737535E-3
2.82000000E-5,-3.82706205E-3
2.82400000E-5,-3.95815702E-3
2.82800000E-5,-4.04369534E-3
2.83200000E-5,-4.03376152E-3
2.83600000E-5,-3.96412837E-3
2.84000000E-5,-4.01400402E-3
2.84400000E-5,-3.82172077E-3
2.84800000E-5,-3.95975419E-3
2.85200000E-5,-3.84243165E-3
2.85600000E-5,-3.88710193E-3
2.86000000E-5,-3.82324369E-3
2.86400000E-5,-3.69299662E-3
2.86800000E-5,-3.61746738E-3
2.87200000E-5,-3.94430423E-3
2.87600000E-5,-3.84771633E-3
2.88000000E-5,-4.01117262E-3
2.88400000E-5,-3.77758919E-3
2.88800000E-5,-3.96109356E-3
2.89200000E-5,-3.47309843E-3
2.89600000E-5,-3.95220551E-3
2.90000000E-5,-3.93248016E-3
2.90400000E-5,-3.91559930E-3
2.90800000E-5,-3.99104762E-3
2.91200000E-5,-3.85725627E-3
2.91600000E-5,-3.90851909E-3
2.92000000E-5,-3.97094741E-3
2.92400000E-5,-4.20830869E-3
2.92800000E-5,-4.18798475E-3
2.93200000E-5,-3.61693300E-3
2.93600000E-5,-3.91900073E-3
2.94000000E-5,-3.87335245E-3
2.94400000E-5,-3.93116723E-3
2.94800000E-5,-4.09868635E-3
2.95200000E-5,-3.86475987E-3
2.95600000E-5,-3.75050827E-3
2.96000000E-5,-3.91635068E-3
2.96400000E-5,-3.87162589E-3
2.96800000E-5,-3.83856510E-3
2.97200000E-5,-4.31846745E-3
2.97600000E-5,-4.01944321E-3
2.98000000E-5,-3.90735281E-3
2.98400000E-5,-4.08906543E-3
2.98800000E-5,-3.90831477E-3
2.99200000E-5,-4.03860501E-3
2.99600000E-5,-3.81124115E-3
3.00000000E-5,-4.00269583E-3
3.00400000E-5,-4.13619966E-3
3.00800000E-5,-4.03055790E-3
3.01200000E-5,-3.93049427E-3
3.01600000E-5,-3.96279218E-3
3.02000000E-5,-4.05107805E-3
3.02400000E-5,-3.79433717E-3
3.02800000E-5,-3.97272030E-3
3.03200000E-5,-3.93729550E-3
3.03600000E-5,-3.95155728E-3
3.04000000E-5,-4.05282175E-3
3.04400000E-5,-4.10629021E-3
3.04800000E-5,-3.97348078E-3
3.05200000E-5,-3.88148178E-3
3.05600000E-5,-3.96669043E-3
3.06000000E-5,-3.94450518E-3
3.06400000E-5,-4.07283510E-3
3.06800000E-5,-3.99216428E-3
3.07200000E-5,-4.02085005E-3
3.07600000E-5,-3.83443964E-3
3.08000000E-5,-3.96611793E-3
3.08400000E-5,-4.01695533E-3
3.08800000E-5,-3.82686210E-3
3.09200000E-5,-4.10005649E-3
3.09600000E-5,-4.06056064E-3
3.10000000E-5,-4.37154074E-3
3.10400000E-5,-3.82930784E-3
3.10800000E-5,-3.90706708E-3
3.11200000E-5,-3.94433379E-3
3.11600000E-5,-3.87284787E-3
3.12000000E-5,-4.00764240E-3
3.12400000E-5,-4.00952620E-3
3.12800000E-5,-3.82226686E-3
3.13200000E-5,-3.95529946E-3
3.13600000E-5,-3.97283094E-3
3.14000000E-5,-3.89967511E-3
3.14400000E-5,-3.97798265E-3
3.14800000E-5,-4.05841489E-3
3.15200000E-5,-4.04753303E-3
3.15600000E-5,-3.83453942E-3
3.16000000E-5,-4.06804695E-3
3.16400000E-5,-3.82630775E-3
3.16800000E-5,-4.07506902E-3
3.17200000E-5,-3.83238369E-3
3.17600000E-5,-4.03534864E-3
3.18000000E-5,-3.95088287E-3
3.18400000E-5,-4.23386376E-3
3.18800000E-5,-3.91705303E-3
3.19200000E-5,-3.83891647E-3
3.19600000E-5,-3.87146763E-3
3.20000000E-5,-3.85055280E-3
3.20400000E-5,-4.18180624E-3
3.20800000E-5,-4.11991119E-3
3.21200000E-5,-3.88040299E-3
3.21600000E-5,-3.87094273E-3
3.22000000E-5,-4.02972995E-3
3.22400000E-5,-3.60993139E-3
3.22800000E-5,-3.89125698E-3
3.23200000E-5,-3.92657294E-3
3.23600000E-5,-4.12030190E-3
3.24000000E-5,-4.14324702E-3
3.24400000E-5,-4.13367462E-3
3.24800000E-5,-3.95856415E-3
3.25200000E-5,-4.20001793E-3
3.25600000E-5,-4.13058152E-3
3.26000000E-5,-4.14718086E-3
3.26400000E-5,-3.82372599E-3
3.26800000E-5,-4.01841327E-3
3.27200000E-5,-3.98622975E-3
3.27600000E-5,-4.14663862E-3
3.28000000E-5,-4.05685155E-3
3.28400000E-5,-4.08669947E-3
3.28800000E-5,-4.18210839E-3
3.29200000E-5,-4.33768953E-3
3.29600000E-5,-4.02908294E-3
3.30000000E-5,-4.16260183E-3
3.30400000E-5,-4.12962136E-3
3.30800000E-5,-3.72944968E-3
3.31200000E-5,-3.90235098E-3
3.31600000E-5,-4.25357761E-3
3.32000000E-5,-3.93438455E-3
3.32400000E-5,-3.96493676E-3
3.32800000E-5,-3.85603618E-3
3.33200000E-5,-3.96463644E-3
3.33600000E-5,-3.89547015E-3
3.34000000E-5,-4.08788283E-3
3.34400000E-5,-3.89125062E-3
3.34800000E-5,-3.88294790E-3
3.35200000E-5,-3.96743247E-3
3.35600000E-5,-4.11202431E-3
3.36000000E-5,-3.81804727E-3
3.36400000E-5,-3.84433613E-3
3.36800000E-5,-4.13076063E-3
3.37200000E-5,-3.98980322E-3
3.37600000E-5,-3.86306233E-3
3.38000000E-5,-4.20106239E-3
3.38400000E-5,-3.96739724E-3
3.38800000E-5,-3.79142204E-3
3.39200000E-5,-3.90121775E-3
3.39600000E-5,-3.78419428E-3
3.40000000E-5,-3.90792319E-3
3.40400000E-5,-4.39253899E-3
3.40800000E-5,-3.94001806E-3
3.41200000E-5,-3.90646681E-3
3.41600000E-5,-4.06356643E-3
3.42000000E-5,-4.16933351E-3
3.42400000E-5,-3.84042485E-3
3.42800000E-5,-3.96988324E-3
3.43200000E-5,-3.96445875E-3
3.43600000E-5,-4.12250943E-3
3.44000000E-5,-3.75721867E-3
3.44400000E-5,-3.81981812E-3
3.44800000E-5,-3.86160771E-3
3.45200000E-5,-4.35366316E-3
3.45600000E-5,-3.99153838E-3
3.46000000E-5,-4.18736442E-3
3.46400000E-5,-3.75239868E-3
3.46800000E-5,-3.96509941E-3
3.47200000E-5,-3.84236634E-3
3.47600000E-5,-4.04631847E-3
3.48000000E-5,-3.88926298E-3
3.48400000E-5,-4.14055310E-3
3.48800000E-5,-3.80886582E-3
3.49200000E-5,-3.87315242E-3
3.49600000E-5,-3.98278909E-3
3.50000000E-5,-3.94112103E-3
3.50400000E-5,-4.12268015E-3
3.50800000E-5,-4.00646373E-3
3.51200000E-5,-4.25644720E-3
3.51600000E-5,-3.98356945E-3
3.52000000E-5,-4.14546313E-3
3.52400000E-5,-4.15299467E-3
3.52800000E-5,-4.18543347E-3
3.53200000E-5,-3.74771852E-3
3.53600000E-5,-3.99213835E-3
3.54000000E-5,-3.89830199E-3
3.54400000E-5,-4.16924967E-3
3.54800000E-5,-4.02386512E-3
3.55200000E-5,-4.02076373E-3
3.55600000E-5,-4.13427814E-3
3.56000000E-5,-3.99684837E-3
3.56400000E-5,-3.78542173E-3
3.56800000E-5,-3.89940726E-3
3.57200000E-5,-4.29963064E-3
3.57600000E-5,-3.90875947E-3
3.58000000E-5,-4.19484825E-3
3.58400000E-5,-3.86678439E-3
3.58800000E-5,-4.15581085E-3
3.59200000E-5,-4.01039434E-3
3.59600000E-5,-4.07938049E-3
3.60000000E-5,-4.07507516E-3
3.60400000E-5,-4.12041678E-3
3.60800000E-5,-4.25812384E-3
3.61200000E-5,-4.27281489E-3
3.61600000E-5,-3.75938198E-3
3.62000000E-5,-4.06163698E-3
3.62400000E-5,-4.17516923E-3
3.62800000E-5,-4.04400112E-3
3.63200000E-5,-4.01073896E-3
3.63600000E-5,-4.03935058E-3
3.64000000E-5,-4.11300794E-3
3.64400000E-5,-3.89136101E-3
3.64800000E-5,-4.12782265E-3
3.65200000E-5,-4.21775364E-3
3.65600000E-5,-4.09706161E-3
3.66000000E-5,-4.05705717E-3
3.66400000E-5,-4.06021341E-3
3.66800000E-5,-4.12985155E-3
3.67200000E-5,-3.99732346E-3
3.67600000E-5,-4.00896776E-3
3.68000000E-5,-3.99591796E-3
3.68400000E-5,-3.95687118E-3
3.68800000E-5,-4.06876765E-3
3.69200000E-5,-3.85317771E-3
3.69600000E-5,-4.18470844E-3
3.70000000E-5,-4.23119922E-3
3.70400000E-5,-4.02605477E-3
3.70800000E-5,-3.84723643E-3
3.71200000E-5,-4.01411396E-3
3.71600000E-5,-4.01248900E-3
3.72000000E-5,-4.07237779E-3
3.72400000E-5,-3.90129945E-3
3.72800000E-5,-4.02854518E-3
3.73200000E-5,-4.03399703E-3
3.73600000E-5,-4.07073159E-3
3.74000000E-5,-3.99145781E-3
3.74400000E-5,-4.15492249E-3
3.74800000E-5,-4.11833198E-3
3.75200000E-5,-3.89079440E-3
3.75600000E-5,-4.23590915E-3
3.76000000E-5,-4.34303407E-3
3.76400000E-5,-4.00357147E-3
3.76800000E-5,-3.93030717E-3
3.77200000E-5,-4.15001068E-3
3.77600000E-5,-3.83403654E-3
3.78000000E-5,-3.81049355E-3
3.78400000E-5,-4.00919939E-3
3.78800000E-5,-4.08556836E-3
3.79200000E-5,-4.12576719E-3
3.79600000E-5,-3.90529479E-3
3.80000000E-5,-4.08211697E-3
3.80400000E-5,-4.37309855E-3
3.80800000E-5,-3.78954621E-3
3.81200000E-5,-3.95435158E-3
3.81600000E-5,-4.21500767E-3
3.82000000E-5,-4.12678862E-3
3.82400000E-5,-3.89346095E-3
3.82800000E-5,-3.88692696E-3
3.83200000E-5,-4.37846314E-3
3.83600000E-5,-3.85341188E-3
3.84000000E-5,-4.05447663E-3
3.84400000E-5,-4.04217896E-3
3.84800000E-5,-3.97399206E-3
3.85200000E-5,-4.27665792E-3
3.85600000E-5,-3.93705124E-3
3.86000000E-5,-4.22822687E-3
3.86400000E-5,-4.26714629E-3
3.86800000E-5,-4.14948395E-3
3.87200000E-5,-4.09551115E-3
3.87600000E-5,-4.12121245E-3
3.88000000E-5,-4.05248279E-3
3.88400000E-5,-3.96765288E-3
3.88800000E-5,-4.21703436E-3
3.89200000E-5,-4.47999453E-3
3.89600000E-5,-4.07087712E-3
3.90000000E-5,-3.76151003E-3
3.90400000E-5,-4.24409037E-3
3.90800000E-5,-3.99606542E-3
3.91200000E-5,-3.72518639E-3
3.91600000E-5,-4.04205481E-3
3.92000000E-5,-4.05300524E-3
3.92400000E-5,-4.23162541E-3
3.92800000E-5,-4.07459714E-3
3.93200000E-5,-4.14299234E-3
3.93600000E-5,-3.99337818E-3
3.94000000E-5,-4.04556690E-3
3.94400000E-5,-4.13899959E-3
3.94800000E-5,-4.15398811E-3
3.95200000E-5,-4.19143302E-3
3.95600000E-5,-3.85448768E-3
3.96000000E-5,-4.09312349E-3
3.96400000E-5,-3.91531627E-3
3.96800000E-5,-4.09475774E-3
3.97200000E-5,-4.15837382E-3
3.97600000E-5,-3.99077843E-3
3.98000000E-5,-3.89199303E-3
3.98400000E-5,-4.43156814E-3
3.98800000E-5,-4.09937785E-3
3.99200000E-5,-4.19563612E-3
3.99600000E-5,-4.08198928E-3
4.00000000E-5,-3.99572006E-3
4.00400000E-5,-4.00289934E-3
4.00800000E-5,-4.08472045E-3
4.01200000E-5,-4.13371235E-3
4.01600000E-5,-4.06410143E-3
4.02000000E-5,-4.43546869E-3
4.02400000E-5,-4.04374189E-3
4.02800000E-5,-3.99433717E-3
4.03200000E-5,-3.97707666E-3
4.03600000E-5,-3.87053887E-3
4.04000000E-5,-4.19695671E-3
4.04400000E-5,-3.75433778E-3
4.04800000E-5,-4.10149103E-3
4.05200000E-5,-3.91620503E-3
4.05600000E-5,-4.09778509E-3
4.06000000E-5,-4.05447272E-3
4.06400000E-5,-3.99924813E-3
4.06800000E-5,-4.18915077E-3
4.07200000E-5,-4.01064279E-3
4.07600000E-5,-3.85035607E-3
4.08000000E-5,-4.08219796E-3
4.08400000E-5,-3.87999350E-3
4.08800000E-5,-4.03267468E-3
4.09200000E-5,-4.40464273E-3
4.09600000E-5,-4.27239158E-3
4.10000000E-5,-4.29313592E-3
4.10400000E-5,-4.01321075E-3
4.10800000E-5,-4.24962171E-3
4.11200000E-5,-4.06454581E-3
4.11600000E-5,-4.02928163E-3
4.12000000E-5,-3.93434166E-3
4.12400000E-5,-4.18994569E-3
4.12800000E-5,-4.09933173E-3
4.13200000E-5,-3.86450000E-3
4.13600000E-5,-4.02689294E-3
4.14000000E-5,-4.16399132E-3
4.14400000E-5,-4.16741640E-3
4.14800000E-5,-4.04926492E-3
4.15200000E-5,-4.16075590E-3
4.15600000E-5,-4.06184954E-3
4.16000000E-5,-4.27155588E-3
4.16400000E-5,-4.32441439E-3
4.16800000E-5,-4.27235211E-3
4.17200000E-5,-4.22307746E-3
4.17600000E-5,-3.89610416E-3
4.18000000E-5,-3.92718233E-3
4.18400000E-5,-3.87394760E-3
4.18800000E-5,-4.15764615E-3
4.19200000E-5,-3.98460294E-3
4.19600000E-5,-4.15497019E-3
4.20000000E-5,-4.32397636E-3
4.20400000E-5,-3.98586402E-3
4.20800000E-5,-4.19469114E-3
4.21200000E-5,-4.32533462E-3
4.21600000E-5,-4.07778346E-3
4.22000000E-5,-4.28604884E-3
4.22400000E-5,-4.15797613E-3
4.22800000E-5,-4.18395874E-3
4.23200000E-5,-4.00272339E-3
4.23600000E-5,-4.42926935E-3
4.24000000E-5,-4.26523230E-3
4.24400000E-5,-4.10287560E-3
4.24800000E-5,-3.90973693E-3
4.25200000E-5,-4.27704942E-3
4.25600000E-5,-4.01539235E-3
4.26000000E-5,-4.07500026E-3
4.26400000E-5,-3.95570455E-3
4.26800000E-5,-4.01870242E-3
4.27200000E-5,-4.10247087E-3
4.27600000E-5,-4.15100909E-3
4.28000000E-5,-4.24755257E-3
4.28400000E-5,-4.20715843E-3
4.28800000E-5,-4.11815208E-3
4.29200000E-5,-4.11348753E-3
4.29600000E-5,-4.42856271E-3
4.30000000E-5,-4.16865116E-3
4.30400000E-5,-3.88622292E-3
4.30800000E-5,-4.09423013E-3
4.31200000E-5,-4.30545767E-3
4.31600000E-5,-4.20138775E-3
4.32000000E-5,-3.96083021E-3
4.32400000E-5,-4.05490958E-3
4.32800000E-5,-4.02774051E-3
4.33200000E-5,-4.12497306E-3
4.33600000E-5,-3.96393704E-3
4.34000000E-5,-4.20120627E-3
4.34400000E-5,-4.12244381E-3
4.34800000E-5,-4.29411621E-3
4.35200000E-5,-4.04947383E-3
4.35600000E-5,-4.14258418E-3
4.36000000E-5,-4.38293066E-3
4.36400000E-5,-4.17334942E-3
4.36800000E-5,-3.93770075E-3
4.37200000E-5,-4.26626731E-3
4.37600000E-5,-3.75455741E-3
4.38000000E-5,-4.01173214E-3
4.38400000E-5,-3.85882386E-3
4.38800000E-5,-4.32051564E-3
4.39200000E-5,-4.13633925E-3
4.39600000E-5,-4.36446303E-3
4.40000000E-5,-4.00901123E-3
4.40400000E-5,-4.13232986E-3
4.40800000E-5,-4.11606710E-3
4.41200000E-5,-4.21200561E-3
4.41600000E-5,-4.10524619E-3
4.42000000E-5,-4.26677565E-3
4.42400000E-5,-4.24404779E-3
4.42800000E-5,-4.29031375E-3
4.43200000E-5,-3.75588295E-3
4.43600000E-5,-4.18115345E-3
4.44000000E-5,-3.94768732E-3
4.44400000E-5,-3.94044158E-3
4.44800000E-5,-4.15688517E-3
4.45200000E-5,-4.23501789E-3
4.45600000E-5,-3.85315178E-3
4.46000000E-5,-4.22061593E-3
4.46400000E-5,-3.94492498E-3
4.46800000E-5,-4.16803807E-3
4.47200000E-5,-4.28188829E-3
4.47600000E-5,-4.39176046E-3
4.48000000E-5,-4.29037768E-3
4.48400000E-5,-4.16801744E-3
4.48800000E-5,-4.15061641E-3
4.49200000E-5,-3.74899252E-3
4.49600000E-5,-3.94667952E-3
4.50000000E-5,-3.83271477E-3
4.50400000E-5,-4.16069964E-3
4.50800000E-5,-3.88410172E-3
4.51200000E-5,-3.92251275E-3
4.51600000E-5,-4.12101945E-3
4.52000000E-5,-4.06543714E-3
4.52400000E-5,-4.32137743E-3
4.52800000E-5,-4.55500071E-3
4.53200000E-5,-3.93049596E-3
4.53600000E-5,-4.01218381E-3
4.54000000E-5,-4.11526596E-3
4.54400000E-5,-4.00008476E-3
4.54800000E-5,-4.28511262E-3
4.55200000E-5,-4.07838206E-3
4.55600000E-5,-4.48322092E-3
4.56000000E-5,-4.12522734E-3
4.56400000E-5,-4.14586161E-3
4.56800000E-5,-4.05188594E-3
4.57200000E-5,-4.01753082E-3
4.57600000E-5,-4.16878866E-3
4.58000000E-5,-4.21642323E-3
4.58400000E-5,-4.22395012E-3
4.58800000E-5,-4.08527571E-3
4.59200000E-5,-4.33015530E-3
4.59600000E-5,-4.24217442E-3
4.60000000E-5,-3.95420619E-3
4.60400000E-5,-4.20290287E-3
4.60800000E-5,-4.09617677E-3
4.61200000E-5,-4.15146813E-3
4.61600000E-5,-4.29654045E-3
4.62000000E-5,-4.31046270E-3
4.62400000E-5,-4.19091597E-3
4.62800000E-5,-4.24523538E-3
4.63200000E-5,-4.23762427E-3
4.63600000E-5,-4.53793769E-3
4.64000000E-5,-4.05146219E-3
4.64400000E-5,-4.07405563E-3
4.64800000E-5,-4.03043113E-3
4.65200000E-5,-4.03290698E-3
4.65600000E-5,-3.94685097E-3
4.66000000E-5,-4.19823576E-3
4.66400000E-5,-4.23136478E-3
4.66800000E-5,-4.13939264E-3
4.67200000E-5,-3.99045436E-3
4.67600000E-5,-4.05335116E-3
4.68000000E-5,-3.98388617E-3
4.68400000E-5,-4.19492985E-3
4.68800000E-5,-4.03412412E-3
4.69200000E-5,-4.38020890E-3
4.69600000E-5,-4.12990777E-3
4.70000000E-5,-4.36295584E-3
4.70400000E-5,-4.24781874E-3
4.70800000E-5,-4.45642213E-3
4.71200000E-5,-4.02558232E-3
4.71600000E-5,-3.96392224E-3
4.72000000E-5,-4.13880973E-3
4.72400000E-5,-4.19725827E-3
4.72800000E-5,-4.02817313E-3
4.73200000E-5,-3.91979995E-3
4.73600000E-5,-4.19393750E-3
4.74000000E-5,-4.06764259E-3
4.74400000E-5,-4.39424079E-3
4.74800000E-5,-4.06077590E-3
4.75200000E-5,-4.08553375E-3
4.75600000E-5,-3.99621289E-3
4.76000000E-5,-4.15426590E-3
4.76400000E-5,-4.12720911E-3
4.76800000E-5,-4.20123657E-3
4.77200000E-5,-4.56453950E-3
4.77600000E-5,-4.07668555E-3
4.78000000E-5,-4.08746667E-3
4.78400000E-5,-3.93335299E-3
4.78800000E-5,-4.05041800E-3
4.79200000E-5,-4.16120588E-3
4.79600000E-5,-3.99218779E-3
4.80000000E-5,-4.07645496E-3
4.80400000E-5,-4.31941241E-3
4.80800000E-5,-4.07914590E-3
4.81200000E-5,-4.13604395E-3
4.81600000E-5,-4.17603052E-3
4.82000000E-5,-4.20165042E-3
4.82400000E-5,-4.08796879E-3
4.82800000E-5,-4.14943633E-3
4.83200000E-5,-3.85838979E-3
4.83600000E-5,-3.86018817E-3
4.84000000E-5,-4.25475004E-3
4.84400000E-5,-4.10813183E-3
4.84800000E-5,-4.29560811E-3
4.85200000E-5,-4.15965206E-3
4.85600000E-5,-4.15578540E-3
4.86000000E-5,-4.10818375E-3
4.86400000E-5,-3.93157126E-3
4.86800000E-5,-4.02268731E-3
4.87200000E-5,-3.94125161E-3
4.87600000E-5,-4.10791690E-3
4.88000000E-5,-4.07701183E-3
4.88400000E-5,-4.00490396E-3
4.88800000E-5,-4.21005898E-3
4.89200000E-5,-4.20165738E-3
4.89600000E-5,-3.92315974E-3
4.90000000E-5,-4.19054726E-3
4.90400000E-5,-3.96590414E-3
4.90800000E-5,-4.22346004E-3
4.91200000E-5,-3.93247935E-3
4.91600000E-5,-3.88215445E-3
4.92000000E-5,-4.05971743E-3
4.92400000E-5,-3.97175133E-3
4.92800000E-5,-4.10974010E-3
4.93200000E-5,-4.25453344E-3
4.93600000E-5,-4.33154010E-3
4.94000000E-5,-4.03008322E-3
4.94400000E-5,-4.21766165E-3
4.94800000E-5,-4.15411960E-3
4.95200000E-5,-4.31716804E-3
4.95600000E-5,-3.99699554E-3
4.96000000E-5,-4.07214384E-3
4.96400000E-5,-4.11568252E-3
4.96800000E-5,-3.85070288E-3
4.97200000E-5,-4.08179032E-3
4.97600000E-5,-4.34216714E-3
4.98000000E-5,-4.03307462E-3
4.98400000E-5,-3.99148682E-3
4.98800000E-5,-3.97249850E-3
4.99200000E-5,-4.12124978E-3
4.99600000E-5,-4.36968160E-3
5.00000000E-5,-4.30050740E-3
5.00400000E-5,-4.00999674E-3
5.00800000E-5,-4.43546567E-3
5.01200000E-5,-4.20602119E-3
5.01600000E-5,-4.48747584E-3
5.02000000E-5,-4.12372877E-3
5.02400000E-5,-4.29008488E-3
5.02800000E-5,-4.18592876E-3
5.03200000E-5,-3.88874924E-3
5.03600000E-5,-4.29326769E-3
5.04000000E-5,-3.99927270E-3
5.04400000E-5,-3.98111952E-3
5.04800000E-5,-4.06383321E-3
5.05200000E-5,-4.10316255E-3
5.05600000E-5,-4.44103627E-3
5.06000000E-5,-4.01060384E-3
5.06400000E-5,-4.32132038E-3
5.06800000E-5,-4.27345170E-3
5.07200000E-5,-4.24744105E-3
5.07600000E-5,-4.45222566E-3
5.08000000E-5,-4.00243302E-3
5.08400000E-5,-4.19096490E-3
5.08800000E-5,-4.00518858E-3
5.09200000E-5,-4.14056534E-3
5.09600000E-5,-4.39191916E-3
5.10000000E-5,-4.20922699E-3
5.10400000E-5,-4.01997024E-3
5.10800000E-5,-4.39332635E-3
5.11200000E-5,-4.22258104E-3
5.11600000E-5,-4.02642675E-3
5.12000000E-5,-4.20574494E-3
5.12400000E-5,-4.17818854E-3
5.12800000E-5,-3.98796839E-3
5.13200000E-5,-4.09719597E-3
5.13600000E-5,-4.16457405E-3
5.14000000E-5,-4.17516716E-3
5.14400000E-5,-4.20856654E-3
5.14800000E-5,-4.14591176E-3
5.15200000E-5,-4.20568422E-3
5.15600000E-5,-4.18380965E-3
5.16000000E-5,-4.20142907E-3
5.16400000E-5,-4.18616785E-3
5.16800000E-5,-4.12146887E-3
5.17200000E-5,-4.13660258E-3
5.17600000E-5,-4.21019252E-3
5.18000000E-5,-4.29613017E-3
5.18400000E-5,-3.94723326E-3
5.18800000E-5,-4.03649680E-3
5.19200000E-5,-4.02401233E-3
5.19600000E-5,-4.04499480E-3
5.20000000E-5,-4.10519921E-3
5.20400000E-5,-4.37196423E-3
5.20800000E-5,-4.34584764E-3
5.21200000E-5,-4.24313035E-3
5.21600000E-5,-4.26758734E-3
5.22000000E-5,-3.92280552E-3
5.22400000E-5,-4.15526890E-3
5.22800000E-5,-4.03494825E-3
5.23200000E-5,-4.21194874E-3
5.23600000E-5,-4.12495745E-3
5.24000000E-5,-4.23542045E-3
5.24400000E-5,-3.78913374E-3
5.24800000E-5,-4.14034713E-3
5.25200000E-5,-4.10939700E-3
5.25600000E-5,-4.02631156E-3
5.26000000E-5,-4.19866199E-3
5.26400000E-5,-4.13706762E-3
5.26800000E-5,-4.21179063E-3
5.27200000E-5,-4.02122462E-3
5.27600000E-5,-3.86554633E-3
5.28000000E-5,-3.95062685E-3
5.28400000E-5,-4.10983271E-3
5.28800000E-5,-4.21411166E-3
5.29200000E-5,-4.11604190E-3
5.29600000E-5,-4.32282183E-3
5.30000000E-5,-4.15812651E-3
5.30400000E-5,-4.37846101E-3
5.30800000E-5,-4.12570263E-3
5.31200000E-5,-3.95898948E-3
5.31600000E-5,-4.20485770E-3
5.32000000E-5,-4.03319435E-3
5.32400000E-5,-4.34633337E-3
5.32800000E-5,-4.41614562E-3
5.33200000E-5,-4.27302466E-3
5.33600000E-5,-4.23170626E-3
5.34000000E-5,-4.14272629E-3
5.34400000E-5,-4.17196689E-3
5.34800000E-5,-4.14236520E-3
5.35200000E-5,-4.18871436E-3
5.35600000E-5,-4.24704238E-3
5.36000000E-5,-4.01560693E-3
5.36400000E-5,-4.17438172E-3
5.36800000E-5,-4.06654996E-3
5.37200000E-5,-4.06134652E-3
5.37600000E-5,-4.10401682E-3
5.38000000E-5,-4.33268823E-3
5.38400000E-5,-4.09704009E-3
5.38800000E-5,-4.33414264E-3
5.39200000E-5,-4.24745989E-3
5.39600000E-5,-4.03569897E-3
5.40000000E-5,-3.94169663E-3
5.40400000E-5,-4.02660239E-3
5.40800000E-5,-4.15669234E-3
5.41200000E-5,-4.31345371E-3
5.41600000E-5,-3.93622158E-3
5.42000000E-5,-3.96273454E-3
5.42400000E-5,-4.14521661E-3
5.42800000E-5,-4.11278708E-3
5.43200000E-5,-4.10992816E-3
5.43600000E-5,-4.13001832E-3
5.44000000E-5,-4.27294452E-3
5.44400000E-5,-3.95369163E-3
5.44800000E-5,-4.03494486E-3
5.45200000E-5,-4.24084161E-3
5.45600000E-5,-4.23200174E-3
5.46000000E-5,-4.01692872E-3
5.46400000E-5,-4.11358934E-3
5.46800000E-5,-4.30599115E-3
5.47200000E-5,-4.09452561E-3
5.47600000E-5,-3.93968159E-3
5.48000000E-5,-4.13491414E-3
5.48400000E-5,-4.38803010E-3
5.48800000E-5,-4.15026669E-3
5.49200000E-5,-3.90436598E-3
5.49600000E-5,-4.35457068E-3
5.50000000E-5,-4.08292979E-3
5.50400000E-5,-3.88756312E-3
5.50800000E-5,-4.09732634E-3
5.51200000E-5,-4.17777286E-3
5.51600000E-5,-4.26327988E-3
5.52000000E-5,-3.93692741E-3
5.52400000E-5,-4.05650256E-3
5.52800000E-5,-4.24920841E-3
5.53200000E-5,-4.29956512E-3
5.53600000E-5,-3.92861092E-3
5.54000000E-5,-4.15631812E-3
5.54400000E-5,-3.98949875E-3
5.54800000E-5,-4.08232006E-3
5.55200000E-5,-4.37040863E-3
5.55600000E-5,-4.45158584E-3
5.56000000E-5,-4.14322974E-3
5.56400000E-5,-4.20764353E-3
5.56800000E-5,-4.12850748E-3
5.57200000E-5,-4.00583357E-3
5.57600000E-5,-4.28525268E-3
5.58000000E-5,-4.08790861E-3
5.58400000E-5,-4.18965611E-3
5.58800000E-5,-4.28214526E-3
5.59200000E-5,-4.11081797E-3
5.59600000E-5,-4.21937122E-3
5.60000000E-5,-4.22026596E-3
5.60400000E-5,-4.18858048E-3
5.60800000E-5,-3.98732049E-3
5.61200000E-5,-4.39201207E-3
5.61600000E-5,-4.15175177E-3
5.62000000E-5,-4.06156489E-3
5.62400000E-5,-4.41892296E-3
5.62800000E-5,-4.32719207E-3
5.63200000E-5,-4.20839614E-3
5.63600000E-5,-4.24121485E-3
5.64000000E-5,-4.10268874E-3
5.64400000E-5,-4.43159980E-3
5.64800000E-5,-4.37339545E-3
5.65200000E-5,-4.34817707E-3
5.65600000E-5,-3.95607950E-3
5.66000000E-5,-4.09240584E-3
5.66400000E-5,-4.22914920E-3
5.66800000E-5,-4.10151318E-3
5.67200000E-5,-4.47477643E-3
5.67600000E-5,-4.22762813E-3
5.68000000E-5,-4.29546200E-3
5.68400000E-5,-4.17507837E-3
5.68800000E-5,-4.30700865E-3
5.69200000E-5,-4.25985573E-3
5.69600000E-5,-4.17036578E-3
5.70000000E-5,-4.23172175E-3
5.70400000E-5,-4.16340405E-3
5.70800000E-5,-4.26179166E-3
5.71200000E-5,-4.03835118E-3
5.71600000E-5,-4.17827789E-3
5.72000000E-5,-4.24270868E-3
5.72400000E-5,-4.03198545E-3
5.72800000E-5,-4.32566280E-3
5.73200000E-5,-4.46171652E-3
5.73600000E-5,-4.32140446E-3
5.74000000E-5,-4.03769836E-3
5.74400000E-5,-4.14155811E-3
5.74800000E-5,-4.18235727E-3
5.75200000E-5,-4.01032721E-3
5.75600000E-5,-4.07977952E-3
5.76000000E-5,-4.27774049E-3
5.76400000E-5,-4.22881454E-3
5.76800000E-5,-4.32818278E-3
5.77200000E-5,-4.10281215E-3
5.77600000E-5,-4.36303345E-3
5.78000000E-5,-3.90856313E-3
5.78400000E-5,-3.95325994E-3
5.78800000E-5,-4.14095175E-3
5.79200000E-5,-4.03398562E-3
5.79600000E-5,-4.32103191E-3
5.80000000E-5,-4.02301362E-3
5.80400000E-5,-4.16704556E-3
5.80800000E-5,-4.10407334E-3
5.81200000E-5,-4.11965488E-3
5.81600000E-5,-4.38656740E-3
5.82000000E-5,-4.33090427E-3
5.82400000E-5,-4.28295399E-3
5.82800000E-5,-4.41494848E-3
5.83200000E-5,-4.21084739E-3
5.83600000E-5,-4.18432544E-3
5.84000000E-5,-4.12612640E-3
5.84400000E-5,-4.02440771E-3
5.84800000E-5,-4.18016530E-3
5.85200000E-5,-4.38369769E-3
5.85600000E-5,-4.07368152E-3
5.86000000E-5,-4.03860443E-3
5.86400000E-5,-4.26268358E-3
5.86800000E-5,-4.25536042E-3
5.87200000E-5,-4.14417542E-3
5.87600000E-5,-4.02199742E-3
5.88000000E-5,-4.12883264E-3
5.88400000E-5,-3.91572995E-3
5.88800000E-5,-4.04073755E-3
5.89200000E-5,-4.10924253E-3
5.89600000E-5,-3.92034518E-3
5.90000000E-5,-4.17428911E-3
5.90400000E-5,-4.23298258E-3
5.90800000E-5,-4.20183597E-3
5.91200000E-5,-4.01973771E-3
5.91600000E-5,-4.03962345E-3
5.92000000E-5,-4.21191225E-3
5.92400000E-5,-4.21763210E-3
5.92800000E-5,-4.00647516E-3
5.93200000E-5,-4.49603115E-3
5.93600000E-5,-4.33867123E-3
5.94000000E-5,-4.19694017E-3
5.94400000E-5,-4.16760991E-3
5.94800000E-5,-4.10925137E-3
5.95200000E-5,-4.22163406E-3
5.95600000E-5,-4.02142159E-3
5.96000000E-5,-4.14612664E-3
5.96400000E-5,-3.92308569E-3
5.96800000E-5,-3.68255313E-3
5.97200000E-5,-4.14120205E-3
5.97600000E-5,-4.00001255E-3
5.98000000E-5,-4.16017111E-3
5.98400000E-5,-4.03150116E-3
5.98800000E-5,-4.01560979E-3
5.99200000E-5,-4.25719422E-3
5.99600000E-5,-4.41585705E-3
6.00000000E-5,-4.12607792E-3
6.00400000E-5,-3.98344136E-3
6.00800000E-5,-4.10667965E-3
6.01200000E-5,-4.37877076E-3
6.01600000E-5,-4.11162590E-3
6.02000000E-5,-4.21850760E-3
6.02400000E-5,-4.09476231E-3
6.02800000E-5,-4.25657393E-3
6.03200000E-5,-4.31360263E-3
6.03600000E-5,-4.00821745E-3
6.04000000E-5,-4.05895381E-3
6.04400000E-5,-4.03163734E-3
6.04800000E-5,-4.12126412E-3
6.05200000E-5,-4.12352883E-3
6.05600000E-5,-3.95912988E-3
6.06000000E-5,-4.30937917E-3
6.06400000E-5,-3.95093267E-3
6.06800000E-5,-4.14293433E-3
6.07200000E-5,-3.96391949E-3
6.07600000E-5,-4.35225957E-3
6.08000000E-5,-4.25818872E-3
6.08400000E-5,-3.91788083E-3
6.08800000E-5,-4.29928584E-3
6.09200000E-5,-4.31668164E-3
6.09600000E-5,-4.32382090E-3
6.10000000E-5,-4.17784065E-3
6.10400000E-5,-4.18585751E-3
6.10800000E-5,-4.23662766E-3
6.11200000E-5,-4.31592960E-3
6.11600000E-5,-3.97562070E-3
6.12000000E-5,-4.48942918E-3
6.12400000E-5,-4.06846467E-3
6.12800000E-5,-4.05206713E-3
6.13200000E-5,-4.33049997E-3
6.13600000E-5,-4.31987159E-3
6.14000000E-5,-4.24623004E-3
6.14400000E-5,-4.35034853E-3
6.14800000E-5,-4.01548992E-3
6.15200000E-5,-4.09737753E-3
6.15600000E-5,-4.27946360E-3
6.16000000E-5,-4.03699341E-3
6.16400000E-5,-4.04731105E-3
6.16800000E-5,-4.18225065E-3
6.17200000E-5,-4.27194509E-3
6.17600000E-5,-4.19291491E-3
6.18000000E-5,-4.07661146E-3
6.18400000E-5,-4.08436656E-3
6.18800000E-5,-4.17457187E-3
6.19200000E-5,-4.15049088E-3
6.19600000E-5,-4.20351853E-3
6.20000000E-5,-4.34832821E-3
6.20400000E-5,-4.20569514E-3
6.20800000E-5,-3.98567513E-3
6.21200000E-5,-4.12790218E-3
6.21600000E-5,-4.12046794E-3
6.22000000E-5,-4.25397198E-3
6.22400000E-5,-4.21314009E-3
6.22800000E-5,-3.99938859E-3
6.23200000E-5,-4.05622820E-3
6.23600000E-5,-4.23304201E-3
6.24000000E-5,-4.31055675E-3
6.24400000E-5,-4.17209932E-3
6.24800000E-5,-4.01520879E-3
6.25200000E-5,-4.16026752E-3
6.25600000E-5,-4.00235794E-3
6.26000000E-5,-4.16042879E-3
6.26400000E-5,-4.09069462E-3
6.26800000E-5,-4.23501179E-3
6.27200000E-5,-4.27978793E-3
6.27600000E-5,-4.22857876E-3
6.28000000E-5,-4.20670536E-3
6.28400000E-5,-4.18263310E-3
6.28800000E-5,-4.21731643E-3
6.29200000E-5,-4.02669585E-3
6.29600000E-5,-4.33016135E-3
6.30000000E-5,-4.24617998E-3
6.30400000E-5,-4.08325570E-3
6.30800000E-5,-4.10069683E-3
6.31200000E-5,-4.07272092E-3
6.31600000E-5,-4.12509457E-3
6.32000000E-5,-4.10565204E-3
6.32400000E-5,-3.98517981E-3
6.32800000E-5,-4.18720659E-3
6.33200000E-5,-4.11864867E-3
6.33600000E-5,-4.12585403E-3
6.34000000E-5,-4.35963010E-3
6.34400000E-5,-4.62241445E-3
6.34800000E-5,-3.94184062E-3
6.35200000E-5,-4.34932289E-3
6.35600000E-5,-3.98511515E-3
6.36000000E-5,-4.35359024E-3
6.36400000E-5,-3.98218718E-3
6.36800000E-5,-4.50145106E-3
6.37200000E-5,-4.10816759E-3
6.37600000E-5,-3.95920299E-3
6.38000000E-5,-4.35154031E-3
6.38400000E-5,-4.33734344E-3
6.38800000E-5,-4.06280095E-3
6.39200000E-5,-4.54195092E-3
6.39600000E-5,-4.42911815E-3
6.40000000E-5,-4.02507171E-3
6.40400000E-5,-4.17994020E-3
6.40800000E-5,-4.31701826E-3
6.41200000E-5,-4.42139555E-3
6.41600000E-5,-4.16658261E-3
6.42000000E-5,-3.91956849E-3
6.42400000E-5,-3.86484802E-3
6.42800000E-5,-3.92117090E-3
6.43200000E-5,-4.08385109E-3
6.43600000E-5,-4.22779513E-3
6.44000000E-5,-4.27999401E-3
6.44400000E-5,-4.21605055E-3
6.44800000E-5,-4.34849675E-3
6.45200000E-5,-4.15483205E-3
6.45600000E-5,-4.28516561E-3
6.46000000E-5,-4.12039455E-3
6.46400000E-5,-4.27347986E-3
6.46800000E-5,-4.28840129E-3
6.47200000E-5,-4.36519274E-3
6.47600000E-5,-4.25272178E-3
6.48000000E-5,-3.87114802E-3
6.48400000E-5,-3.94410047E-3
6.48800000E-5,-4.19876251E-3
6.49200000E-5,-4.19088128E-3
6.49600000E-5,-4.12587895E-3
6.50000000E-5,-4.21321433E-3
6.50400000E-5,-3.80751482E-3
6.50800000E-5,-4.01539563E-3
6.51200000E-5,-4.24185980E-3
6.51600000E-5,-4.04457951E-3
6.52000000E-5,-4.22743780E-3
6.52400000E-5,-4.29617466E-3
6.52800000E-5,-4.35579278E-3
6.53200000E-5,-4.55077202E-3
6.53600000E-5,-4.22241741E-3
6.54000000E-5,-4.06961069E-3
6.54400000E-5,-3.84073812E-3
6.54800000E-5,-3.90276648E-3
6.55200000E-5,-4.27982673E-3
6.55600000E-5,-4.16030717E-3
6.56000000E-5,-4.28389014E-3
6.56400000E-5,-4.17633641E-3
6.56800000E-5,-4.33540340E-3
6.57200000E-5,-4.30104331E-3
6.57600000E-5,-4.19403498E-3
6.58000000E-5,-4.11142754E-3
6.58400000E-5,-4.19923198E-3
6.58800000E-5,-4.12548459E-3
6.59200000E-5,-4.05728805E-3
6.59600000E-5,-4.40289324E-3
6.60000000E-5,-4.21428199E-3
6.60400000E-5,-4.52049475E-3
6.60800000E-5,-4.23123622E-3
6.61200000E-5,-3.92950551E-3
6.61600000E-5,-4.12979954E-3
6.62000000E-5,-4.37149820E-3
6.62400000E-5,-4.23449259E-3
6.62800000E-5,-3.85428367E-3
6.63200000E-5,-4.22716302E-3
6.63600000E-5,-4.06182689E-3
6.64000000E-5,-4.09879209E-3
6.64400000E-5,-4.07348504E-3
6.64800000E-5,-4.40597975E-3
6.65200000E-5,-4.54818646E-3
6.65600000E-5,-4.09454153E-3
6.66000000E-5,-3.99720952E-3
6.66400000E-5,-4.01870582E-3
6.66800000E-5,-4.04249220E-3
6.67200000E-5,-4.13014781E-3
6.67600000E-5,-4.14825413E-3
6.68000000E-5,-4.17893540E-3
6.68400000E-5,-4.32037213E-3
6.68800000E-5,-4.18409763E-3
6.69200000E-5,-4.33160949E-3
6.69600000E-5,-3.88486987E-3
6.70000000E-5,-4.35820495E-3
6.70400000E-5,-4.13488391E-3
6.70800000E-5,-4.24228714E-3
6.71200000E-5,-4.23037135E-3
6.71600000E-5,-4.24586910E-3
6.72000000E-5,-4.13808637E-3
6.72400000E-5,-4.09694575E-3
6.72800000E-5,-4.22188835E-3
6.73200000E-5,-3.83969191E-3
6.73600000E-5,-4.15028195E-3
6.74000000E-5,-4.01271968E-3
6.74400000E-5,-4.30973719E-3
6.74800000E-5,-4.15048628E-3
6.75200000E-5,-4.19550019E-3
6.75600000E-5,-4.08577335E-3
6.76000000E-5,-4.38118084E-3
6.76400000E-5,-4.06594795E-3
6.76800000E-5,-4.11384435E-3
6.77200000E-5,-4.17575686E-3
6.77600000E-5,-4.14421792E-3
6.78000000E-5,-4.26666388E-3
6.78400000E-5,-4.12038864E-3
6.78800000E-5,-4.21280300E-3
6.79200000E-5,-4.27642833E-3
6.79600000E-5,-4.08074785E-3
6.80000000E-5,-4.06812657E-3
6.80400000E-5,-4.32502087E-3
6.80800000E-5,-4.33596496E-3
6.81200000E-5,-4.37023928E-3
6.81600000E-5,-4.26094995E-3
6.82000000E-5,-4.22166363E-3
6.82400000E-5,-4.39750270E-3
6.82800000E-5,-4.12293698E-3
6.83200000E-5,-4.23655588E-3
6.83600000E-5,-4.15559653E-3
6.84000000E-5,-4.04587687E-3
6.84400000E-5,-3.98587468E-3
6.84800000E-5,-4.33218312E-3
6.85200000E-5,-4.27205937E-3
6.85600000E-5,-4.14329017E-3
6.86000000E-5,-4.29067324E-3
6.86400000E-5,-4.21482679E-3
6.86800000E-5,-4.18750808E-3
6.87200000E-5,-4.13985676E-3
6.87600000E-5,-4.22297065E-3
6.88000000E-5,-4.00678096E-3
6.88400000E-5,-3.95432602E-3
6.88800000E-5,-4.41380693E-3
6.89200000E-5,-4.05453191E-3
6.89600000E-5,-4.01255666E-3
6.90000000E-5,-4.39952321E-3
6.90400000E-5,-4.39105646E-3
6.90800000E-5,-3.99729125E-3
6.91200000E-5,-3.97297620E-3
6.91600000E-5,-4.26402865E-3
6.92000000E-5,-4.37625271E-3
6.92400000E-5,-4.23480445E-3
6.92800000E-5,-4.22298147E-3
6.93200000E-5,-4.02496417E-3
6.93600000E-5,-4.26464825E-3
6.94000000E-5,-4.28959170E-3
6.94400000E-5,-4.23982420E-3
6.94800000E-5,-4.34234277E-3
6.95200000E-5,-4.30119166E-3
6.95600000E-5,-4.35631160E-3
6.96000000E-5,-4.17321029E-3
6.96400000E-5,-4.39146476E-3
6.96800000E-5,-4.25260719E-3
6.97200000E-5,-4.14860889E-3
6.97600000E-5,-4.25474752E-3
6.98000000E-5,-4.24730756E-3
6.98400000E-5,-4.21482716E-3
6.98800000E-5,-4.32822037E-3
6.99200000E-5,-4.11542507E-3
6.99600000E-5,-4.42291731E-3
7.00000000E-5,-4.30411912E-3
7.00400000E-5,-4.24731857E-3
7.00800000E-5,-4.39930160E-3
7.01200000E-5,-4.26398086E-3
7.01600000E-5,-4.23774310E-3
7.02000000E-5,-4.28570778E-3
7.02400000E-5,-4.30582103E-3
7.02800000E-5,-4.28712535E-3
7.03200000E-5,-4.36460531E-3
7.03600000E-5,-4.19558734E-3
7.04000000E-5,-4.37615395E-3
7.04400000E-5,-4.02027591E-3
7.04800000E-5,-4.06503506E-3
7.05200000E-5,-4.15669775E-3
7.05600000E-5,-4.24579141E-3
7.06000000E-5,-4.07560275E-3
7.06400000E-5,-4.34240989E-3
7.06800000E-5,-4.06646976E-3
7.07200000E-5,-4.20083064E-3
7.07600000E-5,-4.30469559E-3
7.08000000E-5,-4.28771173E-3
7.08400000E-5,-4.14591608E-3
7.08800000E-5,-4.24912103E-3
7.09200000E-5,-3.99048919E-3
7.09600000E-5,-4.15188274E-3
7.10000000E-5,-4.35518104E-3
7.10400000E-5,-4.43730636E-3
7.10800000E-5,-4.61741098E-3
7.11200000E-5,-3.98312200E-3
7.11600000E-5,-4.16765380E-3
7.12000000E-5,-4.25198948E-3
7.12400000E-5,-4.53187523E-3
7.12800000E-5,-4.17737609E-3
7.13200000E-5,-4.17740281E-3
7.13600000E-5,-4.40288314E-3
7.14000000E-5,-4.21209799E-3
7.14400000E-5,-4.47783187E-3
7.14800000E-5,-4.45970571E-3
7.15200000E-5,-4.15318334E-3
7.15600000E-5,-4.27060642E-3
7.16000000E-5,-4.10771189E-3
7.16400000E-5,-4.20999413E-3
7.16800000E-5,-4.21809825E-3
7.17200000E-5,-4.05676295E-3
7.17600000E-5,-4.05887375E-3
7.18000000E-5,-4.40460286E-3
7.18400000E-5,-4.14522232E-3
7.18800000E-5,-4.13584547E-3
7.19200000E-5,-4.10073975E-3
7.19600000E-5,-4.14804612E-3
7.20000000E-5,-4.33062538E-3
7.20400000E-5,-3.98077708E-3
7.20800000E-5,-4.31757933E-3
7.21200000E-5,-3.98016546E-3
7.21600000E-5,-4.24113085E-3
7.22000000E-5,-4.33875507E-3
7.22400000E-5,-4.29147244E-3
7.22800000E-5,-3.98440148E-3
7.23200000E-5,-4.10753589E-3
7.23600000E-5,-4.24665003E-3
7.24000000E-5,-4.22139900E-3
7.24400000E-5,-4.39458948E-3
7.24800000E-5,-4.24811199E-3
7.25200000E-5,-4.05522146E-3
7.25600000E-5,-4.28482069E-3
7.26000000E-5,-4.36593828E-3
7.26400000E-5,-4.37403287E-3
7.26800000E-5,-4.07759042E-3
7.27200000E-5,-4.45166019E-3
7.27600000E-5,-4.26919128E-3
7.28000000E-5,-4.13816348E-3
7.28400000E-5,-4.34515276E-3
7.28800000E-5,-4.13463694E-3
7.29200000E-5,-3.98060678E-3
7.29600000E-5,-4.21148273E-3
7.30000000E-5,-4.19567693E-3
7.30400000E-5,-4.13023857E-3
7.30800000E-5,-4.22245262E-3
7.31200000E-5,-4.44201861E-3
7.31600000E-5,-4.09528755E-3
7.32000000E-5,-4.23359243E-3
7.32400000E-5,-4.27962262E-3
7.32800000E-5,-4.06836104E-3
7.33200000E-5,-4.08783037E-3
7.33600000E-5,-4.22094278E-3
7.34000000E-5,-4.58198064E-3
7.34400000E-5,-4.08641321E-3
7.34800000E-5,-4.58721882E-3
7.35200000E-5,-4.16332772E-3
7.35600000E-5,-4.08628940E-3
7.36000000E-5,-4.22891271E-3
7.36400000E-5,-4.24409020E-3
7.36800000E-5,-4.31032364E-3
7.37200000E-5,-4.26608833E-3
7.37600000E-5,-4.05676603E-3
7.38000000E-5,-3.90593120E-3
7.38400000E-5,-4.09165645E-3
7.38800000E-5,-4.14083847E-3
7.39200000E-5,-4.23264436E-3
7.39600000E-5,-4.17578160E-3
7.40000000E-5,-4.12196197E-3
7.40400000E-5,-4.17833838E-3
7.40800000E-5,-4.45172323E-3
7.41200000E-5,-4.18366017E-3
7.41600000E-5,-4.33301993E-3
7.42000000E-5,-4.28415197E-3
7.42400000E-5,-4.10602979E-3
7.42800000E-5,-4.50898906E-3
7.43200000E-5,-4.19589625E-3
7.43600000E-5,-4.46660429E-3
7.44000000E-5,-4.29408143E-3
7.44400000E-5,-4.33535186E-3
7.44800000E-5,-4.31072637E-3
7.45200000E-5,-4.40207199E-3
7.45600000E-5,-4.22770125E-3
7.46000000E-5,-4.24915947E-3
7.46400000E-5,-4.00920391E-3
7.46800000E-5,-4.00586463E-3
7.47200000E-5,-4.30216917E-3
7.47600000E-5,-4.14450290E-3
7.48000000E-5,-4.25931869E-3
7.48400000E-5,-4.18573781E-3
7.48800000E-5,-4.10607354E-3
7.49200000E-5,-4.34001045E-3
7.49600000E-5,-4.24427361E-3
7.50000000E-5,-4.14340032E-3
7.50400000E-5,-4.26160488E-3
7.50800000E-5,-4.20095117E-3
7.51200000E-5,-4.10901261E-3
7.51600000E-5,-4.07356763E-3
7.52000000E-5,-4.14860498E-3
7.52400000E-5,-4.16526172E-3
7.52800000E-5,-4.19824955E-3
7.53200000E-5,-4.35977311E-3
7.53600000E-5,-4.15073296E-3
7.54000000E-5,-4.22939233E-3
7.54400000E-5,-4.30417657E-3
7.54800000E-5,-4.16455128E-3
7.55200000E-5,-4.38408820E-3
7.55600000E-5,-4.20916384E-3
7.56000000E-5,-4.21888380E-3
7.56400000E-5,-3.90875956E-3
7.56800000E-5,-4.26082791E-3
7.57200000E-5,-4.12556037E-3
7.57600000E-5,-4.39689488E-3
7.58000000E-5,-4.62369698E-3
7.58400000E-5,-4.28343047E-3
7.58800000E-5,-4.16829588E-3
7.59200000E-5,-4.13682264E-3
7.59600000E-5,-4.21613407E-3
7.60000000E-5,-4.42216983E-3
7.60400000E-5,-4.32828901E-3
7.60800000E-5,-4.09615693E-3
7.61200000E-5,-4.19984465E-3
7.61600000E-5,-4.32403412E-3
7.62000000E-5,-4.13448170E-3
7.62400000E-5,-4.07414458E-3
7.62800000E-5,-4.12188644E-3
7.63200000E-5,-4.08780832E-3
7.63600000E-5,-4.34438757E-3
7.64000000E-5,-4.44905168E-3
7.64400000E-5,-4.44332980E-3
7.64800000E-5,-4.11394374E-3
7.65200000E-5,-4.34802129E-3
7.65600000E-5,-4.28136699E-3
7.66000000E-5,-4.31922299E-3
7.66400000E-5,-4.53523863E-3
7.66800000E-5,-4.12456465E-3
7.67200000E-5,-4.23455897E-3
7.67600000E-5,-4.38089788E-3
7.68000000E-5,-4.36109261E-3
7.68400000E-5,-4.34126408E-3
7.68800000E-5,-4.44009855E-3
7.69200000E-5,-4.19146875E-3
7.69600000E-5,-4.44586884E-3
7.70000000E-5,-4.18322916E-3
7.70400000E-5,-4.36570358E-3
7.70800000E-5,-4.42170953E-3
7.71200000E-5,-4.08329400E-3
7.71600000E-5,-4.20806176E-3
7.72000000E-5,-4.07286779E-3
7.72400000E-5,-4.19320980E-3
7.72800000E-5,-4.11382432E-3
7.73200000E-5,-4.16335270E-3
7.73600000E-5,-4.24766869E-3
7.74000000E-5,-4.09584803E-3
7.74400000E-5,-4.23644952E-3
7.74800000E-5,-4.13232927E-3
7.75200000E-5,-4.19337819E-3
7.75600000E-5,-4.23115811E-3
7.76000000E-5,-4.18423808E-3
7.76400000E-5,-4.01598876E-3
7.76800000E-5,-4.01379989E-3
7.77200000E-5,-3.92501443E-3
7.77600000E-5,-4.35208756E-3
7.78000000E-5,-4.23841506E-3
7.78400000E-5,-4.29873743E-3
7.78800000E-5,-4.19443407E-3
7.79200000E-5,-4.51462189E-3
7.79600000E-5,-4.12256266E-3
7.80000000E-5,-4.31293442E-3
7.80400000E-5,-4.00552161E-3
7.80800000E-5,-4.15849877E-3
7.81200000E-5,-4.04905695E-3
7.81600000E-5,-4.42154967E-3
7.82000000E-5,-4.35786564E-3
7.82400000E-5,-4.11862715E-3
7.82800000E-5,-4.36653669E-3
7.83200000E-5,-4.27569771E-3
7.83600000E-5,-4.34950007E-3
7.84000000E-5,-4.05214706E-3
7.84400000E-5,-4.04749798E-3
7.84800000E-5,-4.22662689E-3
7.85200000E-5,-4.02614139E-3
7.85600000E-5,-4.39921410E-3
7.86000000E-5,-4.27845828E-3
7.86400000E-5,-4.25499368E-3
7.86800000E-5,-4.00103859E-3
7.87200000E-5,-4.26921206E-3
7.87600000E-5,-4.24360556E-3
7.88000000E-5,-4.33753578E-3
7.88400000E-5,-4.25640274E-3
7.88800000E-5,-3.91016780E-3
7.89200000E-5,-4.15167035E-3
7.89600000E-5,-4.24427384E-3
7.90000000E-5,-4.05865248E-3
7.90400000E-5,-3.99714754E-3
7.90800000E-5,-4.00848656E-3
7.91200000E-5,-4.27584020E-3
7.91600000E-5,-3.90906634E-3
7.92000000E-5,-4.17430439E-3
7.92400000E-5,-4.22815921E-3
7.92800000E-5,-3.94708575E-3
7.93200000E-5,-4.56836868E-3
7.93600000E-5,-4.20856400E-3
7.94000000E-5,-4.19301271E-3
7.94400000E-5,-4.22137412E-3
7.94800000E-5,-3.96603368E-3
7.95200000E-5,-4.09798311E-3
7.95600000E-5,-4.38861184E-3
7.96000000E-5,-4.17011236E-3
7.96400000E-5,-4.19055692E-3
7.96800000E-5,-4.24674612E-3
7.97200000E-5,-4.32569820E-3
7.97600000E-5,-4.11940601E-3
7.98000000E-5,-4.17109078E-3
7.98400000E-5,-4.28199289E-3
7.98800000E-5,-3.99191289E-3
7.99200000E-5,-4.23871797E-3
7.99600000E-5,-4.40884166E-3
8.00000000E-5,-4.10367224E-3
8.00400000E-5,-4.19176681E-3
8.00800000E-5,-4.43675759E-3
8.01200000E-5,-4.29294422E-3
8.01600000E-5,-4.29733521E-3
8.02000000E-5,-4.35944124E-3
8.02400000E-5,-4.32685989E-3
8.02800000E-5,-4.21912226E-3
8.03200000E-5,-4.04956565E-3
8.03600000E-5,-4.18030852E-3
8.04000000E-5,-4.17702733E-3
8.04400000E-5,-4.40687136E-3
8.04800000E-5,-4.18584278E-3
8.05200000E-5,-4.38610948E-3
8.05600000E-5,-4.32449957E-3
8.06000000E-5,-4.28263615E-3
8.06400000E-5,-4.20743009E-3
8.06800000E-5,-4.52874679E-3
8.07200000E-5,-4.27836734E-3
8.07600000E-5,-4.31589740E-3
8.08000000E-5,-4.26404535E-3
8.08400000E-5,-4.37204750E-3
8.08800000E-5,-4.29440947E-3
8.09200000E-5,-4.13426634E-3
8.09600000E-5,-4.17400709E-3
8.10000000E-5,-4.23237610E-3
8.10400000E-5,-4.20912277E-3
8.10800000E-5,-3.96486815E-3
8.11200000E-5,-4.12988443E-3
8.11600000E-5,-4.13307438E-3
8.12000000E-5,-4.19918475E-3
8.12400000E-5,-4.26705713E-3
8.12800000E-5,-3.99053401E-3
8.13200000E-5,-4.41195705E-3
8.13600000E-5,-4.16636531E-3
8.14000000E-5,-4.55111661E-3
8.14400000E-5,-4.24524518E-3
8.14800000E-5,-4.25717318E-3
8.15200000E-5,-4.24928406E-3
8.15600000E-5,-4.03746947E-3
8.16000000E-5,-4.16123614E-3
8.16400000E-5,-4.33184600E-3
8.16800000E-5,-4.07980559E-3
8.17200000E-5,-4.37506548E-3
8.17600000E-5,-4.07719341E-3
8.18000000E-5,-4.30045560E-3
8.18400000E-5,-4.49141107E-3
8.18800000E-5,-4.26917564E-3
8.19200000E-5,-4.38383310E-3
8.19600000E-5,-4.46702917E-3
8.20000000E-5,-4.08920174E-3
8.20400000E-5,-4.14154475E-3
8.20800000E-5,-4.27435327E-3
8.21200000E-5,-4.12697637E-3
8.21600000E-5,-4.03186277E-3
8.22000000E-5,-4.26244669E-3
8.22400000E-5,-4.10374636E-3
8.22800000E-5,-4.24828360E-3
8.23200000E-5,-4.17998077E-3
8.23600000E-5,-4.41363715E-3
8.24000000E-5,-4.12615134E-3
8.24400000E-5,-4.43831837E-3
8.24800000E-5,-4.25559924E-3
8.25200000E-5,-4.39947427E-3
8.25600000E-5,-4.12202469E-3
8.26000000E-5,-4.28267756E-3
8.26400000E-5,-4.25063101E-3
8.26800000E-5,-4.16304942E-3
8.27200000E-5,-4.15193559E-3
8.27600000E-5,-4.43624161E-3
8.28000000E-5,-4.28514999E-3
8.28400000E-5,-4.22355860E-3
8.28800000E-5,-4.32977678E-3
8.29200000E-5,-3.99111769E-3
8.29600000E-5,-4.19415694E-3
8.30000000E-5,-4.46304614E-3
8.30400000E-5,-4.31740960E-3
8.30800000E-5,-4.19690341E-3
8.31200000E-5,-4.09688823E-3
8.31600000E-5,-4.25527378E-3
8.32000000E-5,-4.09302651E-3
8.32400000E-5,-4.16807082E-3
8.32800000E-5,-4.33490438E-3
8.33200000E-5,-4.29626308E-3
8.33600000E-5,-4.13889151E-3
8.34000000E-5,-4.10398826E-3
8.34400000E-5,-4.20362387E-3
8.34800000E-5,-4.39785428E-3
8.35200000E-5,-4.27522762E-3
8.35600000E-5,-4.21329658E-3
8.36000000E-5,-4.12667379E-3
8.36400000E-5,-4.14877523E-3
8.36800000E-5,-4.38033488E-3
8.37200000E-5,-3.97360086E-3
8.37600000E-5,-4.29902383E-3
8.38000000E-5,-4.03456906E-3
8.38400000E-5,-4.16819904E-3
8.38800000E-5,-4.31568407E-3
8.39200000E-5,-4.20994820E-3
8.39600000E-5,-4.36715959E-3
8.40000000E-5,-4.00783343E-3
8.40400000E-5,-4.29306817E-3
8.40800000E-5,-4.27916397E-3
8.41200000E-5,-3.96398472E-3
8.41600000E-5,-4.43726046E-3
8.42000000E-5,-4.16799432E-3
8.42400000E-5,-4.29822145E-3
8.42800000E-5,-4.15259342E-3
8.43200000E-5,-4.37003250E-3
8.43600000E-5,-4.40738642E-3
8.44000000E-5,-4.36860906E-3
8.44400000E-5,-4.03336965E-3
8.44800000E-5,-4.12484525E-3
8.45200000E-5,-4.17614011E-3
8.45600000E-5,-4.12123064E-3
8.46000000E-5,-4.19678415E-3
8.46400000E-5,-4.20814516E-3
8.46800000E-5,-3.90317646E-3
8.47200000E-5,-4.11822192E-3
8.47600000E-5,-4.22086219E-3
8.48000000E-5,-4.51308497E-3
8.48400000E-5,-4.06489592E-3
8.48800000E-5,-4.33519494E-3
8.49200000E-5,-4.45454775E-3
8.49600000E-5,-4.25705504E-3
8.50000000E-5,-4.10950203E-3
8.50400000E-5,-4.40178359E-3
8.50800000E-5,-4.29318099E-3
8.51200000E-5,-4.20242196E-3
8.51600000E-5,-4.14426872E-3
8.52000000E-5,-3.95355288E-3
8.52400000E-5,-4.34808700E-3
8.52800000E-5,-4.34131511E-3
8.53200000E-5,-4.12949317E-3
8.53600000E-5,-4.18669643E-3
8.54000000E-5,-4.06964241E-3
8.54400000E-5,-4.46388186E-3
8.54800000E-5,-4.04596242E-3
8.55200000E-5,-4.29322605E-3
8.55600000E-5,-4.22027890E-3
8.56000000E-5,-4.12846831E-3
8.56400000E-5,-4.39746495E-3
8.56800000E-5,-4.42528785E-3
8.57200000E-5,-4.06767863E-3
8.57600000E-5,-4.40386810E-3
8.58000000E-5,-4.39384989E-3
8.58400000E-5,-3.96577350E-3
8.58800000E-5,-4.10298710E-3
8.59200000E-5,-4.33410169E-3
8.59600000E-5,-4.01522564E-3
8.60000000E-5,-4.23895757E-3
8.60400000E-5,-4.26149929E-3
8.60800000E-5,-4.11910552E-3
8.61200000E-5,-4.05197563E-3
8.61600000E-5,-4.16710787E-3
8.62000000E-5,-4.21719444E-3
8.62400000E-5,-3.97701736E-3
8.62800000E-5,-4.31142816E-3
8.63200000E-5,-4.09240685E-3
8.63600000E-5,-4.40487920E-3
8.64000000E-5,-4.02931191E-3
8.64400000E-5,-4.24223905E-3
8.64800000E-5,-3.89997233E-3
8.65200000E-5,-4.27889953E-3
8.65600000E-5,-4.20999116E-3
8.66000000E-5,-4.10407803E-3
8.66400000E-5,-4.41649798E-3
8.66800000E-5,-4.07598670E-3
8.67200000E-5,-4.24437199E-3
8.67600000E-5,-3.98157865E-3
8.68000000E-5,-4.32300925E-3
8.68400000E-5,-4.30459676E-3
8.68800000E-5,-4.16765684E-3
8.69200000E-5,-4.26124747E-3
8.69600000E-5,-4.27582497E-3
8.70000000E-5,-4.38300821E-3
8.70400000E-5,-4.11200723E-3
8.70800000E-5,-4.26701925E-3
8.71200000E-5,-3.87629055E-3
8.71600000E-5,-4.18699414E-3
8.72000000E-5,-4.14450099E-3
8.72400000E-5,-4.02344592E-3
8.72800000E-5,-4.13842597E-3
8.73200000E-5,-4.28151511E-3
8.73600000E-5,-4.53442779E-3
8.74000000E-5,-4.04044650E-3
8.74400000E-5,-4.24057235E-3
8.74800000E-5,-3.96972544E-3
8.75200000E-5,-4.37685150E-3
8.75600000E-5,-4.15988112E-3
8.76000000E-5,-4.27746643E-3
8.76400000E-5,-4.60408459E-3
8.76800000E-5,-4.29969096E-3
8.77200000E-5,-4.21548331E-3
8.77600000E-5,-4.44643557E-3
8.78000000E-5,-4.27233344E-3
8.78400000E-5,-4.40266928E-3
8.78800000E-5,-4.07226655E-3
8.79200000E-5,-4.45932021E-3
8.79600000E-5,-4.24385741E-3
8.80000000E-5,-4.29979208E-3
8.80400000E-5,-4.30234370E-3
8.80800000E-5,-4.27675749E-3
8.81200000E-5,-4.16342594E-3
8.81600000E-5,-4.05611096E-3
8.82000000E-5,-4.13060441E-3
8.82400000E-5,-4.17487286E-3
8.82800000E-5,-3.98047301E-3
8.83200000E-5,-4.20037059E-3
8.83600000E-5,-4.21921956E-3
8.84000000E-5,-3.90217145E-3
8.84400000E-5,-4.32237491E-3
8.84800000E-5,-4.29620329E-3
8.85200000E-5,-4.07016451E-3
8.85600000E-5,-4.06561109E-3
8.86000000E-5,-4.29094336E-3
8.86400000E-5,-4.27050751E-3
8.86800000E-5,-4.14302314E-3
8.87200000E-5,-4.35293377E-3
8.87600000E-5,-4.17760941E-3
8.88000000E-5,-4.24784436E-3
8.88400000E-5,-3.87791679E-3
8.88800000E-5,-4.39784040E-3
8.89200000E-5,-3.99272270E-3
8.89600000E-5,-4.14603882E-3
8.90000000E-5,-3.99248919E-3
8.90400000E-5,-4.29296357E-3
8.90800000E-5,-4.15927348E-3
8.91200000E-5,-4.50821266E-3
8.91600000E-5,-4.27437020E-3
8.92000000E-5,-3.98225181E-3
8.92400000E-5,-4.03779960E-3
8.92800000E-5,-4.40502048E-3
8.93200000E-5,-4.41860550E-3
8.93600000E-5,-4.38842163E-3
8.94000000E-5,-4.28516782E-3
8.94400000E-5,-4.12983056E-3
8.94800000E-5,-4.25854776E-3
8.95200000E-5,-4.09059036E-3
8.95600000E-5,-4.18302773E-3
8.96000000E-5,-4.25643711E-3
8.96400000E-5,-4.37782769E-3
8.96800000E-5,-4.21926037E-3
8.97200000E-5,-4.13571565E-3
8.97600000E-5,-4.39763222E-3
8.98000000E-5,-4.35734120E-3
8.98400000E-5,-4.09990378E-3
8.98800000E-5,-4.32997940E-3
8.99200000E-5,-3.99060579E-3
8.99600000E-5,-4.06093940E-3
9.00000000E-5,-4.37259329E-3
9.00400000E-5,-4.45664985E-3
9.00800000E-5,-4.08265570E-3
9.01200000E-5,-4.41223696E-3
9.01600000E-5,-4.46208626E-3
9.02000000E-5,-4.46516475E-3
9.02400000E-5,-4.15745919E-3
9.02800000E-5,-4.18310582E-3
9.03200000E-5,-4.23887042E-3
9.03600000E-5,-4.28677709E-3
9.04000000E-5,-4.47436228E-3
9.04400000E-5,-3.95645314E-3
9.04800000E-5,-4.36690659E-3
9.05200000E-5,-3.92843884E-3
9.05600000E-5,-4.01798437E-3
9.06000000E-5,-4.21319010E-3
9.06400000E-5,-4.22086763E-3
9.06800000E-5,-4.26848617E-3
9.07200000E-5,-4.23945661E-3
9.07600000E-5,-4.15678479E-3
9.08000000E-5,-4.21311686E-3
9.08400000E-5,-4.36956475E-3
9.08800000E-5,-4.44724095E-3
9.09200000E-5,-4.29725150E-3
9.09600000E-5,-4.16144206E-3
9.10000000E-5,-4.30406730E-3
9.10400000E-5,-4.39407857E-3
9.10800000E-5,-4.37397036E-3
9.11200000E-5,-4.25427260E-3
9.11600000E-5,-4.14298536E-3
9.12000000E-5,-4.11621823E-3
9.12400000E-5,-4.30045210E-3
9.12800000E-5,-4.11355378E-3
9.13200000E-5,-4.31514758E-3
9.13600000E-5,-4.20308436E-3
9.14000000E-5,-4.37946677E-3
9.14400000E-5,-4.31962918E-3
9.14800000E-5,-4.09270480E-3
9.15200000E-5,-4.22420264E-3
9.15600000E-5,-4.32114827E-3
9.16000000E-5,-4.18552664E-3
9.16400000E-5,-4.16063826E-3
9.16800000E-5,-4.17169689E-3
9.17200000E-5,-4.29791932E-3
9.17600000E-5,-4.29028297E-3
9.18000000E-5,-4.14984473E-3
9.18400000E-5,-3.89589847E-3
9.18800000E-5,-4.10929020E-3
9.19200000E-5,-4.27469731E-3
9.19600000E-5,-4.29200325E-3
9.20000000E-5,-4.23646667E-3
9.20400000E-5,-4.13916485E-3
9.20800000E-5,-4.36365037E-3
9.21200000E-5,-4.17607756E-3
9.21600000E-5,-4.14261606E-3
9.22000000E-5,-4.18814207E-3
9.22400000E-5,-4.16612576E-3
9.22800000E-5,-4.23539734E-3
9.23200000E-5,-4.16418065E-3
9.23600000E-5,-4.52279687E-3
9.24000000E-5,-4.02717760E-3
9.24400000E-5,-4.04909310E-3
9.24800000E-5,-4.19203689E-3
9.25200000E-5,-4.26505614E-3
9.25600000E-5,-3.86609199E-3
9.26000000E-5,-4.31963450E-3
9.26400000E-5,-4.34507249E-3
9.26800000E-5,-4.20894662E-3
9.27200000E-5,-4.10320541E-3
9.27600000E-5,-4.37171731E-3
9.28000000E-5,-4.19835577E-3
9.28400000E-5,-4.06261796E-3
9.28800000E-5,-4.18564090E-3
9.29200000E-5,-4.22652369E-3
9.29600000E-5,-3.95802854E-3
9.30000000E-5,-4.28633777E-3
9.30400000E-5,-4.20521652E-3
9.30800000E-5,-4.44313922E-3
9.31200000E-5,-4.20441335E-3
9.31600000E-5,-4.34661436E-3
9.32000000E-5,-4.27925347E-3
9.32400000E-5,-4.06647313E-3
9.32800000E-5,-4.26376611E-3
9.33200000E-5,-4.10320202E-3
9.33600000E-5,-4.14762304E-3
9.34000000E-5,-4.27038865E-3
9.34400000E-5,-4.16410819E-3
9.34800000E-5,-4.27882228E-3
9.35200000E-5,-4.00024318E-3
9.35600000E-5,-4.09733126E-3
9.36000000E-5,-4.06797138E-3
9.36400000E-5,-4.07191576E-3
9.36800000E-5,-4.33730467E-3
9.37200000E-5,-4.44984985E-3
9.37600000E-5,-4.07020842E-3
9.38000000E-5,-4.27177450E-3
9.38400000E-5,-4.26179937E-3
9.38800000E-5,-4.03414202E-3
9.39200000E-5,-4.29616175E-3
9.39600000E-5,-4.13403261E-3
9.40000000E-5,-4.09546191E-3
9.40400000E-5,-4.39276612E-3
9.40800000E-5,-4.35071917E-3
9.41200000E-5,-3.71762097E-3
9.41600000E-5,-4.02339837E-3
9.42000000E-5,-4.27535318E-3
9.42400000E-5,-4.40721921E-3
9.42800000E-5,-4.18340549E-3
9.43200000E-5,-4.07463346E-3
9.43600000E-5,-3.92140243E-3
9.44000000E-5,-4.06153951E-3
9.44400000E-5,-4.13053772E-3
9.44800000E-5,-4.44950180E-3
9.45200000E-5,-4.22056750E-3
9.45600000E-5,-4.12164011E-3
9.46000000E-5,-4.18567255E-3
9.46400000E-5,-4.54208479E-3
9.46800000E-5,-4.18270327E-3
9.47200000E-5,-4.32524942E-3
9.47600000E-5,-4.31293547E-3
9.48000000E-5,-4.11640105E-3
9.48400000E-5,-4.28760222E-3
9.48800000E-5,-4.07347318E-3
9.49200000E-5,-4.20240282E-3
9.49600000E-5,-4.37297538E-3
9.50000000E-5,-4.28727648E-3
9.50400000E-5,-4.21900347E-3
9.50800000E-5,-4.34832579E-3
9.51200000E-5,-4.17373261E-3
9.51600000E-5,-4.30361064E-3
9.52000000E-5,-4.20645108E-3
9.52400000E-5,-4.20799052E-3
9.52800000E-5,-4.04855374E-3
9.53200000E-5,-4.00528102E-3
9.53600000E-5,-3.90736954E-3
9.54000000E-5,-4.36801054E-3
9.54400000E-5,-4.45940514E-3
9.54800000E-5,-4.25491029E-3
9.55200000E-5,-4.16399245E-3
9.55600000E-5,-4.29680327E-3
9.56000000E-5,-3.97491281E-3
9.56400000E-5,-4.09775190E-3
9.56800000E-5,-4.27544113E-3
9.57200000E-5,-4.17197863E-3
9.57600000E-5,-4.04641091E-3
9.58000000E-5,-4.10008174E-3
9.58400000E-5,-4.12290621E-3
9.58800000E-5,-4.25582878E-3
9.59200000E-5,-4.09538371E-3
9.59600000E-5,-3.93991645E-3
9.60000000E-5,-4.13385479E-3
9.60400000E-5,-4.04629942E-3
9.60800000E-5,-4.09055739E-3
9.61200000E-5,-4.31884527E-3
9.61600000E-5,-3.90276539E-3
9.62000000E-5,-4.33343377E-3
9.62400000E-5,-4.41399910E-3
9.62800000E-5,-4.14538862E-3
9.63200000E-5,-4.31366027E-3
9.63600000E-5,-4.36966206E-3
9.64000000E-5,-4.03850074E-3
9.64400000E-5,-4.46085732E-3
9.64800000E-5,-4.29972369E-3
9.65200000E-5,-4.30194563E-3
9.65600000E-5,-4.10939817E-3
9.66000000E-5,-4.15318621E-3
9.66400000E-5,-4.27596171E-3
9.66800000E-5,-4.25793440E-3
9.67200000E-5,-4.16362033E-3
9.67600000E-5,-4.29757914E-3
9.68000000E-5,-4.07760281E-3
9.68400000E-5,-4.40826717E-3
9.68800000E-5,-4.03441194E-3
9.69200000E-5,-4.25411789E-3
9.69600000E-5,-4.13289057E-3
9.70000000E-5,-3.96614525E-3
9.70400000E-5,-4.20068220E-3
9.70800000E-5,-4.20989074E-3
9.71200000E-5,-3.98926100E-3
9.71600000E-5,-4.16641639E-3
9.72000000E-5,-4.08369250E-3
9.72400000E-5,-4.10182405E-3
9.72800000E-5,-4.20592418E-3
9.73200000E-5,-4.02309972E-3
9.73600000E-5,-4.36298680E-3
9.74000000E-5,-4.00410858E-3
9.74400000E-5,-4.14077407E-3
9.74800000E-5,-4.05829489E-3
9.75200000E-5,-4.09621603E-3
9.75600000E-5,-4.36906539E-3
9.76000000E-5,-4.23312985E-3
9.76400000E-5,-4.24049499E-3
9.76800000E-5,-4.02385905E-3
9.77200000E-5,-4.17225326E-3
9.77600000E-5,-4.33907166E-3
9.78000000E-5,-4.27696239E-3
9.78400000E-5,-3.82311520E-3
9.78800000E-5,-4.07293652E-3
9.79200000E-5,-3.91163037E-3
9.79600000E-5,-4.03407613E-3
9.80000000E-5,-3.90712783E-3
9.80400000E-5,-4.16275558E-3
9.80800000E-5,-4.11806691E-3
9.81200000E-5,-4.21626606E-3
9.81600000E-5,-4.21339557E-3
9.82000000E-5,-4.47853573E-3
9.82400000E-5,-3.97233805E-3
9.82800000E-5,-4.07167098E-3
9.83200000E-5,-4.07514756E-3
9.83600000E-5,-4.01784375E-3
9.84000000E-5,-4.10063461E-3
9.84400000E-5,-4.10007151E-3
9.84800000E-5,-4.15620080E-3
9.85200000E-5,-4.12413689E-3
9.85600000E-5,-3.92425688E-3
9.86000000E-5,-4.36606087E-3
9.86400000E-5,-4.20155882E-3
9.86800000E-5,-4.31914478E-3
9.87200000E-5,-4.05603813E-3
9.87600000E-5,-4.39579882E-3
9.88000000E-5,-4.06274903E-3
9.88400000E-5,-4.25292377E-3
9.88800000E-5,-4.12113035E-3
9.89200000E-5,-4.20806308E-3
9.89600000E-5,-4.14767596E-3
9.90000000E-5,-4.12405935E-3
9.90400000E-5,-4.24395325E-3
9.90800000E-5,-4.29619656E-3
9.91200000E-5,-4.30852774E-3
9.91600000E-5,-4.10355451E-3
9.92000000E-5,-4.25272880E-3
9.92400000E-5,-4.01532472E-3
9.92800000E-5,-4.03950243E-3
9.93200000E-5,-3.98506944E-3
9.93600000E-5,-4.31260222E-3
9.94000000E-5,-3.98453673E-3
9.94400000E-5,-4.04725259E-3
9.94800000E-5,-4.00052269E-3
9.95200000E-5,-4.20043911E-3
9.95600000E-5,-4.17262408E-3
9.96000000E-5,-4.14645828E-3
9.96400000E-5,-4.24926481E-3
9.96800000E-5,-4.27978044E-3
9.97200000E-5,-4.31164614E-3
9.97600000E-5,-4.42591458E-3
9.98000000E-5,-4.28851501E-3
9.98400000E-5,-4.08068386E-3
9.98800000E-5,-4.09289249E-3
9.99200000E-5,-4.33984768E-3
9.99600000E-5,-4.36178301E-3
1.00000000E-4,-4.27650916E-3
1.00040000E-4,-4.24432492E-3
1.00080000E-4,-4.20690102E-3
1.00120000E-4,-4.23546869E-3
1.00160000E-4,-4.10233499E-3
1.00200000E-4,-4.09932072E-3
1.00240000E-4,-4.22096981E-3
1.00280000E-4,-4.35269847E-3
1.00320000E-4,-4.11597987E-3
1.00360000E-4,-4.03808280E-3
1.00400000E-4,-4.08628701E-3
1.00440000E-4,-3.97382691E-3
1.00480000E-4,-3.86596774E-3
1.00520000E-4,-4.11550950E-3
1.00560000E-4,-3.67708211E-3
1.00600000E-4,-3.98463082E-3
1.00640000E-4,-3.90001313E-3
1.00680000E-4,-3.87856103E-3
1.00720000E-4,-3.72357427E-3
1.00760000E-4,-4.05113138E-3
1.00800000E-4,-4.02260093E-3
1.00840000E-4,-3.78995189E-3
1.00880000E-4,-3.84368535E-3
1.00920000E-4,-3.70419904E-3
1.00960000E-4,-3.67653241E-3
1.01000000E-4,-3.86897601E-3
1.01040000E-4,-3.68946264E-3
1.01080000E-4,-3.79311013E-3
1.01120000E-4,-3.69665124E-3
1.01160000E-4,-3.77588340E-3
1.01200000E-4,-3.74362048E-3
1.01240000E-4,-3.65161389E-3
1.01280000E-4,-3.81742890E-3
1.01320000E-4,-3.76576158E-3
1.01360000E-4,-3.53421346E-3
1.01400000E-4,-3.56368987E-3
1.01440000E-4,-3.49302662E-3
1.01480000E-4,-3.79314076E-3
1.01520000E-4,-3.67680297E-3
1.01560000E-4,-3.49735127E-3
1.01600000E-4,-3.47162080E-3
1.01640000E-4,-3.36758901E-3
1.01680000E-4,-3.41423421E-3
1.01720000E-4,-3.50477889E-3
1.01760000E-4,-3.54426452E-3
1.01800000E-4,-3.46247046E-3
1.01840000E-4,-3.23240545E-3
1.01880000E-4,-3.55929918E-3
1.01920000E-4,-3.39467053E-3
1.01960000E-4,-3.41730423E-3
1.02000000E-4,-3.44725933E-3
1.02040000E-4,-3.44081038E-3
1.02080000E-4,-3.59685749E-3
1.02120000E-4,-3.43073402E-3
1.02160000E-4,-3.22204274E-3
1.02200000E-4,-3.32869341E-3
1.02240000E-4,-3.23212160E-3
1.02280000E-4,-3.42280729E-3
1.02320000E-4,-3.14828743E-3
1.02360000E-4,-3.33734930E-3
1.02400000E-4,-3.43496974E-3
1.02440000E-4,-3.40266221E-3
1.02480000E-4,-3.19526239E-3
1.02520000E-4,-3.34926934E-3
1.02560000E-4,-3.09541686E-3
1.02600000E-4,-3.25051393E-3
1.02640000E-4,-3.15797598E-3
1.02680000E-4,-2.98287928E-3
1.02720000E-4,-3.09674869E-3
1.02760000E-4,-3.01238598E-3
1.02800000E-4,-3.08923511E-3
1.02840000E-4,-3.15065713E-3
1.02880000E-4,-3.17194921E-3
1.02920000E-4,-3.15537964E-3
1.02960000E-4,-3.07517146E-3
1.03000000E-4,-3.01378935E-3
1.03040000E-4,-3.33187612E-3
1.03080000E-4,-3.12602611E-3
1.03120000E-4,-2.96020763E-3
1.03160000E-4,-3.10320950E-3
1.03200000E-4,-3.08929303E-3
1.03240000E-4,-2.93234230E-3
1.03280000E-4,-2.97346001E-3
1.03320000E-4,-2.91323636E-3
1.03360000E-4,-2.89542801E-3
1.03400000E-4,-3.01958414E-3
1.03440000E-4,-2.99871107E-3
1.03480000E-4,-2.92591186E-3
1.03520000E-4,-2.79290605E-3
1.03560000E-4,-2.96674461E-3
1.03600000E-4,-2.83786173E-3
1.03640000E-4,-2.75882741E-3
1.03680000E-4,-2.71339044E-3
1.03720000E-4,-2.93741154E-3
1.03760000E-4,-2.89528028E-3
1.03800000E-4,-2.94247046E-3
1.03840000E-4,-2.91522121E-3
1.03880000E-4,-3.03187402E-3
1.03920000E-4,-2.65004794E-3
1.03960000E-4,-2.82617348E-3
1.04000000E-4,-2.69039231E-3
1.04040000E-4,-3.12788263E-3
1.04080000E-4,-2.78502240E-3
1.04120000E-4,-2.87101560E-3
1.04160000E-4,-2.62395751E-3
1.04200000E-4,-2.70605609E-3
1.04240000E-4,-2.85271304E-3
1.04280000E-4,-2.69526869E-3
1.04320000E-4,-2.74167841E-3
1.04360000E-4,-2.71755154E-3
1.04400000E-4,-2.66175941E-3
1.04440000E-4,-2.63216392E-3
1.04480000E-4,-2.45217088E-3
1.04520000E-4,-2.66693347E-3
1.04560000E-4,-2.43052020E-3
1.04600000E-4,-2.34031878E-3
1.04640000E-4,-2.55875599E-3
1.04680000E-4,-2.80547739E-3
1.04720000E-4,-2.61874215E-3
1.04760000E-4,-2.69762547E-3
1.04800000E-4,-2.39460621E-3
1.04840000E-4,-2.42899522E-3
1.04880000E-4,-2.56475682E-3
1.04920000E-4,-2.66480907E-3
1.04960000E-4,-2.75874606E-3
1.05000000E-4,-2.59836620E-3
1.05040000E-4,-2.38988127E-3
1.05080000E-4,-2.46653469E-3
1.05120000E-4,-2.28722940E-3
1.05160000E-4,-2.46705082E-3
1.05200000E-4,-2.44964455E-3
1.05240000E-4,-2.37183433E-3
1.05280000E-4,-2.32029384E-3
1.05320000E-4,-2.14515584E-3
1.05360000E-4,-2.57076591E-3
1.05400000E-4,-2.32258311E-3
1.05440000E-4,-2.40777451E-3
1.05480000E-4,-2.58240330E-3
1.05520000E-4,-2.29737740E-3
1.05560000E-4,-2.32478929E-3
1.05600000E-4,-2.55603643E-3
1.05640000E-4,-2.18712212E-3
1.05680000E-4,-2.27599059E-3
1.05720000E-4,-2.30868811E-3
1.05760000E-4,-2.25674248E-3
1.05800000E-4,-2.24893657E-3
1.05840000E-4,-2.23700331E-3
1.05880000E-4,-2.21677321E-3
1.05920000E-4,-2.22820931E-3
1.05960000E-4,-2.10537640E-3
1.06000000E-4,-2.61180193E-3
1.06040000E-4,-2.11934468E-3
1.06080000E-4,-2.36131272E-3
1.06120000E-4,-2.25534195E-3
1.06160000E-4,-2.13023026E-3
1.06200000E-4,-2.15815738E-3
1.06240000E-4,-2.16288127E-3
1.06280000E-4,-2.24351091E-3
1.06320000E-4,-2.34426180E-3
1.06360000E-4,-2.38465268E-3
1.06400000E-4,-2.37023615E-3
1.06440000E-4,-2.30253656E-3
1.06480000E-4,-2.04817277E-3
1.06520000E-4,-2.31805203E-3
1.06560000E-4,-2.19966736E-3
1.06600000E-4,-1.95253495E-3
1.06640000E-4,-2.18412749E-3
1.06680000E-4,-2.07694155E-3
1.06720000E-4,-2.12686045E-3
1.06760000E-4,-2.06752001E-3
1.06800000E-4,-2.28636313E-3
1.06840000E-4,-2.05765123E-3
1.06880000E-4,-2.18664156E-3
1.06920000E-4,-2.12931776E-3
1.06960000E-4,-2.25273457E-3
1.07000000E-4,-1.93703910E-3
1.07040000E-4,-2.07163234E-3
1.07080000E-4,-1.99408897E-3
1.07120000E-4,-2.00110886E-3
1.07160000E-4,-2.00980536E-3
1.07200000E-4,-1.80225335E-3
1.07240000E-4,-2.01070433E-3
1.07280000E-4,-1.72783490E-3
1.07320000E-4,-1.84936142E-3
1.07360000E-4,-1.97750947E-3
1.07400000E-4,-2.00046519E-3
1.07440000E-4,-1.95783184E-3
1.07480000E-4,-1.92225006E-3
1.07520000E-4,-2.02329218E-3
1.07560000E-4,-1.89905460E-3
1.07600000E-4,-2.12616349E-3
1.07640000E-4,-1.89542702E-3
1.07680000E-4,-1.87206492E-3
1.07720000E-4,-1.84254295E-3
1.07760000E-4,-1.90160556E-3
1.07800000E-4,-1.95268859E-3
1.07840000E-4,-1.80662583E-3
1.07880000E-4,-1.72678121E-3
1.07920000E-4,-1.86686584E-3
1.07960000E-4,-1.83378998E-3
1.08000000E-4,-1.81854164E-3
1.08040000E-4,-1.89449543E-3
1.08080000E-4,-1.87990544E-3
1.08120000E-4,-1.79325954E-3
1.08160000E-4,-1.69603692E-3
1.08200000E-4,-1.80226469E-3
1.08240000E-4,-1.80297458E-3
1.08280000E-4,-1.74918136E-3
1.08320000E-4,-1.81690928E-3
1.08360000E-4,-1.79844440E-3
1.08400000E-4,-1.64392646E-3
1.08440000E-4,-1.80411999E-3
1.08480000E-4,-1.88883770E-3
1.08520000E-4,-1.82665144E-3
1.08560000E-4,-1.65689339E-3
1.08600000E-4,-1.84268655E-3
1.08640000E-4,-1.65445424E-3
1.08680000E-4,-1.55397540E-3
1.08720000E-4,-1.68705721E-3
1.08760000E-4,-1.77287386E-3
1.08800000E-4,-1.60750561E-3
1.08840000E-4,-1.66743090E-3
1.08880000E-4,-1.77941911E-3
1.08920000E-4,-1.63856494E-3
1.08960000E-4,-1.55957030E-3
1.09000000E-4,-1.61864944E-3
1.09040000E-4,-1.54107584E-3
1.09080000E-4,-1.53247438E-3
1.09120000E-4,-1.57321293E-3
1.09160000E-4,-1.46157296E-3
1.09200000E-4,-1.53461672E-3
1.09240000E-4,-1.55856637E-3
1.09280000E-4,-1.69577011E-3
1.09320000E-4,-1.61228201E-3
1.09360000E-4,-1.64306170E-3
1.09400000E-4,-1.53628049E-3
1.09440000E-4,-1.63471931E-3
1.09480000E-4,-1.72789227E-3
1.09520000E-4,-1.62222303E-3
1.09560000E-4,-1.65092667E-3
1.09600000E-4,-1.55411571E-3
1.09640000E-4,-1.57373633E-3
1.09680000E-4,-1.53166677E-3
1.09720000E-4,-1.57839579E-3
1.09760000E-4,-1.45219624E-3
1.09800000E-4,-1.58197684E-3
1.09840000E-4,-1.68917120E-3
1.09880000E-4,-1.48716461E-3
1.09920000E-4,-1.45317809E-3
1.09960000E-4,-1.38819363E-3
1.10000000E-4,-1.47669669E-3
1.10040000E-4,-1.50574992E-3
1.10080000E-4,-1.34581412E-3
1.10120000E-4,-1.54105731E-3
1.10160000E-4,-1.41767044E-3
1.10200000E-4,-1.37730962E-3
1.10240000E-4,-1.44609473E-3
1.10280000E-4,-1.50672926E-3
1.10320000E-4,-1.48059609E-3
1.10360000E-4,-1.53982704E-3
1.10400000E-4,-1.40846567E-3
1.10440000E-4,-1.42707777E-3
1.10480000E-4,-1.47108877E-3
1.10520000E-4,-1.48988100E-3
1.10560000E-4,-1.40263549E-3
1.10600000E-4,-1.43955120E-3
1.10640000E-4,-1.49139949E-3
1.10680000E-4,-1.30238187E-3
1.10720000E-4,-1.43240921E-3
1.10760000E-4,-1.52029860E-3
1.10800000E-4,-1.29792874E-3
1.10840000E-4,-1.40026092E-3
1.10880000E-4,-1.49304539E-3
1.10920000E-4,-1.36771603E-3
1.10960000E-4,-1.37593598E-3
1.11000000E-4,-1.48896762E-3
1.11040000E-4,-1.32288257E-3
1.11080000E-4,-1.34174783E-3
1.11120000E-4,-1.28985365E-3
1.11160000E-4,-1.25268782E-3
1.11200000E-4,-1.38729861E-3
1.11240000E-4,-1.42211878E-3
1.11280000E-4,-1.42375193E-3
1.11320000E-4,-1.27618684E-3
1.11360000E-4,-1.39959136E-3
1.11400000E-4,-1.29944490E-3
1.11440000E-4,-1.26974903E-3
1.11480000E-4,-1.41238735E-3
1.11520000E-4,-1.32524436E-3
1.11560000E-4,-1.18759064E-3
1.11600000E-4,-1.27266724E-3
1.11640000E-4,-1.34413836E-3
1.11680000E-4,-1.33555105E-3
1.11720000E-4,-1.13852398E-3
1.11760000E-4,-1.29306247E-3
1.11800000E-4,-1.14825977E-3
1.11840000E-4,-1.30209217E-3
1.11880000E-4,-1.32818473E-3
1.11920000E-4,-1.35294441E-3
1.11960000E-4,-1.24606118E-3
1.12000000E-4,-1.12905970E-3
1.12040000E-4,-1.27470803E-3
1.12080000E-4,-1.19901935E-3
1.12120000E-4,-1.15686448E-3
1.12160000E-4,-1.03911888E-3
1.12200000E-4,-1.10946962E-3
1.12240000E-4,-1.16826561E-3
1.12280000E-4,-1.14913315E-3
1.12320000E-4,-1.29676110E-3
1.12360000E-4,-1.12861619E-3
1.12400000E-4,-1.19269756E-3
1.12440000E-4,-1.15089448E-3
1.12480000E-4,-9.65267232E-4
1.12520000E-4,-1.22629434E-3
1.12560000E-4,-1.23627668E-3
1.12600000E-4,-1.15537882E-3
1.12640000E-4,-1.20580519E-3
1.12680000E-4,-1.22259354E-3
1.12720000E-4,-1.07441991E-3
1.12760000E-4,-1.12818821E-3
1.12800000E-4,-9.65873741E-4
1.12840000E-4,-1.10556787E-3
1.12880000E-4,-1.23279639E-3
1.12920000E-4,-9.72945227E-4
1.12960000E-4,-1.10484516E-3
1.13000000E-4,-9.41629516E-4
1.13040000E-4,-1.01156595E-3
1.13080000E-4,-1.10754380E-3
1.13120000E-4,-1.28338135E-3
1.13160000E-4,-1.08263127E-3
1.13200000E-4,-1.07347249E-3
1.13240000E-4,-1.04220680E-3
1.13280000E-4,-9.68272213E-4
1.13320000E-4,-1.01266853E-3
1.13360000E-4,-9.46446983E-4
1.13400000E-4,-1.08232548E-3
1.13440000E-4,-1.15305867E-3
1.13480000E-4,-1.07538465E-3
1.13520000E-4,-1.06313513E-3
1.13560000E-4,-1.03815783E-3
1.13600000E-4,-9.87997880E-4
1.13640000E-4,-9.13415537E-4
1.13680000E-4,-9.73420633E-4
1.13720000E-4,-9.12787428E-4
1.13760000E-4,-1.03441632E-3
1.13800000E-4,-1.15038746E-3
1.13840000E-4,-8.53252321E-4
1.13880000E-4,-9.71381859E-4
1.13920000E-4,-9.65442174E-4
1.13960000E-4,-9.07787227E-4
1.14000000E-4,-9.90277228E-4
1.14040000E-4,-1.16366561E-3
1.14080000E-4,-8.31229738E-4
1.14120000E-4,-9.92457862E-4
1.14160000E-4,-9.47802975E-4
1.14200000E-4,-8.89782789E-4
1.14240000E-4,-8.44283900E-4
1.14280000E-4,-9.74068293E-4
1.14320000E-4,-9.25587760E-4
1.14360000E-4,-9.42811453E-4
1.14400000E-4,-9.83605589E-4
1.14440000E-4,-9.42828390E-4
1.14480000E-4,-1.04936620E-3
1.14520000E-4,-1.04927048E-3
1.14560000E-4,-8.96892851E-4
1.14600000E-4,-8.14513667E-4
1.14640000E-4,-9.84547639E-4
1.14680000E-4,-7.84150668E-4
1.14720000E-4,-9.57621110E-4
1.14760000E-4,-9.86038489E-4
1.14800000E-4,-9.24106760E-4
1.14840000E-4,-9.46218197E-4
1.14880000E-4,-9.88830962E-4
1.14920000E-4,-8.26080593E-4
1.14960000E-4,-8.13775180E-4
1.15000000E-4,-8.91672638E-4
1.15040000E-4,-9.11847639E-4
1.15080000E-4,-8.28844370E-4
1.15120000E-4,-8.37983203E-4
1.15160000E-4,-9.09774379E-4
1.15200000E-4,-8.94925107E-4
1.15240000E-4,-8.07718632E-4
1.15280000E-4,-8.97399052E-4
1.15320000E-4,-8.56551958E-4
1.15360000E-4,-8.34486012E-4
1.15400000E-4,-7.93963081E-4
1.15440000E-4,-9.19086561E-4
1.15480000E-4,-7.98565943E-4
1.15520000E-4,-8.34981074E-4
1.15560000E-4,-9.04915198E-4
1.15600000E-4,-9.11406164E-4
1.15640000E-4,-7.93727886E-4
1.15680000E-4,-9.89706626E-4
1.15720000E-4,-8.60851370E-4
1.15760000E-4,-8.96851185E-4
1.15800000E-4,-8.35609736E-4
1.15840000E-4,-8.56588426E-4
1.15880000E-4,-8.56499229E-4
1.15920000E-4,-7.88403836E-4
1.15960000E-4,-7.64691858E-4
1.16000000E-4,-7.66736660E-4
1.16040000E-4,-7.95459968E-4
1.16080000E-4,-7.52758378E-4
1.16120000E-4,-7.83498393E-4
1.16160000E-4,-6.76574224E-4
1.16200000E-4,-7.61945628E-4
1.16240000E-4,-8.49485498E-4
1.16280000E-4,-7.82913705E-4
1.16320000E-4,-7.91877986E-4
1.16360000E-4,-8.13279403E-4
1.16400000E-4,-8.41445842E-4
1.16440000E-4,-7.33629577E-4
1.16480000E-4,-7.72151041E-4
1.16520000E-4,-8.41093802E-4
1.16560000E-4,-7.70779009E-4
1.16600000E-4,-6.37872086E-4
1.16640000E-4,-6.87589030E-4
1.16680000E-4,-7.54336366E-4
1.16720000E-4,-6.52094175E-4
1.16760000E-4,-7.50615681E-4
1.16800000E-4,-7.54596528E-4
1.16840000E-4,-5.93423870E-4
1.16880000E-4,-7.58966998E-4
1.16920000E-4,-7.10484844E-4
1.16960000E-4,-6.98940692E-4
1.17000000E-4,-7.80086899E-4
1.17040000E-4,-7.17538630E-4
1.17080000E-4,-6.91180901E-4
1.17120000E-4,-6.59199593E-4
1.17160000E-4,-6.79327835E-4
1.17200000E-4,-7.45698612E-4
1.17240000E-4,-7.50667695E-4
1.17280000E-4,-7.37938869E-4
1.17320000E-4,-7.43428743E-4
1.17360000E-4,-6.80675167E-4
1.17400000E-4,-6.70755313E-4
1.17440000E-4,-5.63274904E-4
1.17480000E-4,-6.55069305E-4
1.17520000E-4,-7.70130262E-4
1.17560000E-4,-6.26470337E-4
1.17600000E-4,-6.75923980E-4
1.17640000E-4,-7.40367697E-4
1.17680000E-4,-6.06593608E-4
1.17720000E-4,-6.91014037E-4
1.17760000E-4,-5.51620755E-4
1.17800000E-4,-6.72956689E-4
1.17840000E-4,-7.32717283E-4
1.17880000E-4,-6.29319382E-4
1.17920000E-4,-5.30589841E-4
1.17960000E-4,-6.12535647E-4
1.18000000E-4,-5.94321964E-4
1.18040000E-4,-6.90694212E-4
1.18080000E-4,-6.06657323E-4
1.18120000E-4,-5.83599422E-4
1.18160000E-4,-5.90337226E-4
1.18200000E-4,-5.80090634E-4
1.18240000E-4,-5.85900857E-4
1.18280000E-4,-5.58093686E-4
1.18320000E-4,-5.59418970E-4
1.18360000E-4,-5.77117926E-4
1.18400000E-4,-5.89577711E-4
1.18440000E-4,-6.36072274E-4
1.18480000E-4,-5.53516917E-4
1.18520000E-4,-6.44324085E-4
1.18560000E-4,-5.53040681E-4
1.18600000E-4,-6.23466291E-4
1.18640000E-4,-6.14861259E-4
1.18680000E-4,-6.09771537E-4
1.18720000E-4,-5.69127403E-4
1.18760000E-4,-6.22734928E-4
1.18800000E-4,-5.52725253E-4
1.18840000E-4,-5.67170597E-4
1.18880000E-4,-6.54550754E-4
1.18920000E-4,-5.73259589E-4
1.18960000E-4,-6.34489108E-4
1.19000000E-4,-6.12559480E-4
1.19040000E-4,-4.73271484E-4
1.19080000E-4,-5.69760166E-4
1.19120000E-4,-6.08790568E-4
1.19160000E-4,-6.43083478E-4
1.19200000E-4,-5.51934085E-4
1.19240000E-4,-5.80451495E-4
1.19280000E-4,-5.86373698E-4
1.19320000E-4,-5.80273787E-4
1.19360000E-4,-5.66219097E-4
1.19400000E-4,-5.59025646E-4
1.19440000E-4,-5.04507429E-4
1.19480000E-4,-4.83738356E-4
1.19520000E-4,-4.37849500E-4
1.19560000E-4,-5.19987843E-4
1.19600000E-4,-4.67474879E-4
1.19640000E-4,-5.26372207E-4
1.19680000E-4,-6.69950450E-4
1.19720000E-4,-5.25745404E-4
1.19760000E-4,-5.70986468E-4
1.19800000E-4,-5.51524825E-4
1.19840000E-4,-5.86630952E-4
1.19880000E-4,-5.43575482E-4
1.19920000E-4,-6.35201035E-4
1.19960000E-4,-5.85168264E-4
1.20000000E-4,-4.79742470E-4
1.20040000E-4,-6.40533668E-4
1.20080000E-4,-5.29067720E-4
1.20120000E-4,-5.36275104E-4
1.20160000E-4,-4.74782400E-4
1.20200000E-4,-4.51800631E-4
1.20240000E-4,-4.86669016E-4
1.20280000E-4,-4.99489290E-4
1.20320000E-4,-4.51985720E-4
1.20360000E-4,-5.75558411E-4
1.20400000E-4,-4.09026561E-4
1.20440000E-4,-6.64853766E-4
1.20480000E-4,-4.57538098E-4
1.20520000E-4,-4.34906108E-4
1.20560000E-4,-5.12196324E-4
1.20600000E-4,-4.20376659E-4
1.20640000E-4,-4.07606883E-4
1.20680000E-4,-5.17741206E-4
1.20720000E-4,-4.74159393E-4
1.20760000E-4,-5.06051990E-4
1.20800000E-4,-5.04223234E-4
1.20840000E-4,-4.66495322E-4
1.20880000E-4,-5.31670116E-4
1.20920000E-4,-4.56717413E-4
1.20960000E-4,-4.37288606E-4
1.21000000E-4,-4.78575592E-4
1.21040000E-4,-4.18635498E-4
1.21080000E-4,-4.14746681E-4
1.21120000E-4,-4.70926685E-4
1.21160000E-4,-4.76929340E-4
1.21200000E-4,-4.96452390E-4
1.21240000E-4,-4.20562073E-4
1.21280000E-4,-4.97174340E-4
1.21320000E-4,-3.59095050E-4
1.21360000E-4,-4.77923364E-4
1.21400000E-4,-4.26094490E-4
1.21440000E-4,-3.59719736E-4
1.21480000E-4,-4.57762230E-4
1.21520000E-4,-4.23575665E-4
1.21560000E-4,-4.43616989E-4
1.21600000E-4,-4.00782866E-4
1.21640000E-4,-4.88664418E-4
1.21680000E-4,-4.58716925E-4
1.21720000E-4,-4.47499111E-4
1.21760000E-4,-4.35074698E-4
1.21800000E-4,-4.12286620E-4
1.21840000E-4,-4.09951043E-4
1.21880000E-4,-3.89501003E-4
1.21920000E-4,-4.62581795E-4
1.21960000E-4,-4.04970021E-4
1.22000000E-4,-4.33561894E-4
1.22040000E-4,-4.16371608E-4
1.22080000E-4,-3.61327554E-4
1.22120000E-4,-3.88205751E-4
1.22160000E-4,-4.19961096E-4
1.22200000E-4,-4.41832645E-4
1.22240000E-4,-4.94324752E-4
1.22280000E-4,-3.95923227E-4
1.22320000E-4,-3.88494238E-4
1.22360000E-4,-4.31311356E-4
1.22400000E-4,-4.34752080E-4
1.22440000E-4,-3.70976365E-4
1.22480000E-4,-4.21923977E-4
1.22520000E-4,-4.05588097E-4
1.22560000E-4,-4.33092105E-4
1.22600000E-4,-4.76320991E-4
1.22640000E-4,-3.04701851E-4
1.22680000E-4,-4.54893854E-4
1.22720000E-4,-3.47826892E-4
1.22760000E-4,-3.56824857E-4
1.22800000E-4,-3.42147093E-4
1.22840000E-4,-4.40891206E-4
1.22880000E-4,-3.10045241E-4
1.22920000E-4,-3.87720617E-4
1.22960000E-4,-4.19632288E-4
1.23000000E-4,-3.85945791E-4
1.23040000E-4,-3.47268906E-4
1.23080000E-4,-3.47947455E-4
1.23120000E-4,-3.56303417E-4
1.23160000E-4,-3.38041639E-4
1.23200000E-4,-3.57675764E-4
1.23240000E-4,-2.93471400E-4
1.23280000E-4,-3.37904339E-4
1.23320000E-4,-3.72652018E-4
1.23360000E-4,-3.29936628E-4
1.23400000E-4,-3.92394995E-4
1.23440000E-4,-3.03923147E-4
1.23480000E-4,-3.14450902E-4
1.23520000E-4,-3.65558254E-4
1.23560000E-4,-3.50129100E-4
1.23600000E-4,-3.83184903E-4
1.23640000E-4,-3.91695427E-4
1.23680000E-4,-3.29466629E-4
1.23720000E-4,-3.93158792E-4
1.23760000E-4,-3.88565153E-4
1.23800000E-4,-3.76765569E-4
1.23840000E-4,-3.08271444E-4
1.23880000E-4,-2.89475924E-4
1.23920000E-4,-3.34551649E-4
1.23960000E-4,-3.99477362E-4
1.24000000E-4,-3.44909678E-4
1.24040000E-4,-3.62681066E-4
1.24080000E-4,-2.78517881E-4
1.24120000E-4,-3.28827896E-4
1.24160000E-4,-3.68080189E-4
1.24200000E-4,-2.56494784E-4
1.24240000E-4,-3.44088116E-4
1.24280000E-4,-3.20403575E-4
1.24320000E-4,-3.23626060E-4
1.24360000E-4,-3.28417596E-4
1.24400000E-4,-3.79935315E-4
1.24440000E-4,-3.47575589E-4
1.24480000E-4,-3.51075259E-4
1.24520000E-4,-3.65879280E-4
1.24560000E-4,-3.35015535E-4
1.24600000E-4,-3.96570334E-4
1.24640000E-4,-3.50435782E-4
1.24680000E-4,-2.84569746E-4
1.24720000E-4,-2.89679210E-4
1.24760000E-4,-3.30986766E-4
1.24800000E-4,-2.79008547E-4
1.24840000E-4,-2.78693605E-4
1.24880000E-4,-3.61874239E-4
1.24920000E-4,-3.28457374E-4
1.24960000E-4,-2.47156614E-4
1.25000000E-4,-3.25460147E-4
1.25040000E-4,-2.56788086E-4
1.25080000E-4,-2.99360959E-4
1.25120000E-4,-2.98558252E-4
1.25160000E-4,-3.14374264E-4
1.25200000E-4,-3.41558724E-4
1.25240000E-4,-2.43552345E-4
1.25280000E-4,-4.04383416E-4
1.25320000E-4,-3.33906488E-4
1.25360000E-4,-2.91358535E-4
1.25400000E-4,-2.62534776E-4
1.25440000E-4,-3.40776968E-4
1.25480000E-4,-2.16766626E-4
1.25520000E-4,-3.33709678E-4
1.25560000E-4,-2.64539704E-4
1.25600000E-4,-2.90620610E-4
1.25640000E-4,-2.33569787E-4
1.25680000E-4,-3.61308052E-4
1.25720000E-4,-2.83229729E-4
1.25760000E-4,-2.71925483E-4
1.25800000E-4,-2.86689097E-4
1.25840000E-4,-2.66197744E-4
1.25880000E-4,-3.01118581E-4
1.25920000E-4,-2.06356975E-4
1.25960000E-4,-2.86503207E-4
1.26000000E-4,-2.06158305E-4
1.26040000E-4,-3.06062725E-4
1.26080000E-4,-3.14675263E-4
1.26120000E-4,-1.92477207E-4
1.26160000E-4,-2.74468923E-4
1.26200000E-4,-2.65232301E-4
1.26240000E-4,-2.26732933E-4
1.26280000E-4,-2.74128280E-4
1.26320000E-4,-2.68797479E-4
1.26360000E-4,-2.36552013E-4
1.26400000E-4,-2.73930517E-4
1.26440000E-4,-2.74351164E-4
1.26480000E-4,-2.87976472E-4
1.26520000E-4,-2.56830353E-4
1.26560000E-4,-3.01701486E-4
1.26600000E-4,-2.49379229E-4
1.26640000E-4,-2.41451992E-4
1.26680000E-4,-2.57411694E-4
1.26720000E-4,-2.23439038E-4
1.26760000E-4,-2.92751195E-4
1.26800000E-4,-2.50257467E-4
1.26840000E-4,-2.93390853E-4
1.26880000E-4,-2.15775568E-4
1.26920000E-4,-1.65718210E-4
1.26960000E-4,-2.64727311E-4
1.27000000E-4,-2.02901479E-4
1.27040000E-4,-2.15202085E-4
1.27080000E-4,-2.33369639E-4
1.27120000E-4,-2.99400527E-4
1.27160000E-4,-2.07567102E-4
1.27200000E-4,-1.92486315E-4
1.27240000E-4,-1.81942987E-4
1.27280000E-4,-2.65913654E-4
1.27320000E-4,-2.04765960E-4
1.27360000E-4,-2.36582769E-4
1.27400000E-4,-1.77282886E-4
1.27440000E-4,-1.75893249E-4
1.27480000E-4,-3.00306928E-4
1.27520000E-4,-1.84545087E-4
1.27560000E-4,-2.18992636E-4
1.27600000E-4,-2.27956603E-4
1.27640000E-4,-2.12570240E-4
1.27680000E-4,-2.09087459E-4
1.27720000E-4,-1.63197182E-4
1.27760000E-4,-2.27103226E-4
1.27800000E-4,-1.93583975E-4
1.27840000E-4,-1.28845258E-4
1.27880000E-4,-2.04566365E-4
1.27920000E-4,-2.37276414E-4
1.27960000E-4,-2.11678020E-4
1.28000000E-4,-1.81913156E-4
1.28040000E-4,-1.72960395E-4
1.28080000E-4,-2.40817140E-4
1.28120000E-4,-3.11419934E-4
1.28160000E-4,-2.76847816E-4
1.28200000E-4,-1.73557719E-4
1.28240000E-4,-2.69058338E-4
1.28280000E-4,-2.37547496E-4
1.28320000E-4,-1.97205811E-4
1.28360000E-4,-1.88856296E-4
1.28400000E-4,-2.48675741E-4
1.28440000E-4,-2.36219819E-4
1.28480000E-4,-1.90700474E-4
1.28520000E-4,-2.01477242E-4
1.28560000E-4,-2.79389607E-4
1.28600000E-4,-2.41289552E-4
1.28640000E-4,-2.56515526E-4
1.28680000E-4,-1.66083935E-4
1.28720000E-4,-1.67599924E-4
1.28760000E-4,-2.72740656E-4
1.28800000E-4,-2.01907693E-4
1.28840000E-4,-2.37012284E-4
1.28880000E-4,-2.13964607E-4
1.28920000E-4,-2.42834838E-4
1.28960000E-4,-1.99747010E-4
1.29000000E-4,-3.01553695E-4
1.29040000E-4,-2.24897778E-4
1.29080000E-4,-1.83942489E-4
1.29120000E-4,-1.41866385E-4
1.29160000E-4,-1.87577181E-4
1.29200000E-4,-8.53134372E-5
1.29240000E-4,-1.02050346E-4
1.29280000E-4,-2.12638637E-4
1.29320000E-4,-1.76272067E-4
1.29360000E-4,-1.52848194E-4
1.29400000E-4,-2.53531288E-4
1.29440000E-4,-9.85812222E-5
1.29480000E-4,-1.86916609E-4
1.29520000E-4,-1.77678994E-4
1.29560000E-4,-1.52050140E-4
1.29600000E-4,-1.48978936E-4
1.29640000E-4,-1.64690188E-4
1.29680000E-4,-1.09427199E-4
1.29720000E-4,-1.34456173E-4
1.29760000E-4,-1.42289111E-4
1.29800000E-4,-1.85707559E-4
1.29840000E-4,-2.15444128E-4
1.29880000E-4,-1.33710323E-4
1.29920000E-4,-1.41927258E-4
1.29960000E-4,-1.78378104E-4
1.30000000E-4,-1.38391129E-4
1.30040000E-4,-8.31903196E-5
1.30080000E-4,-1.65584324E-4
1.30120000E-4,-1.41531817E-4
1.30160000E-4,-1.48108022E-4
1.30200000E-4,-1.11959567E-4
1.30240000E-4,-1.64228523E-4
1.30280000E-4,-2.43349908E-4
1.30320000E-4,-1.48922355E-4
1.30360000E-4,-1.84314069E-4
1.30400000E-4,-1.71905602E-4
1.30440000E-4,-1.84242868E-4
1.30480000E-4,-1.47534625E-4
1.30520000E-4,-1.36973101E-4
1.30560000E-4,-1.79794912E-4
1.30600000E-4,-1.77922305E-4
1.30640000E-4,-1.29963442E-4
1.30680000E-4,-1.91779480E-4
1.30720000E-4,-1.44383523E-4
1.30760000E-4,-1.88925848E-4
1.30800000E-4,-1.09707941E-4
1.30840000E-4,-1.11094756E-4
1.30880000E-4,-1.62334669E-4
1.30920000E-4,-1.83890628E-4
1.30960000E-4,-1.60245808E-4
1.31000000E-4,-2.03734380E-4
1.31040000E-4,-1.52554195E-4
1.31080000E-4,-1.12847952E-4
1.31120000E-4,-1.26541839E-4
1.31160000E-4,-1.60459726E-4
1.31200000E-4,-1.24426532E-4
1.31240000E-4,-1.33945499E-4
1.31280000E-4,-1.91935749E-4
1.31320000E-4,-1.38495766E-4
1.31360000E-4,-7.22998350E-5
1.31400000E-4,-1.14787202E-4
1.31440000E-4,-1.54880970E-4
1.31480000E-4,-1.75904473E-4
1.31520000E-4,-1.26979795E-4
1.31560000E-4,-1.15348439E-4
1.31600000E-4,-1.83008527E-4
1.31640000E-4,-1.06089539E-4
1.31680000E-4,-1.18992696E-4
1.31720000E-4,-1.53847444E-4
1.31760000E-4,-1.42800414E-4
1.31800000E-4,-1.67076996E-4
1.31840000E-4,-8.52169826E-5
1.31880000E-4,-9.89450299E-5
1.31920000E-4,-1.16807475E-4
1.31960000E-4,-1.57140787E-4
1.32000000E-4,-1.38285080E-4
1.32040000E-4,-1.62455395E-4
1.32080000E-4,-1.59042385E-4
1.32120000E-4,-1.13999686E-4
1.32160000E-4,-1.74728555E-4
1.32200000E-4,-1.23768735E-4
1.32240000E-4,-1.41630313E-4
1.32280000E-4,-1.09420485E-4
1.32320000E-4,-9.42643293E-5
1.32360000E-4,-9.38505014E-5
1.32400000E-4,-1.22606387E-4
1.32440000E-4,-1.40931641E-4
1.32480000E-4,-9.09206706E-5
1.32520000E-4,-1.39243351E-4
1.32560000E-4,-1.49034574E-4
1.32600000E-4,-1.20865455E-4
1.32640000E-4,-1.45852153E-4
1.32680000E-4,-1.21544461E-4
1.32720000E-4,-1.91636259E-5
1.32760000E-4,-1.12142834E-4
1.32800000E-4,-1.46409261E-4
1.32840000E-4,-9.28606064E-5
1.32880000E-4,-1.35835653E-4
1.32920000E-4,-1.03754515E-4
1.32960000E-4,-7.72449133E-5
1.33000000E-4,-1.40269000E-4
1.33040000E-4,-1.28371740E-4
1.33080000E-4,-1.47855422E-4
1.33120000E-4,-1.29097877E-4
1.33160000E-4,-7.20322340E-5
1.33200000E-4,-1.07879500E-4
1.33240000E-4,-1.95700131E-4
1.33280000E-4,-1.27874923E-4
1.33320000E-4,-1.67555006E-4
1.33360000E-4,-5.69584854E-5
1.33400000E-4,-5.89871511E-5
1.33440000E-4,-1.26263071E-4
1.33480000E-4,-1.40516764E-4
1.33520000E-4,-8.50776889E-5
1.33560000E-4,-9.23936207E-5
1.33600000E-4,-1.04222387E-4
1.33640000E-4,-1.44011151E-4
1.33680000E-4,-1.02741732E-4
1.33720000E-4,-1.22213235E-4
1.33760000E-4,-8.92590551E-5
1.33800000E-4,-9.42989572E-5
1.33840000E-4,-1.25064846E-4
1.33880000E-4,-9.17422039E-5
1.33920000E-4,-1.12191119E-4
1.33960000E-4,-6.36171639E-5
1.34000000E-4,-1.22960143E-4
1.34040000E-4,-7.63309880E-5
1.34080000E-4,-8.29605127E-5
1.34120000E-4,-7.19985025E-5
1.34160000E-4,-9.18142826E-5
1.34200000E-4,-9.29188473E-5
1.34240000E-4,-1.10678133E-4
1.34280000E-4,-5.90266332E-5
1.34320000E-4,-6.67000021E-5
1.34360000E-4,-1.44371516E-4
1.34400000E-4,-2.94848336E-5
1.34440000E-4,-7.60863229E-5
1.34480000E-4,-1.59026859E-4
1.34520000E-4,-1.07863697E-4
1.34560000E-4,-1.18019547E-4
1.34600000E-4,-7.98694061E-5
1.34640000E-4,-1.04264816E-4
1.34680000E-4,-4.89082720E-5
1.34720000E-4,-5.78461369E-5
1.34760000E-4,-9.01356535E-5
1.34800000E-4,-3.77013773E-5
1.34840000E-4,-1.02763399E-4
1.34880000E-4,-1.29919744E-4
1.34920000E-4,-1.80481033E-4
1.34960000E-4,-1.26698404E-4
1.35000000E-4,-1.04553856E-4
1.35040000E-4,-1.12324099E-4
1.35080000E-4,-7.47101421E-5
1.35120000E-4,-4.88478281E-5
1.35160000E-4,-9.38367875E-5
1.35200000E-4,-4.76337529E-5
1.35240000E-4,-5.38852506E-5
1.35280000E-4,-5.47547442E-5
1.35320000E-4,-5.49148375E-5
1.35360000E-4,-1.17723832E-4
1.35400000E-4,-6.97151677E-5
1.35440000E-4,-1.12808671E-4
1.35480000E-4,-6.94123188E-5
1.35520000E-4,-5.34657388E-5
1.35560000E-4,-1.25989252E-4
1.35600000E-4,-1.14482666E-5
1.35640000E-4,-1.30035263E-4
1.35680000E-4,-8.31552721E-5
1.35720000E-4,-1.41500565E-4
1.35760000E-4,-1.07341627E-4
1.35800000E-4,-1.33071104E-4
1.35840000E-4,-8.67433766E-5
1.35880000E-4,-9.15673095E-5
1.35920000E-4,-7.14780252E-5
1.35960000E-4,-6.39504063E-5
1.36000000E-4,-5.50166518E-5
1.36040000E-4,-4.39460849E-5
1.36080000E-4,-1.53813865E-4
1.36120000E-4,-4.46952533E-5
1.36160000E-4,-1.12352681E-4
1.36200000E-4,-4.82200720E-5
1.36240000E-4,-1.13644490E-4
1.36280000E-4,-6.58159174E-5
1.36320000E-4,-8.88965826E-5
1.36360000E-4,-6.86875072E-5
1.36400000E-4,-9.24229652E-5
1.36440000E-4,-1.01556734E-4
1.36480000E-4,-3.16407957E-5
1.36520000E-4,3.59451618E-6
1.36560000E-4,-5.92432031E-5
1.36600000E-4,-2.18051895E-5
1.36640000E-4,-8.22939515E-5
1.36680000E-4,-4.53917980E-5
1.36720000E-4,-3.81350321E-5
1.36760000E-4,-9.86764943E-5
1.36800000E-4,-9.89785802E-5
1.36840000E-4,-5.31321626E-5
1.36880000E-4,-9.03544551E-5
1.36920000E-4,-7.71747419E-5
1.36960000E-4,-1.03516649E-4
1.37000000E-4,-6.63311972E-5
1.37040000E-4,-1.39398562E-4
1.37080000E-4,-9.20657570E-5
1.37120000E-4,-1.41427161E-4
1.37160000E-4,-1.00949539E-4
1.37200000E-4,-1.44200084E-4
1.37240000E-4,-7.14576929E-5
1.37280000E-4,-7.46254463E-5
1.37320000E-4,-3.93363948E-5
1.37360000E-4,-7.89377806E-5
1.37400000E-4,-8.60087135E-5
1.37440000E-4,-5.57696826E-5
1.37480000E-4,-1.07160610E-4
1.37520000E-4,-6.08322344E-5
1.37560000E-4,-7.04401128E-5
1.37600000E-4,-3.59643262E-5
1.37640000E-4,-7.68815633E-5
1.37680000E-4,-7.02799241E-5
1.37720000E-4,-5.25094800E-5
1.37760000E-4,-6.66400256E-5
1.37800000E-4,-5.74475773E-5
1.37840000E-4,-9.21519977E-5
1.37880000E-4,-9.39961274E-5
1.37920000E-4,-6.28703605E-5
1.37960000E-4,-7.70357152E-5
1.38000000E-4,-7.48227615E-5
1.38040000E-4,-5.49960047E-5
1.38080000E-4,-4.09718320E-5
1.38120000E-4,-7.84357188E-5
1.38160000E-4,-6.69659342E-5
1.38200000E-4,-4.22394369E-5
1.38240000E-4,-4.23544500E-5
1.38280000E-4,-6.14834128E-5
1.38320000E-4,-7.64429303E-5
1.38360000E-4,-8.73769501E-5
1.38400000E-4,-9.47709974E-5
1.38440000E-4,-1.45524518E-4
1.38480000E-4,-3.54326623E-5
1.38520000E-4,-7.09774225E-5
1.38560000E-4,-1.14782424E-4
1.38600000E-4,-1.31019666E-5
1.38640000E-4,-1.09673286E-5
1.38680000E-4,-5.37702184E-5
1.38720000E-4,-4.86497595E-5
1.38760000E-4,-2.53335176E-5
1.38800000E-4,-3.82170291E-5
1.38840000E-4,-4.91237356E-5
1.38880000E-4,-1.74040871E-5
1.38920000E-4,-8.74773434E-5
1.38960000E-4,-2.87770260E-5
1.39000000E-4,-5.54717642E-5
1.39040000E-4,1.51967360E-6
1.39080000E-4,-7.01651208E-5
1.39120000E-4,-7.22148245E-5
1.39160000E-4,-2.48580061E-5
1.39200000E-4,-5.82025822E-5
1.39240000E-4,-5.03631690E-5
1.39280000E-4,-2.27276119E-5
1.39320000E-4,-5.67955024E-5
1.39360000E-4,-2.42772771E-6
1.39400000E-4,-8.39933325E-5
1.39440000E-4,-5.09177116E-5
1.39480000E-4,-6.69764914E-5
1.39520000E-4,-9.26362355E-5
1.39560000E-4,-6.18792068E-5
1.39600000E-4,-2.88295449E-5
1.39640000E-4,-6.03587160E-5
1.39680000E-4,-2.73645961E-5
1.39720000E-4,-5.02984527E-5
1.39760000E-4,-5.62143905E-5
1.39800000E-4,-2.92818154E-5
1.39840000E-4,-5.31335836E-5
1.39880000E-4,-2.32771286E-5
1.39920000E-4,-7.30926627E-5
1.39960000E-4,-2.81888283E-5
1.40000000E-4,-4.85886671E-5
1.40040000E-4,-6.75569262E-5
1.40080000E-4,-4.46367644E-5
1.40120000E-4,-5.30269151E-5
1.40160000E-4,-5.58081347E-5
1.40200000E-4,-8.33826185E-5
1.40240000E-4,-4.78071309E-5
1.40280000E-4,-1.54551215E-6
1.40320000E-4,-9.72892032E-5
1.40360000E-4,-3.50952428E-5
1.40400000E-4,-4.74904061E-5
1.40440000E-4,-5.09393600E-5
1.40480000E-4,-1.18825127E-5
1.40520000E-4,-3.18234244E-5
1.40560000E-4,-2.45771776E-5
1.40600000E-4,-5.98802480E-5
1.40640000E-4,-4.18358514E-5
1.40680000E-4,-6.60925783E-5
1.40720000E-4,-4.43328666E-5
1.40760000E-4,-3.90480800E-5
1.40800000E-4,-3.67304987E-5
1.40840000E-4,-3.29284946E-5
1.40880000E-4,-6.76499286E-5
1.40920000E-4,-6.02586374E-5
1.40960000E-4,-2.23730755E-6
1.41000000E-4,-3.77164168E-5
1.41040000E-4,-2.59780585E-5
1.41080000E-4,-1.71886139E-5
1.41120000E-4,-1.38689306E-5
1.41160000E-4,-4.63142300E-5
1.41200000E-4,-8.38381602E-5
1.41240000E-4,-5.41614824E-5
1.41280000E-4,-4.98913100E-5
1.41320000E-4,-4.09739682E-5
1.41360000E-4,-5.08939842E-5
1.41400000E-4,-1.05298305E-5
1.41440000E-4,-1.40002421E-5
1.41480000E-4,-5.89865598E-5
1.41520000E-4,-3.89756580E-5
1.41560000E-4,-2.92791833E-5
1.41600000E-4,-3.36149494E-5
1.41640000E-4,-3.08351602E-5
1.41680000E-4,-2.57996165E-5
1.41720000E-4,-1.69228439E-5
1.41760000E-4,-6.72869315E-5
1.41800000E-4,-2.64036166E-5
1.41840000E-4,-5.01146224E-5
1.41880000E-4,-5.20847897E-5
1.41920000E-4,-1.05477118E-4
1.41960000E-4,-1.62037830E-5
1.42000000E-4,-5.00074771E-5
1.42040000E-4,-4.66040707E-5
1.42080000E-4,-4.78493120E-5
1.42120000E-4,-8.11539387E-5
1.42160000E-4,-6.11836173E-6
1.42200000E-4,-3.30399123E-5
1.42240000E-4,-2.33893380E-5
1.42280000E-4,-6.36883461E-5
1.42320000E-4,-2.76201522E-5
1.42360000E-4,-3.18645277E-5
1.42400000E-4,-5.87772855E-5
1.42440000E-4,-1.27361753E-5
1.42480000E-4,-8.01312198E-6
1.42520000E-4,-1.55158214E-5
1.42560000E-4,-5.89318284E-5
1.42600000E-4,-7.63490426E-6
1.42640000E-4,-5.64604671E-5
1.42680000E-4,-5.00195125E-5
1.42720000E-4,-5.88173589E-5
1.42760000E-4,-6.88458744E-5
1.42800000E-4,-3.39064018E-5
1.42840000E-4,-4.99355700E-5
1.42880000E-4,-4.04932114E-5
1.42920000E-4,-4.97063639E-5
1.42960000E-4,-1.18452050E-5
1.43000000E-4,-2.28555569E-5
1.43040000E-4,2.09213396E-5
1.43080000E-4,7.48179633E-7
1.43120000E-4,-6.33293259E-5
1.43160000E-4,-1.88457281E-5
1.43200000E-4,-3.06787004E-5
1.43240000E-4,-6.70706492E-6
1.43280000E-4,-1.06787277E-5
1.43320000E-4,1.44266645E-5
1.43360000E-4,-8.00465988E-5
1.43400000E-4,-3.54957955E-5
1.43440000E-4,-4.26499365E-5
1.43480000E-4,-2.98628701E-5
1.43520000E-4,-2.39634023E-5
1.43560000E-4,-2.22807598E-6
1.43600000E-4,-3.39541618E-5
1.43640000E-4,1.48929827E-5
1.43680000E-4,1.51537252E-6
1.43720000E-4,-1.09531570E-5
1.43760000E-4,-2.87431992E-5
1.43800000E-4,-2.58156382E-5
1.43840000E-4,-6.29457390E-5
1.43880000E-4,-1.45708731E-5
1.43920000E-4,-3.49581616E-5
1.43960000E-4,1.00599326E-5
1.44000000E-4,4.24619050E-6
1.44040000E-4,-3.66984457E-5
1.44080000E-4,-4.04457852E-5
1.44120000E-4,1.05474032E-5
1.44160000E-4,-1.13508679E-5
1.44200000E-4,-1.69127636E-5
1.44240000E-4,-2.39701066E-5
1.44280000E-4,-1.23619630E-5
1.44320000E-4,-2.95478539E-6
1.44360000E-4,-5.34836202E-5
1.44400000E-4,2.14209791E-5
1.44440000E-4,-6.35548332E-6
1.44480000E-4,-8.57885116E-6
1.44520000E-4,-4.06441018E-5
1.44560000E-4,-1.04302002E-5
1.44600000E-4,-8.17973042E-7
1.44640000E-4,-4.89587595E-5
1.44680000E-4,-3.11555376E-5
1.44720000E-4,-8.22112790E-6
1.44760000E-4,-5.45208460E-5
1.44800000E-4,-1.18448998E-5
1.44840000E-4,3.37949122E-6
1.44880000E-4,-1.23352696E-5
1.44920000E-4,-1.35473039E-5
1.44960000E-4,-3.78038783E-5
1.45000000E-4,-9.88549950E-6
1.45040000E-4,-4.01822277E-5
1.45080000E-4,1.27242604E-5
1.45120000E-4,-2.64967143E-5
1.45160000E-4,-1.16904618E-5
1.45200000E-4,-6.86467869E-6
1.45240000E-4,-1.61367969E-5
1.45280000E-4,-3.30702583E-5
1.45320000E-4,-1.32863023E-5
1.45360000E-4,4.42902895E-6
1.45400000E-4,-6.95925061E-5
1.45440000E-4,-2.47117124E-5
1.45480000E-4,5.11763755E-7
1.45520000E-4,1.18485107E-5
1.45560000E-4,-5.84535336E-6
1.45600000E-4,-6.13937117E-6
1.45640000E-4,2.70709181E-5
1.45680000E-4,-4.17286752E-7
1.45720000E-4,-4.71039201E-5
1.45760000E-4,-2.81021679E-5
1.45800000E-4,-2.03177317E-7
1.45840000E-4,1.24722996E-5
1.45880000E-4,-4.08207604E-5
1.45920000E-4,1.90827031E-5
1.45960000E-4,-9.21341656E-6
1.46000000E-4,1.98343511E-5
1.46040000E-4,2.18737837E-5
1.46080000E-4,-1.25774171E-5
1.46120000E-4,2.55112409E-5
1.46160000E-4,-2.95682038E-5
1.46200000E-4,-2.97056569E-5
1.46240000E-4,-7.88809680E-7
1.46280000E-4,-1.01157928E-5
1.46320000E-4,-2.56784903E-5
1.46360000E-4,-4.22045705E-5
1.46400000E-4,-2.92689980E-5
1.46440000E-4,-7.94323672E-6
1.46480000E-4,1.62942355E-5
1.46520000E-4,-2.23215469E-5
1.46560000E-4,-3.03284364E-6
1.46600000E-4,-1.18775441E-5
1.46640000E-4,-1.44683627E-5
1.46680000E-4,-3.21723452E-5
1.46720000E-4,2.10729834E-5
1.46760000E-4,-2.05597289E-5
1.46800000E-4,2.34688423E-5
1.46840000E-4,-1.18408276E-5
1.46880000E-4,-2.62443259E-6
1.46920000E-4,1.62070433E-7
1.46960000E-4,1.00118388E-5
1.47000000E-4,-3.47686489E-6
1.47040000E-4,3.24879412E-5
1.47080000E-4,2.95205437E-6
1.47120000E-4,-4.35339655E-6
1.47160000E-4,2.85307933E-5
1.47200000E-4,2.50859689E-5
1.47240000E-4,-4.83544081E-6
1.47280000E-4,6.69606401E-7
1.47320000E-4,2.26477954E-5
1.47360000E-4,-2.16928085E-5
1.47400000E-4,-8.69419808E-6
1.47440000E-4,-4.93200987E-6
1.47480000E-4,-8.87449022E-6
1.47520000E-4,-1.53003863E-5
1.47560000E-4,3.30845202E-6
1.47600000E-4,6.34146079E-6
1.47640000E-4,1.81500191E-5
1.47680000E-4,-6.90970165E-6
1.47720000E-4,3.80335481E-5
1.47760000E-4,5.00798559E-6
1.47800000E-4,-9.62882758E-6
1.47840000E-4,2.37798054E-6
1.47880000E-4,-3.28393832E-5
1.47920000E-4,-1.59466915E-5
1.47960000E-4,3.49626690E-5
1.48000000E-4,1.06485022E-5
1.48040000E-4,1.67214625E-5
1.48080000E-4,6.80943835E-6
1.48120000E-4,1.59235995E-5
1.48160000E-4,8.77190948E-6
1.48200000E-4,-9.54842329E-6
1.48240000E-4,9.61659796E-6
1.48280000E-4,-3.84121699E-5
1.48320000E-4,-7.48704659E-6
1.48360000E-4,1.09035625E-5
1.48400000E-4,-1.58192806E-5
1.48440000E-4,-1.48824958E-5
1.48480000E-4,1.35565606E-5
1.48520000E-4,-2.19663986E-5
1.48560000E-4,8.67448211E-6
1.48600000E-4,1.68221610E-5
1.48640000E-4,-3.13498369E-7
1.48680000E-4,-7.87429560E-6
1.48720000E-4,3.93874320E-5
1.48760000E-4,-2.75880325E-5
1.48800000E-4,-1.47039679E-5
1.48840000E-4,3.04525696E-6
1.48880000E-4,1.84681362E-5
1.48920000E-4,-2.63297751E-6
1.48960000E-4,-3.17937571E-6
1.49000000E-4,4.03097686E-5
1.49040000E-4,1.05361785E-5
1.49080000E-4,-2.46394826E-6
1.49120000E-4,1.91195801E-6
1.49160000E-4,2.46152447E-5
1.49200000E-4,-3.73313627E-6
1.49240000E-4,4.29332109E-6
1.49280000E-4,2.64945268E-5
1.49320000E-4,2.88718543E-6
1.49360000E-4,1.85158676E-5
1.49400000E-4,5.73702880E-5
1.49440000E-4,6.59687386E-6
1.49480000E-4,-1.05016304E-5
1.49520000E-4,4.55381453E-5
1.49560000E-4,-2.30678830E-5
1.49600000E-4,7.42886893E-6
1.49640000E-4,2.04771181E-5
1.49680000E-4,-2.58961092E-5
1.49720000E-4,-1.30958726E-5
1.49760000E-4,7.59987228E-6
1.49800000E-4,-2.74329746E-5
1.49840000E-4,2.05573698E-5
1.49880000E-4,-8.16435567E-6
1.49920000E-4,7.60758598E-7
1.49960000E-4,1.27169648E-5
1.50000000E-4,5.44844964E-6
1.50040000E-4,1.96383519E-5
1.50080000E-4,3.73849447E-5
1.50120000E-4,-9.99257806E-6
1.50160000E-4,1.27637043E-5
1.50200000E-4,1.40134469E-5
1.50240000E-4,2.19329688E-5
1.50280000E-4,1.96926431E-6
1.50320000E-4,4.57526458E-5
1.50360000E-4,9.32525997E-6
1.50400000E-4,3.03652432E-5
1.50440000E-4,1.72123474E-5
1.50480000E-4,4.37681528E-6
1.50520000E-4,3.68416840E-5
1.50560000E-4,-1.39949015E-5
1.50600000E-4,1.33975735E-5
1.50640000E-4,2.61462450E-5
1.50680000E-4,3.33624510E-5
1.50720000E-4,5.57414392E-6
1.50760000E-4,1.18396511E-5
1.50800000E-4,6.51240693E-6
1.50840000E-4,2.23516318E-5
1.50880000E-4,2.40421723E-5
1.50920000E-4,-3.58375272E-6
1.50960000E-4,2.00784059E-5
1.51000000E-4,2.57401784E-6
1.51040000E-4,1.35688535E-5
1.51080000E-4,2.03334852E-5
1.51120000E-4,4.92356634E-6
1.51160000E-4,2.42714546E-5
1.51200000E-4,4.07192287E-5
1.51240000E-4,2.82543994E-5
1.51280000E-4,3.76258523E-5
1.51320000E-4,7.46657721E-6
1.51360000E-4,1.56030600E-5
1.51400000E-4,-3.98149216E-6
1.51440000E-4,3.16025403E-5
1.51480000E-4,-1.22193601E-5
1.51520000E-4,3.51170784E-5
1.51560000E-4,3.62633473E-5
1.51600000E-4,9.74974997E-6
1.51640000E-4,6.89595416E-7
1.51680000E-4,2.15811202E-5
1.51720000E-4,1.46220438E-5
1.51760000E-4,-3.90570365E-6
1.51800000E-4,1.42835466E-5
1.51840000E-4,2.81312324E-5
1.51880000E-4,1.89066929E-5
1.51920000E-4,3.37408023E-5
1.51960000E-4,5.53361276E-6
1.52000000E-4,7.93366785E-6
1.52040000E-4,2.08594175E-5
1.52080000E-4,2.51472234E-5
1.52120000E-4,3.46025710E-5
1.52160000E-4,5.27876236E-6
1.52200000E-4,1.97950883E-5
1.52240000E-4,4.88373532E-5
1.52280000E-4,1.96022077E-5
1.52320000E-4,-4.47582927E-6
1.52360000E-4,1.44065801E-5
1.52400000E-4,2.01618905E-5
1.52440000E-4,-1.37744120E-5
1.52480000E-4,6.44456173E-5
1.52520000E-4,-9.89580872E-6
1.52560000E-4,2.78688670E-5
1.52600000E-4,3.83153288E-6
1.52640000E-4,5.25103904E-6
1.52680000E-4,1.94895978E-5
1.52720000E-4,1.58765643E-5
1.52760000E-4,9.74108107E-6
1.52800000E-4,4.17506085E-5
1.52840000E-4,1.29789582E-5
1.52880000E-4,6.54807355E-5
1.52920000E-4,2.52474355E-5
1.52960000E-4,1.49266760E-5
1.53000000E-4,3.18258050E-5
1.53040000E-4,3.97552833E-5
1.53080000E-4,1.94802518E-5
1.53120000E-4,2.27632186E-5
1.53160000E-4,4.63621486E-5
1.53200000E-4,4.22879277E-5
1.53240000E-4,2.89097644E-5
1.53280000E-4,1.56705325E-5
1.53320000E-4,1.97289796E-5
1.53360000E-4,3.51196819E-5
1.53400000E-4,5.11864058E-5
1.53440000E-4,-1.50641150E-6
1.53480000E-4,4.50115740E-5
1.53520000E-4,2.46502541E-5
1.53560000E-4,2.58551168E-5
1.53600000E-4,5.45356134E-6
1.53640000E-4,6.53646065E-5
1.53680000E-4,-6.23257377E-6
1.53720000E-4,4.34647890E-6
1.53760000E-4,2.79599143E-5
1.53800000E-4,3.03749993E-5
1.53840000E-4,6.20484709E-5
1.53880000E-4,1.24899044E-5
1.53920000E-4,2.86904670E-5
1.53960000E-4,2.12291571E-5
1.54000000E-4,8.57534590E-5
1.54040000E-4,2.19238803E-5
1.54080000E-4,1.14086952E-5
1.54120000E-4,5.52175397E-5
1.54160000E-4,2.99621632E-5
1.54200000E-4,4.74214234E-5
1.54240000E-4,8.13332912E-6
1.54280000E-4,3.37147670E-5
1.54320000E-4,-4.52187267E-6
1.54360000E-4,5.96647603E-6
1.54400000E-4,1.34785500E-5
1.54440000E-4,2.35346172E-5
1.54480000E-4,3.19448618E-5
1.54520000E-4,2.58714532E-5
1.54560000E-4,1.53172152E-5
1.54600000E-4,3.31690268E-5
1.54640000E-4,3.23968366E-5
1.54680000E-4,3.53205067E-5
1.54720000E-4,1.65669482E-5
1.54760000E-4,1.62625926E-5
1.54800000E-4,4.91356244E-5
1.54840000E-4,4.56986583E-5
1.54880000E-4,2.73845816E-5
1.54920000E-4,1.24875965E-5
1.54960000E-4,1.43311811E-6
1.55000000E-4,4.60199798E-5
1.55040000E-4,2.49311589E-5
1.55080000E-4,3.09886220E-5
1.55120000E-4,2.25496909E-5
1.55160000E-4,2.85554839E-5
1.55200000E-4,3.21834329E-5
1.55240000E-4,1.62189620E-5
1.55280000E-4,5.40475529E-5
1.55320000E-4,2.01155897E-5
1.55360000E-4,1.06171073E-5
1.55400000E-4,4.70078339E-5
1.55440000E-4,1.36511159E-6
1.55480000E-4,6.83390963E-6
1.55520000E-4,-1.15921380E-5
1.55560000E-4,4.92840829E-5
1.55600000E-4,6.21681555E-6
1.55640000E-4,2.48633145E-5
1.55680000E-4,1.28221932E-5
1.55720000E-4,8.21426746E-6
1.55760000E-4,6.37035251E-5
1.55800000E-4,2.76365519E-5
1.55840000E-4,7.38848082E-6
1.55880000E-4,5.08041731E-5
1.55920000E-4,1.95719953E-5
1.55960000E-4,1.10939922E-5
1.56000000E-4,6.08123468E-5
1.56040000E-4,4.54249919E-5
1.56080000E-4,3.21179632E-5
1.56120000E-4,2.31644962E-5
1.56160000E-4,-6.02523542E-6
1.56200000E-4,1.14526500E-5
1.56240000E-4,-8.74260659E-6
1.56280000E-4,1.67476012E-6
1.56320000E-4,2.07814546E-5
1.56360000E-4,2.75409842E-5
1.56400000E-4,1.39250127E-5
1.56440000E-4,-1.95609171E-5
1.56480000E-4,6.10028242E-5
1.56520000E-4,1.09222831E-5
1.56560000E-4,4.02306136E-5
1.56600000E-4,4.06669387E-5
1.56640000E-4,1.29927769E-5
1.56680000E-4,3.25836901E-5
1.56720000E-4,4.91682020E-5
1.56760000E-4,2.52279710E-5
1.56800000E-4,5.95679638E-5
1.56840000E-4,1.70551151E-5
1.56880000E-4,4.41046488E-5
1.56920000E-4,-2.17687320E-6
1.56960000E-4,6.20882391E-5
1.57000000E-4,1.68705123E-5
1.57040000E-4,2.71758509E-5
1.57080000E-4,-7.09864362E-6
1.57120000E-4,1.35398332E-5
1.57160000E-4,3.28001837E-5
1.57200000E-4,2.47025345E-5
1.57240000E-4,2.56450509E-5
1.57280000E-4,9.86246475E-6
1.57320000E-4,3.52083641E-5
1.57360000E-4,1.75275844E-5
1.57400000E-4,-1.21592213E-5
1.57440000E-4,3.05830815E-5
1.57480000E-4,3.94929465E-5
1.57520000E-4,1.87571759E-5
1.57560000E-4,5.72632285E-5
1.57600000E-4,-1.39063910E-5
1.57640000E-4,3.58554608E-5
1.57680000E-4,2.64593458E-5
1.57720000E-4,4.89174714E-5
1.57760000E-4,5.25579994E-5
1.57800000E-4,5.11021296E-5
1.57840000E-4,2.56190538E-5
1.57880000E-4,-1.13050167E-6
1.57920000E-4,3.42899470E-5
1.57960000E-4,3.94066184E-6
1.58000000E-4,4.30814134E-5
1.58040000E-4,2.78762389E-5
1.58080000E-4,2.33999489E-5
1.58120000E-4,-3.43892773E-6
1.58160000E-4,2.54657411E-5
1.58200000E-4,2.79372073E-5
1.58240000E-4,2.95242645E-5
1.58280000E-4,1.85556359E-5
1.58320000E-4,5.42353314E-5
1.58360000E-4,3.12359178E-6
1.58400000E-4,-6.32692078E-6
1.58440000E-4,3.46843296E-5
1.58480000E-4,7.67752442E-5
1.58520000E-4,1.35047570E-5
1.58560000E-4,-3.15749041E-7
1.58600000E-4,1.07715453E-5
1.58640000E-4,1.03587458E-6
1.58680000E-4,1.87831444E-5
1.58720000E-4,-1.90340860E-7
1.58760000E-4,3.93892726E-5
1.58800000E-4,2.71525717E-5
1.58840000E-4,6.92884792E-6
1.58880000E-4,3.81024034E-5
1.58920000E-4,2.24656627E-5
1.58960000E-4,-1.70172005E-5
1.59000000E-4,7.46730201E-6
1.59040000E-4,5.04335467E-5
1.59080000E-4,5.12175338E-5
1.59120000E-4,2.84320499E-5
1.59160000E-4,8.50539564E-6
1.59200000E-4,5.73294978E-6
1.59240000E-4,5.51119966E-5
1.59280000E-4,6.97582130E-5
1.59320000E-4,5.55505915E-5
1.59360000E-4,4.34625207E-5
1.59400000E-4,3.82739885E-5
1.59440000E-4,1.44205991E-5
1.59480000E-4,2.49746846E-5
1.59520000E-4,1.44289915E-5
1.59560000E-4,3.07569459E-5
1.59600000E-4,2.39002655E-5
1.59640000E-4,-4.92157667E-6
1.59680000E-4,3.65926224E-5
1.59720000E-4,2.73887682E-5
1.59760000E-4,-1.27694108E-5
1.59800000E-4,6.36726451E-5
1.59840000E-4,4.15827999E-5
1.59880000E-4,5.36014241E-5
1.59920000E-4,-2.73212039E-5
1.59960000E-4,2.22526214E-5
1.60000000E-4,4.59122718E-5
1.60040000E-4,3.88693007E-5
1.60080000E-4,2.56170415E-5
1.60120000E-4,2.98233353E-6
1.60160000E-4,4.25065766E-5
1.60200000E-4,1.06006945E-5
1.60240000E-4,1.18656292E-5
1.60280000E-4,1.27038994E-5
1.60320000E-4,3.40238814E-5
1.60360000E-4,3.87742003E-5
1.60400000E-4,1.31527176E-5
1.60440000E-4,3.65605218E-5
1.60480000E-4,3.82303865E-5
1.60520000E-4,3.61040265E-5
1.60560000E-4,3.44410854E-5
1.60600000E-4,1.60316794E-5
1.60640000E-4,1.89750142E-5
1.60680000E-4,1.41693631E-5
1.60720000E-4,2.91270591E-5
1.60760000E-4,-3.76448355E-6
1.60800000E-4,3.07189038E-5
1.60840000E-4,4.78578438E-5
1.60880000E-4,-2.30455574E-5
1.60920000E-4,1.38922731E-5
1.60960000E-4,1.50910799E-5
1.61000000E-4,-2.71976745E-5
1.61040000E-4,3.82114942E-5
1.61080000E-4,8.20420620E-6
1.61120000E-4,1.77402920E-5
1.61160000E-4,2.58123540E-5
1.61200000E-4,4.42003580E-6
1.61240000E-4,3.48427539E-5
1.61280000E-4,7.81224603E-6
1.61320000E-4,-1.91858957E-6
1.61360000E-4,1.54325239E-5
1.61400000E-4,3.14799646E-5
1.61440000E-4,3.11696389E-5
1.61480000E-4,7.57779472E-6
1.61520000E-4,3.13810685E-5
1.61560000E-4,3.63037259E-5
1.61600000E-4,3.06975892E-5
1.61640000E-4,-7.97554721E-6
1.61680000E-4,5.96195290E-5
1.61720000E-4,1.25203457E-5
1.61760000E-4,2.76234580E-5
1.61800000E-4,2.02500387E-5
1.61840000E-4,3.12205079E-5
1.61880000E-4,4.14496956E-5
1.61920000E-4,1.10343875E-5
1.61960000E-4,2.47409962E-5
1.62000000E-4,3.15648034E-5
1.62040000E-4,1.19083061E-5
1.62080000E-4,5.11797873E-5
1.62120000E-4,4.35584222E-5
1.62160000E-4,4.31941758E-5
1.62200000E-4,5.60196276E-5
1.62240000E-4,2.15161272E-5
1.62280000E-4,5.68747302E-5
1.62320000E-4,2.91082050E-5
1.62360000E-4,3.32944445E-5
1.62400000E-4,3.76722772E-5
1.62440000E-4,6.15089964E-5
1.62480000E-4,-7.47882591E-6
1.62520000E-4,5.13415671E-6
1.62560000E-4,2.91314842E-5
1.62600000E-4,6.11097677E-6
1.62640000E-4,3.33980135E-5
1.62680000E-4,1.95572419E-5
1.62720000E-4,1.99729963E-5
1.62760000E-4,4.37069666E-5
1.62800000E-4,1.17912998E-5
1.62840000E-4,-3.01898565E-5
1.62880000E-4,1.96947522E-5
1.62920000E-4,-8.62786049E-6
1.62960000E-4,3.66931016E-5
1.63000000E-4,1.06082953E-5
1.63040000E-4,4.48305666E-5
1.63080000E-4,-4.49804035E-6
1.63120000E-4,3.66778905E-5
1.63160000E-4,1.70749706E-5
1.63200000E-4,3.04792168E-5
1.63240000E-4,2.37363193E-5
1.63280000E-4,2.99566033E-5
1.63320000E-4,2.72767687E-5
1.63360000E-4,9.80342277E-6
1.63400000E-4,8.05740710E-6
1.63440000E-4,3.37848239E-5
1.63480000E-4,3.92565592E-5
1.63520000E-4,2.00558229E-5
1.63560000E-4,1.29925576E-5
1.63600000E-4,3.32565646E-5
1.63640000E-4,2.00604768E-5
1.63680000E-4,3.52000767E-5
1.63720000E-4,2.00674005E-5
1.63760000E-4,2.60132646E-5
1.63800000E-4,6.60820939E-5
1.63840000E-4,1.05010833E-5
1.63880000E-4,4.39346643E-6
1.63920000E-4,1.40390340E-5
1.63960000E-4,1.96902604E-5
1.64000000E-4,2.15634867E-5
1.64040000E-4,1.77813858E-5
1.64080000E-4,5.92410729E-5
1.64120000E-4,1.76397651E-5
1.64160000E-4,3.17242292E-5
1.64200000E-4,2.83393527E-5
1.64240000E-4,2.95663406E-5
1.64280000E-4,1.14156761E-5
1.64320000E-4,-3.74434195E-6
1.64360000E-4,4.82404103E-5
1.64400000E-4,-9.19157894E-7
1.64440000E-4,2.23142764E-5
1.64480000E-4,2.81999907E-6
1.64520000E-4,3.58016640E-5
1.64560000E-4,4.58113444E-5
1.64600000E-4,3.65386445E-5
1.64640000E-4,6.81537020E-6
1.64680000E-4,3.15809682E-5
1.64720000E-4,2.44728325E-5
1.64760000E-4,2.99926125E-6
1.64800000E-4,7.10455288E-6
1.64840000E-4,2.02694841E-5
1.64880000E-4,5.81907627E-5
1.64920000E-4,5.10260169E-5
1.64960000E-4,3.95970115E-5
1.65000000E-4,1.70301955E-5
1.65040000E-4,4.60316036E-6
1.65080000E-4,3.30463938E-5
1.65120000E-4,3.88954123E-5
1.65160000E-4,4.37712633E-5
1.65200000E-4,2.43419884E-5
1.65240000E-4,5.07758681E-5
1.65280000E-4,3.41058688E-5
1.65320000E-4,7.37315256E-5
1.65360000E-4,2.92270042E-5
1.65400000E-4,4.13919697E-5
1.65440000E-4,3.00715592E-5
1.65480000E-4,1.00200213E-5
1.65520000E-4,-9.52335119E-6
1.65560000E-4,1.41745225E-5
1.65600000E-4,4.01127990E-7
1.65640000E-4,2.62145567E-5
1.65680000E-4,8.22346295E-5
1.65720000E-4,4.88343301E-5
1.65760000E-4,2.90387775E-5
1.65800000E-4,4.06001625E-5
1.65840000E-4,4.23574887E-5
1.65880000E-4,2.79611636E-5
1.65920000E-4,2.79604277E-6
1.65960000E-4,3.60688836E-5
1.66000000E-4,2.21032473E-5
1.66040000E-4,3.44523673E-5
1.66080000E-4,4.42826616E-5
1.66120000E-4,7.71268090E-7
1.66160000E-4,4.22164593E-5
1.66200000E-4,3.82235678E-5
1.66240000E-4,1.92332501E-5
1.66280000E-4,5.23220890E-5
1.66320000E-4,4.83215108E-5
1.66360000E-4,3.16399339E-5
1.66400000E-4,2.80111457E-5
1.66440000E-4,7.83547102E-5
1.66480000E-4,5.63937540E-5
1.66520000E-4,-9.86479523E-6
1.66560000E-4,2.67604780E-5
1.66600000E-4,2.79258109E-5
1.66640000E-4,5.81772205E-5
1.66680000E-4,3.01838448E-5
1.66720000E-4,2.39203594E-5
1.66760000E-4,5.39473695E-5
1.66800000E-4,1.82727760E-5
1.66840000E-4,6.46152283E-5
1.66880000E-4,3.96239814E-5
1.66920000E-4,3.72983987E-5
1.66960000E-4,1.21343746E-5
1.67000000E-4,3.27275232E-5
1.67040000E-4,1.36013547E-5
1.67080000E-4,6.22287344E-5
1.67120000E-4,5.96498845E-5
1.67160000E-4,7.48810752E-5
1.67200000E-4,3.41217761E-5
1.67240000E-4,3.52126079E-5
1.67280000E-4,4.67572464E-5
1.67320000E-4,6.91046695E-5
1.67360000E-4,7.52471717E-5
1.67400000E-4,2.41730927E-5
1.67440000E-4,3.05695775E-5
1.67480000E-4,3.94473990E-5
1.67520000E-4,5.65643473E-5
1.67560000E-4,3.75294454E-5
1.67600000E-4,4.13871155E-5
1.67640000E-4,3.30070738E-5
1.67680000E-4,5.43422765E-5
1.67720000E-4,3.75401933E-5
1.67760000E-4,1.17606678E-5
1.67800000E-4,1.83326859E-5
1.67840000E-4,5.20838611E-5
1.67880000E-4,3.00979950E-5
1.67920000E-4,2.38384674E-5
1.67960000E-4,2.69770384E-5
1.68000000E-4,3.63527543E-5
1.68040000E-4,3.31901221E-5
1.68080000E-4,2.58643293E-5
1.68120000E-4,6.30981231E-5
1.68160000E-4,5.41589993E-5
1.68200000E-4,8.88979905E-5
1.68240000E-4,4.91180959E-5
1.68280000E-4,2.62837648E-5
1.68320000E-4,-3.25310428E-6
1.68360000E-4,2.13878866E-5
1.68400000E-4,4.01009521E-5
1.68440000E-4,5.12916343E-5
1.68480000E-4,2.61858606E-5
1.68520000E-4,2.20162150E-5
1.68560000E-4,2.64451345E-6
1.68600000E-4,4.85708013E-5
1.68640000E-4,3.68769319E-5
1.68680000E-4,2.68759203E-5
1.68720000E-4,1.61431925E-5
1.68760000E-4,2.96391346E-5
1.68800000E-4,4.39820444E-5
1.68840000E-4,6.00369428E-5
1.68880000E-4,3.53063064E-5
1.68920000E-4,2.54921579E-5
1.68960000E-4,4.28752481E-5
1.69000000E-4,3.48613029E-5
1.69040000E-4,4.93634859E-5
1.69080000E-4,4.14453659E-5
1.69120000E-4,2.87799884E-5
1.69160000E-4,1.57158701E-5
1.69200000E-4,3.45986991E-5
1.69240000E-4,4.71533741E-5
1.69280000E-4,2.36610077E-5
1.69320000E-4,4.55252993E-5
1.69360000E-4,4.33375131E-5
1.69400000E-4,2.58601140E-5
1.69440000E-4,6.22536349E-5
1.69480000E-4,2.92559673E-5
1.69520000E-4,3.79409654E-5
1.69560000E-4,9.20969371E-6
1.69600000E-4,3.92102965E-5
1.69640000E-4,1.67926925E-5
1.69680000E-4,2.43632553E-5
1.69720000E-4,5.68917056E-5
1.69760000E-4,3.99300536E-5
1.69800000E-4,5.23020904E-5
1.69840000E-4,4.23289452E-5
1.69880000E-4,3.04835942E-5
1.69920000E-4,1.80253738E-5
1.69960000E-4,5.19948356E-5
1.70000000E-4,3.94342574E-5
1.70040000E-4,2.38267372E-5
1.70080000E-4,5.96486828E-5
1.70120000E-4,3.47867733E-5
1.70160000E-4,-6.50403718E-6
1.70200000E-4,2.62452840E-5
1.70240000E-4,6.57116868E-5
1.70280000E-4,3.25095991E-5
1.70320000E-4,4.84968820E-5
1.70360000E-4,3.39285903E-5
1.70400000E-4,3.72531373E-5
1.70440000E-4,4.79442181E-5
1.70480000E-4,6.43831993E-5
1.70520000E-4,4.14008865E-5
1.70560000E-4,4.62803424E-5
1.70600000E-4,4.77986779E-5
1.70640000E-4,6.14436602E-5
1.70680000E-4,6.24361586E-5
1.70720000E-4,6.84420088E-5
1.70760000E-4,7.40794833E-5
1.70800000E-4,5.75700160E-5
1.70840000E-4,3.79562814E-5
1.70880000E-4,5.14817016E-5
1.70920000E-4,4.06706867E-5
1.70960000E-4,1.30772248E-5
1.71000000E-4,2.69767714E-5
1.71040000E-4,4.64238418E-5
1.71080000E-4,3.39286284E-5
1.71120000E-4,5.15078132E-5
1.71160000E-4,4.56753505E-5
1.71200000E-4,3.97339209E-5
1.71240000E-4,5.30734032E-5
1.71280000E-4,6.86268691E-5
1.71320000E-4,4.90339437E-5
1.71360000E-4,2.84107734E-5
1.71400000E-4,4.86268582E-5
1.71440000E-4,1.31918469E-5
1.71480000E-4,7.10475045E-5
1.71520000E-4,4.43861353E-5
1.71560000E-4,4.51448214E-5
1.71600000E-4,4.51372206E-5
1.71640000E-4,5.11983363E-5
1.71680000E-4,2.41375778E-5
1.71720000E-4,1.38024655E-5
1.71760000E-4,3.85346754E-5
1.71800000E-4,3.85150011E-5
1.71840000E-4,5.15362041E-5
1.71880000E-4,5.15898387E-5
1.71920000E-4,6.29917693E-5
1.71960000E-4,3.35299639E-5
1.72000000E-4,-7.11256879E-7
1.72040000E-4,5.74005099E-5
1.72080000E-4,5.41554612E-5
1.72120000E-4,2.09830900E-5
1.72160000E-4,7.84664999E-5
1.72200000E-4,4.07789001E-5
1.72240000E-4,2.96090843E-5
1.72280000E-4,6.04734967E-5
1.72320000E-4,2.67460299E-5
1.72360000E-4,2.95322945E-5
1.72400000E-4,4.03101501E-5
1.72440000E-4,3.92627772E-5
1.72480000E-4,5.03464285E-5
1.72520000E-4,7.05430489E-5
1.72560000E-4,6.45504642E-5
1.72600000E-4,3.71738012E-5
1.72640000E-4,3.11863568E-5
1.72680000E-4,9.40280323E-6
1.72720000E-4,7.86720548E-5
1.72760000E-4,2.60746526E-5
1.72800000E-4,6.25394416E-5
1.72840000E-4,1.45231573E-5
1.72880000E-4,3.39641623E-5
1.72920000E-4,2.70801783E-5
1.72960000E-4,3.20369962E-5
1.73000000E-4,7.06074505E-5
1.73040000E-4,3.00881245E-5
1.73080000E-4,2.74175406E-5
1.73120000E-4,4.45600283E-5
1.73160000E-4,-9.47094679E-6
1.73200000E-4,3.03672554E-5
1.73240000E-4,4.17729531E-5
1.73280000E-4,5.36693352E-5
1.73320000E-4,6.92221050E-5
1.73360000E-4,4.18837510E-5
1.73400000E-4,1.83155960E-5
1.73440000E-4,3.17051271E-5
1.73480000E-4,9.40886303E-5
1.73520000E-4,4.65620006E-5
1.73560000E-4,5.71673556E-5
1.73600000E-4,9.80674075E-5
1.73640000E-4,4.57635940E-5
1.73680000E-4,-9.39652356E-7
1.73720000E-4,5.78577682E-5
1.73760000E-4,2.94681122E-5
1.73800000E-4,9.22315879E-5
1.73840000E-4,3.73654325E-5
1.73880000E-4,1.55240767E-5
1.73920000E-4,7.22009736E-5
1.73960000E-4,4.71571983E-5
1.74000000E-4,3.26977400E-5
1.74040000E-4,5.72074862E-5
1.74080000E-4,4.35485136E-5
1.74120000E-4,3.34757380E-5
1.74160000E-4,4.61866725E-5
1.74200000E-4,2.54330682E-5
1.74240000E-4,4.40125715E-5
1.74280000E-4,2.38846729E-5
1.74320000E-4,4.30209981E-5
1.74360000E-4,2.38780735E-5
1.74400000E-4,5.44231576E-5
1.74440000E-4,3.05349591E-5
1.74480000E-4,4.58802188E-5
1.74520000E-4,2.96605923E-5
1.74560000E-4,4.22191582E-5
1.74600000E-4,5.26119678E-5
1.74640000E-4,3.33880000E-5
1.74680000E-4,3.64433533E-5
1.74720000E-4,3.93549975E-5
1.74760000E-4,3.95701274E-5
1.74800000E-4,5.60785837E-5
1.74840000E-4,1.05511798E-5
1.74880000E-4,1.92810006E-5
1.74920000E-4,5.43642587E-5
1.74960000E-4,3.25781015E-5
1.75000000E-4,6.03706048E-5
1.75040000E-4,6.00402520E-5
1.75080000E-4,1.18131008E-5
1.75120000E-4,3.90386065E-5
1.75160000E-4,4.73646321E-5
1.75200000E-4,1.22108307E-5
1.75240000E-4,6.62344720E-5
1.75280000E-4,3.49357849E-5
1.75320000E-4,4.53721488E-5
1.75360000E-4,9.69874094E-5
1.75400000E-4,2.31951854E-5
1.75440000E-4,2.36667774E-5
1.75480000E-4,9.05739191E-6
1.75520000E-4,8.19402096E-6
1.75560000E-4,3.99832877E-5
1.75600000E-4,3.06114533E-5
1.75640000E-4,5.35031193E-5
1.75680000E-4,2.05140634E-5
1.75720000E-4,4.95718065E-5
1.75760000E-4,4.03247890E-5
1.75800000E-4,4.07312355E-5
1.75840000E-4,6.29234576E-5
1.75880000E-4,5.87820885E-5
1.75920000E-4,1.62867968E-5
1.75960000E-4,4.35281908E-5
1.76000000E-4,3.58236939E-5
1.76040000E-4,4.87672105E-5
1.76080000E-4,4.86955705E-5
1.76120000E-4,1.94380422E-5
1.76160000E-4,7.88386141E-5
1.76200000E-4,1.60647910E-5
1.76240000E-4,4.47306502E-5
1.76280000E-4,4.01940116E-5
1.76320000E-4,5.40175027E-5
1.76360000E-4,-8.67595429E-6
1.76400000E-4,4.23115979E-5
1.76440000E-4,5.41739148E-5
1.76480000E-4,2.35983990E-5
1.76520000E-4,5.92598889E-5
1.76560000E-4,2.81083251E-5
1.76600000E-4,1.95248837E-5
1.76640000E-4,3.78996332E-5
1.76680000E-4,3.71062142E-5
1.76720000E-4,4.83436456E-5
1.76760000E-4,5.87522003E-5
1.76800000E-4,2.14776465E-5
1.76840000E-4,4.96461645E-5
1.76880000E-4,2.57391404E-5
1.76920000E-4,6.97760929E-6
1.76960000E-4,1.43848936E-5
1.77000000E-4,3.89648684E-5
1.77040000E-4,3.60698944E-5
1.77080000E-4,2.30790946E-5
1.77120000E-4,4.68864311E-5
1.77160000E-4,2.86488868E-5
1.77200000E-4,3.68178422E-5
1.77240000E-4,4.16093884E-5
1.77280000E-4,2.60427236E-5
1.77320000E-4,5.80330154E-5
1.77360000E-4,5.36254662E-5
1.77400000E-4,4.65581955E-5
1.77440000E-4,3.23251489E-5
1.77480000E-4,9.99031433E-6
1.77520000E-4,5.67650576E-5
1.77560000E-4,3.11826074E-6
1.77600000E-4,3.08872083E-5
1.77640000E-4,2.47807072E-5
1.77680000E-4,6.10967706E-5
1.77720000E-4,4.93720880E-5
1.77760000E-4,1.96585507E-5
1.77800000E-4,8.04163157E-5
1.77840000E-4,5.13420073E-5
1.77880000E-4,2.35691498E-5
1.77920000E-4,-1.22243192E-5
1.77960000E-4,4.08218059E-5
1.78000000E-4,4.03919086E-5
1.78040000E-4,3.68827588E-5
1.78080000E-4,2.43540047E-5
1.78120000E-4,3.08251241E-5
1.78160000E-4,1.01275752E-6
1.78200000E-4,3.71114308E-5
1.78240000E-4,5.76255771E-5
1.78280000E-4,1.87753434E-5
1.78320000E-4,4.37874185E-5
1.78360000E-4,3.34118514E-5
1.78400000E-4,3.75682504E-5
1.78440000E-4,4.42239916E-5
1.78480000E-4,6.03276036E-5
1.78520000E-4,2.01124425E-5
1.78560000E-4,1.10245265E-5
1.78600000E-4,4.32094632E-5
1.78640000E-4,2.81055022E-5
1.78680000E-4,3.96501120E-5
1.78720000E-4,5.29584091E-5
1.78760000E-4,1.75122112E-5
1.78800000E-4,5.34400338E-5
1.78840000E-4,4.27453958E-5
1.78880000E-4,2.18978163E-5
1.78920000E-4,1.57475130E-5
1.78960000E-4,-1.52723865E-5
1.79000000E-4,2.02169271E-5
1.79040000E-4,6.19714125E-6
1.79080000E-4,5.29711788E-5
1.79120000E-4,5.01609007E-5
1.79160000E-4,8.25092671E-6
1.79200000E-4,4.08248768E-5
1.79240000E-4,2.08979078E-5
1.79280000E-4,5.09027735E-5
1.79320000E-4,8.61619353E-6
1.79360000E-4,2.20896956E-5
1.79400000E-4,6.88727359E-5
1.79440000E-4,5.12043540E-5
1.79480000E-4,3.10261395E-5
1.79520000E-4,3.84776648E-5
1.79560000E-4,4.57957233E-5
1.79600000E-4,5.16754977E-5
1.79640000E-4,5.07868353E-5
1.79680000E-4,2.21463725E-5
1.79720000E-4,1.52090399E-5
1.79760000E-4,5.99538682E-5
1.79800000E-4,5.76849338E-5
1.79840000E-4,2.37459896E-5
1.79880000E-4,5.52288217E-5
1.79920000E-4,2.12705466E-5
1.79960000E-4,4.18735466E-5
1.80000000E-4,6.28253722E-5
1.80040000E-4,3.46082359E-5
1.80080000E-4,5.28091686E-5
1.80120000E-4,1.81084389E-5
1.80160000E-4,3.19474653E-5
1.80200000E-4,4.07651767E-5
1.80240000E-4,3.16439393E-5
1.80280000E-4,1.11273421E-5
1.80320000E-4,6.65861204E-5
1.80360000E-4,1.17195072E-5
1.80400000E-4,2.50159978E-5
1.80440000E-4,5.75045081E-5
1.80480000E-4,3.13024476E-5
1.80520000E-4,8.93957498E-6
1.80560000E-4,3.03680851E-5
1.80600000E-4,4.03076705E-5
1.80640000E-4,2.68944120E-5
1.80680000E-4,3.77513177E-5
1.80720000E-4,2.77571822E-5
1.80760000E-4,2.42583702E-5
1.80800000E-4,3.57406574E-5
1.80840000E-4,4.13558636E-5
1.80880000E-4,1.79998726E-5
1.80920000E-4,7.05880528E-5
1.80960000E-4,3.90991934E-5
1.81000000E-4,1.17402496E-5
1.81040000E-4,5.51182050E-5
1.81080000E-4,3.58668190E-5
1.81120000E-4,5.53282804E-5
1.81160000E-4,6.02636693E-5
1.81200000E-4,1.84804482E-5
1.81240000E-4,2.00374742E-5
1.81280000E-4,2.47095059E-5
1.81320000E-4,-4.95320052E-6
1.81360000E-4,2.89731266E-5
1.81400000E-4,3.42325359E-5
1.81440000E-4,1.67079204E-5
1.81480000E-4,4.27794419E-5
1.81520000E-4,2.60769796E-5
1.81560000E-4,5.16232078E-5
1.81600000E-4,6.57039986E-6
1.81640000E-4,6.33413100E-5
1.81680000E-4,2.18009802E-5
1.81720000E-4,4.50947344E-5
1.81760000E-4,3.61194283E-5
1.81800000E-4,4.16978894E-5
1.81840000E-4,2.20831916E-5
1.81880000E-4,3.05117276E-5
1.81920000E-4,4.01737174E-5
1.81960000E-4,8.41350355E-5
1.82000000E-4,4.68449081E-5
1.82040000E-4,4.94084135E-5
1.82080000E-4,3.23724035E-5
1.82120000E-4,2.46371029E-5
1.82160000E-4,2.01981779E-5
1.82200000E-4,5.24713867E-5
1.82240000E-4,5.00261465E-5
1.82280000E-4,1.79588360E-5
1.82320000E-4,1.17674007E-5
1.82360000E-4,3.36353163E-5
1.82400000E-4,4.53121817E-5
1.82440000E-4,4.67530216E-5
1.82480000E-4,2.03356977E-5
1.82520000E-4,4.32380639E-5
1.82560000E-4,1.33491364E-5
1.82600000E-4,7.82580743E-5
1.82640000E-4,6.73297274E-6
1.82680000E-4,2.92039825E-5
1.82720000E-4,4.92660013E-5
1.82760000E-4,4.41503870E-5
1.82800000E-4,4.94428030E-5
1.82840000E-4,5.52552957E-5
1.82880000E-4,4.53923953E-5
1.82920000E-4,3.66805226E-5
1.82960000E-4,3.52979046E-5
1.83000000E-4,2.72311068E-5
1.83040000E-4,4.19384346E-5
1.83080000E-4,4.50690043E-5
1.83120000E-4,2.27026126E-5
1.83160000E-4,6.80518496E-6
1.83200000E-4,3.21259264E-5
1.83240000E-4,4.72906937E-5
1.83280000E-4,4.31203042E-5
1.83320000E-4,2.47750615E-5
1.83360000E-4,8.72901321E-6
1.83400000E-4,4.35986482E-5
1.83440000E-4,3.46193939E-5
1.83480000E-4,7.91857229E-5
1.83520000E-4,5.03265730E-5
1.83560000E-4,6.69176462E-5
1.83600000E-4,6.46379543E-5
1.83640000E-4,3.88679179E-5
1.83680000E-4,5.29058807E-5
1.83720000E-4,2.90113117E-5
1.83760000E-4,7.33461554E-5
1.83800000E-4,4.41931402E-5
1.83840000E-4,3.15150884E-5
1.83880000E-4,2.45104931E-5
1.83920000E-4,3.23161081E-5
1.83960000E-4,3.33271937E-5
1.84000000E-4,2.63350057E-5
1.84040000E-4,5.83820984E-5
1.84080000E-4,6.87668876E-5
1.84120000E-4,1.70693630E-5
1.84160000E-4,4.03916511E-5
1.84200000E-4,3.85656031E-5
1.84240000E-4,3.20256857E-5
1.84280000E-4,7.16133767E-5
1.84320000E-4,4.38421880E-5
1.84360000E-4,4.47380698E-5
1.84400000E-4,3.13866666E-5
1.84440000E-4,4.14857922E-5
1.84480000E-4,5.18192451E-5
1.84520000E-4,3.74145276E-5
1.84560000E-4,3.80794676E-5
1.84600000E-4,4.10190258E-5
1.84640000E-4,6.75821474E-5
1.84680000E-4,5.23849647E-5
1.84720000E-4,4.49465907E-5
1.84760000E-4,5.69669982E-5
1.84800000E-4,6.55827214E-5
1.84840000E-4,3.95621070E-5
1.84880000E-4,5.35247773E-5
1.84920000E-4,3.75518281E-5
1.84960000E-4,5.16376464E-5
1.85000000E-4,5.70420619E-5
1.85040000E-4,3.17169240E-5
1.85080000E-4,4.19198094E-5
1.85120000E-4,4.37005579E-5
1.85160000E-4,5.21875255E-5
1.85200000E-4,7.88097940E-5
1.85240000E-4,8.19631279E-5
1.85280000E-4,6.30828357E-5
1.85320000E-4,4.35733568E-5
1.85360000E-4,2.96940281E-5
1.85400000E-4,6.37645507E-5
1.85440000E-4,4.76183476E-5
1.85480000E-4,7.74535451E-5
1.85520000E-4,6.97951870E-5
1.85560000E-4,3.79710157E-5
1.85600000E-4,6.44728447E-5
1.85640000E-4,4.42142641E-5
1.85680000E-4,4.29900991E-5
1.85720000E-4,3.46071582E-5
1.85760000E-4,3.60391766E-5
1.85800000E-4,6.45708824E-5
1.85840000E-4,6.09705232E-5
1.85880000E-4,3.86516913E-5
1.85920000E-4,7.59637531E-5
1.85960000E-4,5.71865912E-5
1.86000000E-4,5.12160937E-5
1.86040000E-4,4.14002380E-5
1.86080000E-4,6.54935147E-5
1.86120000E-4,6.50138165E-5
1.86160000E-4,6.33321262E-5
1.86200000E-4,1.31618920E-5
1.86240000E-4,3.69092519E-5
1.86280000E-4,5.22474830E-5
1.86320000E-4,3.25634817E-5
1.86360000E-4,3.81310232E-5
1.86400000E-4,5.75929805E-5
1.86440000E-4,4.34716093E-5
1.86480000E-4,5.17608802E-5
1.86520000E-4,3.06035283E-5
1.86560000E-4,5.92278359E-5
1.86600000E-4,7.28540689E-5
1.86640000E-4,3.20707468E-5
1.86680000E-4,3.20719389E-5
1.86720000E-4,5.11963622E-5
1.86760000E-4,3.96142062E-5
1.86800000E-4,6.20522093E-5
1.86840000E-4,3.64347783E-6
1.86880000E-4,6.51032139E-5
1.86920000E-4,1.08936538E-5
1.86960000E-4,3.41988616E-5
1.87000000E-4,8.59747210E-5
1.87040000E-4,3.25086073E-5
1.87080000E-4,3.84052618E-5
1.87120000E-4,3.21619562E-5
1.87160000E-4,6.35745406E-5
1.87200000E-4,4.45900404E-5
1.87240000E-4,6.33768058E-5
1.87280000E-4,2.89917614E-5
1.87320000E-4,5.04165522E-5
1.87360000E-4,3.58247715E-5
1.87400000E-4,5.23950069E-5
1.87440000E-4,5.04614989E-5
1.87480000E-4,2.68328333E-5
1.87520000E-4,2.64329099E-5
1.87560000E-4,5.67443057E-5
1.87600000E-4,4.82259621E-5
1.87640000E-4,6.64475419E-5
1.87680000E-4,3.95980033E-5
1.87720000E-4,5.41594857E-5
1.87760000E-4,5.53796453E-5
1.87800000E-4,6.98005275E-5
1.87840000E-4,4.60303176E-5
1.87880000E-4,5.45279187E-5
1.87920000E-4,4.69653191E-5
1.87960000E-4,4.12296448E-5
1.88000000E-4,4.37517416E-5
1.88040000E-4,4.23311578E-5
1.88080000E-4,4.63146556E-5
1.88120000E-4,4.18142186E-5
1.88160000E-4,6.71015718E-5
1.88200000E-4,1.91103406E-5
1.88240000E-4,6.22707343E-5
1.88280000E-4,6.54864098E-5
1.88320000E-4,6.46970821E-5
1.88360000E-4,3.48138099E-5
1.88400000E-4,6.40157486E-5
1.88440000E-4,5.10825793E-5
1.88480000E-4,4.15237961E-5
1.88520000E-4,4.34488069E-5
1.88560000E-4,4.49882472E-5
1.88600000E-4,5.60743876E-5
1.88640000E-4,7.76457868E-5
1.88680000E-4,7.91809164E-5
1.88720000E-4,4.08174953E-5
1.88760000E-4,4.29515134E-5
1.88800000E-4,7.48432334E-5
1.88840000E-4,5.59515352E-5
1.88880000E-4,7.33646566E-5
1.88920000E-4,3.07771733E-5
1.88960000E-4,6.17954611E-5
1.89000000E-4,5.34045571E-5
1.89040000E-4,6.66230085E-5
1.89080000E-4,6.59410645E-5
1.89120000E-4,7.90146528E-5
1.89160000E-4,6.26787734E-5
1.89200000E-4,4.82214989E-5
1.89240000E-4,6.61181523E-5
1.89280000E-4,7.09573727E-5
1.89320000E-4,5.28581684E-5
1.89360000E-4,3.14615300E-5
1.89400000E-4,4.49711764E-5
1.89440000E-4,4.71968903E-5
1.89480000E-4,3.23957113E-5
1.89520000E-4,6.32485461E-5
1.89560000E-4,8.12487304E-5
1.89600000E-4,5.19212978E-5
1.89640000E-4,2.73977995E-5
1.89680000E-4,2.35271023E-5
1.89720000E-4,5.66762610E-5
1.89760000E-4,5.21310203E-5
1.89800000E-4,6.87581138E-5
1.89840000E-4,4.01435718E-5
1.89880000E-4,6.13764261E-5
1.89920000E-4,5.47102136E-5
1.89960000E-4,6.91758136E-5
1.90000000E-4,4.56998027E-5
1.90040000E-4,3.24593309E-5
1.90080000E-4,7.35380522E-6
1.90120000E-4,4.23955785E-5
1.90160000E-4,5.96390412E-5
1.90200000E-4,3.50937420E-5
1.90240000E-4,4.62463058E-5
1.90280000E-4,3.05693677E-5
1.90320000E-4,7.70135388E-5
1.90360000E-4,3.54999977E-5
1.90400000E-4,2.03906580E-5
1.90440000E-4,7.25408155E-5
1.90480000E-4,7.70384869E-5
1.90520000E-4,8.87646096E-5
1.90560000E-4,6.94496612E-5
1.90600000E-4,3.72579915E-5
1.90640000E-4,5.58702822E-5
1.90680000E-4,7.94304644E-5
1.90720000E-4,3.97387847E-5
1.90760000E-4,4.02925929E-5
1.90800000E-4,8.77817719E-5
1.90840000E-4,6.63942983E-5
1.90880000E-4,5.76327487E-5
1.90920000E-4,3.67231137E-5
1.90960000E-4,7.56239875E-5
1.91000000E-4,7.77053819E-5
1.91040000E-4,4.38573229E-5
1.91080000E-4,1.32006398E-5
1.91120000E-4,5.65549632E-5
1.91160000E-4,8.71855919E-5
1.91200000E-4,2.60426664E-5
1.91240000E-4,6.17504477E-5
1.91280000E-4,3.21997217E-5
1.91320000E-4,2.71825457E-5
1.91360000E-4,3.50473362E-5
1.91400000E-4,5.04620806E-5
1.91440000E-4,2.55302476E-5
1.91480000E-4,5.84073707E-5
1.91520000E-4,4.90033975E-5
1.91560000E-4,7.03736652E-6
1.91600000E-4,3.98893794E-5
1.91640000E-4,7.57359394E-5
1.91680000E-4,2.51130914E-5
1.91720000E-4,3.41354995E-5
1.91760000E-4,4.27300416E-5
1.91800000E-4,3.71331555E-5
1.91840000E-4,5.08062140E-5
1.91880000E-4,4.56908000E-5
1.91920000E-4,5.89919827E-5
1.91960000E-4,3.76392229E-5
1.92000000E-4,3.77905519E-5
1.92040000E-4,6.75938395E-5
1.92080000E-4,8.97015931E-6
1.92120000E-4,4.23258267E-5
1.92160000E-4,-8.98739573E-6
1.92200000E-4,2.60034513E-5
1.92240000E-4,6.11222910E-5
1.92280000E-4,3.04221203E-5
1.92320000E-4,7.88832270E-5
1.92360000E-4,4.28272401E-5
1.92400000E-4,4.12325249E-5
1.92440000E-4,4.29353391E-5
1.92480000E-4,2.94748165E-5
1.92520000E-4,3.95950564E-5
1.92560000E-4,1.98598809E-5
1.92600000E-4,3.09650948E-5
1.92640000E-4,1.25665798E-5
1.92680000E-4,3.01900151E-5
1.92720000E-4,5.21276920E-5
1.92760000E-4,5.89177296E-5
1.92800000E-4,1.42426530E-5
1.92840000E-4,2.43330715E-5
1.92880000E-4,2.81456519E-5
1.92920000E-4,3.84050997E-5
1.92960000E-4,3.75329358E-5
1.93000000E-4,4.62950195E-5
1.93040000E-4,3.08516553E-5
1.93080000E-4,7.54100593E-5
1.93120000E-4,3.81161745E-5
1.93160000E-4,5.77950641E-5
1.93200000E-4,2.02995344E-5
1.93240000E-4,3.36759619E-5
1.93280000E-4,4.83614697E-5
1.93320000E-4,3.40277820E-5
1.93360000E-4,2.53898000E-5
1.93400000E-4,5.19112174E-5
1.93440000E-4,4.25848161E-5
1.93480000E-4,3.07027199E-5
1.93520000E-4,3.23953489E-5
1.93560000E-4,7.66533169E-5
1.93600000E-4,3.68019540E-5
1.93640000E-4,4.80592122E-5
1.93680000E-4,5.19134109E-5
1.93720000E-4,4.38921415E-5
1.93760000E-4,8.04517161E-5
1.93800000E-4,4.10567531E-5
1.93840000E-4,5.40958184E-5
1.93880000E-4,4.80400529E-5
1.93920000E-4,6.66400793E-5
1.93960000E-4,4.42388021E-5
1.94000000E-4,7.33183748E-5
1.94040000E-4,4.21848832E-5
1.94080000E-4,5.77224895E-5
1.94120000E-4,2.52753209E-5
1.94160000E-4,4.99079084E-6
1.94200000E-4,1.13239421E-5
1.94240000E-4,1.38453809E-5
1.94280000E-4,6.73419264E-5
1.94320000E-4,6.25120329E-5
1.94360000E-4,5.46724576E-5
1.94400000E-4,2.76707697E-5
1.94440000E-4,5.57098360E-5
1.94480000E-4,2.44528817E-5
1.94520000E-4,4.14171085E-5
1.94560000E-4,2.84349300E-5
1.94600000E-4,7.95495306E-5
1.94640000E-4,3.37319999E-5
1.94680000E-4,3.31042818E-5
1.94720000E-4,4.85642591E-5
1.94760000E-4,1.66983073E-5
1.94800000E-4,4.20389710E-5
1.94840000E-4,5.72448703E-5
1.94880000E-4,5.33538216E-5
1.94920000E-4,2.24564406E-5
1.94960000E-4,4.35350572E-5
1.95000000E-4,5.62821837E-5
1.95040000E-4,4.37759363E-5
1.95080000E-4,2.57901239E-5
1.95120000E-4,4.26741467E-5
1.95160000E-4,2.22020671E-5
1.95200000E-4,6.15963816E-5
1.95240000E-4,4.09132728E-5
1.95280000E-4,1.81308407E-5
1.95320000E-4,5.20029037E-5
1.95360000E-4,1.73884338E-5
1.95400000E-4,5.40092152E-5
1.95440000E-4,2.37101887E-5
1.95480000E-4,7.35188467E-5
1.95520000E-4,6.26695609E-5
1.95560000E-4,7.18792802E-5
1.95600000E-4,4.60770953E-5
1.95640000E-4,3.20059637E-5
1.95680000E-4,6.79109553E-5
1.95720000E-4,6.33950973E-5
1.95760000E-4,2.63935407E-6
1.95800000E-4,2.30512760E-5
1.95840000E-4,3.90796908E-5
1.95880000E-4,3.17386392E-5
1.95920000E-4,3.53411728E-5
1.95960000E-4,3.13812020E-5
1.96000000E-4,8.27056111E-5
1.96040000E-4,5.21945350E-5
1.96080000E-4,8.34674157E-5
1.96120000E-4,2.59094667E-5
1.96160000E-4,5.68587466E-5
1.96200000E-4,8.40808191E-5
1.96240000E-4,5.10662715E-5
1.96280000E-4,5.69693919E-5
1.96320000E-4,3.90485533E-5
1.96360000E-4,2.92949154E-5
1.96400000E-4,5.43792218E-5
1.96440000E-4,6.13947843E-5
1.96480000E-4,3.37350516E-5
1.96520000E-4,5.09863440E-5
1.96560000E-4,3.48678165E-5
1.96600000E-4,2.40042732E-5
1.96640000E-4,5.08538691E-5
1.96680000E-4,4.59552348E-5
1.96720000E-4,7.68067917E-5
1.96760000E-4,4.36067831E-5
1.96800000E-4,3.32014231E-5
1.96840000E-4,9.12438673E-5
1.96880000E-4,5.31935471E-5
1.96920000E-4,5.02822939E-5
1.96960000E-4,5.65903826E-5
1.97000000E-4,4.40284502E-5
1.97040000E-4,3.30332808E-5
1.97080000E-4,2.21096560E-5
1.97120000E-4,3.12719396E-5
1.97160000E-4,4.37645494E-5
1.97200000E-4,5.41499013E-5
1.97240000E-4,3.54715401E-5
1.97280000E-4,5.22924583E-5
1.97320000E-4,5.92122052E-5
1.97360000E-4,4.50236476E-5
1.97400000E-4,1.45914213E-5
1.97440000E-4,2.64679956E-5
1.97480000E-4,4.84201589E-5
1.97520000E-4,4.14577732E-5
1.97560000E-4,2.32857845E-5
1.97600000E-4,5.19399803E-5
1.97640000E-4,7.48253139E-5
1.97680000E-4,3.48182922E-5
1.97720000E-4,4.62473167E-5
1.97760000E-4,3.76481016E-5
1.97800000E-4,5.68866893E-5
1.97840000E-4,4.29764520E-5
1.97880000E-4,2.67147303E-5
1.97920000E-4,3.75716169E-5
1.97960000E-4,4.82651105E-5
1.98000000E-4,4.90031877E-5
1.98040000E-4,4.06682739E-5
1.98080000E-4,4.83256020E-5
1.98120000E-4,4.03651771E-5
1.98160000E-4,1.93386693E-5
1.98200000E-4,4.74394383E-5
1.98240000E-4,4.37193071E-5
1.98280000E-4,5.09266154E-5
1.98320000E-4,3.81409017E-6
1.98360000E-4,1.81185001E-5
1.98400000E-4,3.09837106E-5
1.98440000E-4,3.83178194E-5
1.98480000E-4,6.47453667E-5
1.98520000E-4,4.13110123E-5
1.98560000E-4,1.30984917E-5
1.98600000E-4,6.33109069E-5
1.98640000E-4,4.79922261E-5
1.98680000E-4,4.31510125E-5
1.98720000E-4,2.23944709E-5
1.98760000E-4,1.05009021E-5
1.98800000E-4,7.10329991E-5
1.98840000E-4,4.77708497E-5
1.98880000E-4,2.82949592E-5
1.98920000E-4,1.19397583E-5
1.98960000E-4,5.51731939E-5
1.99000000E-4,3.92191752E-5
1.99040000E-4,6.98108272E-5
1.99080000E-4,7.53645118E-5
1.99120000E-4,6.07763933E-5
1.99160000E-4,4.90877691E-5
1.99200000E-4,9.26008697E-5
1.99240000E-4,3.30495219E-5
1.99280000E-4,4.24558221E-5
1.99320000E-4,3.62346226E-5
1.99360000E-4,3.93398245E-5
1.99400000E-4,3.62578446E-5
1.99440000E-4,5.05746237E-5
1.99480000E-4,5.51972837E-5
1.99520000E-4,5.91271088E-5
1.99560000E-4,7.69593701E-5
1.99600000E-4,3.20844511E-5
1.99640000E-4,2.69604540E-5
1.99680000E-4,4.76301064E-5
1.99720000E-4,7.03510361E-5
1.99760000E-4,1.57961409E-5
1.99800000E-4,3.65977532E-5
1.99840000E-4,6.23600077E-5
1.99880000E-4,1.12064590E-5
1.99920000E-4,1.84157223E-5
1.99960000E-4,4.94899431E-5
2.00000000E-4,2.69069529E-5
2.00040000E-4,8.61078730E-5
2.00080000E-4,7.14898282E-5
2.00120000E-4,5.25336712E-5
2.00160000E-4,7.05997814E-6
2.00200000E-4,6.14860701E-5
2.00240000E-4,3.92084082E-5
2.00280000E-4,6.75122526E-5
2.00320000E-4,2.32111023E-5
2.00360000E-4,5.20034854E-5
2.00400000E-4,4.28663693E-5
2.00440000E-4,1.60681956E-5
2.00480000E-4,6.82465899E-6
2.00520000E-4,1.75445884E-5
2.00560000E-4,5.17251842E-5
2.00600000E-4,2.76323653E-5
2.00640000E-4,3.72115667E-5
2.00680000E-4,2.62478590E-5
2.00720000E-4,4.27041303E-5
2.00760000E-4,5.83056137E-5
2.00800000E-4,1.32765141E-5
2.00840000E-4,3.09152940E-5
2.00880000E-4,3.38348250E-5
2.00920000E-4,3.08965924E-5
2.00960000E-4,4.45847094E-5
2.01000000E-4,1.26290741E-5
2.01040000E-4,4.48086703E-5
2.01080000E-4,4.17496548E-5
2.01120000E-4,2.57585763E-5
2.01160000E-4,4.16787968E-5
2.01200000E-4,3.15255788E-5
2.01240000E-4,2.71301317E-5
2.01280000E-4,1.50842897E-5
2.01320000E-4,4.97157923E-5
2.01360000E-4,7.23245317E-5
2.01400000E-4,3.31480746E-5
2.01440000E-4,5.75320216E-5
2.01480000E-4,2.12260195E-5
2.01520000E-4,7.73205838E-5
2.01560000E-4,5.53061933E-5
2.01600000E-4,2.29080818E-5
2.01640000E-4,5.16271941E-5
2.01680000E-4,-1.05374790E-5
2.01720000E-4,4.42463362E-5
2.01760000E-4,5.03982607E-5
2.01800000E-4,3.50751262E-5
2.01840000E-4,7.75837502E-5
2.01880000E-4,1.33957997E-5
2.01920000E-4,1.62271731E-5
2.01960000E-4,3.27844290E-5
2.02000000E-4,1.74353832E-5
2.02040000E-4,1.91648144E-5
2.02080000E-4,6.68014791E-5
2.02120000E-4,3.85951479E-5
2.02160000E-4,2.60763979E-5
2.02200000E-4,7.20273667E-5
2.02240000E-4,2.16378256E-5
2.02280000E-4,4.56109202E-5
2.02320000E-4,7.88991152E-5
2.02360000E-4,4.14143524E-5
2.02400000E-4,2.35042808E-5
2.02440000E-4,3.08039716E-5
2.02480000E-4,3.25167898E-5
2.02520000E-4,2.97159340E-5
2.02560000E-4,2.83061935E-5
2.02600000E-4,3.01465180E-5
2.02640000E-4,1.33999100E-5
2.02680000E-4,7.44477256E-5
2.02720000E-4,3.98744449E-5
2.02760000E-4,1.69777339E-5
2.02800000E-4,2.27796695E-5
2.02840000E-4,4.19379769E-5
2.02880000E-4,2.57075452E-5
2.02920000E-4,4.05814704E-5
2.02960000E-4,5.26144474E-5
2.03000000E-4,6.08505510E-5
2.03040000E-4,4.66090549E-5
2.03080000E-4,4.33516275E-5
2.03120000E-4,3.93721350E-5
2.03160000E-4,4.49326098E-5
2.03200000E-4,5.55396051E-5
2.03240000E-4,3.72315366E-5
2.03280000E-4,6.91403464E-5
2.03320000E-4,2.90091087E-5
2.03360000E-4,5.15944163E-5
2.03400000E-4,3.41315799E-5
2.03440000E-4,2.09318109E-5
2.03480000E-4,5.13185946E-5
2.03520000E-4,3.77815015E-5
2.03560000E-4,3.38543372E-5
2.03600000E-4,3.10464719E-5
2.03640000E-4,3.25500349E-5
2.03680000E-4,1.76251548E-5
2.03720000E-4,1.54237978E-5
2.03760000E-4,2.79104281E-5
2.03800000E-4,3.12966970E-5
2.03840000E-4,5.52634878E-5
2.03880000E-4,4.62578357E-5
2.03920000E-4,1.27453175E-5
2.03960000E-4,6.61610582E-5
2.04000000E-4,4.04402790E-5
2.04040000E-4,4.55108973E-6
2.04080000E-4,2.50212048E-5
2.04120000E-4,7.90080423E-6
2.04160000E-4,4.10760650E-5
2.04200000E-4,6.40773273E-5
2.04240000E-4,1.01074255E-5
2.04280000E-4,3.09006265E-5
2.04320000E-4,7.43738730E-5
2.04360000E-4,9.62159521E-6
2.04400000E-4,6.69867876E-5
2.04440000E-4,1.69175094E-5
2.04480000E-4,2.45866631E-5
2.04520000E-4,7.86494814E-5
2.04560000E-4,2.78590823E-5
2.04600000E-4,7.21832830E-5
2.04640000E-4,2.47423314E-5
2.04680000E-4,2.94398548E-5
2.04720000E-4,5.38035935E-5
2.04760000E-4,-2.45182596E-5
2.04800000E-4,1.78636021E-5
2.04840000E-4,4.58380569E-5
2.04880000E-4,3.47904163E-5
2.04920000E-4,3.44248252E-5
2.04960000E-4,2.76779891E-5
2.05000000E-4,5.56722025E-6
2.05040000E-4,4.75652661E-5
2.05080000E-4,5.07374636E-5
2.05120000E-4,6.14441179E-5
2.05160000E-4,5.91079304E-5
2.05200000E-4,5.28158443E-5
2.05240000E-4,5.97576592E-5
2.05280000E-4,2.89015438E-5
2.05320000E-4,3.10399678E-5
2.05360000E-4,4.29460775E-5
2.05400000E-4,4.99951807E-5
2.05440000E-4,7.44991191E-5
2.05480000E-4,6.17418074E-5
2.05520000E-4,6.79611567E-5
2.05560000E-4,1.68562549E-5
2.05600000E-4,3.02272847E-5
2.05640000E-4,6.06355832E-5
2.05680000E-4,5.08404700E-5
2.05720000E-4,2.60806322E-5
2.05760000E-4,9.20172400E-5
2.05800000E-4,7.45977672E-5
2.05840000E-4,3.46353012E-5
2.05880000E-4,7.33644564E-5
2.05920000E-4,5.62940760E-5
2.05960000E-4,4.30594121E-5
2.06000000E-4,7.50508197E-5
2.06040000E-4,-5.96899725E-6
2.06080000E-4,3.42859035E-5
2.06120000E-4,3.64602334E-5
2.06160000E-4,5.94693062E-5
2.06200000E-4,9.05490393E-5
2.06240000E-4,4.16966687E-5
2.06280000E-4,3.62449700E-5
2.06320000E-4,5.73726436E-5
2.06360000E-4,1.02843894E-5
2.06400000E-4,7.01629906E-5
2.06440000E-4,5.27646034E-5
2.06480000E-4,6.22314524E-5
2.06520000E-4,5.20904319E-5
2.06560000E-4,6.36119724E-5
2.06600000E-4,1.95731969E-5
2.06640000E-4,1.09013022E-5
2.06680000E-4,3.50596004E-5
2.06720000E-4,4.36044847E-5
2.06760000E-4,5.99295209E-5
2.06800000E-4,6.55875088E-5
2.06840000E-4,3.33848624E-5
2.06880000E-4,3.04492238E-5
2.06920000E-4,1.43091623E-5
2.06960000E-4,2.14233919E-5
2.07000000E-4,5.97191594E-5
2.07040000E-4,5.23910015E-5
2.07080000E-4,5.20183898E-6
2.07120000E-4,5.47945279E-5
2.07160000E-4,2.50975179E-5
2.07200000E-4,5.09339015E-5
2.07240000E-4,1.25347271E-5
2.07280000E-4,4.39905512E-5
2.07320000E-4,2.62448263E-5
2.07360000E-4,5.61896105E-5
2.07400000E-4,2.23390052E-5
2.07440000E-4,2.92854740E-5
2.07480000E-4,4.18929158E-5
2.07520000E-4,4.41772711E-5
2.07560000E-4,6.39089466E-5
2.07600000E-4,2.46816968E-5
2.07640000E-4,3.78054483E-5
2.07680000E-4,4.53980983E-5
2.07720000E-4,2.76001311E-5
2.07760000E-4,3.05829671E-5
2.07800000E-4,3.69244725E-5
2.07840000E-4,3.52678448E-5
2.07880000E-4,3.27061609E-5
2.07920000E-4,3.30723719E-5
2.07960000E-4,6.07548021E-5
2.08000000E-4,8.19724072E-5
2.08040000E-4,3.62701470E-5
2.08080000E-4,3.61086708E-5
2.08120000E-4,3.14748147E-5
2.08160000E-4,3.66661126E-5
2.08200000E-4,4.15998993E-5
2.08240000E-4,2.18976733E-5
2.08280000E-4,6.22691893E-5
2.08320000E-4,4.26510487E-5
2.08360000E-4,6.75227240E-5
2.08400000E-4,2.48705147E-5
2.08440000E-4,3.02797463E-5
2.08480000E-4,2.30559013E-5
2.08520000E-4,3.72098977E-5
2.08560000E-4,1.20321598E-5
2.08600000E-4,5.16674201E-5
2.08640000E-4,2.82962371E-5
2.08680000E-4,1.87847943E-5
2.08720000E-4,3.20593313E-5
2.08760000E-4,2.19540927E-5
2.08800000E-4,2.68598509E-5
2.08840000E-4,5.56572313E-5
2.08880000E-4,3.06945851E-5
2.08920000E-4,2.94735958E-5
2.08960000E-4,3.32026057E-5
2.09000000E-4,2.94807960E-5
2.09040000E-4,2.89356376E-5
2.09080000E-4,2.49089764E-5
2.09120000E-4,4.88639798E-5
2.09160000E-4,4.17232857E-5
2.09200000E-4,1.89478821E-5
2.09240000E-4,1.17900791E-5
2.09280000E-4,3.20904878E-5
2.09320000E-4,6.36477352E-5
2.09360000E-4,4.10522804E-5
2.09400000E-4,3.45424896E-5
2.09440000E-4,1.13267078E-5
2.09480000E-4,8.25174687E-6
2.09520000E-4,1.96906610E-5
2.09560000E-4,3.18380979E-5
2.09600000E-4,3.05744126E-5
2.09640000E-4,4.04218063E-5
2.09680000E-4,3.08214143E-5
2.09720000E-4,3.09361890E-5
2.09760000E-4,3.60346165E-6
2.09800000E-4,5.16165607E-5
2.09840000E-4,4.27820645E-5
2.09880000E-4,3.17050985E-5
2.09920000E-4,7.32592756E-5
2.09960000E-4,3.67183057E-6
2.10000000E-4,3.50958496E-5
2.10040000E-4,3.07900861E-5
2.10080000E-4,5.54160280E-5
2.10120000E-4,3.42773872E-5
2.10160000E-4,1.53486292E-5
2.10200000E-4,4.37903272E-5
2.10240000E-4,4.27974187E-5
2.10280000E-4,4.52908767E-5
2.10320000E-4,3.63981873E-5
2.10360000E-4,2.91664268E-5
2.10400000E-4,5.18326633E-5
2.10440000E-4,6.29692721E-5
2.10480000E-4,8.36923398E-5
2.10520000E-4,2.41583298E-5
2.10560000E-4,7.70197568E-5
2.10600000E-4,2.93265583E-5
2.10640000E-4,9.13390521E-6
2.10680000E-4,2.95669319E-5
2.10720000E-4,6.67835596E-5
2.10760000E-4,2.65051222E-5
2.10800000E-4,7.12115174E-5
2.10840000E-4,2.73242522E-5
2.10880000E-4,2.40089653E-5
2.10920000E-4,3.22251180E-5
2.10960000E-4,2.98436882E-5
2.11000000E-4,3.20367101E-5
2.11040000E-4,4.32617818E-5
2.11080000E-4,7.87314020E-5
2.11120000E-4,5.70784636E-5
2.11160000E-4,5.39400834E-5
2.11200000E-4,3.16676286E-5
2.11240000E-4,3.78357179E-5
2.11280000E-4,5.95442269E-5
2.11320000E-4,2.57057237E-5
2.11360000E-4,2.79932452E-5
2.11400000E-4,4.31377469E-5
2.11440000E-4,3.42689471E-5
2.11480000E-4,1.59769576E-5
2.11520000E-4,3.78396471E-5
2.11560000E-4,2.97451355E-5
2.11600000E-4,5.72380324E-5
2.11640000E-4,5.82212040E-5
2.11680000E-4,4.61479629E-5
2.11720000E-4,8.23959053E-5
2.11760000E-4,2.85736228E-5
2.11800000E-4,6.18007540E-5
2.11840000E-4,4.96909300E-5
2.11880000E-4,2.04034563E-5
2.11920000E-4,3.04291680E-5
2.11960000E-4,5.46791333E-5
2.12000000E-4,3.57849079E-5
2.12040000E-4,7.11400776E-5
2.12080000E-4,3.99521121E-5
2.12120000E-4,1.21687069E-5
2.12160000E-4,5.02789942E-5
2.12200000E-4,6.23528265E-5
2.12240000E-4,1.18121280E-5
2.12280000E-4,6.37875247E-5
2.12320000E-4,6.36990238E-5
2.12360000E-4,3.97254905E-5
2.12400000E-4,4.16576157E-5
2.12440000E-4,3.37711577E-5
2.12480000E-4,5.36315316E-5
2.12520000E-4,1.11878909E-5
2.12560000E-4,7.50054248E-5
2.12600000E-4,7.32920534E-5
2.12640000E-4,5.30814522E-5
2.12680000E-4,4.27048074E-5
2.12720000E-4,4.24507771E-5
2.12760000E-4,2.70496893E-5
2.12800000E-4,3.85061701E-5
2.12840000E-4,7.05027180E-5
2.12880000E-4,3.07306817E-5
2.12920000E-4,2.58867788E-5
2.12960000E-4,6.67273977E-5
2.13000000E-4,4.06047973E-5
2.13040000E-4,2.59753847E-5
2.13080000E-4,2.22221228E-5
2.13120000E-4,5.94539425E-5
2.13160000E-4,2.67464304E-5
2.13200000E-4,7.00157242E-5
2.13240000E-4,2.87348129E-5
2.13280000E-4,7.23375017E-5
2.13320000E-4,3.05110695E-5
2.13360000E-4,3.10402158E-5
2.13400000E-4,3.29120688E-5
2.13440000E-4,1.68603080E-5
2.13480000E-4,3.58913475E-5
2.13520000E-4,4.72925820E-5
2.13560000E-4,4.51009238E-5
2.13600000E-4,3.49766117E-5
2.13640000E-4,5.31820172E-5
2.13680000E-4,4.94297090E-5
2.13720000E-4,4.83579221E-5
2.13760000E-4,5.78401348E-5
2.13800000E-4,2.65291929E-5
2.13840000E-4,1.53716604E-5
2.13880000E-4,5.38369149E-5
2.13920000E-4,7.12439805E-5
2.13960000E-4,4.97035089E-5
2.14000000E-4,3.46457057E-5
2.14040000E-4,4.28543435E-5
2.14080000E-4,3.82998640E-7
2.14120000E-4,2.85893489E-5
2.14160000E-4,1.84604306E-5
2.14200000E-4,5.14603679E-5
2.14240000E-4,4.30837976E-5
2.14280000E-4,5.69404670E-5
2.14320000E-4,5.87418148E-5
2.14360000E-4,3.69314248E-5
2.14400000E-4,3.05533841E-5
2.14440000E-4,4.84596028E-5
2.14480000E-4,3.59481770E-5
2.14520000E-4,6.22803664E-5
2.14560000E-4,1.45016805E-5
2.14600000E-4,4.35713827E-5
2.14640000E-4,4.72999157E-5
2.14680000E-4,3.07923749E-5
2.14720000E-4,1.47860090E-5
2.14760000E-4,1.52177279E-5
2.14800000E-4,6.23725127E-7
2.14840000E-4,4.20879040E-5
2.14880000E-4,5.03632895E-5
2.14920000E-4,3.24652342E-5
2.14960000E-4,5.77866622E-5
2.15000000E-4,5.34138077E-5
2.15040000E-4,1.91976208E-5
2.15080000E-4,4.65896763E-5
2.15120000E-4,1.12997093E-5
2.15160000E-4,5.08159224E-5
2.15200000E-4,2.49727010E-5
2.15240000E-4,5.48544854E-5
2.15280000E-4,4.09207973E-5
2.15320000E-4,8.03531062E-5
2.15360000E-4,4.97250810E-5
2.15400000E-4,-2.24131298E-6
2.15440000E-4,1.84149021E-5
2.15480000E-4,1.46689645E-5
2.15520000E-4,1.12237285E-6
2.15560000E-4,3.22959188E-5
2.15600000E-4,3.57518521E-6
2.15640000E-4,2.29736183E-5
2.15680000E-4,4.61776317E-5
2.15720000E-4,2.73474551E-5
2.15760000E-4,3.17151502E-5
2.15800000E-4,3.06156495E-5
2.15840000E-4,2.45235489E-5
2.15880000E-4,2.72232580E-5
2.15920000E-4,2.49458741E-5
2.15960000E-4,2.99705555E-5
2.16000000E-4,3.27560095E-5
2.16040000E-4,3.66881806E-5
2.16080000E-4,2.30503318E-5
2.16120000E-4,5.34060734E-5
2.16160000E-4,3.74772413E-5
2.16200000E-4,2.69703531E-5
2.16240000E-4,3.17558340E-5
2.16280000E-4,1.22693958E-5
2.16320000E-4,3.18377737E-5
2.16360000E-4,3.74981172E-5
2.16400000E-4,3.17646078E-5
2.16440000E-4,4.84534898E-5
2.16480000E-4,4.07666931E-5
2.16520000E-4,6.73005369E-5
2.16560000E-4,6.69785097E-5
2.16600000E-4,5.88251755E-5
2.16640000E-4,6.47566010E-5
2.16680000E-4,3.34137396E-5
2.16720000E-4,5.86119148E-5
2.16760000E-4,3.07302335E-5
2.16800000E-4,4.17670498E-5
2.16840000E-4,3.28780703E-5
2.16880000E-4,4.47607386E-5
2.16920000E-4,3.87881525E-5
2.16960000E-4,3.54036098E-5
2.17000000E-4,1.08524646E-5
2.17040000E-4,2.93970634E-5
2.17080000E-4,7.04070263E-5
2.17120000E-4,3.36575083E-5
2.17160000E-4,5.08538882E-5
2.17200000E-4,4.86825719E-5
2.17240000E-4,1.08372344E-5
2.17280000E-4,1.55820505E-5
2.17320000E-4,3.57037789E-5
2.17360000E-4,4.36262285E-5
2.17400000E-4,4.05653247E-5
2.17440000E-4,-1.07903648E-5
2.17480000E-4,5.30858772E-5
2.17520000E-4,3.69248445E-5
2.17560000E-4,2.02979227E-5
2.17600000E-4,7.89227838E-6
2.17640000E-4,3.55724484E-5
2.17680000E-4,5.14470927E-5
2.17720000E-4,3.19079450E-5
2.17760000E-4,6.87660563E-6
2.17800000E-4,1.30815545E-5
2.17840000E-4,6.21531176E-5
2.17880000E-4,4.34782278E-5
2.17920000E-4,2.05047937E-5
2.17960000E-4,4.79753365E-5
2.18000000E-4,2.97610046E-5
2.18040000E-4,3.33192591E-5
2.18080000E-4,8.27260388E-5
2.18120000E-4,6.04621289E-5
2.18160000E-4,2.76661730E-5
2.18200000E-4,3.99918803E-5
2.18240000E-4,1.73856491E-5
2.18280000E-4,9.95903381E-6
2.18320000E-4,3.32995467E-5
2.18360000E-4,6.21096014E-5
2.18400000E-4,5.74876090E-5
2.18440000E-4,7.00036396E-6
2.18480000E-4,4.27267228E-5
2.18520000E-4,4.30732595E-5
2.18560000E-4,4.01209220E-5
2.18600000E-4,8.75129310E-5
2.18640000E-4,2.56095838E-5
2.18680000E-4,2.36156891E-5
2.18720000E-4,3.89180907E-5
2.18760000E-4,3.12135842E-5
2.18800000E-4,1.64006274E-5
2.18840000E-4,7.34415228E-5
2.18880000E-4,2.58430719E-5
2.18920000E-4,3.89516219E-5
2.18960000E-4,3.27060656E-5
2.19000000E-4,8.03014933E-5
2.19040000E-4,3.57888943E-5
2.19080000E-4,3.30533270E-5
2.19120000E-4,4.63889755E-5
2.19160000E-4,7.43818457E-5
2.19200000E-4,4.51271498E-5
2.19240000E-4,4.98922697E-5
2.19280000E-4,6.35422016E-5
2.19320000E-4,5.72778674E-5
2.19360000E-4,3.58574444E-5
2.19400000E-4,3.20253709E-5
2.19440000E-4,4.88167348E-5
2.19480000E-4,5.25167530E-5
2.19520000E-4,2.15878245E-5
2.19560000E-4,4.41208803E-5
2.19600000E-4,6.13829302E-5
2.19640000E-4,5.48071641E-5
2.19680000E-4,3.87897547E-5
2.19720000E-4,2.19724604E-5
2.19760000E-4,6.88263301E-5
2.19800000E-4,3.30084090E-5
2.19840000E-4,3.43515353E-5
2.19880000E-4,5.98373482E-5
2.19920000E-4,3.28040079E-5
2.19960000E-4,9.09051302E-6
2.20000000E-4,2.75880290E-5
2.20040000E-4,3.30780939E-5
2.20080000E-4,3.26052050E-5
2.20120000E-4,1.00627364E-5
2.20160000E-4,5.35308140E-5
2.20200000E-4,1.88651509E-5
2.20240000E-4,4.93146196E-5
2.20280000E-4,4.33739339E-5
2.20320000E-4,2.19512316E-5
2.20360000E-4,6.54460885E-5
2.20400000E-4,2.57239103E-5
2.20440000E-4,5.86679909E-5
2.20480000E-4,5.80195781E-5
2.20520000E-4,3.91171797E-5
2.20560000E-4,3.53460747E-5
2.20600000E-4,1.18467369E-5
2.20640000E-4,7.27964956E-5
2.20680000E-4,3.68682248E-5
2.20720000E-4,5.18869735E-6
2.20760000E-4,5.32496899E-5
2.20800000E-4,5.34011223E-6
2.20840000E-4,3.11243394E-5
2.20880000E-4,4.06486113E-8
2.20920000E-4,5.12816016E-5
2.20960000E-4,2.28267810E-5
2.21000000E-4,3.90141066E-5
2.21040000E-4,1.39431310E-6
2.21080000E-4,1.25419369E-5
2.21120000E-4,5.98034165E-5
2.21160000E-4,3.87634238E-5
2.21200000E-4,4.00555190E-5
2.21240000E-4,4.38542902E-5
2.21280000E-4,2.15209910E-5
2.21320000E-4,3.91608866E-5
2.21360000E-4,6.52431832E-6
2.21400000E-4,1.48944132E-5
2.21440000E-4,4.45221865E-5
2.21480000E-4,5.41918534E-5
2.21520000E-4,5.55207891E-5
2.21560000E-4,4.91131273E-5
2.21600000E-4,1.52647631E-5
2.21640000E-4,2.34039352E-5
2.21680000E-4,7.80466432E-6
2.21720000E-4,8.07754871E-6
2.21760000E-4,4.14841026E-6
2.21800000E-4,8.12402126E-6
2.21840000E-4,2.97659351E-5
2.21880000E-4,3.33465437E-5
2.21920000E-4,3.46264606E-5
2.21960000E-4,6.61404588E-5
2.22000000E-4,7.84716959E-6
2.22040000E-4,1.53535597E-5
2.22080000E-4,4.97384802E-5
2.22120000E-4,3.43043380E-5
2.22160000E-4,4.11749229E-5
2.22200000E-4,4.17853794E-5
2.22240000E-4,7.36707861E-5
2.22280000E-4,5.37647599E-5
2.22320000E-4,1.68437316E-6
2.22360000E-4,5.35347432E-5
2.22400000E-4,3.00214531E-5
2.22440000E-4,4.80457844E-5
2.22480000E-4,3.22372679E-5
2.22520000E-4,5.63854857E-5
2.22560000E-4,3.21815542E-5
2.22600000E-4,5.21549194E-5
2.22640000E-4,3.43428569E-5
2.22680000E-4,3.09263947E-5
2.22720000E-4,1.80410141E-5
2.22760000E-4,7.19117623E-5
2.22800000E-4,5.13552443E-5
2.22840000E-4,5.53413744E-5
2.22880000E-4,6.28995204E-5
2.22920000E-4,5.94046376E-5
2.22960000E-4,5.44800443E-5
2.23000000E-4,2.56619596E-5
2.23040000E-4,5.25252216E-5
2.23080000E-4,2.49743413E-5
2.23120000E-4,3.81570776E-5
2.23160000E-4,3.62157113E-5
2.23200000E-4,3.03632119E-5
2.23240000E-4,1.15106811E-5
2.23280000E-4,4.93682733E-5
2.23320000E-4,4.10347805E-5
2.23360000E-4,5.71519347E-5
2.23400000E-4,3.37518649E-5
2.23440000E-4,1.12218227E-5
2.23480000E-4,1.92875047E-5
2.23520000E-4,5.01209227E-5
2.23560000E-4,3.92533072E-5
2.23600000E-4,3.24479631E-5
2.23640000E-4,2.97984078E-5
2.23680000E-4,3.12409738E-5
2.23720000E-4,2.86130286E-5
2.23760000E-4,3.28094057E-5
2.23800000E-4,2.85975314E-5
2.23840000E-4,5.41118115E-5
2.23880000E-4,2.46475552E-5
2.23920000E-4,5.01379171E-5
2.23960000E-4,6.01669763E-5
2.24000000E-4,3.60059124E-5
2.24040000E-4,2.17649790E-5
2.24080000E-4,5.81453582E-5
2.24120000E-4,7.18428689E-5
2.24160000E-4,2.43418358E-5
2.24200000E-4,5.73894950E-5
2.24240000E-4,4.77080216E-5
2.24280000E-4,5.91441605E-5
2.24320000E-4,6.03954957E-5
2.24360000E-4,5.32439869E-5
2.24400000E-4,4.08200988E-5
2.24440000E-4,3.19317487E-5
2.24480000E-4,2.92792942E-5
2.24520000E-4,4.79622998E-5
2.24560000E-4,4.93980184E-5
2.24600000E-4,3.78103120E-5
2.24640000E-4,5.67846652E-5
2.24680000E-4,3.30890135E-5
2.24720000E-4,6.40283928E-6
2.24760000E-4,4.05825862E-5
2.24800000E-4,2.14786764E-5
2.24840000E-4,6.50281979E-5
2.24880000E-4,3.85316523E-5
2.24920000E-4,2.62467241E-5
2.24960000E-4,4.62493766E-5
2.25000000E-4,1.62978976E-5
2.25040000E-4,5.81080776E-6
2.25080000E-4,5.68021460E-5
2.25120000E-4,4.44631159E-5
2.25160000E-4,2.22447631E-5
2.25200000E-4,5.34996479E-5
2.25240000E-4,7.36952765E-5
2.25280000E-4,1.19513264E-5
2.25320000E-4,4.27060185E-5
2.25360000E-4,5.06696955E-5
2.25400000E-4,3.83151014E-5
2.25440000E-4,5.02171389E-5
2.25480000E-4,6.52798630E-5
2.25520000E-4,4.71111931E-5
