-1.43600000E-5,3.01605942E-5
-1.43200000E-5,5.11932341E-5
-1.42800000E-5,3.28330855E-5
-1.42400000E-5,2.21563956E-5
-1.42000000E-5,5.57134504E-5
-1.41600000E-5,4.63951458E-5
-1.41200000E-5,5.40657491E-5
-1.40800000E-5,5.58325739E-5
-1.40400000E-5,5.27427357E-5
-1.40000000E-5,2.84539653E-5
-1.39600000E-5,4.12364922E-5
-1.39200000E-5,2.10985609E-5
-1.38800000E-5,4.27118455E-5
-1.38400000E-5,3.37948169E-6
-1.38000000E-5,7.66100281E-6
-1.37600000E-5,3.15387586E-5
-1.37200000E-5,-6.77172557E-7
-1.36800000E-5,2.54209851E-5
-1.36400000E-5,2.90189601E-5
-1.36000000E-5,7.52926811E-5
-1.35600000E-5,5.03543249E-5
-1.35200000E-5,1.51201097E-5
-1.34800000E-5,5.60048075E-5
-1.34400000E-5,4.52792704E-5
-1.34000000E-5,3.37359481E-5
-1.33600000E-5,4.32210313E-5
-1.33200000E-5,7.33402521E-5
-1.32800000E-5,1.17047538E-5
-1.32400000E-5,5.81892368E-5
-1.32000000E-5,1.03451956E-5
-1.31600000E-5,5.23751037E-5
-1.31200000E-5,2.54400205E-5
-1.30800000E-5,7.91787993E-5
-1.30400000E-5,2.87056686E-5
-1.30000000E-5,3.63287121E-5
-1.29600000E-5,6.64976957E-5
-1.29200000E-5,5.22395961E-5
-1.28800000E-5,3.78412874E-5
-1.28400000E-5,4.53765834E-5
-1.28000000E-5,6.69501497E-7
-1.27600000E-5,3.82039221E-5
-1.27200000E-5,4.18331108E-5
-1.26800000E-5,4.21180497E-5
-1.26400000E-5,3.39928870E-5
-1.26000000E-5,1.06706656E-5
-1.25600000E-5,2.21943232E-5
-1.25200000E-5,4.29061948E-5
-1.24800000E-5,3.79312380E-5
-1.24400000E-5,4.81025948E-5
-1.24000000E-5,6.17761969E-5
-1.23600000E-5,3.86018999E-5
-1.23200000E-5,3.44705348E-5
-1.22800000E-5,5.90408776E-5
-1.22400000E-5,4.55514491E-5
-1.22000000E-5,3.92204531E-5
-1.21600000E-5,1.17507305E-5
-1.21200000E-5,4.14775047E-5
-1.20800000E-5,2.53715833E-6
-1.20400000E-5,3.41076331E-5
-1.20000000E-5,7.16609174E-5
-1.19600000E-5,7.30723173E-5
-1.19200000E-5,3.17867044E-5
-1.18800000E-5,6.36929489E-5
-1.18400000E-5,5.71304484E-5
-1.18000000E-5,4.30196630E-5
-1.17600000E-5,5.25079410E-5
-1.17200000E-5,4.95983854E-5
-1.16800000E-5,1.15514507E-5
-1.16400000E-5,2.69908762E-5
-1.16000000E-5,4.62078822E-5
-1.15600000E-5,2.94815304E-5
-1.15200000E-5,6.27368998E-5
-1.14800000E-5,2.87840797E-5
-1.14400000E-5,5.67804675E-6
-1.14000000E-5,1.71061653E-5
-1.13600000E-5,5.48353071E-5
-1.13200000E-5,4.29081212E-5
-1.12800000E-5,4.15208588E-5
-1.12400000E-5,5.17406051E-5
-1.12000000E-5,2.14277407E-5
-1.11600000E-5,4.94634786E-5
-1.11200000E-5,2.44901894E-5
-1.10800000E-5,4.17375908E-5
-1.10400000E-5,5.13285891E-5
-1.10000000E-5,5.94072697E-5
-1.09600000E-5,2.63138437E-5
-1.09200000E-5,4.59041370E-5
-1.08800000E-5,2.94113399E-5
-1.08400000E-5,4.68714393E-5
-1.08000000E-5,-8.67716698E-7
-1.07600000E-5,4.22446404E-5
-1.07200000E-5,3.90903800E-6
-1.06800000E-5,2.89054443E-5
-1.06400000E-5,3.95787677E-5
-1.06000000E-5,4.06519088E-5
-1.05600000E-5,4.20493279E-5
-1.05200000E-5,8.74165622E-5
-1.04800000E-5,1.93530412E-5
-1.04400000E-5,4.25876294E-5
-1.04000000E-5,1.49763147E-5
-1.03600000E-5,3.45268874E-5
-1.03200000E-5,6.43651558E-5
-1.02800000E-5,2.88638545E-5
-1.02400000E-5,2.47270154E-5
-1.02000000E-5,5.19846408E-5
-1.01600000E-5,3.53681999E-5
-1.01200000E-5,2.39314507E-5
-1.00800000E-5,3.18263105E-5
-1.00400000E-5,1.16183414E-5
-1.00000000E-5,5.15588920E-5
-9.96000000E-6,4.00349387E-5
-9.92000000E-6,5.12265555E-5
-9.88000000E-6,3.98275908E-5
-9.84000000E-6,5.81593105E-5
-9.80000000E-6,-4.50909343E-6
-9.76000000E-6,8.42609109E-5
-9.72000000E-6,2.01210351E-5
-9.68000000E-6,4.12630424E-5
-9.64000000E-6,3.04224255E-5
-9.60000000E-6,5.36334866E-5
-9.56000000E-6,1.17120304E-5
-9.52000000E-6,5.35267132E-5
-9.48000000E-6,3.59777886E-5
-9.44000000E-6,2.56000852E-5
-9.40000000E-6,3.75194795E-5
-9.36000000E-6,2.36200855E-5
-9.32000000E-6,5.07369391E-5
-9.28000000E-6,9.11668200E-5
-9.24000000E-6,1.98866697E-5
-9.20000000E-6,4.09483585E-5
-9.16000000E-6,2.26809833E-5
-9.12000000E-6,1.39107457E-5
-9.08000000E-6,4.33000337E-5
-9.04000000E-6,3.12381223E-5
-9.00000000E-6,5.98795960E-5
-8.96000000E-6,3.16512540E-5
-8.92000000E-6,4.30377828E-5
-8.88000000E-6,4.09124908E-5
-8.84000000E-6,3.95393809E-5
-8.80000000E-6,3.68275792E-5
-8.76000000E-6,5.74343940E-5
-8.72000000E-6,5.63426085E-5
-8.68000000E-6,2.14817759E-5
-8.64000000E-6,6.64401319E-5
-8.60000000E-6,4.42519533E-5
-8.56000000E-6,4.93653932E-5
-8.52000000E-6,2.83425475E-5
-8.48000000E-6,4.99349752E-5
-8.44000000E-6,2.94482757E-5
-8.40000000E-6,2.86133720E-5
-8.36000000E-6,4.30631028E-5
-8.32000000E-6,3.54562050E-5
-8.28000000E-6,3.31382422E-5
-8.24000000E-6,3.95518740E-5
-8.20000000E-6,2.65204477E-5
-8.16000000E-6,4.89418283E-5
-8.12000000E-6,5.75270435E-5
-8.08000000E-6,1.97067208E-5
-8.04000000E-6,2.85537006E-5
-8.00000000E-6,4.84332623E-5
-7.96000000E-6,4.81609597E-5
-7.92000000E-6,2.37273071E-5
-7.88000000E-6,4.84978929E-5
-7.84000000E-6,5.68971225E-5
-7.80000000E-6,3.04257252E-5
-7.76000000E-6,2.72903586E-5
-7.72000000E-6,1.59913485E-5
-7.68000000E-6,1.34875623E-5
-7.64000000E-6,2.47161339E-5
-7.60000000E-6,4.15307198E-5
-7.56000000E-6,4.14626083E-5
-7.52000000E-6,6.39278102E-5
-7.48000000E-6,3.16116861E-5
-7.44000000E-6,4.89790311E-5
-7.40000000E-6,3.68332726E-5
-7.36000000E-6,5.60552187E-5
-7.32000000E-6,2.71065474E-5
-7.28000000E-6,3.57894570E-5
-7.24000000E-6,3.78193719E-5
-7.20000000E-6,2.68025637E-5
-7.16000000E-6,4.07997951E-5
-7.12000000E-6,1.89639802E-5
-7.08000000E-6,9.27389507E-6
-7.04000000E-6,4.44088041E-5
-7.00000000E-6,7.52394565E-5
-6.96000000E-6,7.06710224E-5
-6.92000000E-6,1.35041657E-5
-6.88000000E-6,1.66223838E-6
-6.84000000E-6,6.88641894E-6
-6.80000000E-6,4.83226647E-5
-6.76000000E-6,1.26987114E-5
-6.72000000E-6,6.53825547E-5
-6.68000000E-6,5.01678053E-5
-6.64000000E-6,3.66456086E-5
-6.60000000E-6,7.11043721E-5
-6.56000000E-6,5.31427353E-5
-6.52000000E-6,5.41398496E-5
-6.48000000E-6,1.86612935E-5
-6.44000000E-6,4.09475670E-5
-6.40000000E-6,4.57061446E-5
-6.36000000E-6,2.05379720E-5
-6.32000000E-6,2.49136494E-5
-6.28000000E-6,1.97715707E-5
-6.24000000E-6,2.41228722E-5
-6.20000000E-6,7.47973903E-5
-6.16000000E-6,5.58272905E-5
-6.12000000E-6,2.71903849E-5
-6.08000000E-6,-2.61022459E-5
-6.04000000E-6,4.65298984E-6
-6.00000000E-6,2.41961239E-5
-5.96000000E-6,4.66485943E-5
-5.92000000E-6,3.47646957E-5
-5.88000000E-6,2.58552694E-5
-5.84000000E-6,4.75120415E-5
-5.80000000E-6,3.31234125E-5
-5.76000000E-6,3.57082993E-5
-5.72000000E-6,3.55428844E-5
-5.68000000E-6,2.79284907E-5
-5.64000000E-6,5.94162247E-5
-5.60000000E-6,1.63107531E-5
-5.56000000E-6,3.83942278E-5
-5.52000000E-6,4.24218617E-5
-5.48000000E-6,3.40981345E-5
-5.44000000E-6,2.81092963E-6
-5.40000000E-6,1.62159865E-5
-5.36000000E-6,3.49054103E-5
-5.32000000E-6,4.62259448E-5
-5.28000000E-6,3.41392856E-5
-5.24000000E-6,2.80523253E-5
-5.20000000E-6,4.56259788E-5
-5.16000000E-6,2.47252987E-5
-5.12000000E-6,2.69351816E-5
-5.08000000E-6,3.21948198E-5
-5.04000000E-6,3.53226715E-5
-5.00000000E-6,2.77429057E-5
-4.96000000E-6,3.76989992E-5
-4.92000000E-6,7.81961332E-5
-4.88000000E-6,4.64215625E-5
-4.84000000E-6,2.36737202E-5
-4.80000000E-6,1.75438350E-5
-4.76000000E-6,3.90863093E-5
-4.72000000E-6,2.17773005E-5
-4.68000000E-6,3.13811353E-5
-4.64000000E-6,5.77270385E-5
-4.60000000E-6,3.04218342E-5
-4.56000000E-6,7.60612282E-5
-4.52000000E-6,4.92918172E-5
-4.48000000E-6,5.16631190E-5
-4.44000000E-6,4.10489712E-5
-4.40000000E-6,2.65158605E-5
-4.36000000E-6,4.03682861E-5
-4.32000000E-6,6.95335655E-5
-4.28000000E-6,5.38519353E-5
-4.24000000E-6,1.86146302E-5
-4.20000000E-6,3.46474605E-5
-4.16000000E-6,7.88193785E-5
-4.12000000E-6,3.74652250E-5
-4.08000000E-6,4.22786389E-5
-4.04000000E-6,3.16841844E-5
-4.00000000E-6,5.30251186E-5
-3.96000000E-6,4.24975262E-5
-3.92000000E-6,5.86592171E-5
-3.88000000E-6,3.50702434E-5
-3.84000000E-6,5.46265954E-5
-3.80000000E-6,8.09698570E-5
-3.76000000E-6,2.66589117E-5
-3.72000000E-6,6.37038303E-5
-3.68000000E-6,8.30313004E-5
-3.64000000E-6,1.86792893E-5
-3.60000000E-6,3.55261093E-5
-3.56000000E-6,6.25540328E-5
-3.52000000E-6,1.50099794E-5
-3.48000000E-6,3.31227450E-5
-3.44000000E-6,4.03261623E-5
-3.40000000E-6,4.87557092E-5
-3.36000000E-6,5.09564463E-5
-3.32000000E-6,3.71036393E-5
-3.28000000E-6,4.56380809E-5
-3.24000000E-6,3.86317881E-5
-3.20000000E-6,6.76876047E-5
-3.16000000E-6,2.56596517E-5
-3.12000000E-6,2.60470819E-5
-3.08000000E-6,7.23267347E-5
-3.04000000E-6,1.04823817E-5
-3.00000000E-6,6.61975648E-5
-2.96000000E-6,3.79779585E-5
-2.92000000E-6,4.36910020E-5
-2.88000000E-6,5.13834731E-5
-2.84000000E-6,3.44204765E-5
-2.80000000E-6,2.50370644E-5
-2.76000000E-6,2.74339629E-5
-2.72000000E-6,1.60107462E-5
-2.68000000E-6,5.01768175E-5
-2.64000000E-6,4.65330661E-5
-2.60000000E-6,4.10244617E-5
-2.56000000E-6,4.01952228E-5
-2.52000000E-6,3.18626741E-5
-2.48000000E-6,3.74558694E-5
-2.44000000E-6,5.41872949E-5
-2.40000000E-6,3.64962537E-5
-2.36000000E-6,5.35346287E-5
-2.32000000E-6,2.04998155E-5
-2.28000000E-6,5.37216252E-5
-2.24000000E-6,3.61407906E-5
-2.20000000E-6,3.25506357E-5
-2.16000000E-6,2.31623313E-5
-2.12000000E-6,5.68103175E-6
-2.08000000E-6,5.09363238E-5
-2.04000000E-6,6.37862087E-5
-2.00000000E-6,5.46312780E-5
-1.96000000E-6,3.46969943E-5
-1.92000000E-6,3.49699455E-5
-1.88000000E-6,6.09058355E-5
-1.84000000E-6,7.90313803E-5
-1.80000000E-6,7.44059912E-6
-1.76000000E-6,6.41697670E-5
-1.72000000E-6,6.25666785E-5
-1.68000000E-6,4.71629585E-5
-1.64000000E-6,3.22570757E-5
-1.60000000E-6,3.51412826E-5
-1.56000000E-6,1.57781832E-5
-1.52000000E-6,3.24262003E-5
-1.48000000E-6,3.05301240E-5
-1.44000000E-6,2.92742874E-5
-1.40000000E-6,5.51124544E-5
-1.36000000E-6,6.13203405E-5
-1.32000000E-6,6.40210605E-5
-1.28000000E-6,4.20741520E-5
-1.24000000E-6,1.51198141E-5
-1.20000000E-6,4.94108167E-5
-1.16000000E-6,3.08831361E-5
-1.12000000E-6,9.04888513E-6
-1.08000000E-6,4.91302076E-5
-1.04000000E-6,2.81046153E-5
-1.00000000E-6,1.54430144E-5
-9.60000000E-7,1.57723753E-5
-9.20000000E-7,1.75249809E-5
-8.80000000E-7,7.81253896E-5
-8.40000000E-7,6.28777846E-6
-8.00000000E-7,6.73732737E-5
-7.60000000E-7,3.17215970E-5
-7.20000000E-7,4.45541537E-5
-6.80000000E-7,2.46806763E-5
-6.40000000E-7,4.99394384E-5
-6.00000000E-7,4.18588505E-5
-5.60000000E-7,3.69225270E-5
-5.20000000E-7,2.43236397E-5
-4.80000000E-7,1.74298900E-5
-4.40000000E-7,5.91085026E-5
-4.00000000E-7,5.43019170E-5
-3.60000000E-7,3.93853148E-5
-3.20000000E-7,2.65914869E-5
-2.80000000E-7,3.15068200E-5
-2.40000000E-7,7.46451362E-5
-2.00000000E-7,2.67047262E-5
-1.60000000E-7,5.86364052E-5
-1.20000000E-7,3.44848113E-5
-8.00000000E-8,3.23867945E-5
-4.00000000E-8,2.05784269E-5
0.00000000E+0,6.04352067E-5
4.00000000E-8,5.25642936E-5
8.00000000E-8,4.65218795E-5
1.20000000E-7,2.41013668E-5
1.60000000E-7,2.07441278E-5
2.00000000E-7,2.57653570E-5
2.40000000E-7,2.50204324E-5
2.80000000E-7,-8.09676075E-7
3.20000000E-7,4.20614586E-5
3.60000000E-7,7.24022260E-6
4.00000000E-7,-1.87588403E-6
4.40000000E-7,-7.12893232E-6
4.80000000E-7,-4.44394683E-5
5.20000000E-7,-4.58810535E-6
5.60000000E-7,-3.36364547E-5
6.00000000E-7,-1.05537190E-4
6.40000000E-7,-1.08807864E-4
6.80000000E-7,-8.41848303E-5
7.20000000E-7,-1.00247120E-4
7.60000000E-7,-1.59599331E-4
8.00000000E-7,-1.86860704E-4
8.40000000E-7,-1.20311895E-4
8.80000000E-7,-2.05762921E-4
9.20000000E-7,-1.70523079E-4
9.60000000E-7,-2.73389698E-4
1.00000000E-6,-3.08822468E-4
1.04000000E-6,-2.90613181E-4
1.08000000E-6,-2.43327449E-4
1.12000000E-6,-2.80631119E-4
1.16000000E-6,-3.01102808E-4
1.20000000E-6,-2.91649186E-4
1.24000000E-6,-3.61313230E-4
1.28000000E-6,-4.86138373E-4
1.32000000E-6,-3.41983586E-4
1.36000000E-6,-3.47088977E-4
1.40000000E-6,-5.34725736E-4
1.44000000E-6,-4.04971947E-4
1.48000000E-6,-4.19494606E-4
1.52000000E-6,-5.20113137E-4
1.56000000E-6,-4.89003907E-4
1.60000000E-6,-5.03237182E-4
1.64000000E-6,-4.92678023E-4
1.68000000E-6,-6.19446649E-4
1.72000000E-6,-5.70892464E-4
1.76000000E-6,-5.25488914E-4
1.80000000E-6,-5.42532038E-4
1.84000000E-6,-6.08244475E-4
1.88000000E-6,-6.92885747E-4
1.92000000E-6,-6.39721843E-4
1.96000000E-6,-5.63814808E-4
2.00000000E-6,-6.83614611E-4
2.04000000E-6,-8.03587486E-4
2.08000000E-6,-6.82971739E-4
2.12000000E-6,-6.77070487E-4
2.16000000E-6,-6.62273705E-4
2.20000000E-6,-7.43090847E-4
2.24000000E-6,-6.54045088E-4
2.28000000E-6,-8.28161024E-4
2.32000000E-6,-7.24118602E-4
2.36000000E-6,-6.66579831E-4
2.40000000E-6,-7.13125797E-4
2.44000000E-6,-7.24001815E-4
2.48000000E-6,-8.20454543E-4
2.52000000E-6,-9.01907729E-4
2.56000000E-6,-8.22367424E-4
2.60000000E-6,-9.48636429E-4
2.64000000E-6,-9.19583798E-4
2.68000000E-6,-9.76651491E-4
2.72000000E-6,-1.01247619E-3
2.76000000E-6,-8.50345350E-4
2.80000000E-6,-9.21715460E-4
2.84000000E-6,-9.67458242E-4
2.88000000E-6,-9.97580238E-4
2.92000000E-6,-9.19038849E-4
2.96000000E-6,-1.08613295E-3
3.00000000E-6,-9.66067899E-4
3.04000000E-6,-1.13729064E-3
3.08000000E-6,-1.13376776E-3
3.12000000E-6,-1.11628812E-3
3.16000000E-6,-9.93141046E-4
3.20000000E-6,-1.10232458E-3
3.24000000E-6,-1.12590393E-3
3.28000000E-6,-1.02323727E-3
3.32000000E-6,-1.05712863E-3
3.36000000E-6,-1.00160425E-3
3.40000000E-6,-1.21433391E-3
3.44000000E-6,-1.05669262E-3
3.48000000E-6,-1.40757187E-3
3.52000000E-6,-1.17742351E-3
3.56000000E-6,-1.19836154E-3
3.60000000E-6,-1.27528522E-3
3.64000000E-6,-1.26052948E-3
3.68000000E-6,-1.33700301E-3
3.72000000E-6,-1.36709639E-3
3.76000000E-6,-1.23748972E-3
3.80000000E-6,-1.26650732E-3
3.84000000E-6,-1.31604263E-3
3.88000000E-6,-1.35080070E-3
3.92000000E-6,-1.32913014E-3
3.96000000E-6,-1.35745796E-3
4.00000000E-6,-1.31931001E-3
4.04000000E-6,-1.37448432E-3
4.08000000E-6,-1.14034003E-3
4.12000000E-6,-1.38888730E-3
4.16000000E-6,-1.45359516E-3
4.20000000E-6,-1.36469743E-3
4.24000000E-6,-1.34034737E-3
4.28000000E-6,-1.50253103E-3
4.32000000E-6,-1.36381341E-3
4.36000000E-6,-1.44061474E-3
4.40000000E-6,-1.56776665E-3
4.44000000E-6,-1.53443453E-3
4.48000000E-6,-1.60185507E-3
4.52000000E-6,-1.53590401E-3
4.56000000E-6,-1.64305451E-3
4.60000000E-6,-1.48403058E-3
4.64000000E-6,-1.39680210E-3
4.68000000E-6,-1.49385699E-3
4.72000000E-6,-1.65262472E-3
4.76000000E-6,-1.60621131E-3
4.80000000E-6,-1.52154406E-3
4.84000000E-6,-1.56112897E-3
4.88000000E-6,-1.61326429E-3
4.92000000E-6,-1.61356884E-3
4.96000000E-6,-1.58499162E-3
5.00000000E-6,-1.83830575E-3
5.04000000E-6,-1.68664467E-3
5.08000000E-6,-1.52404665E-3
5.12000000E-6,-1.74200288E-3
5.16000000E-6,-1.65554727E-3
5.20000000E-6,-1.81952106E-3
5.24000000E-6,-1.71530156E-3
5.28000000E-6,-1.72293615E-3
5.32000000E-6,-1.71519780E-3
5.36000000E-6,-1.75833881E-3
5.40000000E-6,-1.85795994E-3
5.44000000E-6,-1.86023920E-3
5.48000000E-6,-1.79956180E-3
5.52000000E-6,-1.68038906E-3
5.56000000E-6,-1.77512577E-3
5.60000000E-6,-1.77052579E-3
5.64000000E-6,-1.92082849E-3
5.68000000E-6,-1.78991002E-3
5.72000000E-6,-1.93426809E-3
5.76000000E-6,-1.84159212E-3
5.80000000E-6,-2.03293034E-3
5.84000000E-6,-1.93535314E-3
5.88000000E-6,-1.91876016E-3
5.92000000E-6,-1.90740436E-3
5.96000000E-6,-1.89325758E-3
6.00000000E-6,-1.89487465E-3
6.04000000E-6,-1.90537764E-3
6.08000000E-6,-1.95946744E-3
6.12000000E-6,-1.96441243E-3
6.16000000E-6,-2.10144500E-3
6.20000000E-6,-1.95153725E-3
6.24000000E-6,-2.01096394E-3
6.28000000E-6,-1.84011025E-3
6.32000000E-6,-1.86999211E-3
6.36000000E-6,-2.03645261E-3
6.40000000E-6,-2.07447353E-3
6.44000000E-6,-1.76701404E-3
6.48000000E-6,-1.92479226E-3
6.52000000E-6,-2.07332136E-3
6.56000000E-6,-2.12434201E-3
6.60000000E-6,-2.11674872E-3
6.64000000E-6,-2.03451284E-3
6.68000000E-6,-2.01745783E-3
6.72000000E-6,-2.16307551E-3
6.76000000E-6,-2.06814986E-3
6.80000000E-6,-2.14336054E-3
6.84000000E-6,-2.18679996E-3
6.88000000E-6,-2.05108152E-3
6.92000000E-6,-2.05980556E-3
6.96000000E-6,-2.18338573E-3
7.00000000E-6,-2.11516753E-3
7.04000000E-6,-2.08208344E-3
7.08000000E-6,-2.15966743E-3
7.12000000E-6,-2.14315670E-3
7.16000000E-6,-2.05008570E-3
7.20000000E-6,-2.26356867E-3
7.24000000E-6,-2.34249460E-3
7.28000000E-6,-2.49706011E-3
7.32000000E-6,-2.27630497E-3
7.36000000E-6,-2.22122432E-3
7.40000000E-6,-2.25996154E-3
7.44000000E-6,-1.97344020E-3
7.48000000E-6,-2.12195370E-3
7.52000000E-6,-2.10775124E-3
7.56000000E-6,-2.16068919E-3
7.60000000E-6,-2.24768595E-3
7.64000000E-6,-2.43710988E-3
7.68000000E-6,-2.33059080E-3
7.72000000E-6,-2.53921295E-3
7.76000000E-6,-2.26053725E-3
7.80000000E-6,-2.22434232E-3
7.84000000E-6,-2.37189848E-3
7.88000000E-6,-2.30533068E-3
7.92000000E-6,-2.25812123E-3
7.96000000E-6,-2.36434957E-3
8.00000000E-6,-2.42705579E-3
8.04000000E-6,-2.45659821E-3
8.08000000E-6,-2.49072460E-3
8.12000000E-6,-2.39063566E-3
8.16000000E-6,-2.25716441E-3
8.20000000E-6,-2.48584892E-3
8.24000000E-6,-2.54226522E-3
8.28000000E-6,-2.57038535E-3
8.32000000E-6,-2.30128090E-3
8.36000000E-6,-2.28225640E-3
8.40000000E-6,-2.43402731E-3
8.44000000E-6,-2.28438658E-3
8.48000000E-6,-2.53352541E-3
8.52000000E-6,-2.51138155E-3
8.56000000E-6,-2.45976939E-3
8.60000000E-6,-2.37069011E-3
8.64000000E-6,-2.57996155E-3
8.68000000E-6,-2.34087294E-3
8.72000000E-6,-2.69770336E-3
8.76000000E-6,-2.17824841E-3
8.80000000E-6,-2.39295803E-3
8.84000000E-6,-2.26386731E-3
8.88000000E-6,-2.59739929E-3
8.92000000E-6,-2.32945052E-3
8.96000000E-6,-2.67579439E-3
9.00000000E-6,-2.43359911E-3
9.04000000E-6,-2.38099885E-3
9.08000000E-6,-2.48541354E-3
9.12000000E-6,-2.53253060E-3
9.16000000E-6,-2.48342765E-3
9.20000000E-6,-2.50895648E-3
9.24000000E-6,-2.71824848E-3
9.28000000E-6,-2.61104503E-3
9.32000000E-6,-2.30467580E-3
9.36000000E-6,-2.53816456E-3
9.40000000E-6,-2.70992515E-3
9.44000000E-6,-2.57584342E-3
9.48000000E-6,-2.70157326E-3
9.52000000E-6,-2.36647168E-3
9.56000000E-6,-2.63296132E-3
9.60000000E-6,-2.65387194E-3
9.64000000E-6,-2.32364058E-3
9.68000000E-6,-2.52994154E-3
9.72000000E-6,-2.71571449E-3
9.76000000E-6,-2.57734840E-3
9.80000000E-6,-2.72717772E-3
9.84000000E-6,-2.65425721E-3
9.88000000E-6,-2.65305768E-3
9.92000000E-6,-2.65422877E-3
9.96000000E-6,-2.54506482E-3
1.00000000E-5,-2.54592196E-3
1.00400000E-5,-2.55573364E-3
1.00800000E-5,-2.47881538E-3
1.01200000E-5,-2.73134704E-3
1.01600000E-5,-2.68119588E-3
1.02000000E-5,-2.79860700E-3
1.02400000E-5,-2.52876852E-3
1.02800000E-5,-2.67718592E-3
1.03200000E-5,-2.49565185E-3
1.03600000E-5,-2.61210313E-3
1.04000000E-5,-2.60494312E-3
1.04400000E-5,-2.75066089E-3
1.04800000E-5,-2.61354870E-3
1.05200000E-5,-2.69677620E-3
1.05600000E-5,-2.89545930E-3
1.06000000E-5,-2.58529372E-3
1.06400000E-5,-2.51262761E-3
1.06800000E-5,-2.79479421E-3
1.07200000E-5,-2.57297656E-3
1.07600000E-5,-2.68945875E-3
1.08000000E-5,-2.70236953E-3
1.08400000E-5,-2.96617788E-3
1.08800000E-5,-2.53835340E-3
1.09200000E-5,-2.61467361E-3
1.09600000E-5,-2.54244696E-3
1.10000000E-5,-2.83462486E-3
1.10400000E-5,-2.61813666E-3
1.10800000E-5,-2.85419299E-3
1.11200000E-5,-2.93866122E-3
1.11600000E-5,-2.61632592E-3
1.12000000E-5,-2.73736252E-3
1.12400000E-5,-2.77628959E-3
1.12800000E-5,-2.96325578E-3
1.13200000E-5,-2.74438029E-3
1.13600000E-5,-2.81042183E-3
1.14000000E-5,-2.94076717E-3
1.14400000E-5,-2.65199784E-3
1.14800000E-5,-3.11907700E-3
1.15200000E-5,-2.79556169E-3
1.15600000E-5,-3.21833192E-3
1.16000000E-5,-2.95268479E-3
1.16400000E-5,-3.05334826E-3
1.16800000E-5,-3.09977691E-3
1.17200000E-5,-2.97167124E-3
1.17600000E-5,-2.82765536E-3
1.18000000E-5,-2.76812423E-3
1.18400000E-5,-2.95342931E-3
1.18800000E-5,-2.78835020E-3
1.19200000E-5,-2.89256752E-3
1.19600000E-5,-2.72622951E-3
1.20000000E-5,-2.74112190E-3
1.20400000E-5,-2.89020037E-3
1.20800000E-5,-3.20716460E-3
1.21200000E-5,-2.92266075E-3
1.21600000E-5,-3.06998803E-3
1.22000000E-5,-3.02056707E-3
1.22400000E-5,-2.76984001E-3
1.22800000E-5,-3.01608754E-3
1.23200000E-5,-3.00869080E-3
1.23600000E-5,-2.97085669E-3
1.24000000E-5,-3.11195749E-3
1.24400000E-5,-2.94959751E-3
1.24800000E-5,-3.06374953E-3
1.25200000E-5,-2.81382061E-3
1.25600000E-5,-2.67909588E-3
1.26000000E-5,-2.83613495E-3
1.26400000E-5,-2.94425794E-3
1.26800000E-5,-3.07146790E-3
1.27200000E-5,-3.02791998E-3
1.27600000E-5,-3.24610123E-3
1.28000000E-5,-2.89337436E-3
1.28400000E-5,-2.91597589E-3
1.28800000E-5,-2.91374543E-3
1.29200000E-5,-3.13183710E-3
1.29600000E-5,-3.03258664E-3
1.30000000E-5,-2.94563626E-3
1.30400000E-5,-2.89947872E-3
1.30800000E-5,-3.13880827E-3
1.31200000E-5,-2.94915302E-3
1.31600000E-5,-2.94965641E-3
1.32000000E-5,-2.94612928E-3
1.32400000E-5,-2.97769543E-3
1.32800000E-5,-2.87363282E-3
1.33200000E-5,-2.95164668E-3
1.33600000E-5,-3.08260510E-3
1.34000000E-5,-3.15847707E-3
1.34400000E-5,-2.68898013E-3
1.34800000E-5,-2.92625328E-3
1.35200000E-5,-2.95398735E-3
1.35600000E-5,-2.98831728E-3
1.36000000E-5,-3.17653841E-3
1.36400000E-5,-3.24430664E-3
1.36800000E-5,-3.05517290E-3
1.37200000E-5,-2.98613515E-3
1.37600000E-5,-3.11570867E-3
1.38000000E-5,-3.11886821E-3
1.38400000E-5,-3.27458774E-3
1.38800000E-5,-3.06521539E-3
1.39200000E-5,-3.07220065E-3
1.39600000E-5,-3.29589530E-3
1.40000000E-5,-3.08289155E-3
1.40400000E-5,-3.06220309E-3
1.40800000E-5,-2.98390224E-3
1.41200000E-5,-3.14647232E-3
1.41600000E-5,-3.06101702E-3
1.42000000E-5,-3.03984868E-3
1.42400000E-5,-3.13647251E-3
1.42800000E-5,-3.08484031E-3
1.43200000E-5,-3.12123887E-3
1.43600000E-5,-3.12507705E-3
1.44000000E-5,-3.03872307E-3
1.44400000E-5,-3.34213026E-3
1.44800000E-5,-3.18046219E-3
1.45200000E-5,-3.19668786E-3
1.45600000E-5,-2.94893961E-3
1.46000000E-5,-3.01336795E-3
1.46400000E-5,-3.02451082E-3
1.46800000E-5,-3.14123432E-3
1.47200000E-5,-3.14575317E-3
1.47600000E-5,-2.97266820E-3
1.48000000E-5,-2.96144877E-3
1.48400000E-5,-3.01744252E-3
1.48800000E-5,-3.06951664E-3
1.49200000E-5,-3.11806227E-3
1.49600000E-5,-3.01151154E-3
1.50000000E-5,-2.95684531E-3
1.50400000E-5,-2.92355777E-3
1.50800000E-5,-3.31269718E-3
1.51200000E-5,-3.17034879E-3
1.51600000E-5,-3.17373035E-3
1.52000000E-5,-3.38493763E-3
1.52400000E-5,-3.14769671E-3
1.52800000E-5,-3.24564076E-3
1.53200000E-5,-3.13841814E-3
1.53600000E-5,-3.19527250E-3
1.54000000E-5,-3.01857985E-3
1.54400000E-5,-3.20713676E-3
1.54800000E-5,-3.26602266E-3
1.55200000E-5,-3.25326305E-3
1.55600000E-5,-3.13905208E-3
1.56000000E-5,-3.13044216E-3
1.56400000E-5,-3.15597414E-3
1.56800000E-5,-3.18830152E-3
1.57200000E-5,-3.14075484E-3
1.57600000E-5,-3.24487847E-3
1.58000000E-5,-2.99548081E-3
1.58400000E-5,-3.16837079E-3
1.58800000E-5,-3.11509580E-3
1.59200000E-5,-3.20716233E-3
1.59600000E-5,-3.12509086E-3
1.60000000E-5,-3.06693606E-3
1.60400000E-5,-3.10462057E-3
1.60800000E-5,-3.18233221E-3
1.61200000E-5,-3.51685718E-3
1.61600000E-5,-2.96052587E-3
1.62000000E-5,-3.10317119E-3
1.62400000E-5,-3.07089287E-3
1.62800000E-5,-3.05556064E-3
1.63200000E-5,-3.22422905E-3
1.63600000E-5,-3.12431233E-3
1.64000000E-5,-2.90465028E-3
1.64400000E-5,-3.16325768E-3
1.64800000E-5,-3.35416774E-3
1.65200000E-5,-3.14007119E-3
1.65600000E-5,-3.41003294E-3
1.66000000E-5,-3.17256362E-3
1.66400000E-5,-3.10946010E-3
1.66800000E-5,-3.40045261E-3
1.67200000E-5,-3.17103575E-3
1.67600000E-5,-3.16695017E-3
1.68000000E-5,-3.13681225E-3
1.68400000E-5,-3.40424086E-3
1.68800000E-5,-3.12098735E-3
1.69200000E-5,-3.03537166E-3
1.69600000E-5,-3.19955645E-3
1.70000000E-5,-3.21131921E-3
1.70400000E-5,-3.21729283E-3
1.70800000E-5,-3.11630362E-3
1.71200000E-5,-3.35224706E-3
1.71600000E-5,-3.25236308E-3
1.72000000E-5,-3.13958881E-3
1.72400000E-5,-3.39136678E-3
1.72800000E-5,-3.06496670E-3
1.73200000E-5,-3.46498239E-3
1.73600000E-5,-3.21841344E-3
1.74000000E-5,-3.18611742E-3
1.74400000E-5,-3.34048844E-3
1.74800000E-5,-3.29254266E-3
1.75200000E-5,-3.24305593E-3
1.75600000E-5,-3.36179537E-3
1.76000000E-5,-3.22152157E-3
1.76400000E-5,-3.31484407E-3
1.76800000E-5,-3.31735019E-3
1.77200000E-5,-3.21104529E-3
1.77600000E-5,-3.31670579E-3
1.78000000E-5,-3.38138663E-3
1.78400000E-5,-3.14732965E-3
1.78800000E-5,-3.48377274E-3
1.79200000E-5,-3.66729160E-3
1.79600000E-5,-3.48434295E-3
1.80000000E-5,-3.28028965E-3
1.80400000E-5,-3.38567423E-3
1.80800000E-5,-3.35327867E-3
1.81200000E-5,-3.24175892E-3
1.81600000E-5,-3.30444096E-3
1.82000000E-5,-3.36594478E-3
1.82400000E-5,-3.34105244E-3
1.82800000E-5,-3.24823125E-3
1.83200000E-5,-3.30503027E-3
1.83600000E-5,-3.39261052E-3
1.84000000E-5,-3.31354241E-3
1.84400000E-5,-3.42762246E-3
1.84800000E-5,-3.37227727E-3
1.85200000E-5,-3.38085331E-3
1.85600000E-5,-3.19115101E-3
1.86000000E-5,-3.37106183E-3
1.86400000E-5,-3.56824886E-3
1.86800000E-5,-3.31342559E-3
1.87200000E-5,-3.12215288E-3
1.87600000E-5,-3.39132942E-3
1.88000000E-5,-3.32162029E-3
1.88400000E-5,-3.68714892E-3
1.88800000E-5,-3.47354003E-3
1.89200000E-5,-3.38154998E-3
1.89600000E-5,-3.20467066E-3
1.90000000E-5,-3.24102330E-3
1.90400000E-5,-3.28084011E-3
1.90800000E-5,-3.20649991E-3
1.91200000E-5,-3.42077894E-3
1.91600000E-5,-3.43806050E-3
1.92000000E-5,-3.35359883E-3
1.92400000E-5,-3.33262911E-3
1.92800000E-5,-3.28555504E-3
1.93200000E-5,-3.30880243E-3
1.93600000E-5,-3.61365685E-3
1.94000000E-5,-3.45525892E-3
1.94400000E-5,-3.18716161E-3
1.94800000E-5,-3.25056919E-3
1.95200000E-5,-3.31744043E-3
1.95600000E-5,-3.19396861E-3
1.96000000E-5,-3.25206726E-3
1.96400000E-5,-3.33198130E-3
1.96800000E-5,-3.23383879E-3
1.97200000E-5,-3.40738467E-3
1.97600000E-5,-3.36405299E-3
1.98000000E-5,-3.34722843E-3
1.98400000E-5,-3.25365442E-3
1.98800000E-5,-3.45154783E-3
1.99200000E-5,-3.36338866E-3
1.99600000E-5,-3.51424110E-3
2.00000000E-5,-3.40958860E-3
2.00400000E-5,-3.49294305E-3
2.00800000E-5,-3.35419017E-3
2.01200000E-5,-3.45503525E-3
2.01600000E-5,-3.46526738E-3
2.02000000E-5,-3.54228484E-3
2.02400000E-5,-3.68310507E-3
2.02800000E-5,-3.35859342E-3
2.03200000E-5,-3.16209055E-3
2.03600000E-5,-3.44849151E-3
2.04000000E-5,-3.31913558E-3
2.04400000E-5,-3.62100291E-3
2.04800000E-5,-3.45660305E-3
2.05200000E-5,-3.32611848E-3
2.05600000E-5,-3.14133334E-3
2.06000000E-5,-3.48921266E-3
2.06400000E-5,-3.46778603E-3
2.06800000E-5,-3.22572188E-3
2.07200000E-5,-3.74670400E-3
2.07600000E-5,-3.48522451E-3
2.08000000E-5,-3.61651740E-3
2.08400000E-5,-3.39560564E-3
2.08800000E-5,-3.49148768E-3
2.09200000E-5,-3.29274475E-3
2.09600000E-5,-3.46246579E-3
2.10000000E-5,-3.61045054E-3
2.10400000E-5,-3.54438387E-3
2.10800000E-5,-3.41582678E-3
2.11200000E-5,-3.58565289E-3
2.11600000E-5,-3.35371957E-3
2.12000000E-5,-3.47366221E-3
2.12400000E-5,-3.38934806E-3
2.12800000E-5,-3.43246976E-3
2.13200000E-5,-3.47970553E-3
2.13600000E-5,-3.77960399E-3
2.14000000E-5,-3.36443311E-3
2.14400000E-5,-3.41873773E-3
2.14800000E-5,-3.31496614E-3
2.15200000E-5,-3.45242515E-3
2.15600000E-5,-3.39884276E-3
2.16000000E-5,-3.62726841E-3
2.16400000E-5,-3.56150673E-3
2.16800000E-5,-3.68069185E-3
2.17200000E-5,-3.39319294E-3
2.17600000E-5,-3.63555564E-3
2.18000000E-5,-3.50440798E-3
2.18400000E-5,-3.72231594E-3
2.18800000E-5,-3.41688263E-3
2.19200000E-5,-3.56016171E-3
2.19600000E-5,-3.43165334E-3
2.20000000E-5,-3.75216009E-3
2.20400000E-5,-3.61549559E-3
2.20800000E-5,-3.32986873E-3
2.21200000E-5,-3.29228008E-3
2.21600000E-5,-3.41452301E-3
2.22000000E-5,-3.48537730E-3
2.22400000E-5,-3.46099112E-3
2.22800000E-5,-3.36999492E-3
2.23200000E-5,-3.48889588E-3
2.23600000E-5,-3.65600023E-3
2.24000000E-5,-3.47356812E-3
2.24400000E-5,-3.46270214E-3
2.24800000E-5,-3.61358808E-3
2.25200000E-5,-3.67702231E-3
2.25600000E-5,-3.75029787E-3
2.26000000E-5,-3.53861215E-3
2.26400000E-5,-3.39553083E-3
2.26800000E-5,-3.51950440E-3
2.27200000E-5,-3.51216822E-3
2.27600000E-5,-3.53530699E-3
2.28000000E-5,-3.52547852E-3
2.28400000E-5,-3.21177619E-3
2.28800000E-5,-3.25762579E-3
2.29200000E-5,-3.22994916E-3
2.29600000E-5,-3.57849531E-3
2.30000000E-5,-3.55403346E-3
2.30400000E-5,-3.65215205E-3
2.30800000E-5,-3.69191887E-3
2.31200000E-5,-3.55652376E-3
2.31600000E-5,-3.52789473E-3
2.32000000E-5,-3.46487102E-3
2.32400000E-5,-3.41097303E-3
2.32800000E-5,-3.53815634E-3
2.33200000E-5,-3.54392779E-3
2.33600000E-5,-3.58724478E-3
2.34000000E-5,-3.66637192E-3
2.34400000E-5,-3.29354326E-3
2.34800000E-5,-3.42777689E-3
2.35200000E-5,-3.49317693E-3
2.35600000E-5,-3.77024030E-3
2.36000000E-5,-3.32596635E-3
2.36400000E-5,-3.62929024E-3
2.36800000E-5,-3.47482538E-3
2.37200000E-5,-3.42702288E-3
2.37600000E-5,-3.60722226E-3
2.38000000E-5,-3.50003833E-3
2.38400000E-5,-3.53318425E-3
2.38800000E-5,-3.51416494E-3
2.39200000E-5,-3.76094201E-3
2.39600000E-5,-3.72188877E-3
2.40000000E-5,-3.38181467E-3
2.40400000E-5,-3.48547381E-3
2.40800000E-5,-3.61324753E-3
2.41200000E-5,-3.58904703E-3
2.41600000E-5,-3.32291730E-3
2.42000000E-5,-3.29817472E-3
2.42400000E-5,-3.64829891E-3
2.42800000E-5,-3.47522792E-3
2.43200000E-5,-3.64944266E-3
2.43600000E-5,-3.63867059E-3
2.44000000E-5,-3.57551372E-3
2.44400000E-5,-3.51727203E-3
2.44800000E-5,-3.50143113E-3
2.45200000E-5,-3.71522001E-3
2.45600000E-5,-3.33650338E-3
2.46000000E-5,-3.48639613E-3
2.46400000E-5,-3.67873875E-3
2.46800000E-5,-3.74014368E-3
2.47200000E-5,-3.48655298E-3
2.47600000E-5,-3.55006325E-3
2.48000000E-5,-3.81190618E-3
2.48400000E-5,-3.65370852E-3
2.48800000E-5,-3.71761786E-3
2.49200000E-5,-3.81066485E-3
2.49600000E-5,-3.56744511E-3
2.50000000E-5,-3.76029461E-3
2.50400000E-5,-3.63123865E-3
2.50800000E-5,-3.78154808E-3
2.51200000E-5,-3.66526503E-3
2.51600000E-5,-3.73249838E-3
2.52000000E-5,-3.63842750E-3
2.52400000E-5,-3.72898660E-3
2.52800000E-5,-3.50877949E-3
2.53200000E-5,-3.51954149E-3
2.53600000E-5,-3.44410603E-3
2.54000000E-5,-3.45837948E-3
2.54400000E-5,-3.65272041E-3
2.54800000E-5,-3.46165505E-3
2.55200000E-5,-3.44786716E-3
2.55600000E-5,-3.67358615E-3
2.56000000E-5,-3.50982400E-3
2.56400000E-5,-3.67563026E-3
2.56800000E-5,-3.53453967E-3
2.57200000E-5,-3.53755404E-3
2.57600000E-5,-3.63919895E-3
2.58000000E-5,-3.57589163E-3
2.58400000E-5,-3.58397626E-3
2.58800000E-5,-3.43015202E-3
2.59200000E-5,-3.89823780E-3
2.59600000E-5,-3.69577564E-3
2.60000000E-5,-3.65863287E-3
2.60400000E-5,-3.45098011E-3
2.60800000E-5,-3.90077184E-3
2.61200000E-5,-3.62943193E-3
2.61600000E-5,-3.38297901E-3
2.62000000E-5,-3.51652194E-3
2.62400000E-5,-3.75359848E-3
2.62800000E-5,-3.59200340E-3
2.63200000E-5,-3.73217026E-3
2.63600000E-5,-3.62146481E-3
2.64000000E-5,-3.62672877E-3
2.64400000E-5,-3.59914060E-3
2.64800000E-5,-3.54745871E-3
2.65200000E-5,-3.40557566E-3
2.65600000E-5,-3.96914376E-3
2.66000000E-5,-3.53848623E-3
2.66400000E-5,-3.55820923E-3
2.66800000E-5,-3.58930393E-3
2.67200000E-5,-3.53805818E-3
2.67600000E-5,-3.78811298E-3
2.68000000E-5,-3.58057405E-3
2.68400000E-5,-3.58457175E-3
2.68800000E-5,-3.51753364E-3
2.69200000E-5,-3.67684524E-3
2.69600000E-5,-3.78408467E-3
2.70000000E-5,-3.49339411E-3
2.70400000E-5,-3.49010815E-3
2.70800000E-5,-3.52906574E-3
2.71200000E-5,-3.72889417E-3
2.71600000E-5,-3.80883411E-3
2.72000000E-5,-3.77358631E-3
2.72400000E-5,-3.49289283E-3
2.72800000E-5,-3.58480710E-3
2.73200000E-5,-3.58500391E-3
2.73600000E-5,-3.63202451E-3
2.74000000E-5,-3.71841756E-3
2.74400000E-5,-3.75834996E-3
2.74800000E-5,-3.66404345E-3
2.75200000E-5,-3.91079673E-3
2.75600000E-5,-3.66999209E-3
2.76000000E-5,-3.46113435E-3
2.76400000E-5,-3.73037599E-3
2.76800000E-5,-3.54745394E-3
2.77200000E-5,-3.62515936E-3
2.77600000E-5,-3.77824668E-3
2.78000000E-5,-3.78926058E-3
2.78400000E-5,-3.45383017E-3
2.78800000E-5,-3.42444597E-3
2.79200000E-5,-3.83932092E-3
2.79600000E-5,-3.99931516E-3
2.80000000E-5,-3.51625210E-3
2.80400000E-5,-3.44507743E-3
2.80800000E-5,-3.79073745E-3
2.81200000E-5,-3.58767413E-3
2.81600000E-5,-3.60451890E-3
2.82000000E-5,-3.64201474E-3
2.82400000E-5,-3.76097745E-3
2.82800000E-5,-3.54738424E-3
2.83200000E-5,-3.65006018E-3
2.83600000E-5,-3.49956378E-3
2.84000000E-5,-3.55399103E-3
2.84400000E-5,-3.71199033E-3
2.84800000E-5,-3.69008656E-3
2.85200000E-5,-3.65681382E-3
2.85600000E-5,-3.93913094E-3
2.86000000E-5,-3.82616967E-3
2.86400000E-5,-3.59296943E-3
2.86800000E-5,-3.52516396E-3
2.87200000E-5,-3.77638395E-3
2.87600000E-5,-3.50741308E-3
2.88000000E-5,-3.61095182E-3
2.88400000E-5,-3.58518327E-3
2.88800000E-5,-3.58549322E-3
2.89200000E-5,-3.74953882E-3
2.89600000E-5,-3.53432794E-3
2.90000000E-5,-3.38228245E-3
2.90400000E-5,-3.52891291E-3
2.90800000E-5,-3.76792903E-3
2.91200000E-5,-3.71980804E-3
2.91600000E-5,-3.87668377E-3
2.92000000E-5,-3.54151378E-3
2.92400000E-5,-3.44422300E-3
2.92800000E-5,-3.52269242E-3
2.93200000E-5,-3.42955901E-3
2.93600000E-5,-3.49932340E-3
2.94000000E-5,-3.70470051E-3
2.94400000E-5,-3.79967562E-3
2.94800000E-5,-3.72190157E-3
2.95200000E-5,-3.50078003E-3
2.95600000E-5,-3.55346650E-3
2.96000000E-5,-3.74672256E-3
2.96400000E-5,-3.84758191E-3
2.96800000E-5,-3.63713114E-3
2.97200000E-5,-3.72477977E-3
2.97600000E-5,-3.56113472E-3
2.98000000E-5,-3.71624931E-3
2.98400000E-5,-3.47909644E-3
2.98800000E-5,-3.71915618E-3
2.99200000E-5,-3.68875500E-3
2.99600000E-5,-3.97968499E-3
3.00000000E-5,-3.74312538E-3
3.00400000E-5,-3.77052807E-3
3.00800000E-5,-3.57435757E-3
3.01200000E-5,-3.62226681E-3
3.01600000E-5,-3.71326922E-3
3.02000000E-5,-3.51792115E-3
3.02400000E-5,-3.74419708E-3
3.02800000E-5,-3.70204104E-3
3.03200000E-5,-3.43550062E-3
3.03600000E-5,-3.63117531E-3
3.04000000E-5,-3.80438793E-3
3.04400000E-5,-3.77368418E-3
3.04800000E-5,-3.66412912E-3
3.05200000E-5,-3.83262105E-3
3.05600000E-5,-3.57035607E-3
3.06000000E-5,-3.41572609E-3
3.06400000E-5,-3.60386241E-3
3.06800000E-5,-3.58768522E-3
3.07200000E-5,-3.72786505E-3
3.07600000E-5,-3.85420368E-3
3.08000000E-5,-3.68932076E-3
3.08400000E-5,-3.51491016E-3
3.08800000E-5,-3.65780156E-3
3.09200000E-5,-3.61633723E-3
3.09600000E-5,-3.48123281E-3
3.10000000E-5,-3.61220114E-3
3.10400000E-5,-3.65308953E-3
3.10800000E-5,-3.72004090E-3
3.11200000E-5,-3.80863335E-3
3.11600000E-5,-3.68097739E-3
3.12000000E-5,-3.64487067E-3
3.12400000E-5,-3.59369118E-3
3.12800000E-5,-3.72453918E-3
3.13200000E-5,-3.78513356E-3
3.13600000E-5,-3.57846834E-3
3.14000000E-5,-3.86232335E-3
3.14400000E-5,-3.73657786E-3
3.14800000E-5,-3.67179074E-3
3.15200000E-5,-3.82041756E-3
3.15600000E-5,-3.88280396E-3
3.16000000E-5,-3.74151993E-3
3.16400000E-5,-3.63935010E-3
3.16800000E-5,-3.75019130E-3
3.17200000E-5,-3.67082874E-3
3.17600000E-5,-3.91607787E-3
3.18000000E-5,-3.92483736E-3
3.18400000E-5,-3.64591465E-3
3.18800000E-5,-3.67952483E-3
3.19200000E-5,-3.53295069E-3
3.19600000E-5,-3.67086911E-3
3.20000000E-5,-3.73487288E-3
3.20400000E-5,-3.77522672E-3
3.20800000E-5,-3.74297814E-3
3.21200000E-5,-3.78502229E-3
3.21600000E-5,-3.79865466E-3
3.22000000E-5,-3.82500689E-3
3.22400000E-5,-3.65928924E-3
3.22800000E-5,-3.53076558E-3
3.23200000E-5,-3.89425560E-3
3.23600000E-5,-3.59182975E-3
3.24000000E-5,-3.60107735E-3
3.24400000E-5,-3.41706043E-3
3.24800000E-5,-3.72680226E-3
3.25200000E-5,-3.68574418E-3
3.25600000E-5,-3.81645951E-3
3.26000000E-5,-3.54291982E-3
3.26400000E-5,-3.60529985E-3
3.26800000E-5,-3.75715564E-3
3.27200000E-5,-3.64154156E-3
3.27600000E-5,-3.99232910E-3
3.28000000E-5,-3.90052554E-3
3.28400000E-5,-3.47106798E-3
3.28800000E-5,-3.92584947E-3
3.29200000E-5,-3.61805702E-3
3.29600000E-5,-3.68848082E-3
3.30000000E-5,-3.83300553E-3
3.30400000E-5,-3.62731644E-3
3.30800000E-5,-3.79253146E-3
3.31200000E-5,-3.96108074E-3
3.31600000E-5,-3.88801620E-3
3.32000000E-5,-3.64985903E-3
3.32400000E-5,-3.82139501E-3
3.32800000E-5,-3.70884960E-3
3.33200000E-5,-3.60844157E-3
3.33600000E-5,-3.80220408E-3
3.34000000E-5,-3.67835102E-3
3.34400000E-5,-3.82566665E-3
3.34800000E-5,-3.62389257E-3
3.35200000E-5,-3.64871124E-3
3.35600000E-5,-3.74802142E-3
3.36000000E-5,-3.80321484E-3
3.36400000E-5,-3.93079261E-3
3.36800000E-5,-3.77118579E-3
3.37200000E-5,-3.68816568E-3
3.37600000E-5,-3.57486613E-3
3.38000000E-5,-3.77274548E-3
3.38400000E-5,-3.76806593E-3
3.38800000E-5,-3.84555294E-3
3.39200000E-5,-3.85162581E-3
3.39600000E-5,-3.65679627E-3
3.40000000E-5,-3.86114204E-3
3.40400000E-5,-3.76159343E-3
3.40800000E-5,-3.59887433E-3
3.41200000E-5,-3.84717925E-3
3.41600000E-5,-3.75184395E-3
3.42000000E-5,-3.40941926E-3
3.42400000E-5,-3.65760157E-3
3.42800000E-5,-3.65697272E-3
3.43200000E-5,-3.87216519E-3
3.43600000E-5,-4.01228376E-3
3.44000000E-5,-3.83401172E-3
3.44400000E-5,-3.71802984E-3
3.44800000E-5,-3.71777596E-3
3.45200000E-5,-3.60153759E-3
3.45600000E-5,-3.91691898E-3
3.46000000E-5,-3.60557478E-3
3.46400000E-5,-3.65242259E-3
3.46800000E-5,-3.74795019E-3
3.47200000E-5,-3.78880762E-3
3.47600000E-5,-3.75987956E-3
3.48000000E-5,-3.70318124E-3
3.48400000E-5,-3.82209959E-3
3.48800000E-5,-3.97379571E-3
3.49200000E-5,-3.63885686E-3
3.49600000E-5,-3.68787164E-3
3.50000000E-5,-3.80473745E-3
3.50400000E-5,-3.62630189E-3
3.50800000E-5,-3.57868740E-3
3.51200000E-5,-3.96106206E-3
3.51600000E-5,-3.75836973E-3
3.52000000E-5,-3.77744981E-3
3.52400000E-5,-3.99499062E-3
3.52800000E-5,-3.67068957E-3
3.53200000E-5,-3.86948568E-3
3.53600000E-5,-3.93913910E-3
3.54000000E-5,-3.95699304E-3
3.54400000E-5,-3.82839832E-3
3.54800000E-5,-3.55414743E-3
3.55200000E-5,-3.63403889E-3
3.55600000E-5,-3.80552958E-3
3.56000000E-5,-3.87865709E-3
3.56400000E-5,-3.59791013E-3
3.56800000E-5,-3.62166025E-3
3.57200000E-5,-3.67543735E-3
3.57600000E-5,-3.85665797E-3
3.58000000E-5,-3.65342837E-3
3.58400000E-5,-3.69534434E-3
3.58800000E-5,-3.85129235E-3
3.59200000E-5,-3.84511013E-3
3.59600000E-5,-3.89777590E-3
3.60000000E-5,-3.78895860E-3
3.60400000E-5,-3.77472358E-3
3.60800000E-5,-3.77414072E-3
3.61200000E-5,-3.69230705E-3
3.61600000E-5,-3.68649276E-3
3.62000000E-5,-3.62841613E-3
3.62400000E-5,-3.76286963E-3
3.62800000E-5,-3.87175748E-3
3.63200000E-5,-4.05481975E-3
3.63600000E-5,-3.71671316E-3
3.64000000E-5,-3.61740686E-3
3.64400000E-5,-3.75704494E-3
3.64800000E-5,-3.83524606E-3
3.65200000E-5,-3.77883720E-3
3.65600000E-5,-3.84871946E-3
3.66000000E-5,-4.08230853E-3
3.66400000E-5,-3.63523254E-3
3.66800000E-5,-3.68359129E-3
3.67200000E-5,-3.79699306E-3
3.67600000E-5,-3.64567547E-3
3.68000000E-5,-3.80563457E-3
3.68400000E-5,-3.75167938E-3
3.68800000E-5,-3.89536765E-3
3.69200000E-5,-4.12431721E-3
3.69600000E-5,-4.13725738E-3
3.70000000E-5,-4.12718813E-3
3.70400000E-5,-3.78175838E-3
3.70800000E-5,-3.89400520E-3
3.71200000E-5,-3.81570397E-3
3.71600000E-5,-3.57348765E-3
3.72000000E-5,-3.83043422E-3
3.72400000E-5,-3.94017149E-3
3.72800000E-5,-3.79540765E-3
3.73200000E-5,-3.75660174E-3
3.73600000E-5,-3.77013139E-3
3.74000000E-5,-4.17398735E-3
3.74400000E-5,-3.66085135E-3
3.74800000E-5,-3.77522071E-3
3.75200000E-5,-3.98076618E-3
3.75600000E-5,-3.82300414E-3
3.76000000E-5,-3.84876517E-3
3.76400000E-5,-3.52544537E-3
3.76800000E-5,-3.86486502E-3
3.77200000E-5,-3.90077163E-3
3.77600000E-5,-3.65170061E-3
3.78000000E-5,-3.51102360E-3
3.78400000E-5,-3.67337552E-3
3.78800000E-5,-3.72054622E-3
3.79200000E-5,-3.85863034E-3
3.79600000E-5,-3.76075943E-3
3.80000000E-5,-3.89301425E-3
3.80400000E-5,-3.86665670E-3
3.80800000E-5,-4.04115426E-3
3.81200000E-5,-4.04018562E-3
3.81600000E-5,-3.84947825E-3
3.82000000E-5,-3.63117176E-3
3.82400000E-5,-3.87637340E-3
3.82800000E-5,-4.06471820E-3
3.83200000E-5,-3.92916303E-3
3.83600000E-5,-3.80251831E-3
3.84000000E-5,-3.86123373E-3
3.84400000E-5,-3.62535126E-3
3.84800000E-5,-3.96992574E-3
3.85200000E-5,-3.80154438E-3
3.85600000E-5,-3.87350988E-3
3.86000000E-5,-3.77151437E-3
3.86400000E-5,-3.66412299E-3
3.86800000E-5,-3.50355148E-3
3.87200000E-5,-3.98719286E-3
3.87600000E-5,-3.42533163E-3
3.88000000E-5,-3.67109104E-3
3.88400000E-5,-3.75000828E-3
3.88800000E-5,-3.86394614E-3
3.89200000E-5,-3.79261050E-3
3.89600000E-5,-3.64742376E-3
3.90000000E-5,-3.49508492E-3
3.90400000E-5,-3.85584270E-3
3.90800000E-5,-3.73147499E-3
3.91200000E-5,-3.93616504E-3
3.91600000E-5,-3.93409923E-3
3.92000000E-5,-3.84173550E-3
3.92400000E-5,-3.89836266E-3
3.92800000E-5,-3.74828908E-3
3.93200000E-5,-3.88223151E-3
3.93600000E-5,-3.94252152E-3
3.94000000E-5,-3.93870161E-3
3.94400000E-5,-3.93027146E-3
3.94800000E-5,-3.87850871E-3
3.95200000E-5,-3.65523126E-3
3.95600000E-5,-3.69022644E-3
3.96000000E-5,-3.80086713E-3
3.96400000E-5,-3.87823816E-3
3.96800000E-5,-3.60695676E-3
3.97200000E-5,-3.97964676E-3
3.97600000E-5,-3.92763476E-3
3.98000000E-5,-3.72058626E-3
3.98400000E-5,-4.11938787E-3
3.98800000E-5,-3.47310275E-3
3.99200000E-5,-3.64462539E-3
3.99600000E-5,-3.94696505E-3
4.00000000E-5,-3.85488066E-3
4.00400000E-5,-3.89020317E-3
4.00800000E-5,-3.80529746E-3
4.01200000E-5,-3.80457246E-3
4.01600000E-5,-3.93858578E-3
4.02000000E-5,-3.79610965E-3
4.02400000E-5,-3.70169247E-3
4.02800000E-5,-3.61925757E-3
4.03200000E-5,-3.69726760E-3
4.03600000E-5,-3.63691458E-3
4.04000000E-5,-3.73341246E-3
4.04400000E-5,-3.48845903E-3
4.04800000E-5,-3.81761843E-3
4.05200000E-5,-4.18697743E-3
4.05600000E-5,-3.71843607E-3
4.06000000E-5,-3.77784594E-3
4.06400000E-5,-3.98128602E-3
4.06800000E-5,-3.86696798E-3
4.07200000E-5,-4.14517783E-3
4.07600000E-5,-3.63555109E-3
4.08000000E-5,-3.89394948E-3
4.08400000E-5,-3.84921960E-3
4.08800000E-5,-3.91239921E-3
4.09200000E-5,-3.70817752E-3
4.09600000E-5,-3.90392512E-3
4.10000000E-5,-3.75368774E-3
4.10400000E-5,-3.79203365E-3
4.10800000E-5,-4.01238381E-3
4.11200000E-5,-3.77196553E-3
4.11600000E-5,-3.87068304E-3
4.12000000E-5,-3.78369579E-3
4.12400000E-5,-3.87218673E-3
4.12800000E-5,-4.00902407E-3
4.13200000E-5,-3.56059853E-3
4.13600000E-5,-3.98596856E-3
4.14000000E-5,-3.79129269E-3
4.14400000E-5,-3.78582136E-3
4.14800000E-5,-3.96130429E-3
4.15200000E-5,-3.68669835E-3
4.15600000E-5,-3.86641169E-3
4.16000000E-5,-3.85734353E-3
4.16400000E-5,-3.79560576E-3
4.16800000E-5,-3.78260569E-3
4.17200000E-5,-3.81286216E-3
4.17600000E-5,-4.05500616E-3
4.18000000E-5,-3.69318906E-3
4.18400000E-5,-3.73185789E-3
4.18800000E-5,-3.70723875E-3
4.19200000E-5,-3.91481183E-3
4.19600000E-5,-3.73634684E-3
4.20000000E-5,-3.83974402E-3
4.20400000E-5,-3.96768463E-3
4.20800000E-5,-4.03904145E-3
4.21200000E-5,-3.79327825E-3
4.21600000E-5,-3.49176630E-3
4.22000000E-5,-3.91345834E-3
4.22400000E-5,-3.82482811E-3
4.22800000E-5,-3.93757436E-3
4.23200000E-5,-3.58479516E-3
4.23600000E-5,-3.82215533E-3
4.24000000E-5,-3.77730992E-3
4.24400000E-5,-3.75634050E-3
4.24800000E-5,-3.85225553E-3
4.25200000E-5,-3.70778461E-3
4.25600000E-5,-3.62741439E-3
4.26000000E-5,-3.87994135E-3
4.26400000E-5,-3.87407122E-3
4.26800000E-5,-3.87947736E-3
4.27200000E-5,-3.73108948E-3
4.27600000E-5,-3.80384226E-3
4.28000000E-5,-4.13568307E-3
4.28400000E-5,-3.93018214E-3
4.28800000E-5,-3.91462471E-3
4.29200000E-5,-3.98092949E-3
4.29600000E-5,-3.93922960E-3
4.30000000E-5,-4.01668416E-3
4.30400000E-5,-4.06659867E-3
4.30800000E-5,-3.60643940E-3
4.31200000E-5,-3.88494135E-3
4.31600000E-5,-3.63414409E-3
4.32000000E-5,-3.98345397E-3
4.32400000E-5,-3.97459246E-3
4.32800000E-5,-3.88624398E-3
4.33200000E-5,-3.79059688E-3
4.33600000E-5,-3.99141419E-3
4.34000000E-5,-4.03112412E-3
4.34400000E-5,-3.88905853E-3
4.34800000E-5,-3.72410211E-3
4.35200000E-5,-3.63677894E-3
4.35600000E-5,-3.96611824E-3
4.36000000E-5,-3.72839085E-3
4.36400000E-5,-3.83348440E-3
4.36800000E-5,-4.00104217E-3
4.37200000E-5,-3.77398268E-3
4.37600000E-5,-3.85495889E-3
4.38000000E-5,-3.65004933E-3
4.38400000E-5,-3.81347594E-3
4.38800000E-5,-3.90358985E-3
4.39200000E-5,-4.01916086E-3
4.39600000E-5,-3.89259440E-3
4.40000000E-5,-3.71441422E-3
4.40400000E-5,-3.89941203E-3
4.40800000E-5,-3.80705169E-3
4.41200000E-5,-3.94775637E-3
4.41600000E-5,-3.96851011E-3
4.42000000E-5,-3.87304604E-3
4.42400000E-5,-3.55809123E-3
4.42800000E-5,-3.77269933E-3
4.43200000E-5,-3.96564934E-3
4.43600000E-5,-4.08711236E-3
4.44000000E-5,-3.82816353E-3
4.44400000E-5,-3.83165138E-3
4.44800000E-5,-3.95288549E-3
4.45200000E-5,-3.96180456E-3
4.45600000E-5,-3.90371933E-3
4.46000000E-5,-3.52135015E-3
4.46400000E-5,-3.77425147E-3
4.46800000E-5,-3.83767187E-3
4.47200000E-5,-3.97492217E-3
4.47600000E-5,-3.88090550E-3
4.48000000E-5,-3.76046667E-3
4.48400000E-5,-3.68259456E-3
4.48800000E-5,-3.81624001E-3
4.49200000E-5,-4.03390157E-3
4.49600000E-5,-3.94445762E-3
4.50000000E-5,-3.61652999E-3
4.50400000E-5,-3.87827240E-3
4.50800000E-5,-3.84239871E-3
4.51200000E-5,-3.63932519E-3
4.51600000E-5,-3.88052289E-3
4.52000000E-5,-3.90994424E-3
4.52400000E-5,-3.82542020E-3
4.52800000E-5,-3.74387458E-3
4.53200000E-5,-3.82911120E-3
4.53600000E-5,-3.70739992E-3
4.54000000E-5,-3.91807861E-3
4.54400000E-5,-3.93899163E-3
4.54800000E-5,-3.68025550E-3
4.55200000E-5,-3.74092878E-3
4.55600000E-5,-3.86810211E-3
4.56000000E-5,-3.90914923E-3
4.56400000E-5,-3.82323996E-3
4.56800000E-5,-3.78204310E-3
4.57200000E-5,-3.89183396E-3
4.57600000E-5,-3.69081650E-3
4.58000000E-5,-3.80116025E-3
4.58400000E-5,-3.85456417E-3
4.58800000E-5,-3.74350815E-3
4.59200000E-5,-4.00307492E-3
4.59600000E-5,-3.84254989E-3
4.60000000E-5,-3.99210257E-3
4.60400000E-5,-4.32744856E-3
4.60800000E-5,-3.74039576E-3
4.61200000E-5,-3.92393006E-3
4.61600000E-5,-3.82630133E-3
4.62000000E-5,-4.02190684E-3
4.62400000E-5,-3.89720165E-3
4.62800000E-5,-4.13967837E-3
4.63200000E-5,-3.78615642E-3
4.63600000E-5,-3.92769559E-3
4.64000000E-5,-3.97306237E-3
4.64400000E-5,-3.91511814E-3
4.64800000E-5,-4.17583316E-3
4.65200000E-5,-3.76267500E-3
4.65600000E-5,-3.87006660E-3
4.66000000E-5,-3.94704243E-3
4.66400000E-5,-3.74268481E-3
4.66800000E-5,-3.89410427E-3
4.67200000E-5,-3.87043040E-3
4.67600000E-5,-4.04479216E-3
4.68000000E-5,-3.63918416E-3
4.68400000E-5,-4.01812248E-3
4.68800000E-5,-3.98485850E-3
4.69200000E-5,-3.73107261E-3
4.69600000E-5,-4.06286408E-3
4.70000000E-5,-3.71482653E-3
4.70400000E-5,-3.69241690E-3
4.70800000E-5,-3.88819597E-3
4.71200000E-5,-3.60599638E-3
4.71600000E-5,-3.78123754E-3
4.72000000E-5,-3.83626421E-3
4.72400000E-5,-3.95828732E-3
4.72800000E-5,-3.72619591E-3
4.73200000E-5,-4.05701371E-3
4.73600000E-5,-3.85773005E-3
4.74000000E-5,-4.09835659E-3
4.74400000E-5,-3.83225681E-3
4.74800000E-5,-3.70871650E-3
4.75200000E-5,-3.90571176E-3
4.75600000E-5,-3.81863529E-3
4.76000000E-5,-3.64498045E-3
4.76400000E-5,-3.95572692E-3
4.76800000E-5,-3.82877107E-3
4.77200000E-5,-3.84540298E-3
4.77600000E-5,-3.67664802E-3
4.78000000E-5,-4.03512474E-3
4.78400000E-5,-3.83333949E-3
4.78800000E-5,-3.87636810E-3
4.79200000E-5,-3.97591655E-3
4.79600000E-5,-3.86735162E-3
4.80000000E-5,-3.89456774E-3
4.80400000E-5,-3.92054352E-3
4.80800000E-5,-3.80378241E-3
4.81200000E-5,-3.86200714E-3
4.81600000E-5,-4.07493961E-3
4.82000000E-5,-3.65822494E-3
4.82400000E-5,-3.81633697E-3
4.82800000E-5,-4.03384594E-3
4.83200000E-5,-3.86905174E-3
4.83600000E-5,-3.84264170E-3
4.84000000E-5,-3.76372511E-3
4.84400000E-5,-4.20810586E-3
4.84800000E-5,-4.04055249E-3
4.85200000E-5,-4.10910420E-3
4.85600000E-5,-3.63224994E-3
4.86000000E-5,-3.73725055E-3
4.86400000E-5,-4.03019955E-3
4.86800000E-5,-3.81613510E-3
4.87200000E-5,-3.76392139E-3
4.87600000E-5,-3.78301213E-3
4.88000000E-5,-3.91062466E-3
4.88400000E-5,-4.07327375E-3
4.88800000E-5,-3.73735851E-3
4.89200000E-5,-3.66332045E-3
4.89600000E-5,-3.88112899E-3
4.90000000E-5,-3.87798214E-3
4.90400000E-5,-3.95194202E-3
4.90800000E-5,-3.88366116E-3
4.91200000E-5,-3.78870208E-3
4.91600000E-5,-3.92792896E-3
4.92000000E-5,-4.04286818E-3
4.92400000E-5,-3.81690021E-3
4.92800000E-5,-3.72473177E-3
4.93200000E-5,-3.79922878E-3
4.93600000E-5,-3.64618544E-3
4.94000000E-5,-3.81591045E-3
4.94400000E-5,-3.88940138E-3
4.94800000E-5,-3.68826966E-3
4.95200000E-5,-3.97721378E-3
4.95600000E-5,-3.80911359E-3
4.96000000E-5,-3.98289369E-3
4.96400000E-5,-3.75962991E-3
4.96800000E-5,-4.11638150E-3
4.97200000E-5,-3.97583031E-3
4.97600000E-5,-3.81740472E-3
4.98000000E-5,-3.90283698E-3
4.98400000E-5,-3.74852976E-3
4.98800000E-5,-3.87718653E-3
4.99200000E-5,-3.78429324E-3
4.99600000E-5,-3.79938963E-3
5.00000000E-5,-3.84041308E-3
5.00400000E-5,-3.87758791E-3
5.00800000E-5,-3.81005776E-3
5.01200000E-5,-3.63958634E-3
5.01600000E-5,-3.67506239E-3
5.02000000E-5,-3.71830989E-3
5.02400000E-5,-3.82387622E-3
5.02800000E-5,-3.81642788E-3
5.03200000E-5,-3.92059416E-3
5.03600000E-5,-3.87156674E-3
5.04000000E-5,-3.65742322E-3
5.04400000E-5,-3.68030501E-3
5.04800000E-5,-3.94693644E-3
5.05200000E-5,-3.68946177E-3
5.05600000E-5,-3.66429225E-3
5.06000000E-5,-4.04385021E-3
5.06400000E-5,-4.00249396E-3
5.06800000E-5,-3.61952906E-3
5.07200000E-5,-3.90895695E-3
5.07600000E-5,-3.86657278E-3
5.08000000E-5,-4.02767977E-3
5.08400000E-5,-3.84941205E-3
5.08800000E-5,-4.10517441E-3
5.09200000E-5,-4.06969104E-3
5.09600000E-5,-3.93055984E-3
5.10000000E-5,-3.89151746E-3
5.10400000E-5,-4.00430388E-3
5.10800000E-5,-3.97717205E-3
5.11200000E-5,-3.84255954E-3
5.11600000E-5,-3.76778589E-3
5.12000000E-5,-3.85426913E-3
5.12400000E-5,-3.85660490E-3
5.12800000E-5,-3.92487646E-3
5.13200000E-5,-3.90302664E-3
5.13600000E-5,-3.60666278E-3
5.14000000E-5,-3.79725644E-3
5.14400000E-5,-3.71616131E-3
5.14800000E-5,-3.55077095E-3
5.15200000E-5,-3.48782897E-3
5.15600000E-5,-3.73657867E-3
5.16000000E-5,-3.95806607E-3
5.16400000E-5,-3.95127578E-3
5.16800000E-5,-3.93255181E-3
5.17200000E-5,-3.70482481E-3
5.17600000E-5,-4.18521990E-3
5.18000000E-5,-3.89825947E-3
5.18400000E-5,-3.94379117E-3
5.18800000E-5,-3.81383087E-3
5.19200000E-5,-3.81421955E-3
5.19600000E-5,-3.94385206E-3
5.20000000E-5,-3.90047093E-3
5.20400000E-5,-4.01573554E-3
5.20800000E-5,-3.47469459E-3
5.21200000E-5,-3.66359850E-3
5.21600000E-5,-3.81554620E-3
5.22000000E-5,-4.17459060E-3
5.22400000E-5,-3.68272351E-3
5.22800000E-5,-3.97468013E-3
5.23200000E-5,-3.66133551E-3
5.23600000E-5,-3.81214481E-3
5.24000000E-5,-4.10921685E-3
5.24400000E-5,-3.98026111E-3
5.24800000E-5,-3.96047634E-3
5.25200000E-5,-4.01374312E-3
5.25600000E-5,-3.83096199E-3
5.26000000E-5,-3.84962279E-3
5.26400000E-5,-3.97691139E-3
5.26800000E-5,-3.99582303E-3
5.27200000E-5,-3.81568709E-3
5.27600000E-5,-4.04590723E-3
5.28000000E-5,-4.06620437E-3
5.28400000E-5,-3.71945019E-3
5.28800000E-5,-3.98506954E-3
5.29200000E-5,-4.05769665E-3
5.29600000E-5,-4.02078456E-3
5.30000000E-5,-3.93737438E-3
5.30400000E-5,-3.89984674E-3
5.30800000E-5,-3.88830706E-3
5.31200000E-5,-3.87550109E-3
5.31600000E-5,-3.67276438E-3
5.32000000E-5,-3.95071462E-3
5.32400000E-5,-3.90300269E-3
5.32800000E-5,-4.03015314E-3
5.33200000E-5,-4.06560110E-3
5.33600000E-5,-4.07917898E-3
5.34000000E-5,-4.02599140E-3
5.34400000E-5,-3.86216311E-3
5.34800000E-5,-3.70395235E-3
5.35200000E-5,-3.76796847E-3
5.35600000E-5,-3.98184363E-3
5.36000000E-5,-3.89239235E-3
5.36400000E-5,-3.68367329E-3
5.36800000E-5,-4.00038580E-3
5.37200000E-5,-3.73676341E-3
5.37600000E-5,-4.24351723E-3
5.38000000E-5,-4.07795131E-3
5.38400000E-5,-3.95240127E-3
5.38800000E-5,-3.79378091E-3
5.39200000E-5,-3.70905898E-3
5.39600000E-5,-3.72288319E-3
5.40000000E-5,-3.63233975E-3
5.40400000E-5,-3.86620967E-3
5.40800000E-5,-3.87985197E-3
5.41200000E-5,-4.17321057E-3
5.41600000E-5,-3.92903794E-3
5.42000000E-5,-3.76034082E-3
5.42400000E-5,-3.71225248E-3
5.42800000E-5,-3.85270025E-3
5.43200000E-5,-4.11571098E-3
5.43600000E-5,-3.69495652E-3
5.44000000E-5,-3.82817331E-3
5.44400000E-5,-3.80767795E-3
5.44800000E-5,-3.87871946E-3
5.45200000E-5,-3.82916632E-3
5.45600000E-5,-3.94956357E-3
5.46000000E-5,-3.64375205E-3
5.46400000E-5,-3.90911973E-3
5.46800000E-5,-3.91664434E-3
5.47200000E-5,-3.65752905E-3
5.47600000E-5,-3.61434372E-3
5.48000000E-5,-4.07288639E-3
5.48400000E-5,-3.57490917E-3
5.48800000E-5,-3.83371306E-3
5.49200000E-5,-3.93940452E-3
5.49600000E-5,-3.76535926E-3
5.50000000E-5,-3.95997699E-3
5.50400000E-5,-3.83809212E-3
5.50800000E-5,-3.80102567E-3
5.51200000E-5,-3.82600898E-3
5.51600000E-5,-3.88279277E-3
5.52000000E-5,-3.80552277E-3
5.52400000E-5,-3.99215014E-3
5.52800000E-5,-3.84230913E-3
5.53200000E-5,-3.97326863E-3
5.53600000E-5,-3.63554207E-3
5.54000000E-5,-3.76233764E-3
5.54400000E-5,-3.77003029E-3
5.54800000E-5,-4.07636519E-3
5.55200000E-5,-3.97027333E-3
5.55600000E-5,-3.63581457E-3
5.56000000E-5,-3.73654524E-3
5.56400000E-5,-3.97397545E-3
5.56800000E-5,-3.75719553E-3
5.57200000E-5,-4.01487701E-3
5.57600000E-5,-3.86374575E-3
5.58000000E-5,-3.77047869E-3
5.58400000E-5,-3.81334736E-3
5.58800000E-5,-3.72158982E-3
5.59200000E-5,-3.63394397E-3
5.59600000E-5,-3.72938482E-3
5.60000000E-5,-3.82763289E-3
5.60400000E-5,-3.80256464E-3
5.60800000E-5,-3.78574931E-3
5.61200000E-5,-4.09017878E-3
5.61600000E-5,-3.97953114E-3
5.62000000E-5,-4.04857634E-3
5.62400000E-5,-3.77785989E-3
5.62800000E-5,-3.97533719E-3
5.63200000E-5,-3.69442609E-3
5.63600000E-5,-3.89945134E-3
5.64000000E-5,-3.74666788E-3
5.64400000E-5,-3.74159072E-3
5.64800000E-5,-3.90900587E-3
5.65200000E-5,-3.78467316E-3
5.65600000E-5,-3.86232909E-3
5.66000000E-5,-3.96596141E-3
5.66400000E-5,-3.72852282E-3
5.66800000E-5,-4.14455984E-3
5.67200000E-5,-3.81843464E-3
5.67600000E-5,-4.03733299E-3
5.68000000E-5,-3.68293646E-3
5.68400000E-5,-3.62930993E-3
5.68800000E-5,-4.14110906E-3
5.69200000E-5,-3.96564545E-3
5.69600000E-5,-3.68383032E-3
5.70000000E-5,-3.75179220E-3
5.70400000E-5,-3.93829395E-3
5.70800000E-5,-4.16682580E-3
5.71200000E-5,-3.71617055E-3
5.71600000E-5,-3.65249550E-3
5.72000000E-5,-3.85138772E-3
5.72400000E-5,-3.67333547E-3
5.72800000E-5,-3.88339014E-3
5.73200000E-5,-3.55983359E-3
5.73600000E-5,-3.78586274E-3
5.74000000E-5,-3.85238619E-3
5.74400000E-5,-4.01954374E-3
5.74800000E-5,-3.72629981E-3
5.75200000E-5,-3.73729746E-3
5.75600000E-5,-4.11593107E-3
5.76000000E-5,-3.77988249E-3
5.76400000E-5,-4.00431362E-3
5.76800000E-5,-4.15669530E-3
5.77200000E-5,-3.88161412E-3
5.77600000E-5,-3.77138382E-3
5.78000000E-5,-3.85981856E-3
5.78400000E-5,-3.70739804E-3
5.78800000E-5,-4.03917152E-3
5.79200000E-5,-3.86181057E-3
5.79600000E-5,-3.92852658E-3
5.80000000E-5,-4.06297305E-3
5.80400000E-5,-3.76611843E-3
5.80800000E-5,-3.58964600E-3
5.81200000E-5,-3.84267403E-3
5.81600000E-5,-3.89882083E-3
5.82000000E-5,-3.76750209E-3
5.82400000E-5,-3.74218863E-3
5.82800000E-5,-3.77336576E-3
5.83200000E-5,-3.82572099E-3
5.83600000E-5,-3.95872944E-3
5.84000000E-5,-4.02366404E-3
5.84400000E-5,-3.91563992E-3
5.84800000E-5,-3.81701370E-3
5.85200000E-5,-3.89529955E-3
5.85600000E-5,-3.89595645E-3
5.86000000E-5,-3.86831026E-3
5.86400000E-5,-3.94489433E-3
5.86800000E-5,-4.03739398E-3
5.87200000E-5,-3.83867454E-3
5.87600000E-5,-3.90509469E-3
5.88000000E-5,-3.79607831E-3
5.88400000E-5,-3.73237150E-3
5.88800000E-5,-3.83517965E-3
5.89200000E-5,-3.75265810E-3
5.89600000E-5,-4.02640919E-3
5.90000000E-5,-3.97391869E-3
5.90400000E-5,-3.77710383E-3
5.90800000E-5,-3.76301987E-3
5.91200000E-5,-3.77598281E-3
5.91600000E-5,-3.85427308E-3
5.92000000E-5,-3.97537188E-3
5.92400000E-5,-4.06744227E-3
5.92800000E-5,-3.85831989E-3
5.93200000E-5,-3.88908143E-3
5.93600000E-5,-4.04213815E-3
5.94000000E-5,-4.04478091E-3
5.94400000E-5,-3.93072605E-3
5.94800000E-5,-4.06221314E-3
5.95200000E-5,-3.88087638E-3
5.95600000E-5,-4.07043244E-3
5.96000000E-5,-4.04748463E-3
5.96400000E-5,-3.75795782E-3
5.96800000E-5,-3.73680447E-3
5.97200000E-5,-3.86431998E-3
5.97600000E-5,-3.88610070E-3
5.98000000E-5,-4.15102383E-3
5.98400000E-5,-3.91868363E-3
5.98800000E-5,-3.93527339E-3
5.99200000E-5,-3.62959669E-3
5.99600000E-5,-4.08118324E-3
6.00000000E-5,-3.79640046E-3
6.00400000E-5,-3.83284079E-3
6.00800000E-5,-4.02707059E-3
6.01200000E-5,-3.80898523E-3
6.01600000E-5,-3.89065124E-3
6.02000000E-5,-3.60408727E-3
6.02400000E-5,-3.92031576E-3
6.02800000E-5,-3.93530361E-3
6.03200000E-5,-4.00277001E-3
6.03600000E-5,-3.84958530E-3
6.04000000E-5,-3.81126583E-3
6.04400000E-5,-3.96302855E-3
6.04800000E-5,-3.80219460E-3
6.05200000E-5,-3.77826605E-3
6.05600000E-5,-3.76507719E-3
6.06000000E-5,-4.00464607E-3
6.06400000E-5,-3.76588119E-3
6.06800000E-5,-4.02732131E-3
6.07200000E-5,-4.13098135E-3
6.07600000E-5,-3.95956757E-3
6.08000000E-5,-3.95460617E-3
6.08400000E-5,-3.73366427E-3
6.08800000E-5,-3.78434507E-3
6.09200000E-5,-3.73235804E-3
6.09600000E-5,-3.68921109E-3
6.10000000E-5,-3.78995257E-3
6.10400000E-5,-3.85680095E-3
6.10800000E-5,-4.10179588E-3
6.11200000E-5,-3.91227954E-3
6.11600000E-5,-3.90459532E-3
6.12000000E-5,-3.93726126E-3
6.12400000E-5,-4.11001759E-3
6.12800000E-5,-3.77062839E-3
6.13200000E-5,-4.07687521E-3
6.13600000E-5,-3.63344575E-3
6.14000000E-5,-3.66350013E-3
6.14400000E-5,-3.89393375E-3
6.14800000E-5,-3.68847963E-3
6.15200000E-5,-3.95558025E-3
6.15600000E-5,-3.65650100E-3
6.16000000E-5,-3.78512073E-3
6.16400000E-5,-4.10002595E-3
6.16800000E-5,-3.99668778E-3
6.17200000E-5,-3.67694895E-3
6.17600000E-5,-3.98850728E-3
6.18000000E-5,-3.89609817E-3
6.18400000E-5,-3.77166623E-3
6.18800000E-5,-3.77975180E-3
6.19200000E-5,-4.05493016E-3
6.19600000E-5,-4.11656613E-3
6.20000000E-5,-4.05749461E-3
6.20400000E-5,-3.84036642E-3
6.20800000E-5,-3.91866263E-3
6.21200000E-5,-3.83192416E-3
6.21600000E-5,-4.09104977E-3
6.22000000E-5,-3.76095107E-3
6.22400000E-5,-3.78187172E-3
6.22800000E-5,-3.96461905E-3
6.23200000E-5,-4.08886469E-3
6.23600000E-5,-3.96118655E-3
6.24000000E-5,-4.00594097E-3
6.24400000E-5,-3.97470010E-3
6.24800000E-5,-3.99816798E-3
6.25200000E-5,-3.71143611E-3
6.25600000E-5,-3.65903708E-3
6.26000000E-5,-3.89173408E-3
6.26400000E-5,-3.55239779E-3
6.26800000E-5,-3.83246826E-3
6.27200000E-5,-3.73128695E-3
6.27600000E-5,-3.84444411E-3
6.28000000E-5,-3.95223110E-3
6.28400000E-5,-4.04381986E-3
6.28800000E-5,-3.93957210E-3
6.29200000E-5,-4.17124832E-3
6.29600000E-5,-3.66523731E-3
6.30000000E-5,-3.81894162E-3
6.30400000E-5,-3.76137460E-3
6.30800000E-5,-3.95726318E-3
6.31200000E-5,-3.98219208E-3
6.31600000E-5,-3.88749905E-3
6.32000000E-5,-3.89782546E-3
6.32400000E-5,-3.83333704E-3
6.32800000E-5,-4.02831070E-3
6.33200000E-5,-3.99875879E-3
6.33600000E-5,-3.85640979E-3
6.34000000E-5,-3.61836279E-3
6.34400000E-5,-4.13867027E-3
6.34800000E-5,-4.20208249E-3
6.35200000E-5,-4.08856575E-3
6.35600000E-5,-3.96085778E-3
6.36000000E-5,-3.84621825E-3
6.36400000E-5,-4.11337851E-3
6.36800000E-5,-3.91010145E-3
6.37200000E-5,-3.80474406E-3
6.37600000E-5,-3.80562462E-3
6.38000000E-5,-3.88297585E-3
6.38400000E-5,-3.76337210E-3
6.38800000E-5,-3.95740986E-3
6.39200000E-5,-3.93837233E-3
6.39600000E-5,-3.76472802E-3
6.40000000E-5,-3.87125127E-3
6.40400000E-5,-3.78262505E-3
6.40800000E-5,-3.94565430E-3
6.41200000E-5,-3.62632854E-3
6.41600000E-5,-3.68027125E-3
6.42000000E-5,-3.98125243E-3
6.42400000E-5,-3.67546915E-3
6.42800000E-5,-3.69699618E-3
6.43200000E-5,-3.72151662E-3
6.43600000E-5,-3.76419629E-3
6.44000000E-5,-4.20403109E-3
6.44400000E-5,-3.74840976E-3
6.44800000E-5,-4.01388286E-3
6.45200000E-5,-3.93613647E-3
6.45600000E-5,-3.82748105E-3
6.46000000E-5,-3.95025111E-3
6.46400000E-5,-4.16887906E-3
6.46800000E-5,-3.57734609E-3
6.47200000E-5,-3.90923071E-3
6.47600000E-5,-3.89861252E-3
6.48000000E-5,-3.75302389E-3
6.48400000E-5,-3.96976962E-3
6.48800000E-5,-3.94555555E-3
6.49200000E-5,-3.97378735E-3
6.49600000E-5,-3.60796112E-3
6.50000000E-5,-3.88513804E-3
6.50400000E-5,-3.81678366E-3
6.50800000E-5,-4.04585652E-3
6.51200000E-5,-3.85478754E-3
6.51600000E-5,-3.71639486E-3
6.52000000E-5,-4.03227335E-3
6.52400000E-5,-3.90784133E-3
6.52800000E-5,-4.08090103E-3
6.53200000E-5,-3.55258371E-3
6.53600000E-5,-4.00438864E-3
6.54000000E-5,-3.80191614E-3
6.54400000E-5,-3.90181070E-3
6.54800000E-5,-3.63955605E-3
6.55200000E-5,-3.83420217E-3
6.55600000E-5,-3.66297974E-3
6.56000000E-5,-4.04033651E-3
6.56400000E-5,-3.91731047E-3
6.56800000E-5,-3.76471104E-3
6.57200000E-5,-3.55755657E-3
6.57600000E-5,-3.81076659E-3
6.58000000E-5,-4.16559878E-3
6.58400000E-5,-4.02385068E-3
6.58800000E-5,-4.26516623E-3
6.59200000E-5,-3.93976650E-3
6.59600000E-5,-4.03763113E-3
6.60000000E-5,-4.22642778E-3
6.60400000E-5,-3.95745674E-3
6.60800000E-5,-3.74439509E-3
6.61200000E-5,-3.96277298E-3
6.61600000E-5,-4.18454598E-3
6.62000000E-5,-4.02068969E-3
6.62400000E-5,-4.02678059E-3
6.62800000E-5,-3.76473657E-3
6.63200000E-5,-3.94070107E-3
6.63600000E-5,-4.13721271E-3
6.64000000E-5,-3.93571189E-3
6.64400000E-5,-4.13954041E-3
6.64800000E-5,-4.08153017E-3
6.65200000E-5,-4.02093705E-3
6.65600000E-5,-3.89596198E-3
6.66000000E-5,-3.81631232E-3
6.66400000E-5,-3.93170555E-3
6.66800000E-5,-3.80231068E-3
6.67200000E-5,-3.92379574E-3
6.67600000E-5,-4.08765858E-3
6.68000000E-5,-3.85815706E-3
6.68400000E-5,-3.72062500E-3
6.68800000E-5,-3.84392864E-3
6.69200000E-5,-3.92249815E-3
6.69600000E-5,-3.80324355E-3
6.70000000E-5,-3.98079736E-3
6.70400000E-5,-3.73566590E-3
6.70800000E-5,-4.16202941E-3
6.71200000E-5,-3.91497713E-3
6.71600000E-5,-4.00873823E-3
6.72000000E-5,-3.73986638E-3
6.72400000E-5,-3.78293822E-3
6.72800000E-5,-4.03589259E-3
6.73200000E-5,-3.98156757E-3
6.73600000E-5,-4.05532179E-3
6.74000000E-5,-3.85667732E-3
6.74400000E-5,-3.76828688E-3
6.74800000E-5,-4.09396389E-3
6.75200000E-5,-3.72761892E-3
6.75600000E-5,-3.95142195E-3
6.76000000E-5,-3.84940200E-3
6.76400000E-5,-3.91300752E-3
6.76800000E-5,-3.94395517E-3
6.77200000E-5,-4.18365665E-3
6.77600000E-5,-3.93167386E-3
6.78000000E-5,-3.70931467E-3
6.78400000E-5,-3.79085389E-3
6.78800000E-5,-3.79489952E-3
6.79200000E-5,-3.84281522E-3
6.79600000E-5,-3.89472227E-3
6.80000000E-5,-3.88184447E-3
6.80400000E-5,-3.79138150E-3
6.80800000E-5,-4.05453934E-3
6.81200000E-5,-3.81612557E-3
6.81600000E-5,-3.71332377E-3
6.82000000E-5,-4.10666420E-3
6.82400000E-5,-3.99614866E-3
6.82800000E-5,-3.96688393E-3
6.83200000E-5,-4.08343326E-3
6.83600000E-5,-4.14829571E-3
6.84000000E-5,-4.01486959E-3
6.84400000E-5,-3.94990536E-3
6.84800000E-5,-4.07266479E-3
6.85200000E-5,-3.87638120E-3
6.85600000E-5,-3.95885599E-3
6.86000000E-5,-3.96998130E-3
6.86400000E-5,-3.99650990E-3
6.86800000E-5,-3.53427318E-3
6.87200000E-5,-3.75532417E-3
6.87600000E-5,-3.87752189E-3
6.88000000E-5,-4.10200669E-3
6.88400000E-5,-3.84406202E-3
6.88800000E-5,-4.13344664E-3
6.89200000E-5,-4.14433280E-3
6.89600000E-5,-4.17145014E-3
6.90000000E-5,-3.98601714E-3
6.90400000E-5,-3.83329653E-3
6.90800000E-5,-3.91398509E-3
6.91200000E-5,-3.80455623E-3
6.91600000E-5,-3.84116135E-3
6.92000000E-5,-3.86787363E-3
6.92400000E-5,-3.92534901E-3
6.92800000E-5,-4.06882434E-3
6.93200000E-5,-3.76498040E-3
6.93600000E-5,-3.88349879E-3
6.94000000E-5,-3.92808813E-3
6.94400000E-5,-3.78031376E-3
6.94800000E-5,-3.90658951E-3
6.95200000E-5,-3.77711029E-3
6.95600000E-5,-3.88489171E-3
6.96000000E-5,-4.05546636E-3
6.96400000E-5,-4.21684680E-3
6.96800000E-5,-3.61761687E-3
6.97200000E-5,-4.11501351E-3
6.97600000E-5,-3.95468335E-3
6.98000000E-5,-3.61484741E-3
6.98400000E-5,-3.81116466E-3
6.98800000E-5,-3.81138127E-3
6.99200000E-5,-3.94795133E-3
6.99600000E-5,-3.86495405E-3
7.00000000E-5,-3.92158025E-3
7.00400000E-5,-3.86175142E-3
7.00800000E-5,-3.78588784E-3
7.01200000E-5,-3.84489257E-3
7.01600000E-5,-3.73322278E-3
7.02000000E-5,-4.16126592E-3
7.02400000E-5,-3.57818696E-3
7.02800000E-5,-3.74973156E-3
7.03200000E-5,-3.74604497E-3
7.03600000E-5,-3.85952249E-3
7.04000000E-5,-3.94902639E-3
7.04400000E-5,-3.85674687E-3
7.04800000E-5,-3.90683966E-3
7.05200000E-5,-3.52603511E-3
7.05600000E-5,-4.02079376E-3
7.06000000E-5,-3.77385469E-3
7.06400000E-5,-3.94364864E-3
7.06800000E-5,-3.80275944E-3
7.07200000E-5,-3.67096200E-3
7.07600000E-5,-3.91287521E-3
7.08000000E-5,-3.90253906E-3
7.08400000E-5,-4.00613431E-3
7.08800000E-5,-3.89675060E-3
7.09200000E-5,-3.99020282E-3
7.09600000E-5,-3.92461472E-3
7.10000000E-5,-3.87952444E-3
7.10400000E-5,-3.81255027E-3
7.10800000E-5,-3.73427633E-3
7.11200000E-5,-3.71147488E-3
7.11600000E-5,-3.89533558E-3
7.12000000E-5,-4.11197366E-3
7.12400000E-5,-3.94236231E-3
7.12800000E-5,-3.95300584E-3
7.13200000E-5,-4.08052272E-3
7.13600000E-5,-3.76823051E-3
7.14000000E-5,-3.73825257E-3
7.14400000E-5,-3.93423612E-3
7.14800000E-5,-3.96709225E-3
7.15200000E-5,-4.10795579E-3
7.15600000E-5,-3.79151013E-3
7.16000000E-5,-3.96947420E-3
7.16400000E-5,-3.67464183E-3
7.16800000E-5,-3.98112725E-3
7.17200000E-5,-3.97086824E-3
7.17600000E-5,-3.94023269E-3
7.18000000E-5,-3.88007423E-3
7.18400000E-5,-3.71753578E-3
7.18800000E-5,-3.69496226E-3
7.19200000E-5,-3.81614636E-3
7.19600000E-5,-3.95433954E-3
7.20000000E-5,-3.97432853E-3
7.20400000E-5,-3.74328709E-3
7.20800000E-5,-4.16808945E-3
7.21200000E-5,-3.98926298E-3
7.21600000E-5,-3.86327485E-3
7.22000000E-5,-3.87838548E-3
7.22400000E-5,-3.67317215E-3
7.22800000E-5,-4.14696483E-3
7.23200000E-5,-3.73969944E-3
7.23600000E-5,-3.70724508E-3
7.24000000E-5,-3.87349988E-3
7.24400000E-5,-4.24167185E-3
7.24800000E-5,-3.78222860E-3
7.25200000E-5,-4.02250476E-3
7.25600000E-5,-3.54737369E-3
7.26000000E-5,-3.86255462E-3
7.26400000E-5,-3.84461397E-3
7.26800000E-5,-3.74391439E-3
7.27200000E-5,-4.17038612E-3
7.27600000E-5,-3.97629548E-3
7.28000000E-5,-3.81838884E-3
7.28400000E-5,-3.67746873E-3
7.28800000E-5,-3.93087749E-3
7.29200000E-5,-3.58150017E-3
7.29600000E-5,-3.74203145E-3
7.30000000E-5,-3.64854558E-3
7.30400000E-5,-3.72983074E-3
7.30800000E-5,-4.00580721E-3
7.31200000E-5,-3.89392170E-3
7.31600000E-5,-3.90429840E-3
7.32000000E-5,-3.79168108E-3
7.32400000E-5,-3.88495986E-3
7.32800000E-5,-3.98142870E-3
7.33200000E-5,-4.00243125E-3
7.33600000E-5,-3.57498696E-3
7.34000000E-5,-3.87730615E-3
7.34400000E-5,-3.87376085E-3
7.34800000E-5,-4.03334407E-3
7.35200000E-5,-3.70702920E-3
7.35600000E-5,-3.75961378E-3
7.36000000E-5,-3.81994230E-3
7.36400000E-5,-3.83301477E-3
7.36800000E-5,-3.79427337E-3
7.37200000E-5,-3.80868583E-3
7.37600000E-5,-3.78103982E-3
7.38000000E-5,-3.80149799E-3
7.38400000E-5,-3.72232326E-3
7.38800000E-5,-3.66135550E-3
7.39200000E-5,-3.64336704E-3
7.39600000E-5,-3.66664212E-3
7.40000000E-5,-3.82131297E-3
7.40400000E-5,-3.74273339E-3
7.40800000E-5,-4.03183734E-3
7.41200000E-5,-3.67704172E-3
7.41600000E-5,-3.75219723E-3
7.42000000E-5,-3.81153164E-3
7.42400000E-5,-3.76900237E-3
7.42800000E-5,-3.63151755E-3
7.43200000E-5,-3.77402106E-3
7.43600000E-5,-3.95352701E-3
7.44000000E-5,-3.82866981E-3
7.44400000E-5,-3.62509417E-3
7.44800000E-5,-3.58903493E-3
7.45200000E-5,-4.02208866E-3
7.45600000E-5,-3.75016855E-3
7.46000000E-5,-3.82944268E-3
7.46400000E-5,-4.10386479E-3
7.46800000E-5,-3.82438283E-3
7.47200000E-5,-3.81666188E-3
7.47600000E-5,-3.99704748E-3
7.48000000E-5,-3.91284698E-3
7.48400000E-5,-3.72803774E-3
7.48800000E-5,-3.70817911E-3
7.49200000E-5,-3.84280237E-3
7.49600000E-5,-3.84025016E-3
7.50000000E-5,-3.96048507E-3
7.50400000E-5,-3.73712767E-3
7.50800000E-5,-3.80380014E-3
7.51200000E-5,-3.59859579E-3
7.51600000E-5,-3.77977776E-3
7.52000000E-5,-3.69162289E-3
7.52400000E-5,-3.88648032E-3
7.52800000E-5,-4.00250829E-3
7.53200000E-5,-3.67648806E-3
7.53600000E-5,-3.77902569E-3
7.54000000E-5,-3.70874894E-3
7.54400000E-5,-4.04516083E-3
7.54800000E-5,-3.66391399E-3
7.55200000E-5,-3.90281128E-3
7.55600000E-5,-3.68990676E-3
7.56000000E-5,-4.10888947E-3
7.56400000E-5,-3.55639013E-3
7.56800000E-5,-3.97118040E-3
7.57200000E-5,-3.71626190E-3
7.57600000E-5,-3.74275889E-3
7.58000000E-5,-3.72972242E-3
7.58400000E-5,-3.67002449E-3
7.58800000E-5,-3.62563735E-3
7.59200000E-5,-3.72454012E-3
7.59600000E-5,-3.74298481E-3
7.60000000E-5,-3.78893953E-3
7.60400000E-5,-3.79733092E-3
7.60800000E-5,-3.82149282E-3
7.61200000E-5,-3.76691638E-3
7.61600000E-5,-3.93468837E-3
7.62000000E-5,-3.73879302E-3
7.62400000E-5,-4.05128687E-3
7.62800000E-5,-3.41895724E-3
7.63200000E-5,-3.87480672E-3
7.63600000E-5,-3.92669981E-3
7.64000000E-5,-3.82269339E-3
7.64400000E-5,-3.86385195E-3
7.64800000E-5,-3.58548546E-3
7.65200000E-5,-3.85246949E-3
7.65600000E-5,-3.92469404E-3
7.66000000E-5,-3.77915976E-3
7.66400000E-5,-4.09382478E-3
7.66800000E-5,-3.56321480E-3
7.67200000E-5,-3.83243628E-3
7.67600000E-5,-3.69894065E-3
7.68000000E-5,-3.92822842E-3
7.68400000E-5,-3.75765454E-3
7.68800000E-5,-3.77338316E-3
7.69200000E-5,-3.82608830E-3
7.69600000E-5,-3.97264376E-3
7.70000000E-5,-3.68657995E-3
7.70400000E-5,-4.02567374E-3
7.70800000E-5,-3.73576602E-3
7.71200000E-5,-3.86246062E-3
7.71600000E-5,-3.61204353E-3
7.72000000E-5,-3.85665813E-3
7.72400000E-5,-3.90863541E-3
7.72800000E-5,-3.41617426E-3
7.73200000E-5,-3.84204748E-3
7.73600000E-5,-3.68559737E-3
7.74000000E-5,-3.81380971E-3
7.74400000E-5,-4.13976407E-3
7.74800000E-5,-4.06300661E-3
7.75200000E-5,-4.13447407E-3
7.75600000E-5,-3.67658468E-3
7.76000000E-5,-4.03890417E-3
7.76400000E-5,-3.88739403E-3
7.76800000E-5,-3.81581184E-3
7.77200000E-5,-3.96129420E-3
7.77600000E-5,-3.73568570E-3
7.78000000E-5,-3.94131791E-3
7.78400000E-5,-3.95329181E-3
7.78800000E-5,-3.77235844E-3
7.79200000E-5,-3.86879741E-3
7.79600000E-5,-3.92805302E-3
7.80000000E-5,-3.80879620E-3
7.80400000E-5,-3.91463293E-3
7.80800000E-5,-3.91113219E-3
7.81200000E-5,-3.85873726E-3
7.81600000E-5,-4.03215128E-3
7.82000000E-5,-3.87614263E-3
7.82400000E-5,-3.63740577E-3
7.82800000E-5,-3.80418067E-3
7.83200000E-5,-3.78851030E-3
7.83600000E-5,-3.68004246E-3
7.84000000E-5,-3.65839525E-3
7.84400000E-5,-3.74165317E-3
7.84800000E-5,-3.90430528E-3
7.85200000E-5,-3.80695469E-3
7.85600000E-5,-3.91263930E-3
7.86000000E-5,-3.84188696E-3
7.86400000E-5,-3.80893739E-3
7.86800000E-5,-3.94720449E-3
7.87200000E-5,-3.81951488E-3
7.87600000E-5,-3.73641243E-3
7.88000000E-5,-3.93537919E-3
7.88400000E-5,-3.62797425E-3
7.88800000E-5,-3.76673216E-3
7.89200000E-5,-3.59850752E-3
7.89600000E-5,-3.95432188E-3
7.90000000E-5,-4.09501769E-3
7.90400000E-5,-3.73636590E-3
7.90800000E-5,-3.69693432E-3
7.91200000E-5,-3.75108395E-3
7.91600000E-5,-3.74831360E-3
7.92000000E-5,-3.96421080E-3
7.92400000E-5,-3.75399262E-3
7.92800000E-5,-3.90760316E-3
7.93200000E-5,-3.77685612E-3
7.93600000E-5,-3.98430230E-3
7.94000000E-5,-3.86995070E-3
7.94400000E-5,-4.16454934E-3
7.94800000E-5,-3.76911700E-3
7.95200000E-5,-3.77723377E-3
7.95600000E-5,-3.98910920E-3
7.96000000E-5,-3.99907101E-3
7.96400000E-5,-3.85339779E-3
7.96800000E-5,-3.81874469E-3
7.97200000E-5,-3.89421291E-3
7.97600000E-5,-3.82977926E-3
7.98000000E-5,-3.99963752E-3
7.98400000E-5,-3.78529916E-3
7.98800000E-5,-3.70893997E-3
7.99200000E-5,-3.70157714E-3
7.99600000E-5,-4.00934468E-3
8.00000000E-5,-3.65177201E-3
8.00400000E-5,-3.78467775E-3
8.00800000E-5,-3.95220397E-3
8.01200000E-5,-3.82747411E-3
8.01600000E-5,-3.92737778E-3
8.02000000E-5,-3.85808547E-3
8.02400000E-5,-3.96173397E-3
8.02800000E-5,-3.99929952E-3
8.03200000E-5,-3.87032038E-3
8.03600000E-5,-3.93580314E-3
8.04000000E-5,-3.94437334E-3
8.04400000E-5,-4.04365682E-3
8.04800000E-5,-4.23156587E-3
8.05200000E-5,-3.74783150E-3
8.05600000E-5,-3.80273409E-3
8.06000000E-5,-4.01781286E-3
8.06400000E-5,-3.85770475E-3
8.06800000E-5,-3.90847265E-3
8.07200000E-5,-3.96263247E-3
8.07600000E-5,-4.04279108E-3
8.08000000E-5,-4.17252998E-3
8.08400000E-5,-3.79781098E-3
8.08800000E-5,-3.89492158E-3
8.09200000E-5,-3.78896196E-3
8.09600000E-5,-4.02344794E-3
8.10000000E-5,-3.95207884E-3
8.10400000E-5,-3.71459256E-3
8.10800000E-5,-3.90999570E-3
8.11200000E-5,-4.05013800E-3
8.11600000E-5,-4.03830762E-3
8.12000000E-5,-4.00098482E-3
8.12400000E-5,-3.83055262E-3
8.12800000E-5,-3.82394176E-3
8.13200000E-5,-4.06959283E-3
8.13600000E-5,-3.79807027E-3
8.14000000E-5,-3.81279147E-3
8.14400000E-5,-3.90831046E-3
8.14800000E-5,-3.66085333E-3
8.15200000E-5,-4.08365972E-3
8.15600000E-5,-3.85279296E-3
8.16000000E-5,-3.76670980E-3
8.16400000E-5,-3.89560332E-3
8.16800000E-5,-4.01959953E-3
8.17200000E-5,-3.76005549E-3
8.17600000E-5,-3.80267637E-3
8.18000000E-5,-3.69873481E-3
8.18400000E-5,-3.62553503E-3
8.18800000E-5,-3.98207476E-3
8.19200000E-5,-3.70837052E-3
8.19600000E-5,-3.83054550E-3
8.20000000E-5,-3.71261251E-3
8.20400000E-5,-3.88777589E-3
8.20800000E-5,-3.86524894E-3
8.21200000E-5,-3.85429203E-3
8.21600000E-5,-3.61086723E-3
8.22000000E-5,-3.85670456E-3
8.22400000E-5,-3.62638822E-3
8.22800000E-5,-3.66934428E-3
8.23200000E-5,-3.57574037E-3
8.23600000E-5,-3.71800118E-3
8.24000000E-5,-3.79105090E-3
8.24400000E-5,-3.67455918E-3
8.24800000E-5,-4.07234640E-3
8.25200000E-5,-3.85948377E-3
8.25600000E-5,-3.68280617E-3
8.26000000E-5,-3.62287557E-3
8.26400000E-5,-3.55264079E-3
8.26800000E-5,-3.91427889E-3
8.27200000E-5,-3.99611818E-3
8.27600000E-5,-3.59617809E-3
8.28000000E-5,-3.87086073E-3
8.28400000E-5,-3.84995289E-3
8.28800000E-5,-3.86928263E-3
8.29200000E-5,-3.82335114E-3
8.29600000E-5,-3.84810062E-3
8.30000000E-5,-3.79704495E-3
8.30400000E-5,-3.87442261E-3
8.30800000E-5,-3.90037355E-3
8.31200000E-5,-3.72923457E-3
8.31600000E-5,-3.77071017E-3
8.32000000E-5,-3.81489121E-3
8.32400000E-5,-3.68097697E-3
8.32800000E-5,-3.74267932E-3
8.33200000E-5,-3.76956217E-3
8.33600000E-5,-4.06567953E-3
8.34000000E-5,-4.02943336E-3
8.34400000E-5,-3.73572338E-3
8.34800000E-5,-3.85466082E-3
8.35200000E-5,-3.93176922E-3
8.35600000E-5,-4.16000625E-3
8.36000000E-5,-3.89928964E-3
8.36400000E-5,-3.87130787E-3
8.36800000E-5,-3.81099232E-3
8.37200000E-5,-3.67248640E-3
8.37600000E-5,-3.89361887E-3
8.38000000E-5,-3.86947065E-3
8.38400000E-5,-3.71478623E-3
8.38800000E-5,-3.82818214E-3
8.39200000E-5,-3.50612074E-3
8.39600000E-5,-3.84529674E-3
8.40000000E-5,-3.93288562E-3
8.40400000E-5,-3.92395832E-3
8.40800000E-5,-4.00647603E-3
8.41200000E-5,-3.87123337E-3
8.41600000E-5,-3.52458096E-3
8.42000000E-5,-4.01268837E-3
8.42400000E-5,-3.60008228E-3
8.42800000E-5,-3.78799260E-3
8.43200000E-5,-3.61352923E-3
8.43600000E-5,-3.77203237E-3
8.44000000E-5,-3.81330632E-3
8.44400000E-5,-3.99422532E-3
8.44800000E-5,-3.73318559E-3
8.45200000E-5,-3.73276190E-3
8.45600000E-5,-3.83995343E-3
8.46000000E-5,-3.76407949E-3
8.46400000E-5,-3.95899286E-3
8.46800000E-5,-3.89976397E-3
8.47200000E-5,-3.99438403E-3
8.47600000E-5,-3.64995780E-3
8.48000000E-5,-4.04733071E-3
8.48400000E-5,-3.87025801E-3
8.48800000E-5,-4.08989287E-3
8.49200000E-5,-3.83072688E-3
8.49600000E-5,-3.87027639E-3
8.50000000E-5,-4.06075709E-3
8.50400000E-5,-3.78477601E-3
8.50800000E-5,-3.93891740E-3
8.51200000E-5,-3.99174013E-3
8.51600000E-5,-3.86568823E-3
8.52000000E-5,-3.93484962E-3
8.52400000E-5,-3.96744100E-3
8.52800000E-5,-3.84693796E-3
8.53200000E-5,-4.14077581E-3
8.53600000E-5,-3.84386667E-3
8.54000000E-5,-4.05252965E-3
8.54400000E-5,-3.70336967E-3
8.54800000E-5,-3.94307187E-3
8.55200000E-5,-3.57763072E-3
8.55600000E-5,-3.80677668E-3
8.56000000E-5,-3.64774677E-3
8.56400000E-5,-4.03145699E-3
8.56800000E-5,-3.82962104E-3
8.57200000E-5,-3.69870654E-3
8.57600000E-5,-3.95452939E-3
8.58000000E-5,-4.02612635E-3
8.58400000E-5,-3.85697867E-3
8.58800000E-5,-3.81052430E-3
8.59200000E-5,-3.86686908E-3
8.59600000E-5,-3.73321968E-3
8.60000000E-5,-3.96671937E-3
8.60400000E-5,-3.96879614E-3
8.60800000E-5,-3.84289079E-3
8.61200000E-5,-3.85940704E-3
8.61600000E-5,-3.97082039E-3
8.62000000E-5,-3.65998338E-3
8.62400000E-5,-3.66747292E-3
8.62800000E-5,-3.89213473E-3
8.63200000E-5,-3.84990462E-3
8.63600000E-5,-4.23594590E-3
8.64000000E-5,-3.83156350E-3
8.64400000E-5,-3.89665499E-3
8.64800000E-5,-4.01336266E-3
8.65200000E-5,-3.88518592E-3
8.65600000E-5,-3.82034461E-3
8.66000000E-5,-3.79547700E-3
8.66400000E-5,-3.92644794E-3
8.66800000E-5,-3.89914216E-3
8.67200000E-5,-3.87674001E-3
8.67600000E-5,-4.00133001E-3
8.68000000E-5,-3.85684911E-3
8.68400000E-5,-4.05298427E-3
8.68800000E-5,-4.24558089E-3
8.69200000E-5,-3.85569519E-3
8.69600000E-5,-3.91891315E-3
8.70000000E-5,-3.90822604E-3
8.70400000E-5,-3.85478248E-3
8.70800000E-5,-4.31839829E-3
8.71200000E-5,-3.80531658E-3
8.71600000E-5,-3.95670377E-3
8.72000000E-5,-3.55301282E-3
8.72400000E-5,-3.69877746E-3
8.72800000E-5,-3.72704005E-3
8.73200000E-5,-3.92898360E-3
8.73600000E-5,-3.75185092E-3
8.74000000E-5,-3.87365028E-3
8.74400000E-5,-3.79389358E-3
8.74800000E-5,-3.91797919E-3
8.75200000E-5,-3.83742914E-3
8.75600000E-5,-3.89472720E-3
8.76000000E-5,-4.07412166E-3
8.76400000E-5,-4.36501270E-3
8.76800000E-5,-3.58710391E-3
8.77200000E-5,-3.71664127E-3
8.77600000E-5,-3.99626721E-3
8.78000000E-5,-3.76399997E-3
8.78400000E-5,-4.06397926E-3
8.78800000E-5,-3.94197624E-3
8.79200000E-5,-3.70072070E-3
8.79600000E-5,-4.08281350E-3
8.80000000E-5,-3.69119368E-3
8.80400000E-5,-4.38474614E-3
8.80800000E-5,-3.60925959E-3
8.81200000E-5,-3.95532178E-3
8.81600000E-5,-4.03228471E-3
8.82000000E-5,-3.79273537E-3
8.82400000E-5,-3.80370965E-3
8.82800000E-5,-3.93758224E-3
8.83200000E-5,-3.98154804E-3
8.83600000E-5,-3.66960291E-3
8.84000000E-5,-3.75422411E-3
8.84400000E-5,-3.80334478E-3
8.84800000E-5,-3.60439880E-3
8.85200000E-5,-4.13955580E-3
8.85600000E-5,-3.97369414E-3
8.86000000E-5,-3.99841233E-3
8.86400000E-5,-3.71571162E-3
8.86800000E-5,-3.75441341E-3
8.87200000E-5,-4.08661086E-3
8.87600000E-5,-3.89805447E-3
8.88000000E-5,-3.60550623E-3
8.88400000E-5,-3.87299545E-3
8.88800000E-5,-3.94370829E-3
8.89200000E-5,-3.93414628E-3
8.89600000E-5,-3.96415684E-3
8.90000000E-5,-3.85634832E-3
8.90400000E-5,-4.06563741E-3
8.90800000E-5,-3.96539458E-3
8.91200000E-5,-3.61172774E-3
8.91600000E-5,-3.96765316E-3
8.92000000E-5,-3.89962786E-3
8.92400000E-5,-3.78267897E-3
8.92800000E-5,-3.90328252E-3
8.93200000E-5,-3.72940203E-3
8.93600000E-5,-4.14540290E-3
8.94000000E-5,-3.97205445E-3
8.94400000E-5,-4.05757603E-3
8.94800000E-5,-3.76611557E-3
8.95200000E-5,-3.95240446E-3
8.95600000E-5,-3.73041196E-3
8.96000000E-5,-3.83731160E-3
8.96400000E-5,-3.96399812E-3
8.96800000E-5,-3.70941070E-3
8.97200000E-5,-3.75558686E-3
8.97600000E-5,-3.77514494E-3
8.98000000E-5,-3.76100656E-3
8.98400000E-5,-3.96090946E-3
8.98800000E-5,-4.01818958E-3
8.99200000E-5,-3.75833709E-3
8.99600000E-5,-3.73009656E-3
9.00000000E-5,-4.01819952E-3
9.00400000E-5,-3.58467639E-3
9.00800000E-5,-3.98679149E-3
9.01200000E-5,-3.98076865E-3
9.01600000E-5,-3.65655392E-3
9.02000000E-5,-3.89943800E-3
9.02400000E-5,-3.71826222E-3
9.02800000E-5,-4.01464292E-3
9.03200000E-5,-3.75020419E-3
9.03600000E-5,-3.60759236E-3
9.04000000E-5,-3.74805629E-3
9.04400000E-5,-3.65049234E-3
9.04800000E-5,-3.76635359E-3
9.05200000E-5,-3.72609056E-3
9.05600000E-5,-3.68363356E-3
9.06000000E-5,-3.88809107E-3
9.06400000E-5,-3.58773902E-3
9.06800000E-5,-3.76441302E-3
9.07200000E-5,-3.81762880E-3
9.07600000E-5,-3.93849840E-3
9.08000000E-5,-4.08362814E-3
9.08400000E-5,-3.86821575E-3
9.08800000E-5,-4.01606469E-3
9.09200000E-5,-3.73904271E-3
9.09600000E-5,-3.55843055E-3
9.10000000E-5,-3.80266075E-3
9.10400000E-5,-3.91412912E-3
9.10800000E-5,-3.76492943E-3
9.11200000E-5,-4.08575003E-3
9.11600000E-5,-3.71229914E-3
9.12000000E-5,-3.95464744E-3
9.12400000E-5,-3.69379117E-3
9.12800000E-5,-3.83398880E-3
9.13200000E-5,-3.59518751E-3
9.13600000E-5,-3.75501411E-3
9.14000000E-5,-3.81475125E-3
9.14400000E-5,-3.74931029E-3
9.14800000E-5,-4.06686260E-3
9.15200000E-5,-4.01100604E-3
9.15600000E-5,-3.85250403E-3
9.16000000E-5,-3.81588671E-3
9.16400000E-5,-3.91707875E-3
9.16800000E-5,-3.80926644E-3
9.17200000E-5,-3.86185107E-3
9.17600000E-5,-3.97422482E-3
9.18000000E-5,-3.84806806E-3
9.18400000E-5,-3.90103949E-3
9.18800000E-5,-3.84408587E-3
9.19200000E-5,-3.91092177E-3
9.19600000E-5,-3.84591776E-3
9.20000000E-5,-4.09230263E-3
9.20400000E-5,-3.85349270E-3
9.20800000E-5,-3.87181918E-3
9.21200000E-5,-3.75219001E-3
9.21600000E-5,-3.93885584E-3
9.22000000E-5,-4.14436921E-3
9.22400000E-5,-3.85488621E-3
9.22800000E-5,-3.72566102E-3
9.23200000E-5,-4.03862292E-3
9.23600000E-5,-3.70062127E-3
9.24000000E-5,-3.74100023E-3
9.24400000E-5,-4.00400025E-3
9.24800000E-5,-3.83424809E-3
9.25200000E-5,-3.94300755E-3
9.25600000E-5,-3.57587827E-3
9.26000000E-5,-3.64506287E-3
9.26400000E-5,-3.87757025E-3
9.26800000E-5,-3.77309798E-3
9.27200000E-5,-3.87056300E-3
9.27600000E-5,-3.90788320E-3
9.28000000E-5,-3.70257097E-3
9.28400000E-5,-3.98462843E-3
9.28800000E-5,-3.74671434E-3
9.29200000E-5,-3.93459282E-3
9.29600000E-5,-3.89240771E-3
9.30000000E-5,-3.99243763E-3
9.30400000E-5,-3.93343083E-3
9.30800000E-5,-3.95555462E-3
9.31200000E-5,-4.11187923E-3
9.31600000E-5,-3.81980539E-3
9.32000000E-5,-3.66935269E-3
9.32400000E-5,-3.71599725E-3
9.32800000E-5,-3.97214454E-3
9.33200000E-5,-3.81108792E-3
9.33600000E-5,-3.72722923E-3
9.34000000E-5,-3.69126570E-3
9.34400000E-5,-3.57411042E-3
9.34800000E-5,-3.68016955E-3
9.35200000E-5,-4.12921911E-3
9.35600000E-5,-4.01080944E-3
9.36000000E-5,-3.90097687E-3
9.36400000E-5,-4.00841796E-3
9.36800000E-5,-4.21680225E-3
9.37200000E-5,-3.74807416E-3
9.37600000E-5,-4.00833752E-3
9.38000000E-5,-3.90418445E-3
9.38400000E-5,-3.87339801E-3
9.38800000E-5,-3.86078994E-3
9.39200000E-5,-3.86708397E-3
9.39600000E-5,-3.91450057E-3
9.40000000E-5,-3.86907887E-3
9.40400000E-5,-3.76712446E-3
9.40800000E-5,-3.89580985E-3
9.41200000E-5,-3.87957120E-3
9.41600000E-5,-3.76085702E-3
9.42000000E-5,-4.03331801E-3
9.42400000E-5,-3.81043225E-3
9.42800000E-5,-4.11328422E-3
9.43200000E-5,-4.02238115E-3
9.43600000E-5,-4.02119736E-3
9.44000000E-5,-3.68741414E-3
9.44400000E-5,-3.85106255E-3
9.44800000E-5,-3.78438167E-3
9.45200000E-5,-3.91505109E-3
9.45600000E-5,-4.02935193E-3
9.46000000E-5,-3.71489901E-3
9.46400000E-5,-3.72241386E-3
9.46800000E-5,-3.52364939E-3
9.47200000E-5,-3.88468727E-3
9.47600000E-5,-3.69951369E-3
9.48000000E-5,-4.00541758E-3
9.48400000E-5,-3.95189547E-3
9.48800000E-5,-3.90064928E-3
9.49200000E-5,-3.83031735E-3
9.49600000E-5,-3.83984182E-3
9.50000000E-5,-3.86039556E-3
9.50400000E-5,-4.12264113E-3
9.50800000E-5,-3.64647093E-3
9.51200000E-5,-3.89986652E-3
9.51600000E-5,-4.00078681E-3
9.52000000E-5,-3.97578253E-3
9.52400000E-5,-3.96982277E-3
9.52800000E-5,-4.01885282E-3
9.53200000E-5,-4.18818349E-3
9.53600000E-5,-3.82944490E-3
9.54000000E-5,-3.96402411E-3
9.54400000E-5,-3.72729237E-3
9.54800000E-5,-3.85767290E-3
9.55200000E-5,-4.13082434E-3
9.55600000E-5,-4.06493795E-3
9.56000000E-5,-3.89912555E-3
9.56400000E-5,-3.81020134E-3
9.56800000E-5,-3.69543049E-3
9.57200000E-5,-3.91008732E-3
9.57600000E-5,-3.91293602E-3
9.58000000E-5,-3.73265958E-3
9.58400000E-5,-4.13990312E-3
9.58800000E-5,-3.86906726E-3
9.59200000E-5,-4.04578143E-3
9.59600000E-5,-4.06707311E-3
9.60000000E-5,-3.86749638E-3
9.60400000E-5,-3.90069697E-3
9.60800000E-5,-3.88292115E-3
9.61200000E-5,-3.91920767E-3
9.61600000E-5,-3.88761792E-3
9.62000000E-5,-3.68623943E-3
9.62400000E-5,-3.97415374E-3
9.62800000E-5,-4.11430054E-3
9.63200000E-5,-3.79979365E-3
9.63600000E-5,-3.64025746E-3
9.64000000E-5,-3.72793331E-3
9.64400000E-5,-3.88482066E-3
9.64800000E-5,-3.78456807E-3
9.65200000E-5,-4.01458545E-3
9.65600000E-5,-3.64185791E-3
9.66000000E-5,-3.66479591E-3
9.66400000E-5,-3.88307394E-3
9.66800000E-5,-3.96190985E-3
9.67200000E-5,-3.62656950E-3
9.67600000E-5,-3.97619636E-3
9.68000000E-5,-3.78527594E-3
9.68400000E-5,-4.14271370E-3
9.68800000E-5,-3.99606753E-3
9.69200000E-5,-3.98708255E-3
9.69600000E-5,-3.77622042E-3
9.70000000E-5,-3.79722660E-3
9.70400000E-5,-4.07586192E-3
9.70800000E-5,-3.86491901E-3
9.71200000E-5,-3.84737816E-3
9.71600000E-5,-3.71760756E-3
9.72000000E-5,-4.01154729E-3
9.72400000E-5,-3.57412419E-3
9.72800000E-5,-3.86243787E-3
9.73200000E-5,-3.56645534E-3
9.73600000E-5,-3.98213522E-3
9.74000000E-5,-3.91344949E-3
9.74400000E-5,-4.04669122E-3
9.74800000E-5,-3.74407518E-3
9.75200000E-5,-4.04683094E-3
9.75600000E-5,-4.00266195E-3
9.76000000E-5,-3.88078094E-3
9.76400000E-5,-3.97453350E-3
9.76800000E-5,-4.02538598E-3
9.77200000E-5,-3.89749870E-3
9.77600000E-5,-3.77484883E-3
9.78000000E-5,-3.88506017E-3
9.78400000E-5,-3.69412875E-3
9.78800000E-5,-3.75837697E-3
9.79200000E-5,-3.68917976E-3
9.79600000E-5,-3.78749202E-3
9.80000000E-5,-3.90873863E-3
9.80400000E-5,-3.92267164E-3
9.80800000E-5,-4.20520853E-3
9.81200000E-5,-3.82019087E-3
9.81600000E-5,-3.84082349E-3
9.82000000E-5,-3.78167500E-3
9.82400000E-5,-3.82805466E-3
9.82800000E-5,-3.95791851E-3
9.83200000E-5,-3.92154626E-3
9.83600000E-5,-3.98122656E-3
9.84000000E-5,-3.75266753E-3
9.84400000E-5,-3.99028416E-3
9.84800000E-5,-4.05778804E-3
9.85200000E-5,-4.08596103E-3
9.85600000E-5,-3.85839362E-3
9.86000000E-5,-3.74332679E-3
9.86400000E-5,-3.73309700E-3
9.86800000E-5,-3.82446364E-3
9.87200000E-5,-3.94263911E-3
9.87600000E-5,-3.75264476E-3
9.88000000E-5,-3.77763400E-3
9.88400000E-5,-3.70813582E-3
9.88800000E-5,-4.01165352E-3
9.89200000E-5,-3.68726207E-3
9.89600000E-5,-3.68680196E-3
9.90000000E-5,-3.85615309E-3
9.90400000E-5,-3.92301208E-3
9.90800000E-5,-3.90057383E-3
9.91200000E-5,-3.85828067E-3
9.91600000E-5,-4.08180271E-3
9.92000000E-5,-3.72524481E-3
9.92400000E-5,-3.91861623E-3
9.92800000E-5,-4.02755306E-3
9.93200000E-5,-4.22051881E-3
9.93600000E-5,-3.71837647E-3
9.94000000E-5,-3.67039365E-3
9.94400000E-5,-4.10614980E-3
9.94800000E-5,-4.07025217E-3
9.95200000E-5,-3.90024047E-3
9.95600000E-5,-3.70087038E-3
9.96000000E-5,-3.84242738E-3
9.96400000E-5,-3.98752745E-3
9.96800000E-5,-4.11528225E-3
9.97200000E-5,-3.67019774E-3
9.97600000E-5,-3.96152075E-3
9.98000000E-5,-3.82576246E-3
9.98400000E-5,-3.92147710E-3
9.98800000E-5,-3.80992256E-3
9.99200000E-5,-3.72877527E-3
9.99600000E-5,-3.88409211E-3
1.00000000E-4,-3.96858272E-3
1.00040000E-4,-3.87356654E-3
1.00080000E-4,-3.94730224E-3
1.00120000E-4,-3.88650557E-3
1.00160000E-4,-3.97691915E-3
1.00200000E-4,-3.73755863E-3
1.00240000E-4,-3.83664098E-3
1.00280000E-4,-3.78449682E-3
1.00320000E-4,-3.58085647E-3
1.00360000E-4,-3.84050732E-3
1.00400000E-4,-3.79357524E-3
1.00440000E-4,-3.70762690E-3
1.00480000E-4,-3.59976377E-3
1.00520000E-4,-3.70729129E-3
1.00560000E-4,-3.80141274E-3
1.00600000E-4,-3.59377216E-3
1.00640000E-4,-3.62613770E-3
1.00680000E-4,-3.77759372E-3
1.00720000E-4,-3.55705841E-3
1.00760000E-4,-3.50641558E-3
1.00800000E-4,-3.44531075E-3
1.00840000E-4,-3.55541187E-3
1.00880000E-4,-3.49906052E-3
1.00920000E-4,-3.66175764E-3
1.00960000E-4,-3.32182187E-3
1.01000000E-4,-3.33756233E-3
1.01040000E-4,-3.56852370E-3
1.01080000E-4,-3.47456160E-3
1.01120000E-4,-3.33231451E-3
1.01160000E-4,-3.33452702E-3
1.01200000E-4,-3.46506136E-3
1.01240000E-4,-3.25489946E-3
1.01280000E-4,-3.38353173E-3
1.01320000E-4,-3.47953396E-3
1.01360000E-4,-3.36138917E-3
1.01400000E-4,-3.24439639E-3
1.01440000E-4,-3.30180689E-3
1.01480000E-4,-3.16952978E-3
1.01520000E-4,-3.14700158E-3
1.01560000E-4,-2.91587058E-3
1.01600000E-4,-3.11637393E-3
1.01640000E-4,-3.24376586E-3
1.01680000E-4,-3.19686090E-3
1.01720000E-4,-3.22901809E-3
1.01760000E-4,-3.09194094E-3
1.01800000E-4,-2.95884579E-3
1.01840000E-4,-3.10046198E-3
1.01880000E-4,-3.27619525E-3
1.01920000E-4,-2.93584418E-3
1.01960000E-4,-2.99440499E-3
1.02000000E-4,-3.05538020E-3
1.02040000E-4,-3.10896755E-3
1.02080000E-4,-2.94044683E-3
1.02120000E-4,-3.07281634E-3
1.02160000E-4,-3.00404864E-3
1.02200000E-4,-3.21140518E-3
1.02240000E-4,-2.97342295E-3
1.02280000E-4,-2.87081477E-3
1.02320000E-4,-2.99853723E-3
1.02360000E-4,-3.01204045E-3
1.02400000E-4,-3.00513816E-3
1.02440000E-4,-2.95253968E-3
1.02480000E-4,-3.06823882E-3
1.02520000E-4,-2.95327218E-3
1.02560000E-4,-2.90123604E-3
1.02600000E-4,-2.99918071E-3
1.02640000E-4,-2.89115817E-3
1.02680000E-4,-3.06125624E-3
1.02720000E-4,-2.86478427E-3
1.02760000E-4,-2.54056369E-3
1.02800000E-4,-2.91186128E-3
1.02840000E-4,-2.58766504E-3
1.02880000E-4,-2.77474500E-3
1.02920000E-4,-2.60209026E-3
1.02960000E-4,-2.68903997E-3
1.03000000E-4,-2.71883150E-3
1.03040000E-4,-2.78029109E-3
1.03080000E-4,-2.78778519E-3
1.03120000E-4,-2.77806773E-3
1.03160000E-4,-2.65269436E-3
1.03200000E-4,-2.58785020E-3
1.03240000E-4,-2.83311993E-3
1.03280000E-4,-2.46659063E-3
1.03320000E-4,-2.79064486E-3
1.03360000E-4,-2.66277048E-3
1.03400000E-4,-2.56773135E-3
1.03440000E-4,-2.51777822E-3
1.03480000E-4,-2.58729890E-3
1.03520000E-4,-2.43824519E-3
1.03560000E-4,-2.44718588E-3
1.03600000E-4,-2.72578688E-3
1.03640000E-4,-2.46911851E-3
1.03680000E-4,-2.43820317E-3
1.03720000E-4,-2.54357705E-3
1.03760000E-4,-2.47736795E-3
1.03800000E-4,-2.41645829E-3
1.03840000E-4,-2.46184601E-3
1.03880000E-4,-2.54591311E-3
1.03920000E-4,-2.37086530E-3
1.03960000E-4,-2.26300477E-3
1.04000000E-4,-2.38730003E-3
1.04040000E-4,-2.21953148E-3
1.04080000E-4,-2.20004641E-3
1.04120000E-4,-2.30365041E-3
1.04160000E-4,-2.35067866E-3
1.04200000E-4,-2.27738684E-3
1.04240000E-4,-2.19274418E-3
1.04280000E-4,-2.35324029E-3
1.04320000E-4,-2.26542260E-3
1.04360000E-4,-2.30088111E-3
1.04400000E-4,-2.38172717E-3
1.04440000E-4,-2.38193014E-3
1.04480000E-4,-2.27495740E-3
1.04520000E-4,-2.22438534E-3
1.04560000E-4,-2.08595009E-3
1.04600000E-4,-2.33181222E-3
1.04640000E-4,-2.39150003E-3
1.04680000E-4,-2.07389400E-3
1.04720000E-4,-2.28152851E-3
1.04760000E-4,-2.00988359E-3
1.04800000E-4,-2.12883892E-3
1.04840000E-4,-2.14934142E-3
1.04880000E-4,-2.28791680E-3
1.04920000E-4,-2.15533927E-3
1.04960000E-4,-2.36030248E-3
1.05000000E-4,-2.20935144E-3
1.05040000E-4,-1.98705306E-3
1.05080000E-4,-2.00515352E-3
1.05120000E-4,-2.02923598E-3
1.05160000E-4,-1.97243839E-3
1.05200000E-4,-1.97158961E-3
1.05240000E-4,-2.10250713E-3
1.05280000E-4,-2.06534228E-3
1.05320000E-4,-2.02269909E-3
1.05360000E-4,-1.98899892E-3
1.05400000E-4,-2.02970930E-3
1.05440000E-4,-1.74290810E-3
1.05480000E-4,-2.04950400E-3
1.05520000E-4,-2.14556869E-3
1.05560000E-4,-1.85675700E-3
1.05600000E-4,-1.95343331E-3
1.05640000E-4,-2.15011606E-3
1.05680000E-4,-1.95651991E-3
1.05720000E-4,-2.10950579E-3
1.05760000E-4,-1.97983284E-3
1.05800000E-4,-2.01292908E-3
1.05840000E-4,-1.67436042E-3
1.05880000E-4,-1.95853772E-3
1.05920000E-4,-2.02836919E-3
1.05960000E-4,-1.79356008E-3
1.06000000E-4,-2.00527845E-3
1.06040000E-4,-1.95329966E-3
1.06080000E-4,-1.80565582E-3
1.06120000E-4,-1.86354596E-3
1.06160000E-4,-1.75092925E-3
1.06200000E-4,-1.86593743E-3
1.06240000E-4,-1.80436725E-3
1.06280000E-4,-1.85520120E-3
1.06320000E-4,-1.89703643E-3
1.06360000E-4,-1.77467870E-3
1.06400000E-4,-1.83693354E-3
1.06440000E-4,-2.00243383E-3
1.06480000E-4,-1.61113384E-3
1.06520000E-4,-1.90190379E-3
1.06560000E-4,-1.97034332E-3
1.06600000E-4,-1.74308937E-3
1.06640000E-4,-1.76997299E-3
1.06680000E-4,-1.85186525E-3
1.06720000E-4,-1.70723471E-3
1.06760000E-4,-1.62360374E-3
1.06800000E-4,-1.77795951E-3
1.06840000E-4,-1.70784110E-3
1.06880000E-4,-1.53387051E-3
1.06920000E-4,-1.68120363E-3
1.06960000E-4,-1.71115148E-3
1.07000000E-4,-1.67587546E-3
1.07040000E-4,-1.56942916E-3
1.07080000E-4,-1.84787517E-3
1.07120000E-4,-1.72476743E-3
1.07160000E-4,-1.51744550E-3
1.07200000E-4,-1.70534961E-3
1.07240000E-4,-1.48098637E-3
1.07280000E-4,-1.66615653E-3
1.07320000E-4,-1.49072489E-3
1.07360000E-4,-1.62842051E-3
1.07400000E-4,-1.61867897E-3
1.07440000E-4,-1.54923749E-3
1.07480000E-4,-1.60463211E-3
1.07520000E-4,-1.52789539E-3
1.07560000E-4,-1.54336321E-3
1.07600000E-4,-1.40319900E-3
1.07640000E-4,-1.40211971E-3
1.07680000E-4,-1.39671022E-3
1.07720000E-4,-1.54956347E-3
1.07760000E-4,-1.48960237E-3
1.07800000E-4,-1.53857322E-3
1.07840000E-4,-1.41648888E-3
1.07880000E-4,-1.54784363E-3
1.07920000E-4,-1.52794731E-3
1.07960000E-4,-1.37533357E-3
1.08000000E-4,-1.63695108E-3
1.08040000E-4,-1.48439134E-3
1.08080000E-4,-1.37554238E-3
1.08120000E-4,-1.35180789E-3
1.08160000E-4,-1.32707997E-3
1.08200000E-4,-1.39260527E-3
1.08240000E-4,-1.37903900E-3
1.08280000E-4,-1.45709050E-3
1.08320000E-4,-1.46307856E-3
1.08360000E-4,-1.36580918E-3
1.08400000E-4,-1.37594786E-3
1.08440000E-4,-1.30465913E-3
1.08480000E-4,-1.50126556E-3
1.08520000E-4,-1.36709560E-3
1.08560000E-4,-1.45374894E-3
1.08600000E-4,-1.20851036E-3
1.08640000E-4,-1.22671522E-3
1.08680000E-4,-1.28776091E-3
1.08720000E-4,-1.32028311E-3
1.08760000E-4,-1.29692416E-3
1.08800000E-4,-1.26095493E-3
1.08840000E-4,-1.59197536E-3
1.08880000E-4,-1.30490185E-3
1.08920000E-4,-1.25088951E-3
1.08960000E-4,-1.40423162E-3
1.09000000E-4,-1.34254250E-3
1.09040000E-4,-1.46198149E-3
1.09080000E-4,-1.24029101E-3
1.09120000E-4,-1.12826302E-3
1.09160000E-4,-1.25128035E-3
1.09200000E-4,-1.22514982E-3
1.09240000E-4,-1.26651631E-3
1.09280000E-4,-1.21729507E-3
1.09320000E-4,-1.14080394E-3
1.09360000E-4,-1.11173884E-3
1.09400000E-4,-1.07156195E-3
1.09440000E-4,-1.37630618E-3
1.09480000E-4,-1.17681741E-3
1.09520000E-4,-1.17193628E-3
1.09560000E-4,-1.04155966E-3
1.09600000E-4,-1.26165712E-3
1.09640000E-4,-1.14076073E-3
1.09680000E-4,-1.26348870E-3
1.09720000E-4,-1.20855020E-3
1.09760000E-4,-1.24437033E-3
1.09800000E-4,-1.16334676E-3
1.09840000E-4,-1.30270647E-3
1.09880000E-4,-1.18677761E-3
1.09920000E-4,-1.20062398E-3
1.09960000E-4,-1.07153526E-3
1.10000000E-4,-1.18125791E-3
1.10040000E-4,-1.14880615E-3
1.10080000E-4,-1.08472028E-3
1.10120000E-4,-1.06177258E-3
1.10160000E-4,-1.24607093E-3
1.10200000E-4,-9.93162151E-4
1.10240000E-4,-1.23393101E-3
1.10280000E-4,-1.22350812E-3
1.10320000E-4,-1.11461650E-3
1.10360000E-4,-1.00632853E-3
1.10400000E-4,-1.01361673E-3
1.10440000E-4,-1.08326019E-3
1.10480000E-4,-1.19638019E-3
1.10520000E-4,-1.06325949E-3
1.10560000E-4,-1.00530775E-3
1.10600000E-4,-1.03559944E-3
1.10640000E-4,-1.14891877E-3
1.10680000E-4,-1.10483671E-3
1.10720000E-4,-1.11694888E-3
1.10760000E-4,-9.07429818E-4
1.10800000E-4,-9.10914125E-4
1.10840000E-4,-9.38618146E-4
1.10880000E-4,-9.32955800E-4
1.10920000E-4,-9.98540054E-4
1.10960000E-4,-9.74751753E-4
1.11000000E-4,-8.70036914E-4
1.11040000E-4,-1.13029954E-3
1.11080000E-4,-1.02809178E-3
1.11120000E-4,-1.06680708E-3
1.11160000E-4,-9.39382927E-4
1.11200000E-4,-9.83019023E-4
1.11240000E-4,-9.07199191E-4
1.11280000E-4,-9.86453442E-4
1.11320000E-4,-8.75676372E-4
1.11360000E-4,-8.91132458E-4
1.11400000E-4,-8.76228063E-4
1.11440000E-4,-7.92014181E-4
1.11480000E-4,-9.79583582E-4
1.11520000E-4,-8.88357122E-4
1.11560000E-4,-8.26817344E-4
1.11600000E-4,-8.62067314E-4
1.11640000E-4,-9.83503098E-4
1.11680000E-4,-9.83644471E-4
1.11720000E-4,-9.09171924E-4
1.11760000E-4,-1.12113610E-3
1.11800000E-4,-8.45310454E-4
1.11840000E-4,-8.89138277E-4
1.11880000E-4,-8.27029051E-4
1.11920000E-4,-9.06963596E-4
1.11960000E-4,-8.55612236E-4
1.12000000E-4,-9.83793149E-4
1.12040000E-4,-9.44069359E-4
1.12080000E-4,-7.73239899E-4
1.12120000E-4,-8.50778366E-4
1.12160000E-4,-8.77471359E-4
1.12200000E-4,-8.49276462E-4
1.12240000E-4,-8.86741980E-4
1.12280000E-4,-8.70264184E-4
1.12320000E-4,-8.70268275E-4
1.12360000E-4,-8.32891640E-4
1.12400000E-4,-8.51958738E-4
1.12440000E-4,-7.85469008E-4
1.12480000E-4,-7.23985020E-4
1.12520000E-4,-7.75747948E-4
1.12560000E-4,-6.99919925E-4
1.12600000E-4,-7.89614125E-4
1.12640000E-4,-8.38548474E-4
1.12680000E-4,-9.80574421E-4
1.12720000E-4,-8.00776264E-4
1.12760000E-4,-7.26792638E-4
1.12800000E-4,-9.05054607E-4
1.12840000E-4,-7.48092764E-4
1.12880000E-4,-7.75415964E-4
1.12920000E-4,-7.38474748E-4
1.12960000E-4,-7.93344432E-4
1.13000000E-4,-7.40373295E-4
1.13040000E-4,-7.85620643E-4
1.13080000E-4,-8.58248278E-4
1.13120000E-4,-7.54066495E-4
1.13160000E-4,-7.58428010E-4
1.13200000E-4,-7.45170544E-4
1.13240000E-4,-8.35902304E-4
1.13280000E-4,-6.86809401E-4
1.13320000E-4,-8.19522928E-4
1.13360000E-4,-7.38141878E-4
1.13400000E-4,-6.19686660E-4
1.13440000E-4,-6.93841910E-4
1.13480000E-4,-7.72711086E-4
1.13520000E-4,-6.69470675E-4
1.13560000E-4,-8.27772364E-4
1.13600000E-4,-8.05516541E-4
1.13640000E-4,-7.41794651E-4
1.13680000E-4,-7.85456696E-4
1.13720000E-4,-6.37107468E-4
1.13760000E-4,-7.27092044E-4
1.13800000E-4,-7.31656005E-4
1.13840000E-4,-6.87161230E-4
1.13880000E-4,-7.60048532E-4
1.13920000E-4,-6.94212908E-4
1.13960000E-4,-7.50942076E-4
1.14000000E-4,-7.10262886E-4
1.14040000E-4,-7.44912289E-4
1.14080000E-4,-6.64850829E-4
1.14120000E-4,-6.31710301E-4
1.14160000E-4,-8.32597260E-4
1.14200000E-4,-6.30696726E-4
1.14240000E-4,-6.88578114E-4
1.14280000E-4,-6.45600921E-4
1.14320000E-4,-5.61213260E-4
1.14360000E-4,-6.35582476E-4
1.14400000E-4,-8.58954760E-4
1.14440000E-4,-6.93951583E-4
1.14480000E-4,-7.33470008E-4
1.14520000E-4,-5.60091672E-4
1.14560000E-4,-6.00239580E-4
1.14600000E-4,-5.97051075E-4
1.14640000E-4,-6.38261004E-4
1.14680000E-4,-7.45069616E-4
1.14720000E-4,-7.19561840E-4
1.14760000E-4,-6.56024067E-4
1.14800000E-4,-6.70345424E-4
1.14840000E-4,-6.77505964E-4
1.14880000E-4,-6.29516068E-4
1.14920000E-4,-6.47195836E-4
1.14960000E-4,-6.41954127E-4
1.15000000E-4,-6.21493807E-4
1.15040000E-4,-6.22540560E-4
1.15080000E-4,-6.91310944E-4
1.15120000E-4,-5.67474247E-4
1.15160000E-4,-6.04407109E-4
1.15200000E-4,-6.35155268E-4
1.15240000E-4,-6.50203115E-4
1.15280000E-4,-5.21077931E-4
1.15320000E-4,-6.28512373E-4
1.15360000E-4,-6.28960896E-4
1.15400000E-4,-6.68608029E-4
1.15440000E-4,-5.97724436E-4
1.15480000E-4,-6.12196063E-4
1.15520000E-4,-4.91194773E-4
1.15560000E-4,-5.34012712E-4
1.15600000E-4,-4.74070863E-4
1.15640000E-4,-5.48762278E-4
1.15680000E-4,-6.11202182E-4
1.15720000E-4,-5.23290208E-4
1.15760000E-4,-5.49433007E-4
1.15800000E-4,-5.92367599E-4
1.15840000E-4,-5.05634939E-4
1.15880000E-4,-5.82520940E-4
1.15920000E-4,-5.14311926E-4
1.15960000E-4,-4.76216173E-4
1.16000000E-4,-5.13609135E-4
1.16040000E-4,-5.93569267E-4
1.16080000E-4,-5.72920834E-4
1.16120000E-4,-5.82725474E-4
1.16160000E-4,-5.61445060E-4
1.16200000E-4,-5.34303945E-4
1.16240000E-4,-6.02041558E-4
1.16280000E-4,-5.27105649E-4
1.16320000E-4,-5.46483225E-4
1.16360000E-4,-5.18982051E-4
1.16400000E-4,-4.58070868E-4
1.16440000E-4,-4.28737704E-4
1.16480000E-4,-5.37118353E-4
1.16520000E-4,-5.63393713E-4
1.16560000E-4,-5.69104963E-4
1.16600000E-4,-4.66742085E-4
1.16640000E-4,-4.14930692E-4
1.16680000E-4,-5.01294042E-4
1.16720000E-4,-5.10812161E-4
1.16760000E-4,-5.23349049E-4
1.16800000E-4,-4.82924271E-4
1.16840000E-4,-4.98944980E-4
1.16880000E-4,-5.35557350E-4
1.16920000E-4,-5.68361803E-4
1.16960000E-4,-4.72720079E-4
1.17000000E-4,-4.46223972E-4
1.17040000E-4,-4.06498217E-4
1.17080000E-4,-5.46214995E-4
1.17120000E-4,-4.98710481E-4
1.17160000E-4,-4.94232331E-4
1.17200000E-4,-4.74221935E-4
1.17240000E-4,-3.82532600E-4
1.17280000E-4,-4.74845085E-4
1.17320000E-4,-4.43915231E-4
1.17360000E-4,-4.55604866E-4
1.17400000E-4,-4.78864136E-4
1.17440000E-4,-4.19243665E-4
1.17480000E-4,-5.04057199E-4
1.17520000E-4,-4.43261096E-4
1.17560000E-4,-4.86624079E-4
1.17600000E-4,-4.49214227E-4
1.17640000E-4,-5.73465802E-4
1.17680000E-4,-4.85512562E-4
1.17720000E-4,-5.00363828E-4
1.17760000E-4,-3.43011399E-4
1.17800000E-4,-4.67099036E-4
1.17840000E-4,-4.98054258E-4
1.17880000E-4,-5.83454425E-4
1.17920000E-4,-4.25725228E-4
1.17960000E-4,-4.33556830E-4
1.18000000E-4,-4.25822359E-4
1.18040000E-4,-3.56693775E-4
1.18080000E-4,-4.24362618E-4
1.18120000E-4,-4.93096638E-4
1.18160000E-4,-4.68353519E-4
1.18200000E-4,-3.90922741E-4
1.18240000E-4,-4.07609181E-4
1.18280000E-4,-5.08087742E-4
1.18320000E-4,-4.46737974E-4
1.18360000E-4,-4.28388220E-4
1.18400000E-4,-4.16973491E-4
1.18440000E-4,-3.51958371E-4
1.18480000E-4,-4.26150671E-4
1.18520000E-4,-3.03074053E-4
1.18560000E-4,-4.14654708E-4
1.18600000E-4,-3.76247514E-4
1.18640000E-4,-4.30032689E-4
1.18680000E-4,-3.58803808E-4
1.18720000E-4,-3.48799277E-4
1.18760000E-4,-4.76542463E-4
1.18800000E-4,-3.94300636E-4
1.18840000E-4,-3.52431184E-4
1.18880000E-4,-3.54759856E-4
1.18920000E-4,-3.21920127E-4
1.18960000E-4,-2.83096978E-4
1.19000000E-4,-3.54655296E-4
1.19040000E-4,-4.53295897E-4
1.19080000E-4,-3.95383867E-4
1.19120000E-4,-4.21852995E-4
1.19160000E-4,-3.47559586E-4
1.19200000E-4,-4.14819274E-4
1.19240000E-4,-3.80126212E-4
1.19280000E-4,-3.65763008E-4
1.19320000E-4,-3.07338074E-4
1.19360000E-4,-3.35056610E-4
1.19400000E-4,-3.40614806E-4
1.19440000E-4,-4.02497401E-4
1.19480000E-4,-4.25181576E-4
1.19520000E-4,-3.67007534E-4
1.19560000E-4,-3.06524876E-4
1.19600000E-4,-3.33989944E-4
1.19640000E-4,-3.61506225E-4
1.19680000E-4,-3.23874025E-4
1.19720000E-4,-3.25310983E-4
1.19760000E-4,-2.62440104E-4
1.19800000E-4,-3.95465101E-4
1.19840000E-4,-3.78228038E-4
1.19880000E-4,-3.06156300E-4
1.19920000E-4,-2.90356681E-4
1.19960000E-4,-4.17518058E-4
1.20000000E-4,-3.15750950E-4
1.20040000E-4,-3.11036623E-4
1.20080000E-4,-3.33237791E-4
1.20120000E-4,-2.96550185E-4
1.20160000E-4,-3.22185697E-4
1.20200000E-4,-3.99497160E-4
1.20240000E-4,-2.95261333E-4
1.20280000E-4,-4.01705193E-4
1.20320000E-4,-3.83862317E-4
1.20360000E-4,-2.82803093E-4
1.20400000E-4,-3.30325842E-4
1.20440000E-4,-3.33396215E-4
1.20480000E-4,-2.47940325E-4
1.20520000E-4,-3.46286927E-4
1.20560000E-4,-2.99898460E-4
1.20600000E-4,-2.69838605E-4
1.20640000E-4,-3.01825702E-4
1.20680000E-4,-3.28536119E-4
1.20720000E-4,-2.46878218E-4
1.20760000E-4,-3.16054848E-4
1.20800000E-4,-3.34211273E-4
1.20840000E-4,-3.20859603E-4
1.20880000E-4,-3.24437513E-4
1.20920000E-4,-2.99299972E-4
1.20960000E-4,-2.52615484E-4
1.21000000E-4,-3.69114086E-4
1.21040000E-4,-3.42120457E-4
1.21080000E-4,-3.24551973E-4
1.21120000E-4,-2.96124360E-4
1.21160000E-4,-2.25183384E-4
1.21200000E-4,-3.82133144E-4
1.21240000E-4,-2.70809227E-4
1.21280000E-4,-3.15043791E-4
1.21320000E-4,-2.80313364E-4
1.21360000E-4,-3.63033563E-4
1.21400000E-4,-2.80149923E-4
1.21440000E-4,-3.45912219E-4
1.21480000E-4,-2.86433302E-4
1.21520000E-4,-2.81992642E-4
1.21560000E-4,-3.01307809E-4
1.21600000E-4,-2.66360650E-4
1.21640000E-4,-2.43457750E-4
1.21680000E-4,-2.84624983E-4
1.21720000E-4,-2.60973182E-4
1.21760000E-4,-2.90081689E-4
1.21800000E-4,-2.95836303E-4
1.21840000E-4,-3.80543311E-4
1.21880000E-4,-3.59458591E-4
1.21920000E-4,-2.99430158E-4
1.21960000E-4,-2.06886855E-4
1.22000000E-4,-2.14330408E-4
1.22040000E-4,-2.01495486E-4
1.22080000E-4,-2.92348229E-4
1.22120000E-4,-3.53799497E-4
1.22160000E-4,-2.68050103E-4
1.22200000E-4,-2.38297771E-4
1.22240000E-4,-2.46753630E-4
1.22280000E-4,-2.09038516E-4
1.22320000E-4,-2.73992515E-4
1.22360000E-4,-2.53025231E-4
1.22400000E-4,-2.44191431E-4
1.22440000E-4,-2.52254395E-4
1.22480000E-4,-2.09441301E-4
1.22520000E-4,-2.61406264E-4
1.22560000E-4,-2.31008485E-4
1.22600000E-4,-1.93692866E-4
1.22640000E-4,-2.54915680E-4
1.22680000E-4,-1.78418454E-4
1.22720000E-4,-2.84479729E-4
1.22760000E-4,-2.74457489E-4
1.22800000E-4,-2.28047440E-4
1.22840000E-4,-2.25280440E-4
1.22880000E-4,-2.87664963E-4
1.22920000E-4,-1.52681005E-4
1.22960000E-4,-2.17893564E-4
1.23000000E-4,-1.62105463E-4
1.23040000E-4,-2.99745815E-4
1.23080000E-4,-2.70090909E-4
1.23120000E-4,-2.22103922E-4
1.23160000E-4,-2.03664924E-4
1.23200000E-4,-2.04200183E-4
1.23240000E-4,-2.12404405E-4
1.23280000E-4,-1.89027071E-4
1.23320000E-4,-1.72507619E-4
1.23360000E-4,-2.98772170E-4
1.23400000E-4,-1.79925880E-4
1.23440000E-4,-1.83474893E-4
1.23480000E-4,-1.55099952E-4
1.23520000E-4,-1.57962768E-4
1.23560000E-4,-2.24331696E-4
1.23600000E-4,-2.10749427E-4
1.23640000E-4,-1.85829477E-4
1.23680000E-4,-2.52206473E-4
1.23720000E-4,-2.05622350E-4
1.23760000E-4,-1.62008017E-4
1.23800000E-4,-1.82664699E-4
1.23840000E-4,-1.06698202E-4
1.23880000E-4,-1.45001838E-4
1.23920000E-4,-2.22045767E-4
1.23960000E-4,-1.81430263E-4
1.24000000E-4,-1.75053204E-4
1.24040000E-4,-1.90791931E-4
1.24080000E-4,-1.31083513E-4
1.24120000E-4,-1.73205718E-4
1.24160000E-4,-1.47782352E-4
1.24200000E-4,-2.26073754E-4
1.24240000E-4,-2.61217780E-4
1.24280000E-4,-1.17673984E-4
1.24320000E-4,-1.45059602E-4
1.24360000E-4,-1.35704294E-4
1.24400000E-4,-1.56090820E-4
1.24440000E-4,-1.16282334E-4
1.24480000E-4,-1.91039467E-4
1.24520000E-4,-1.63278254E-4
1.24560000E-4,-1.73021668E-4
1.24600000E-4,-1.94117041E-4
1.24640000E-4,-9.59891638E-5
1.24680000E-4,-1.76792487E-4
1.24720000E-4,-1.19654985E-4
1.24760000E-4,-1.64891813E-4
1.24800000E-4,-1.81143321E-4
1.24840000E-4,-1.36242663E-4
1.24880000E-4,-1.29165054E-4
1.24920000E-4,-1.29257131E-4
1.24960000E-4,-1.29817816E-4
1.25000000E-4,-1.11518254E-4
1.25040000E-4,-1.02723755E-4
1.25080000E-4,-2.03221112E-4
1.25120000E-4,-1.43646218E-4
1.25160000E-4,-2.15288994E-4
1.25200000E-4,-1.58997867E-4
1.25240000E-4,-1.50858667E-4
1.25280000E-4,-1.26843620E-4
1.25320000E-4,-1.61740473E-4
1.25360000E-4,-1.38907734E-4
1.25400000E-4,-1.40575100E-4
1.25440000E-4,-1.39804503E-4
1.25480000E-4,-9.06871921E-5
1.25520000E-4,-9.15750152E-5
1.25560000E-4,-6.39597523E-5
1.25600000E-4,-1.19126830E-4
1.25640000E-4,-7.28684920E-5
1.25680000E-4,-1.58201301E-4
1.25720000E-4,-1.93280516E-4
1.25760000E-4,-9.05456763E-5
1.25800000E-4,-9.42624124E-5
1.25840000E-4,-1.38305470E-4
1.25880000E-4,-1.05995335E-4
1.25920000E-4,-1.37834975E-4
1.25960000E-4,-1.62846850E-4
1.26000000E-4,-1.59163626E-4
1.26040000E-4,-9.31687195E-5
1.26080000E-4,-9.12127525E-5
1.26120000E-4,-9.84195172E-5
1.26160000E-4,-1.18142209E-4
1.26200000E-4,-1.24033304E-4
1.26240000E-4,-1.54355371E-4
1.26280000E-4,-4.92160132E-5
1.26320000E-4,-7.98285030E-5
1.26360000E-4,-7.79319403E-5
1.26400000E-4,-7.69824430E-5
1.26440000E-4,-9.00002127E-5
1.26480000E-4,-8.93510370E-5
1.26520000E-4,-1.40163218E-4
1.26560000E-4,-1.88108225E-4
1.26600000E-4,-1.12117467E-4
1.26640000E-4,-8.48347022E-5
1.26680000E-4,-8.62831905E-5
1.26720000E-4,-1.45941169E-4
1.26760000E-4,-1.23825555E-4
1.26800000E-4,-1.24338460E-4
1.26840000E-4,-1.17378564E-4
1.26880000E-4,-1.02118944E-4
1.26920000E-4,-9.68815265E-5
1.26960000E-4,-7.48256130E-5
1.27000000E-4,-8.71367768E-5
1.27040000E-4,-6.35373795E-5
1.27080000E-4,-7.84687159E-5
1.27120000E-4,-4.17649934E-5
1.27160000E-4,-8.17427563E-5
1.27200000E-4,-1.03707108E-4
1.27240000E-4,-1.26131263E-4
1.27280000E-4,-1.11972136E-4
1.27320000E-4,-1.24262987E-4
1.27360000E-4,-3.40433781E-5
1.27400000E-4,-8.84550599E-5
1.27440000E-4,-8.67097309E-5
1.27480000E-4,-6.09865771E-5
1.27520000E-4,-1.05671333E-4
1.27560000E-4,-1.43017508E-4
1.27600000E-4,-1.33524080E-4
1.27640000E-4,-1.02370752E-4
1.27680000E-4,-6.73007312E-5
1.27720000E-4,-7.09601896E-5
1.27760000E-4,-1.19380384E-4
1.27800000E-4,-8.02845978E-5
1.27840000E-4,-1.08980774E-4
1.27880000E-4,-1.08123726E-4
1.27920000E-4,-1.11439642E-4
1.27960000E-4,-5.10055641E-5
1.28000000E-4,-7.86442778E-5
1.28040000E-4,-1.32820631E-4
1.28080000E-4,-1.24664483E-4
1.28120000E-4,-6.89477650E-5
1.28160000E-4,-6.84870258E-5
1.28200000E-4,-5.01355269E-5
1.28240000E-4,-5.53860289E-5
1.28280000E-4,-1.36792523E-4
1.28320000E-4,-5.87221917E-5
1.28360000E-4,-8.35994268E-5
1.28400000E-4,-7.61134358E-5
1.28440000E-4,-7.96488021E-5
1.28480000E-4,-3.89299007E-5
1.28520000E-4,-5.04445556E-5
1.28560000E-4,-8.40993525E-5
1.28600000E-4,3.26401079E-6
1.28640000E-4,-1.10837607E-4
1.28680000E-4,-1.44781071E-4
1.28720000E-4,-1.51389215E-4
1.28760000E-4,-8.94028502E-5
1.28800000E-4,-1.11157994E-4
1.28840000E-4,-5.22081475E-5
1.28880000E-4,-1.23617483E-4
1.28920000E-4,-6.56740488E-5
1.28960000E-4,-4.29196547E-5
1.29000000E-4,-9.79095493E-5
1.29040000E-4,-9.89500653E-5
1.29080000E-4,-3.28840247E-5
1.29120000E-4,-5.41622644E-5
1.29160000E-4,-1.35425726E-4
1.29200000E-4,-4.89072325E-5
1.29240000E-4,-6.08673010E-5
1.29280000E-4,-2.27858051E-5
1.29320000E-4,-8.64242104E-5
1.29360000E-4,-2.02455885E-5
1.29400000E-4,-2.83191002E-5
1.29440000E-4,-5.98678312E-5
1.29480000E-4,-4.25788496E-5
1.29520000E-4,-1.45874194E-5
1.29560000E-4,-6.78829017E-5
1.29600000E-4,-6.51258195E-5
1.29640000E-4,-8.66012695E-5
1.29680000E-4,-1.46300025E-6
1.29720000E-4,-2.88559426E-5
1.29760000E-4,-8.46259906E-5
1.29800000E-4,-6.78231635E-5
1.29840000E-4,-4.90878584E-5
1.29880000E-4,-7.66947480E-5
1.29920000E-4,-1.76043778E-5
1.29960000E-4,-4.18551156E-5
1.30000000E-4,-1.66360645E-5
1.30040000E-4,-6.39388001E-5
1.30080000E-4,-9.57596716E-5
1.30120000E-4,-4.69032002E-5
1.30160000E-4,-5.68047054E-5
1.30200000E-4,-6.33470547E-5
1.30240000E-4,-1.05368113E-4
1.30280000E-4,-5.69628627E-5
1.30320000E-4,-9.60307917E-5
1.30360000E-4,-8.41610075E-5
1.30400000E-4,-1.01538824E-4
1.30440000E-4,-1.14475684E-4
1.30480000E-4,-4.64469719E-5
1.30520000E-4,-3.09553819E-6
1.30560000E-4,-1.06310133E-4
1.30600000E-4,-4.73162080E-5
1.30640000E-4,-6.18448363E-5
1.30680000E-4,-6.72249808E-5
1.30720000E-4,-7.01607911E-5
1.30760000E-4,-4.00845429E-5
1.30800000E-4,-6.87835995E-5
1.30840000E-4,-3.55331510E-5
1.30880000E-4,-3.89222236E-5
1.30920000E-4,-3.67156309E-5
1.30960000E-4,-6.20030986E-5
1.31000000E-4,-7.30847106E-6
1.31040000E-4,-6.12550841E-5
1.31080000E-4,-5.84783848E-5
1.31120000E-4,-3.40414993E-5
1.31160000E-4,-5.99689970E-5
1.31200000E-4,-2.69639003E-5
1.31240000E-4,-2.19259056E-5
1.31280000E-4,-6.76164451E-5
1.31320000E-4,-1.33490740E-4
1.31360000E-4,-5.50978953E-5
1.31400000E-4,-8.50787189E-5
1.31440000E-4,-1.04124273E-4
1.31480000E-4,-1.09027676E-4
1.31520000E-4,-7.95165370E-5
1.31560000E-4,-9.57649168E-5
1.31600000E-4,-8.51815932E-6
1.31640000E-4,-1.06113409E-4
1.31680000E-4,-2.78364074E-5
1.31720000E-4,-4.63109875E-5
1.31760000E-4,-3.32773868E-5
1.31800000E-4,-2.83941734E-5
1.31840000E-4,-5.64239127E-5
1.31880000E-4,-8.21505857E-5
1.31920000E-4,-6.77001395E-5
1.31960000E-4,3.84487478E-6
1.32000000E-4,-6.34761727E-5
1.32040000E-4,-7.02601258E-5
1.32080000E-4,-3.78558726E-5
1.32120000E-4,-1.58325843E-5
1.32160000E-4,-7.88076136E-5
1.32200000E-4,-2.29498848E-5
1.32240000E-4,-7.10225789E-5
1.32280000E-4,-1.52745418E-5
1.32320000E-4,-5.38515001E-5
1.32360000E-4,-5.95893106E-5
1.32400000E-4,-3.92521282E-5
1.32440000E-4,-3.28660384E-5
1.32480000E-4,-3.01702584E-5
1.32520000E-4,-2.90825356E-5
1.32560000E-4,-6.94348446E-5
1.32600000E-4,-6.69773497E-5
1.32640000E-4,-2.59822737E-5
1.32680000E-4,-7.42015571E-5
1.32720000E-4,-3.10386171E-5
1.32760000E-4,-1.55439071E-5
1.32800000E-4,-1.82305795E-5
1.32840000E-4,-3.94995971E-5
1.32880000E-4,-3.49478142E-5
1.32920000E-4,-5.39213853E-5
1.32960000E-4,-4.50899887E-5
1.33000000E-4,-2.50510965E-5
1.33040000E-4,-2.92981137E-5
1.33080000E-4,-4.26629827E-5
1.33120000E-4,-2.16679843E-5
1.33160000E-4,-5.15144352E-5
1.33200000E-4,-3.51285657E-6
1.33240000E-4,-1.50778178E-5
1.33280000E-4,9.24351901E-7
1.33320000E-4,2.60108312E-6
1.33360000E-4,-3.33943836E-5
1.33400000E-4,-2.70651042E-5
1.33440000E-4,7.64571541E-6
1.33480000E-4,-2.90998925E-5
1.33520000E-4,-2.74900154E-6
1.33560000E-4,-5.27157311E-5
1.33600000E-4,-4.31958864E-5
1.33640000E-4,-3.94431110E-5
1.33680000E-4,-2.63300978E-5
1.33720000E-4,-2.17089366E-6
1.33760000E-4,-1.96260912E-5
1.33800000E-4,-1.34122541E-5
1.33840000E-4,-4.76041604E-5
1.33880000E-4,-8.04788422E-5
1.33920000E-4,1.19342747E-5
1.33960000E-4,-5.69112594E-5
1.34000000E-4,-2.31072316E-5
1.34040000E-4,-5.30832963E-5
1.34080000E-4,-2.73351753E-5
1.34120000E-4,-4.29078672E-5
1.34160000E-4,6.47333489E-6
1.34200000E-4,-2.68566977E-5
1.34240000E-4,-2.88228310E-5
1.34280000E-4,1.05711497E-5
1.34320000E-4,-1.46270064E-5
1.34360000E-4,-1.77847939E-5
1.34400000E-4,1.56813757E-5
1.34440000E-4,-1.98148996E-5
1.34480000E-4,-9.42418012E-7
1.34520000E-4,5.93103749E-6
1.34560000E-4,-4.84662725E-5
1.34600000E-4,2.46595620E-5
1.34640000E-4,-2.28704628E-5
1.34680000E-4,6.81235659E-6
1.34720000E-4,-1.71496563E-5
1.34760000E-4,-1.98059160E-5
1.34800000E-4,-4.79800703E-5
1.34840000E-4,2.44306420E-5
1.34880000E-4,-2.38112721E-5
1.34920000E-4,-1.12833859E-5
1.34960000E-4,-3.35327236E-5
1.35000000E-4,-4.64780522E-5
1.35040000E-4,-2.32215867E-5
1.35080000E-4,-8.06059097E-5
1.35120000E-4,2.01328702E-5
1.35160000E-4,-1.79108601E-5
1.35200000E-4,3.95869216E-5
1.35240000E-4,-3.24770537E-5
1.35280000E-4,-7.75687921E-6
1.35320000E-4,-2.97334088E-5
1.35360000E-4,2.41307686E-5
1.35400000E-4,1.02027739E-5
1.35440000E-4,1.65103476E-5
1.35480000E-4,-3.13427248E-5
1.35520000E-4,-2.75852668E-5
1.35560000E-4,-2.24868473E-5
1.35600000E-4,-1.49962134E-6
1.35640000E-4,-1.46244887E-5
1.35680000E-4,-1.15741517E-5
1.35720000E-4,-1.23219197E-6
1.35760000E-4,-1.75433823E-6
1.35800000E-4,-5.27959557E-6
1.35840000E-4,-2.18045410E-5
1.35880000E-4,-3.48275559E-5
1.35920000E-4,-1.25049092E-5
1.35960000E-4,1.21053257E-5
1.36000000E-4,1.39140168E-5
1.36040000E-4,-4.20137403E-5
1.36080000E-4,1.49691145E-5
1.36120000E-4,-4.72691823E-5
1.36160000E-4,1.58263518E-6
1.36200000E-4,-2.22140297E-5
1.36240000E-4,-1.55209426E-5
1.36280000E-4,-2.23789390E-5
1.36320000E-4,-2.16389354E-5
1.36360000E-4,3.93044798E-6
1.36400000E-4,3.43143787E-6
1.36440000E-4,-3.05005826E-5
1.36480000E-4,-2.50444971E-5
1.36520000E-4,1.34213605E-7
1.36560000E-4,-1.49269465E-5
1.36600000E-4,-1.38272360E-5
1.36640000E-4,1.67179912E-5
1.36680000E-4,-2.04401190E-5
1.36720000E-4,-9.87393143E-6
1.36760000E-4,-2.07541068E-5
1.36800000E-4,-2.37704644E-5
1.36840000E-4,-1.14475895E-5
1.36880000E-4,-1.69731503E-5
1.36920000E-4,-4.74249570E-6
1.36960000E-4,6.61534654E-6
1.37000000E-4,-3.57902425E-5
1.37040000E-4,-9.29152401E-7
1.37080000E-4,-7.40401969E-6
1.37120000E-4,-4.41776275E-5
1.37160000E-4,-3.39643471E-5
1.37200000E-4,-2.47737299E-5
1.37240000E-4,-3.15640726E-5
1.37280000E-4,1.63715674E-6
1.37320000E-4,2.01935811E-5
1.37360000E-4,1.51225401E-6
1.37400000E-4,-6.94182888E-5
1.37440000E-4,9.06323793E-6
1.37480000E-4,-2.23748382E-5
1.37520000E-4,-1.41216734E-5
1.37560000E-4,4.61507175E-6
1.37600000E-4,-9.94437936E-6
1.37640000E-4,-8.43250029E-6
1.37680000E-4,-5.00987056E-5
1.37720000E-4,1.12957801E-5
1.37760000E-4,-1.17514683E-5
1.37800000E-4,-2.54859720E-5
1.37840000E-4,-5.79914784E-6
1.37880000E-4,1.79243797E-5
1.37920000E-4,3.27896265E-5
1.37960000E-4,-6.40733460E-6
1.38000000E-4,1.16645374E-5
1.38040000E-4,-8.39055769E-6
1.38080000E-4,-7.40696655E-6
1.38120000E-4,-7.94655704E-7
1.38160000E-4,-2.43908582E-5
1.38200000E-4,-3.75480376E-6
1.38240000E-4,-2.12573608E-5
1.38280000E-4,2.70375681E-5
1.38320000E-4,7.47431151E-6
1.38360000E-4,-2.86335648E-5
1.38400000E-4,3.75625474E-5
1.38440000E-4,1.04147265E-6
1.38480000E-4,3.23504770E-6
1.38520000E-4,-4.09910882E-6
1.38560000E-4,-2.56270300E-5
1.38600000E-4,1.38319055E-5
1.38640000E-4,-2.01353533E-5
1.38680000E-4,2.38746784E-5
1.38720000E-4,-3.08749284E-5
1.38760000E-4,9.10129908E-6
1.38800000E-4,-5.77580342E-7
1.38840000E-4,-1.01403896E-6
1.38880000E-4,-2.50680910E-5
1.38920000E-4,-1.90559084E-5
1.38960000E-4,2.42727612E-5
1.39000000E-4,2.17546317E-5
1.39040000E-4,-6.93121655E-6
1.39080000E-4,2.60153150E-5
1.39120000E-4,1.91227860E-5
1.39160000E-4,7.81071862E-7
1.39200000E-4,-1.54308204E-5
1.39240000E-4,5.15878059E-6
1.39280000E-4,-1.19628693E-5
1.39320000E-4,-2.47810350E-5
1.39360000E-4,6.43328056E-6
1.39400000E-4,-1.48878649E-5
1.39440000E-4,-1.76221558E-6
1.39480000E-4,1.64809173E-5
1.39520000E-4,8.17278263E-6
1.39560000E-4,-4.84644415E-5
1.39600000E-4,-2.65509593E-5
1.39640000E-4,-5.36875459E-6
1.39680000E-4,1.90153355E-5
1.39720000E-4,-3.37071411E-5
1.39760000E-4,4.98098707E-6
1.39800000E-4,-8.81095643E-6
1.39840000E-4,-1.84243375E-5
1.39880000E-4,-4.94464972E-5
1.39920000E-4,-2.23508549E-6
1.39960000E-4,1.80823654E-5
1.40000000E-4,6.99848522E-6
1.40040000E-4,-2.54487692E-5
1.40080000E-4,-4.17412278E-5
1.40120000E-4,-8.71744866E-6
1.40160000E-4,1.18976059E-5
1.40200000E-4,1.42544786E-5
1.40240000E-4,-6.60073976E-6
1.40280000E-4,-1.41338423E-5
1.40320000E-4,3.90024813E-5
1.40360000E-4,7.59889954E-6
1.40400000E-4,1.56921332E-5
1.40440000E-4,-1.49938849E-5
1.40480000E-4,-7.56033646E-6
1.40520000E-4,9.43206044E-7
1.40560000E-4,-2.39441190E-5
1.40600000E-4,3.46168762E-5
1.40640000E-4,4.11373768E-5
1.40680000E-4,-4.03607094E-6
1.40720000E-4,5.62805910E-5
1.40760000E-4,1.40549890E-5
1.40800000E-4,1.94566960E-5
1.40840000E-4,3.51581722E-5
1.40880000E-4,-1.18263508E-5
1.40920000E-4,1.02539385E-5
1.40960000E-4,-2.30631543E-6
1.41000000E-4,2.51527261E-5
1.41040000E-4,3.32572226E-5
1.41080000E-4,1.08088149E-5
1.41120000E-4,-1.17259003E-5
1.41160000E-4,2.84055663E-5
1.41200000E-4,-2.08087333E-5
1.41240000E-4,2.22339675E-5
1.41280000E-4,-1.72591000E-5
1.41320000E-4,-3.95630562E-6
1.41360000E-4,-1.67306309E-5
1.41400000E-4,-8.56182807E-6
1.41440000E-4,-5.54667208E-6
1.41480000E-4,7.26898542E-6
1.41520000E-4,2.13980036E-6
1.41560000E-4,-3.37306698E-6
1.41600000E-4,3.46849765E-6
1.41640000E-4,-5.65485690E-6
1.41680000E-4,3.33235030E-5
1.41720000E-4,4.01587814E-6
1.41760000E-4,-4.95238402E-5
1.41800000E-4,-6.39168633E-7
1.41840000E-4,-3.46377095E-6
1.41880000E-4,4.61061809E-6
1.41920000E-4,1.38998262E-5
1.41960000E-4,-8.70649094E-6
1.42000000E-4,1.16784801E-5
1.42040000E-4,-8.71226220E-7
1.42080000E-4,-7.79984224E-6
1.42120000E-4,3.12205651E-5
1.42160000E-4,2.61819505E-5
1.42200000E-4,-1.87237451E-6
1.42240000E-4,3.81979235E-5
1.42280000E-4,2.88445236E-5
1.42320000E-4,1.18770256E-5
1.42360000E-4,3.06773522E-5
1.42400000E-4,2.27978870E-7
1.42440000E-4,1.86312909E-5
1.42480000E-4,1.33435288E-5
1.42520000E-4,1.59607165E-5
1.42560000E-4,3.20879415E-5
1.42600000E-4,-1.98377592E-5
1.42640000E-4,8.44193815E-6
1.42680000E-4,1.92674298E-5
1.42720000E-4,3.89513071E-5
1.42760000E-4,-2.13207912E-6
1.42800000E-4,5.21153133E-5
1.42840000E-4,-1.69932346E-5
1.42880000E-4,-1.13051121E-6
1.42920000E-4,-1.40987105E-6
1.42960000E-4,-5.15996666E-6
1.43000000E-4,1.59250571E-6
1.43040000E-4,3.38795031E-6
1.43080000E-4,-9.45600271E-6
1.43120000E-4,4.66891620E-6
1.43160000E-4,1.87074418E-5
1.43200000E-4,-2.11968978E-5
1.43240000E-4,-5.56914218E-7
1.43280000E-4,2.41130684E-5
1.43320000E-4,2.81945468E-5
1.43360000E-4,2.16791674E-5
1.43400000E-4,6.06144292E-6
1.43440000E-4,-4.81003492E-6
1.43480000E-4,2.95950081E-5
1.43520000E-4,8.66883636E-6
1.43560000E-4,1.64736789E-5
1.43600000E-4,2.93960430E-5
1.43640000E-4,1.97306867E-5
1.43680000E-4,-1.89055616E-5
1.43720000E-4,-4.18484414E-6
1.43760000E-4,1.87946633E-6
1.43800000E-4,3.93488463E-5
1.43840000E-4,-6.78619128E-6
1.43880000E-4,2.34548710E-5
1.43920000E-4,1.95605798E-5
1.43960000E-4,2.80576754E-5
1.44000000E-4,2.52445077E-5
1.44040000E-4,1.12697734E-5
1.44080000E-4,8.85135284E-8
1.44120000E-4,-1.21272160E-5
1.44160000E-4,3.30490546E-5
1.44200000E-4,2.82069350E-5
1.44240000E-4,-2.26700195E-5
1.44280000E-4,-3.90453620E-5
1.44320000E-4,-1.19100167E-5
1.44360000E-4,-1.25110334E-6
1.44400000E-4,-2.50311170E-5
1.44440000E-4,4.05750427E-5
1.44480000E-4,-6.78218585E-6
1.44520000E-4,9.55203267E-7
1.44560000E-4,-9.85626938E-6
1.44600000E-4,3.79652937E-5
1.44640000E-4,4.26732312E-5
1.44680000E-4,4.75958203E-6
1.44720000E-4,-2.71527183E-5
1.44760000E-4,2.36075542E-5
1.44800000E-4,1.49783174E-5
1.44840000E-4,2.00007577E-5
1.44880000E-4,6.71880113E-6
1.44920000E-4,2.59443601E-6
1.44960000E-4,-1.17211987E-5
1.45000000E-4,2.15085074E-5
1.45040000E-4,4.83000913E-5
1.45080000E-4,2.03470464E-5
1.45120000E-4,1.15339889E-5
1.45160000E-4,-4.48036876E-6
1.45200000E-4,4.90986204E-6
1.45240000E-4,2.47975682E-5
1.45280000E-4,3.54795223E-5
1.45320000E-4,2.98183872E-5
1.45360000E-4,1.07341708E-5
1.45400000E-4,1.20085659E-5
1.45440000E-4,2.73783160E-5
1.45480000E-4,3.80390795E-5
1.45520000E-4,1.10145034E-5
1.45560000E-4,-5.20830841E-6
1.45600000E-4,-5.63540195E-6
1.45640000E-4,1.36681214E-5
1.45680000E-4,2.85495235E-5
1.45720000E-4,3.93241103E-7
1.45760000E-4,1.95607991E-5
1.45800000E-4,4.39314218E-6
1.45840000E-4,7.55554550E-6
1.45880000E-4,3.07333520E-5
1.45920000E-4,-1.13814427E-5
1.45960000E-4,2.44292591E-5
1.46000000E-4,1.89395264E-6
1.46040000E-4,1.02904627E-6
1.46080000E-4,1.00223006E-5
1.46120000E-4,1.48978941E-5
1.46160000E-4,8.45000623E-6
1.46200000E-4,7.67467850E-6
1.46240000E-4,7.65993470E-6
1.46280000E-4,3.34499888E-5
1.46320000E-4,1.39443151E-5
1.46360000E-4,1.71052593E-5
1.46400000E-4,1.75448269E-5
1.46440000E-4,-2.21377643E-5
1.46480000E-4,4.07241401E-5
1.46520000E-4,3.58512837E-5
1.46560000E-4,1.77347225E-5
1.46600000E-4,4.08943138E-5
1.46640000E-4,2.93020569E-6
1.46680000E-4,1.25935593E-5
1.46720000E-4,2.87295390E-5
1.46760000E-4,1.24654141E-5
1.46800000E-4,-1.38008287E-5
1.46840000E-4,1.73338455E-5
1.46880000E-4,-4.24412454E-6
1.46920000E-4,-8.18258992E-6
1.46960000E-4,1.40167943E-5
1.47000000E-4,1.09969272E-5
1.47040000E-4,2.82892276E-5
1.47080000E-4,-5.54563258E-6
1.47120000E-4,-7.75464762E-6
1.47160000E-4,-2.24464306E-5
1.47200000E-4,7.20110288E-6
1.47240000E-4,-2.52700983E-5
1.47280000E-4,2.12168356E-5
1.47320000E-4,3.74126870E-5
1.47360000E-4,3.11877492E-5
1.47400000E-4,1.16793861E-5
1.47440000E-4,3.06618550E-5
1.47480000E-4,2.25170848E-5
1.47520000E-4,-1.05804229E-5
1.47560000E-4,-3.05425363E-6
1.47600000E-4,8.63511443E-6
1.47640000E-4,6.31993842E-5
1.47680000E-4,2.09461733E-5
1.47720000E-4,1.38277364E-6
1.47760000E-4,-1.15307881E-5
1.47800000E-4,2.53030061E-5
1.47840000E-4,2.80552245E-5
1.47880000E-4,-1.89699632E-5
1.47920000E-4,8.70526519E-7
1.47960000E-4,6.83740962E-6
1.48000000E-4,2.88148166E-5
1.48040000E-4,-2.23827824E-5
1.48080000E-4,1.79560417E-5
1.48120000E-4,5.52745790E-5
1.48160000E-4,1.92692323E-5
1.48200000E-4,2.63341760E-5
1.48240000E-4,1.95999284E-5
1.48280000E-4,2.17137476E-5
1.48320000E-4,2.81815959E-5
1.48360000E-4,1.44024793E-5
1.48400000E-4,1.18069210E-5
1.48440000E-4,-5.11974855E-10
1.48480000E-4,-3.86520110E-6
1.48520000E-4,2.85121108E-5
1.48560000E-4,5.19332267E-6
1.48600000E-4,2.95579101E-5
1.48640000E-4,2.81944514E-5
1.48680000E-4,-9.27988919E-7
1.48720000E-4,1.84357971E-5
1.48760000E-4,3.64631612E-5
1.48800000E-4,-7.34717269E-7
1.48840000E-4,-1.14803101E-5
1.48880000E-4,2.51844930E-5
1.48920000E-4,8.76909615E-6
1.48960000E-4,1.01045073E-5
1.49000000E-4,3.45166164E-5
1.49040000E-4,1.91813321E-5
1.49080000E-4,1.31929627E-5
1.49120000E-4,3.88249724E-6
1.49160000E-4,2.73664999E-5
1.49200000E-4,1.55834143E-5
1.49240000E-4,4.08478222E-5
1.49280000E-4,1.72992462E-5
1.49320000E-4,-1.27694791E-6
1.49360000E-4,5.56763525E-5
1.49400000E-4,4.54506076E-5
1.49440000E-4,-1.84931260E-5
1.49480000E-4,-3.22154719E-6
1.49520000E-4,1.96211858E-5
1.49560000E-4,2.05446192E-5
1.49600000E-4,2.33331726E-5
1.49640000E-4,1.32057500E-6
1.49680000E-4,3.45343833E-5
1.49720000E-4,3.97770938E-5
1.49760000E-4,4.52098525E-5
1.49800000E-4,2.46481560E-5
1.49840000E-4,1.21091976E-5
1.49880000E-4,2.97269203E-5
1.49920000E-4,6.02571271E-5
1.49960000E-4,2.69846281E-6
1.50000000E-4,1.91774506E-5
1.50040000E-4,-2.57221892E-6
1.50080000E-4,-6.09299399E-6
1.50120000E-4,4.01432857E-5
1.50160000E-4,2.21256587E-5
1.50200000E-4,3.29944567E-5
1.50240000E-4,1.25661411E-5
1.50280000E-4,-2.04139693E-5
1.50320000E-4,2.73726607E-5
1.50360000E-4,1.95486398E-5
1.50400000E-4,4.46938097E-5
1.50440000E-4,1.76421207E-5
1.50480000E-4,2.77748252E-5
1.50520000E-4,1.59523432E-5
1.50560000E-4,3.63860089E-5
1.50600000E-4,-7.63819444E-6
1.50640000E-4,3.11256268E-5
1.50680000E-4,2.78165675E-5
1.50720000E-4,-6.51310663E-6
1.50760000E-4,2.13410136E-5
1.50800000E-4,1.89567513E-5
1.50840000E-4,2.32801674E-5
1.50880000E-4,-2.30167851E-5
1.50920000E-4,-2.01037581E-5
1.50960000E-4,2.86116840E-5
1.51000000E-4,2.40135716E-5
1.51040000E-4,1.87467904E-5
1.51080000E-4,7.75604600E-6
1.51120000E-4,3.76106588E-6
1.51160000E-4,5.89379284E-5
1.51200000E-4,4.18205605E-5
1.51240000E-4,5.01107565E-5
1.51280000E-4,5.44379872E-5
1.51320000E-4,2.50439309E-5
1.51360000E-4,3.04239132E-5
1.51400000E-4,5.28264969E-5
1.51440000E-4,3.50457340E-5
1.51480000E-4,4.17917118E-5
1.51520000E-4,1.08502044E-5
1.51560000E-4,2.81254722E-5
1.51600000E-4,5.56340555E-6
1.51640000E-4,4.60181567E-6
1.51680000E-4,3.65565449E-5
1.51720000E-4,4.73147930E-5
1.51760000E-4,-1.27211278E-6
1.51800000E-4,8.25368283E-6
1.51840000E-4,3.72305543E-5
1.51880000E-4,4.23827706E-5
1.51920000E-4,3.81050260E-5
1.51960000E-4,7.73272404E-5
1.52000000E-4,2.20121237E-5
1.52040000E-4,3.73868520E-5
1.52080000E-4,3.32267241E-5
1.52120000E-4,2.92962394E-6
1.52160000E-4,1.23221722E-5
1.52200000E-4,1.01444472E-5
1.52240000E-4,4.62394092E-6
1.52280000E-4,2.40571545E-5
1.52320000E-4,4.03189811E-5
1.52360000E-4,1.14821567E-5
1.52400000E-4,1.60970347E-5
1.52440000E-4,4.66868652E-5
1.52480000E-4,3.63497502E-5
1.52520000E-4,1.26198712E-5
1.52560000E-4,3.98811301E-5
1.52600000E-4,-2.09048446E-5
1.52640000E-4,2.48286961E-5
1.52680000E-4,1.17361774E-5
1.52720000E-4,-2.73555473E-6
1.52760000E-4,3.86763724E-5
1.52800000E-4,1.98113389E-5
1.52840000E-4,2.09440657E-5
1.52880000E-4,-1.83779428E-6
1.52920000E-4,7.03106274E-6
1.52960000E-4,1.67252009E-5
1.53000000E-4,9.11523226E-6
1.53040000E-4,5.23788707E-5
1.53080000E-4,-7.09347471E-6
1.53120000E-4,1.86872048E-5
1.53160000E-4,2.57213449E-5
1.53200000E-4,3.23216966E-5
1.53240000E-4,1.76205772E-5
1.53280000E-4,3.84266146E-5
1.53320000E-4,-1.09351818E-6
1.53360000E-4,3.60563603E-6
1.53400000E-4,6.84552539E-6
1.53440000E-4,4.56730903E-5
1.53480000E-4,6.30714583E-5
1.53520000E-4,2.25879523E-5
1.53560000E-4,1.57931178E-5
1.53600000E-4,9.73815329E-6
1.53640000E-4,2.15268465E-5
1.53680000E-4,-5.53927157E-6
1.53720000E-4,1.13656368E-5
1.53760000E-4,1.22493114E-5
1.53800000E-4,2.00636224E-6
1.53840000E-4,3.12365392E-5
1.53880000E-4,2.51459550E-5
1.53920000E-4,3.15751985E-5
1.53960000E-4,-1.45300177E-5
1.54000000E-4,2.19712588E-5
1.54040000E-4,1.39020482E-5
1.54080000E-4,2.37015293E-5
1.54120000E-4,2.36862514E-5
1.54160000E-4,2.23614165E-5
1.54200000E-4,3.19339040E-5
1.54240000E-4,1.65002864E-5
1.54280000E-4,-2.13013362E-6
1.54320000E-4,1.33915559E-5
1.54360000E-4,3.70614202E-5
1.54400000E-4,5.12756125E-5
1.54440000E-4,5.32016342E-5
1.54480000E-4,6.76015246E-6
1.54520000E-4,7.19421655E-5
1.54560000E-4,-6.26878479E-6
1.54600000E-4,-1.00715328E-5
1.54640000E-4,2.11979242E-5
1.54680000E-4,1.98426862E-5
1.54720000E-4,2.82301269E-6
1.54760000E-4,1.53473704E-5
1.54800000E-4,2.50083588E-5
1.54840000E-4,2.21510932E-5
1.54880000E-4,6.45632339E-5
1.54920000E-4,5.45598477E-5
1.54960000E-4,1.18928852E-5
1.55000000E-4,3.12296727E-5
1.55040000E-4,1.92016263E-5
1.55080000E-4,2.57676935E-5
1.55120000E-4,2.26221606E-5
1.55160000E-4,5.03567473E-5
1.55200000E-4,3.42002158E-5
1.55240000E-4,5.72797748E-5
1.55280000E-4,6.55296670E-6
1.55320000E-4,1.41898958E-5
1.55360000E-4,3.71146352E-5
1.55400000E-4,3.34823184E-5
1.55440000E-4,3.00426628E-5
1.55480000E-4,5.11965720E-5
1.55520000E-4,1.64641707E-5
1.55560000E-4,-8.65349525E-6
1.55600000E-4,5.24670856E-5
1.55640000E-4,1.66051429E-5
1.55680000E-4,4.72545303E-5
1.55720000E-4,6.32009849E-6
1.55760000E-4,7.79157991E-6
1.55800000E-4,1.19860401E-5
1.55840000E-4,2.18663355E-5
1.55880000E-4,-4.28909983E-6
1.55920000E-4,3.38219123E-5
1.55960000E-4,4.79600110E-5
1.56000000E-4,2.99432709E-5
1.56040000E-4,3.82508142E-5
1.56080000E-4,-1.19498231E-5
1.56120000E-4,2.23860118E-5
1.56160000E-4,1.56944792E-5
1.56200000E-4,3.11422303E-5
1.56240000E-4,3.44118076E-5
1.56280000E-4,1.20744648E-5
1.56320000E-4,4.58281386E-5
1.56360000E-4,1.01662291E-5
1.56400000E-4,4.33967172E-5
1.56440000E-4,3.58976895E-5
1.56480000E-4,2.07820269E-5
1.56520000E-4,3.23890451E-5
1.56560000E-4,2.61502695E-5
1.56600000E-4,2.61742639E-5
1.56640000E-4,2.67267942E-5
1.56680000E-4,2.24668738E-5
1.56720000E-4,2.69087935E-5
1.56760000E-4,3.90313014E-5
1.56800000E-4,5.38858956E-5
1.56840000E-4,3.22733930E-5
1.56880000E-4,1.92277379E-5
1.56920000E-4,2.80564628E-6
1.56960000E-4,6.71366003E-5
1.57000000E-4,3.27614836E-5
1.57040000E-4,3.39418178E-5
1.57080000E-4,1.69553893E-5
1.57120000E-4,9.48099500E-6
1.57160000E-4,1.40891687E-5
1.57200000E-4,-4.87397879E-6
1.57240000E-4,2.38071487E-5
1.57280000E-4,4.77468823E-6
1.57320000E-4,1.78619045E-5
1.57360000E-4,3.48300987E-5
1.57400000E-4,1.63883441E-5
1.57440000E-4,2.50186967E-5
1.57480000E-4,3.69323117E-5
1.57520000E-4,2.51682614E-5
1.57560000E-4,1.89808316E-5
1.57600000E-4,5.65196391E-5
1.57640000E-4,1.88569779E-5
1.57680000E-4,4.39972555E-5
1.57720000E-4,-2.66688063E-6
1.57760000E-4,2.81236697E-5
1.57800000E-4,3.06271603E-5
1.57840000E-4,2.96464970E-5
1.57880000E-4,1.12511195E-5
1.57920000E-4,3.39882808E-5
1.57960000E-4,2.97505428E-5
1.58000000E-4,2.31749866E-5
1.58040000E-4,3.45850314E-6
1.58080000E-4,2.84865699E-6
1.58120000E-4,5.48325795E-5
1.58160000E-4,1.66608184E-5
1.58200000E-4,2.14303442E-5
1.58240000E-4,2.76557208E-5
1.58280000E-4,2.16558215E-5
1.58320000E-4,2.17383048E-5
1.58360000E-4,7.88369737E-5
1.58400000E-4,2.03743883E-5
1.58440000E-4,4.78321328E-5
1.58480000E-4,4.11985645E-5
1.58520000E-4,3.10342553E-5
1.58560000E-4,2.11551138E-5
1.58600000E-4,1.02669562E-5
1.58640000E-4,4.15533123E-5
1.58680000E-4,3.28983629E-6
1.58720000E-4,5.00737444E-5
1.58760000E-4,1.21119655E-7
1.58800000E-4,-1.39698690E-6
1.58840000E-4,5.39585450E-6
1.58880000E-4,3.14467099E-5
1.58920000E-4,3.96593421E-6
1.58960000E-4,3.83761652E-5
1.59000000E-4,-2.40889264E-6
1.59040000E-4,3.28507475E-5
1.59080000E-4,3.09757092E-5
1.59120000E-4,1.95206956E-6
1.59160000E-4,4.20333920E-5
1.59200000E-4,3.10209596E-6
1.59240000E-4,2.02555971E-6
1.59280000E-4,3.20192293E-5
1.59320000E-4,8.30861447E-6
1.59360000E-4,2.13525053E-5
1.59400000E-4,3.47511154E-5
1.59440000E-4,6.13111757E-5
1.59480000E-4,1.71135753E-5
1.59520000E-4,4.83912244E-5
1.59560000E-4,1.42177335E-5
1.59600000E-4,2.49469899E-5
1.59640000E-4,5.64938231E-5
1.59680000E-4,4.70289673E-5
1.59720000E-4,2.35811279E-5
1.59760000E-4,1.43797914E-5
1.59800000E-4,-1.75553780E-5
1.59840000E-4,2.81839038E-5
1.59880000E-4,5.45688012E-6
1.59920000E-4,7.02994541E-7
1.59960000E-4,3.43401199E-5
1.60000000E-4,3.51294666E-5
1.60040000E-4,5.01195303E-5
1.60080000E-4,2.47633599E-5
1.60120000E-4,4.40889513E-5
1.60160000E-4,7.60930412E-6
1.60200000E-4,1.74568790E-5
1.60240000E-4,3.15702775E-5
1.60280000E-4,1.63013594E-5
1.60320000E-4,3.70938832E-5
1.60360000E-4,3.12751344E-5
1.60400000E-4,1.92386384E-5
1.60440000E-4,4.71035637E-5
1.60480000E-4,1.22927990E-5
1.60520000E-4,2.84369136E-5
1.60560000E-4,4.87517800E-5
1.60600000E-4,6.07130502E-5
1.60640000E-4,1.87535996E-5
1.60680000E-4,5.70230552E-5
1.60720000E-4,3.18370298E-5
1.60760000E-4,1.97814603E-5
1.60800000E-4,5.34536332E-5
1.60840000E-4,1.95438237E-5
1.60880000E-4,1.97002645E-5
1.60920000E-4,7.05607609E-7
1.60960000E-4,-1.93956167E-5
1.61000000E-4,1.90842957E-5
1.61040000E-4,1.58109038E-5
1.61080000E-4,3.44942909E-5
1.61120000E-4,3.46217113E-5
1.61160000E-4,4.03244743E-5
1.61200000E-4,5.28417557E-5
1.61240000E-4,5.83313724E-5
1.61280000E-4,1.43840925E-5
1.61320000E-4,3.74311502E-5
1.61360000E-4,1.90345711E-5
1.61400000E-4,1.98826261E-5
1.61440000E-4,2.48572301E-5
1.61480000E-4,2.43163250E-5
1.61520000E-4,2.95729877E-5
1.61560000E-4,-7.68962610E-6
1.61600000E-4,-2.72058204E-6
1.61640000E-4,1.97045369E-5
1.61680000E-4,4.68631138E-5
1.61720000E-4,5.11489741E-5
1.61760000E-4,1.63894965E-6
1.61800000E-4,1.99450155E-5
1.61840000E-4,3.75410230E-5
1.61880000E-4,1.68900531E-5
1.61920000E-4,3.90248545E-5
1.61960000E-4,1.03003825E-5
1.62000000E-4,4.21889840E-5
1.62040000E-4,2.93195678E-5
1.62080000E-4,4.63227237E-5
1.62120000E-4,1.51878302E-5
1.62160000E-4,-2.47313367E-7
1.62200000E-4,1.32457581E-5
1.62240000E-4,2.82249785E-5
1.62280000E-4,9.55172902E-6
1.62320000E-4,4.37793218E-5
1.62360000E-4,2.54855474E-6
1.62400000E-4,3.15670350E-5
1.62440000E-4,2.80535746E-5
1.62480000E-4,3.99856624E-5
1.62520000E-4,4.34317171E-5
1.62560000E-4,3.84917505E-5
1.62600000E-4,7.33104101E-6
1.62640000E-4,4.69756458E-6
1.62680000E-4,2.66656160E-5
1.62720000E-4,1.01627101E-5
1.62760000E-4,1.53052656E-5
1.62800000E-4,6.30203509E-5
1.62840000E-4,1.67615455E-5
1.62880000E-4,5.13668982E-5
1.62920000E-4,2.00143285E-5
1.62960000E-4,-1.12623001E-5
1.63000000E-4,5.50078077E-5
1.63040000E-4,4.76095070E-5
1.63080000E-4,1.88095612E-5
1.63120000E-4,4.57729495E-5
1.63160000E-4,3.14318803E-5
1.63200000E-4,1.99278302E-5
1.63240000E-4,7.11983662E-5
1.63280000E-4,1.31524315E-5
1.63320000E-4,3.56259018E-5
1.63360000E-4,3.50787597E-5
1.63400000E-4,1.42104951E-5
1.63440000E-4,6.80418280E-5
1.63480000E-4,1.18075790E-5
1.63520000E-4,5.69792052E-5
1.63560000E-4,5.09144560E-5
1.63600000E-4,3.28651194E-5
1.63640000E-4,4.18092213E-5
1.63680000E-4,5.21546428E-5
1.63720000E-4,9.23213367E-6
1.63760000E-4,3.66148240E-5
1.63800000E-4,3.62458569E-5
1.63840000E-4,5.80850383E-5
1.63880000E-4,2.72520018E-5
1.63920000E-4,4.90064016E-5
1.63960000E-4,4.00526389E-5
1.64000000E-4,3.05267575E-5
1.64040000E-4,5.11972777E-5
1.64080000E-4,1.18665066E-5
1.64120000E-4,3.19498685E-5
1.64160000E-4,5.12172858E-5
1.64200000E-4,2.60181570E-5
1.64240000E-4,1.63515799E-5
1.64280000E-4,2.27943561E-5
1.64320000E-4,6.30373343E-6
1.64360000E-4,3.02701905E-5
1.64400000E-4,1.31518403E-5
1.64440000E-4,4.84394231E-5
1.64480000E-4,4.66224826E-5
1.64520000E-4,2.68027830E-5
1.64560000E-4,3.62708146E-5
1.64600000E-4,3.34921507E-5
1.64640000E-4,2.80978442E-5
1.64680000E-4,1.14277305E-5
1.64720000E-4,1.24864617E-5
1.64760000E-4,1.95272202E-5
1.64800000E-4,3.22620443E-5
1.64840000E-4,6.27415046E-6
1.64880000E-4,5.98698399E-5
1.64920000E-4,7.75262628E-5
1.64960000E-4,2.03267141E-5
1.65000000E-4,3.05400612E-5
1.65040000E-4,4.29073392E-5
1.65080000E-4,2.13661906E-5
1.65120000E-4,1.85354370E-5
1.65160000E-4,3.89354571E-5
1.65200000E-4,3.18964437E-5
1.65240000E-4,3.14105180E-5
1.65280000E-4,-1.78863602E-5
1.65320000E-4,3.32454161E-5
1.65360000E-4,-1.72277432E-5
1.65400000E-4,1.16926803E-5
1.65440000E-4,3.28176645E-5
1.65480000E-4,6.00585244E-5
1.65520000E-4,9.90780243E-6
1.65560000E-4,1.10106887E-5
1.65600000E-4,3.02466538E-5
1.65640000E-4,4.55996383E-5
1.65680000E-4,2.97143414E-5
1.65720000E-4,4.12087402E-5
1.65760000E-4,4.93709627E-5
1.65800000E-4,3.98354205E-5
1.65840000E-4,6.10827516E-5
1.65880000E-4,3.56589752E-5
1.65920000E-4,5.70431094E-6
1.65960000E-4,1.70266002E-5
1.66000000E-4,1.51287596E-5
1.66040000E-4,3.13948205E-5
1.66080000E-4,2.59253740E-5
1.66120000E-4,6.03091310E-5
1.66160000E-4,3.80148466E-5
1.66200000E-4,4.12770599E-6
1.66240000E-4,5.91349289E-5
1.66280000E-4,2.15381762E-5
1.66320000E-4,2.18066355E-5
1.66360000E-4,3.99594173E-5
1.66400000E-4,2.61384821E-5
1.66440000E-4,1.92362447E-5
1.66480000E-4,1.37405053E-5
1.66520000E-4,-8.18974248E-6
1.66560000E-4,4.06975898E-5
1.66600000E-4,2.46823643E-5
1.66640000E-4,2.14359328E-5
1.66680000E-4,4.62634338E-5
1.66720000E-4,1.87364144E-5
1.66760000E-4,1.90373749E-5
1.66800000E-4,1.30143776E-5
1.66840000E-4,2.43711136E-5
1.66880000E-4,5.53342790E-5
1.66920000E-4,3.34505133E-5
1.66960000E-4,3.18301729E-5
1.67000000E-4,2.26265189E-5
1.67040000E-4,2.74857474E-5
1.67080000E-4,5.69145556E-5
1.67120000E-4,5.98179124E-5
1.67160000E-4,2.73441077E-5
1.67200000E-4,3.90453204E-5
1.67240000E-4,3.62853867E-5
1.67280000E-4,2.62729215E-5
1.67320000E-4,3.95027598E-5
1.67360000E-4,7.80277604E-6
1.67400000E-4,6.25542029E-6
1.67440000E-4,2.15405318E-5
1.67480000E-4,1.22495594E-5
1.67520000E-4,1.13843383E-5
1.67560000E-4,2.33073661E-5
1.67600000E-4,4.79685940E-5
1.67640000E-4,8.64519111E-5
1.67680000E-4,5.27819698E-5
1.67720000E-4,2.01691194E-5
1.67760000E-4,2.48422192E-5
1.67800000E-4,5.30084484E-5
1.67840000E-4,3.82905252E-5
1.67880000E-4,1.57683699E-5
1.67920000E-4,1.63331931E-5
1.67960000E-4,8.59542250E-6
1.68000000E-4,4.16867790E-5
1.68040000E-4,1.87118382E-5
1.68080000E-4,5.99497102E-5
1.68120000E-4,5.56217356E-5
1.68160000E-4,2.88614608E-5
1.68200000E-4,4.88955941E-5
1.68240000E-4,2.98824074E-5
1.68280000E-4,5.74454566E-5
1.68320000E-4,4.87567773E-5
1.68360000E-4,5.80238315E-5
1.68400000E-4,3.27835516E-5
1.68440000E-4,3.91811808E-5
1.68480000E-4,6.35334754E-5
1.68520000E-4,5.02083365E-5
1.68560000E-4,3.81901892E-5
1.68600000E-4,4.92521825E-5
1.68640000E-4,4.18648205E-5
1.68680000E-4,4.26420270E-5
1.68720000E-4,3.70876844E-5
1.68760000E-4,3.78901441E-5
1.68800000E-4,2.68175459E-5
1.68840000E-4,6.97490768E-5
1.68880000E-4,2.79016448E-5
1.68920000E-4,4.11263904E-5
1.68960000E-4,6.71343496E-5
1.69000000E-4,5.78121349E-5
1.69040000E-4,3.00269558E-5
1.69080000E-4,1.85282559E-5
1.69120000E-4,3.67203957E-5
1.69160000E-4,6.49518944E-5
1.69200000E-4,2.00263543E-5
1.69240000E-4,2.35822628E-5
1.69280000E-4,7.24913866E-5
1.69320000E-4,4.65154899E-5
1.69360000E-4,2.71474982E-5
1.69400000E-4,4.03885993E-5
1.69440000E-4,2.96428349E-5
1.69480000E-4,3.11606076E-5
1.69520000E-4,2.61902284E-5
1.69560000E-4,6.36461234E-5
1.69600000E-4,3.70571572E-5
1.69640000E-4,4.99536291E-5
1.69680000E-4,3.61498696E-5
1.69720000E-4,2.10767885E-5
1.69760000E-4,5.18151824E-5
1.69800000E-4,5.29798573E-5
1.69840000E-4,2.35531971E-7
1.69880000E-4,5.03514471E-7
1.69920000E-4,5.24813240E-5
1.69960000E-4,3.65674168E-5
1.70000000E-4,3.09697472E-6
1.70040000E-4,2.24248454E-5
1.70080000E-4,4.21121846E-5
1.70120000E-4,5.19657295E-5
1.70160000E-4,2.92165806E-5
1.70200000E-4,4.10383568E-5
1.70240000E-4,4.36361642E-6
1.70280000E-4,4.75932850E-5
1.70320000E-4,3.62931687E-5
1.70360000E-4,1.02553691E-5
1.70400000E-4,7.04418831E-5
1.70440000E-4,3.05881932E-5
1.70480000E-4,5.06863753E-5
1.70520000E-4,5.54800958E-5
1.70560000E-4,4.93295049E-6
1.70600000E-4,4.70423283E-5
1.70640000E-4,1.75079101E-5
1.70680000E-4,4.40798819E-5
1.70720000E-4,4.65102733E-5
1.70760000E-4,5.06681220E-5
1.70800000E-4,5.04492346E-5
1.70840000E-4,3.35676245E-5
1.70880000E-4,6.71104028E-5
1.70920000E-4,6.56320168E-5
1.70960000E-4,4.83581033E-5
1.71000000E-4,2.59045553E-5
1.71040000E-4,6.02204488E-5
1.71080000E-4,5.75683852E-5
1.71120000E-4,2.66517591E-5
1.71160000E-4,4.64372600E-5
1.71200000E-4,2.73703623E-5
1.71240000E-4,5.42645425E-5
1.71280000E-4,4.53602755E-5
1.71320000E-4,2.99849083E-5
1.71360000E-4,7.82618127E-5
1.71400000E-4,3.41326003E-5
1.71440000E-4,5.14238231E-5
1.71480000E-4,5.27234524E-5
1.71520000E-4,1.74026435E-5
1.71560000E-4,3.91564616E-5
1.71600000E-4,6.96251087E-5
1.71640000E-4,5.59710951E-5
1.71680000E-4,2.48665856E-5
1.71720000E-4,4.11533222E-5
1.71760000E-4,4.38858663E-5
1.71800000E-4,-8.71197609E-7
1.71840000E-4,7.50198539E-5
1.71880000E-4,3.32951884E-5
1.71920000E-4,6.76279619E-5
1.71960000E-4,6.44511963E-5
1.72000000E-4,5.64274378E-5
1.72040000E-4,5.04351584E-5
1.72080000E-4,6.92720298E-5
1.72120000E-4,4.02242145E-5
1.72160000E-4,4.09033832E-5
1.72200000E-4,2.69947004E-5
1.72240000E-4,5.08541171E-5
1.72280000E-4,2.70519304E-5
1.72320000E-4,4.21413575E-5
1.72360000E-4,3.34549384E-5
1.72400000E-4,5.01357428E-5
1.72440000E-4,3.91323813E-5
1.72480000E-4,2.91860344E-5
1.72520000E-4,6.93166618E-5
1.72560000E-4,3.19479040E-5
1.72600000E-4,2.12131163E-5
1.72640000E-4,4.25188218E-5
1.72680000E-4,5.13937251E-5
1.72720000E-4,2.39084099E-5
1.72760000E-4,7.71026978E-5
1.72800000E-4,6.14416098E-5
1.72840000E-4,2.90419818E-5
1.72880000E-4,6.06120942E-5
1.72920000E-4,3.51654678E-5
1.72960000E-4,8.13578212E-5
1.73000000E-4,5.66884299E-5
1.73040000E-4,3.18566564E-5
1.73080000E-4,4.28196870E-5
1.73120000E-4,1.51875917E-5
1.73160000E-4,-5.42771227E-7
1.73200000E-4,7.07259636E-5
1.73240000E-4,7.50685771E-5
1.73280000E-4,5.45927781E-5
1.73320000E-4,4.00710067E-5
1.73360000E-4,6.03495858E-5
1.73400000E-4,6.00412438E-5
1.73440000E-4,6.93781928E-5
1.73480000E-4,1.50649778E-5
1.73520000E-4,6.35180545E-5
1.73560000E-4,1.25092735E-5
1.73600000E-4,4.92022848E-6
1.73640000E-4,6.13672899E-5
1.73680000E-4,6.47966648E-5
1.73720000E-4,4.91733232E-5
1.73760000E-4,3.73332364E-5
1.73800000E-4,6.26140380E-5
1.73840000E-4,5.55936975E-5
1.73880000E-4,4.65079368E-5
1.73920000E-4,3.73105581E-5
1.73960000E-4,1.58824675E-5
1.74000000E-4,5.05472723E-5
1.74040000E-4,9.42235562E-5
1.74080000E-4,5.18562000E-5
1.74120000E-4,6.97794132E-5
1.74160000E-4,6.52948262E-5
1.74200000E-4,3.12780526E-5
1.74240000E-4,3.48678642E-5
1.74280000E-4,3.40457110E-5
1.74320000E-4,4.20020066E-5
1.74360000E-4,3.40154319E-5
1.74400000E-4,3.73266370E-5
1.74440000E-4,3.83794172E-5
1.74480000E-4,3.64681298E-5
1.74520000E-4,4.21177636E-5
1.74560000E-4,6.87359980E-5
1.74600000E-4,5.94216607E-5
1.74640000E-4,3.08691171E-5
1.74680000E-4,5.01319567E-5
1.74720000E-4,3.48791366E-5
1.74760000E-4,2.80112029E-5
1.74800000E-4,3.30994086E-5
1.74840000E-4,4.04273757E-5
1.74880000E-4,5.29167717E-5
1.74920000E-4,2.45634507E-5
1.74960000E-4,3.62520367E-5
1.75000000E-4,6.98599701E-5
1.75040000E-4,1.11858310E-5
1.75080000E-4,3.33111052E-5
1.75120000E-4,2.31903122E-5
1.75160000E-4,2.38377140E-5
1.75200000E-4,3.42010741E-5
1.75240000E-4,2.15664240E-5
1.75280000E-4,6.67606618E-5
1.75320000E-4,2.66186476E-5
1.75360000E-4,1.56767313E-5
1.75400000E-4,3.82323034E-5
1.75440000E-4,1.92378659E-5
1.75480000E-4,3.71842248E-5
1.75520000E-4,3.97564467E-5
1.75560000E-4,3.74859483E-5
1.75600000E-4,4.61459506E-5
1.75640000E-4,4.31180536E-5
1.75680000E-4,2.61845731E-5
1.75720000E-4,6.34542823E-5
1.75760000E-4,3.93797644E-5
1.75800000E-4,2.89407016E-5
1.75840000E-4,4.26103269E-5
1.75880000E-4,1.25848427E-5
1.75920000E-4,3.57059723E-5
1.75960000E-4,1.52860300E-5
1.76000000E-4,6.46800972E-5
1.76040000E-4,4.14951096E-5
1.76080000E-4,4.13860378E-5
1.76120000E-4,2.65490484E-5
1.76160000E-4,3.05236485E-5
1.76200000E-4,2.99900963E-5
1.76240000E-4,2.48861455E-5
1.76280000E-4,3.00353672E-5
1.76320000E-4,3.47773796E-5
1.76360000E-4,4.87038961E-5
1.76400000E-4,2.51632356E-5
1.76440000E-4,4.90792814E-5
1.76480000E-4,5.03472391E-5
1.76520000E-4,2.92364837E-5
1.76560000E-4,5.05585257E-5
1.76600000E-4,3.76422174E-5
1.76640000E-4,6.86250476E-5
1.76680000E-4,3.43039470E-5
1.76720000E-4,4.26669656E-5
1.76760000E-4,5.71522304E-5
1.76800000E-4,4.02386245E-5
1.76840000E-4,4.19581566E-5
1.76880000E-4,6.01894162E-5
1.76920000E-4,5.15436046E-5
1.76960000E-4,2.30849693E-5
1.77000000E-4,9.04516882E-5
1.77040000E-4,4.67590202E-5
1.77080000E-4,5.64202090E-5
1.77120000E-4,3.08776715E-5
1.77160000E-4,5.27173488E-5
1.77200000E-4,5.92204068E-5
1.77240000E-4,3.57891422E-5
1.77280000E-4,2.76460887E-5
1.77320000E-4,5.09603945E-5
1.77360000E-4,6.08404706E-5
1.77400000E-4,7.98391902E-5
1.77440000E-4,1.13320865E-5
1.77480000E-4,1.31403485E-5
1.77520000E-4,4.47941267E-5
1.77560000E-4,6.37902427E-5
1.77600000E-4,3.14603093E-5
1.77640000E-4,1.00425662E-5
1.77680000E-4,2.70301199E-5
1.77720000E-4,6.85406951E-5
1.77760000E-4,4.87501683E-5
1.77800000E-4,4.33821165E-5
1.77840000E-4,6.46543194E-5
1.77880000E-4,2.24109790E-5
1.77920000E-4,5.20937221E-5
1.77960000E-4,8.87802308E-5
1.78000000E-4,5.29047745E-5
1.78040000E-4,5.96575711E-5
1.78080000E-4,6.26002669E-5
1.78120000E-4,2.93191768E-5
1.78160000E-4,7.89723669E-5
1.78200000E-4,4.58621562E-5
1.78240000E-4,3.96986541E-5
1.78280000E-4,2.65842104E-5
1.78320000E-4,2.15691420E-5
1.78360000E-4,2.97835304E-5
1.78400000E-4,2.52516984E-5
1.78440000E-4,2.67169619E-5
1.78480000E-4,1.02114905E-5
1.78520000E-4,2.97489121E-5
1.78560000E-4,1.37837735E-5
1.78600000E-4,3.15041211E-5
1.78640000E-4,3.75268133E-5
1.78680000E-4,5.83056995E-5
1.78720000E-4,2.92814972E-5
1.78760000E-4,4.80566945E-5
1.78800000E-4,5.91906521E-5
1.78840000E-4,6.39823223E-5
1.78880000E-4,3.47496356E-6
1.78920000E-4,6.16697191E-5
1.78960000E-4,3.88382284E-6
1.79000000E-4,5.55106611E-5
1.79040000E-4,1.53119890E-5
1.79080000E-4,5.43958634E-5
1.79120000E-4,2.13623091E-5
1.79160000E-4,4.42594969E-5
1.79200000E-4,6.29571605E-5
1.79240000E-4,4.16257439E-5
1.79280000E-4,2.20320842E-5
1.79320000E-4,2.81994296E-5
1.79360000E-4,1.24730816E-5
1.79400000E-4,4.00002536E-5
1.79440000E-4,5.66502162E-5
1.79480000E-4,4.66477646E-5
1.79520000E-4,3.23049310E-5
1.79560000E-4,3.09787896E-5
1.79600000E-4,4.36434328E-5
1.79640000E-4,1.37823049E-5
1.79680000E-4,5.20704620E-5
1.79720000E-4,6.53185154E-5
1.79760000E-4,5.16337840E-5
1.79800000E-4,1.70133632E-5
1.79840000E-4,3.09811738E-5
1.79880000E-4,5.93738911E-5
1.79920000E-4,3.87382277E-5
1.79960000E-4,3.29327730E-5
1.80000000E-4,6.08222078E-5
1.80040000E-4,6.63704660E-5
1.80080000E-4,1.86579842E-5
1.80120000E-4,4.24339734E-5
1.80160000E-4,5.86787960E-5
1.80200000E-4,-2.81066612E-6
1.80240000E-4,4.16713963E-5
1.80280000E-4,4.01245937E-5
1.80320000E-4,3.05156186E-5
1.80360000E-4,4.80163827E-5
1.80400000E-4,3.27409700E-5
1.80440000E-4,3.24625448E-5
1.80480000E-4,2.68428469E-5
1.80520000E-4,3.13381150E-5
1.80560000E-4,2.33091591E-5
1.80600000E-4,3.41735988E-5
1.80640000E-4,3.47742610E-5
1.80680000E-4,1.59830706E-5
1.80720000E-4,3.02142670E-5
1.80760000E-4,3.94790610E-5
1.80800000E-4,4.21125279E-5
1.80840000E-4,7.75394902E-5
1.80880000E-4,4.12504158E-5
1.80920000E-4,4.55632651E-5
1.80960000E-4,4.24089490E-5
1.81000000E-4,4.73948540E-5
1.81040000E-4,6.76830366E-5
1.81080000E-4,3.68939549E-5
1.81120000E-4,6.46116600E-6
1.81160000E-4,5.92407582E-5
1.81200000E-4,6.91076354E-5
1.81240000E-4,4.28076325E-5
1.81280000E-4,3.45699840E-5
1.81320000E-4,3.81245001E-5
1.81360000E-4,3.67476804E-5
1.81400000E-4,3.15520814E-5
1.81440000E-4,2.42861222E-5
1.81480000E-4,3.02852490E-5
1.81520000E-4,3.54178482E-5
1.81560000E-4,4.72417225E-5
1.81600000E-4,5.02027670E-5
1.81640000E-4,4.68350757E-5
1.81680000E-4,2.89728786E-5
1.81720000E-4,6.10551714E-5
1.81760000E-4,2.68973875E-5
1.81800000E-4,4.19218979E-5
1.81840000E-4,4.52402461E-5
1.81880000E-4,3.80272825E-5
1.81920000E-4,5.13291232E-5
1.81960000E-4,3.15547899E-5
1.82000000E-4,2.85469581E-5
1.82040000E-4,5.52925081E-5
1.82080000E-4,8.78233616E-5
1.82120000E-4,3.91543444E-5
1.82160000E-4,3.48868137E-5
1.82200000E-4,3.40897231E-5
1.82240000E-4,1.83907646E-5
1.82280000E-4,2.45500229E-5
1.82320000E-4,3.16747239E-5
1.82360000E-4,5.27587383E-5
1.82400000E-4,1.35272256E-5
1.82440000E-4,5.26172321E-5
1.82480000E-4,2.66041899E-5
1.82520000E-4,1.58925002E-5
1.82560000E-4,2.50506066E-5
1.82600000E-4,3.31061797E-5
1.82640000E-4,5.13593070E-5
1.82680000E-4,3.25852541E-5
1.82720000E-4,1.40609781E-5
1.82760000E-4,5.14545505E-5
1.82800000E-4,3.43295913E-5
1.82840000E-4,4.31491147E-5
1.82880000E-4,5.47490567E-5
1.82920000E-4,3.97156104E-5
1.82960000E-4,6.08550142E-5
1.83000000E-4,3.11740735E-5
1.83040000E-4,4.94912305E-5
1.83080000E-4,3.15343908E-5
1.83120000E-4,5.62044592E-5
1.83160000E-4,5.02320067E-5
1.83200000E-4,4.27763616E-5
1.83240000E-4,7.00766353E-5
1.83280000E-4,3.21369032E-5
1.83320000E-4,6.37563873E-5
1.83360000E-4,9.00015062E-5
1.83400000E-4,7.38478835E-5
1.83440000E-4,2.21588847E-5
1.83480000E-4,4.14256439E-5
1.83520000E-4,8.50816527E-5
1.83560000E-4,4.73050179E-5
1.83600000E-4,5.14752070E-5
1.83640000E-4,4.69344200E-5
1.83680000E-4,4.45223200E-5
1.83720000E-4,3.80294664E-5
1.83760000E-4,5.66099234E-5
1.83800000E-4,2.98346283E-5
1.83840000E-4,1.27092972E-5
1.83880000E-4,5.17321746E-5
1.83920000E-4,2.91174747E-5
1.83960000E-4,6.18483900E-5
1.84000000E-4,3.08699849E-5
1.84040000E-4,4.35914575E-5
1.84080000E-4,2.66019869E-5
1.84120000E-4,2.69958353E-5
1.84160000E-4,2.37993858E-5
1.84200000E-4,4.45486986E-5
1.84240000E-4,7.13618737E-5
1.84280000E-4,5.34142464E-5
1.84320000E-4,7.05047493E-5
1.84360000E-4,4.29197084E-5
1.84400000E-4,5.48005838E-5
1.84440000E-4,3.55574947E-5
1.84480000E-4,6.11398290E-5
1.84520000E-4,4.91469160E-5
1.84560000E-4,4.09315071E-5
1.84600000E-4,1.87993187E-5
1.84640000E-4,9.09950617E-6
1.84680000E-4,6.85031203E-5
1.84720000E-4,6.09472059E-5
1.84760000E-4,6.40344978E-5
1.84800000E-4,6.36770797E-5
1.84840000E-4,3.13962033E-5
1.84880000E-4,4.07041225E-5
1.84920000E-4,2.12660643E-5
1.84960000E-4,4.38744985E-5
1.85000000E-4,2.02260442E-5
1.85040000E-4,4.12721214E-5
1.85080000E-4,3.72121961E-5
1.85120000E-4,3.53530651E-5
1.85160000E-4,5.41050404E-5
1.85200000E-4,4.05230579E-5
1.85240000E-4,1.76845688E-5
1.85280000E-4,5.28642242E-5
1.85320000E-4,9.55493448E-5
1.85360000E-4,5.69110270E-5
1.85400000E-4,7.18401128E-5
1.85440000E-4,4.22615967E-5
1.85480000E-4,2.89304019E-5
1.85520000E-4,2.26719997E-5
1.85560000E-4,4.25862561E-5
1.85600000E-4,2.20894095E-5
1.85640000E-4,4.99379126E-5
1.85680000E-4,4.43928396E-5
1.85720000E-4,3.58407933E-5
1.85760000E-4,4.16550122E-5
1.85800000E-4,4.09539089E-5
1.85840000E-4,7.19840413E-5
1.85880000E-4,5.49962205E-5
1.85920000E-4,5.51177473E-5
1.85960000E-4,5.96386120E-5
1.86000000E-4,4.40394270E-5
1.86040000E-4,8.83625691E-5
1.86080000E-4,5.40662640E-5
1.86120000E-4,4.56524146E-5
1.86160000E-4,3.55877930E-5
1.86200000E-4,3.25477938E-5
1.86240000E-4,6.15718054E-5
1.86280000E-4,5.28823345E-5
1.86320000E-4,6.09230398E-5
1.86360000E-4,4.66568245E-5
1.86400000E-4,4.80324521E-5
1.86440000E-4,3.49220710E-5
1.86480000E-4,9.18572787E-6
1.86520000E-4,1.67149203E-5
1.86560000E-4,4.19587193E-5
1.86600000E-4,5.22476738E-5
1.86640000E-4,4.87160554E-5
1.86680000E-4,6.57677819E-5
1.86720000E-4,3.16839269E-5
1.86760000E-4,5.43693799E-5
1.86800000E-4,5.83150932E-5
1.86840000E-4,5.46541185E-5
1.86880000E-4,3.69096143E-5
1.86920000E-4,5.58827181E-5
1.86960000E-4,4.07839260E-5
1.87000000E-4,5.53131075E-5
1.87040000E-4,6.75310209E-5
1.87080000E-4,7.12919884E-5
1.87120000E-4,3.86007651E-5
1.87160000E-4,4.17590103E-5
1.87200000E-4,7.45248492E-5
1.87240000E-4,4.21455536E-5
1.87280000E-4,6.99891262E-5
1.87320000E-4,2.94810726E-5
1.87360000E-4,1.07010020E-5
1.87400000E-4,7.11696129E-5
1.87440000E-4,3.90666254E-5
1.87480000E-4,5.69763346E-5
1.87520000E-4,6.94386272E-5
1.87560000E-4,6.16366266E-5
1.87600000E-4,3.38052802E-5
1.87640000E-4,4.11916122E-5
1.87680000E-4,6.16184114E-5
1.87720000E-4,3.26392130E-5
1.87760000E-4,6.79436949E-5
1.87800000E-4,2.26532314E-5
1.87840000E-4,6.29449820E-5
1.87880000E-4,7.74814401E-5
1.87920000E-4,4.97558752E-5
1.87960000E-4,3.15813592E-5
1.88000000E-4,7.58438461E-6
1.88040000E-4,2.22260424E-5
1.88080000E-4,4.02572116E-5
1.88120000E-4,3.27653937E-5
1.88160000E-4,5.77412387E-5
1.88200000E-4,6.13669752E-5
1.88240000E-4,1.96605439E-5
1.88280000E-4,5.39851063E-5
1.88320000E-4,2.42480896E-5
1.88360000E-4,4.59236777E-5
1.88400000E-4,4.80684819E-5
1.88440000E-4,4.61240733E-5
1.88480000E-4,2.68828440E-5
1.88520000E-4,5.77769538E-5
1.88560000E-4,3.86897238E-5
1.88600000E-4,2.27531287E-5
1.88640000E-4,4.93337026E-5
1.88680000E-4,6.67281415E-5
1.88720000E-4,6.15229868E-5
1.88760000E-4,3.94752272E-5
1.88800000E-4,2.88056693E-6
1.88840000E-4,8.34696172E-6
1.88880000E-4,5.93727086E-5
1.88920000E-4,5.24800937E-5
1.88960000E-4,3.32276873E-5
1.89000000E-4,6.48614273E-6
1.89040000E-4,1.33845368E-5
1.89080000E-4,3.42939048E-5
1.89120000E-4,4.38683473E-5
1.89160000E-4,3.81384142E-5
1.89200000E-4,4.21633492E-5
1.89240000E-4,6.91309528E-5
1.89280000E-4,1.59604399E-5
1.89320000E-4,1.00080527E-5
1.89360000E-4,4.63089145E-5
1.89400000E-4,1.85220188E-5
1.89440000E-4,7.69934258E-5
1.89480000E-4,4.69445766E-5
1.89520000E-4,6.02827523E-5
1.89560000E-4,9.48951051E-5
1.89600000E-4,3.98935756E-5
1.89640000E-4,6.39093471E-5
1.89680000E-4,5.91005776E-5
1.89720000E-4,4.74508728E-5
1.89760000E-4,6.79175928E-5
1.89800000E-4,3.40406566E-5
1.89840000E-4,4.39666807E-5
1.89880000E-4,6.25709796E-5
1.89920000E-4,5.08636920E-5
1.89960000E-4,3.28809027E-5
1.90000000E-4,6.10321687E-5
1.90040000E-4,7.19396764E-5
1.90080000E-4,6.47432114E-5
1.90120000E-4,7.69109520E-5
1.90160000E-4,5.60659475E-5
1.90200000E-4,8.76263611E-5
1.90240000E-4,3.53844505E-5
1.90280000E-4,5.36983460E-5
1.90320000E-4,2.09238955E-5
1.90360000E-4,3.90027007E-5
1.90400000E-4,4.40744078E-5
1.90440000E-4,2.58712148E-5
1.90480000E-4,2.57560586E-5
1.90520000E-4,5.47322530E-5
1.90560000E-4,8.24658955E-5
1.90600000E-4,6.52142979E-5
1.90640000E-4,3.12760881E-5
1.90680000E-4,2.77436019E-5
1.90720000E-4,6.67491891E-5
1.90760000E-4,4.09672699E-5
1.90800000E-4,3.16677240E-5
1.90840000E-4,7.63273892E-5
1.90880000E-4,3.23714880E-5
1.90920000E-4,5.59564085E-5
1.90960000E-4,4.28255902E-5
1.91000000E-4,8.48459330E-5
1.91040000E-4,4.08940086E-5
1.91080000E-4,4.73550286E-5
1.91120000E-4,6.39406181E-5
1.91160000E-4,6.30489135E-5
1.91200000E-4,6.98769741E-5
1.91240000E-4,5.87572834E-5
1.91280000E-4,5.68283911E-5
1.91320000E-4,6.45865227E-5
1.91360000E-4,7.61675533E-5
1.91400000E-4,5.43549508E-5
1.91440000E-4,3.63051468E-5
1.91480000E-4,5.34462136E-5
1.91520000E-4,4.07653961E-5
1.91560000E-4,1.10505904E-5
1.91600000E-4,5.66003104E-5
1.91640000E-4,5.23708408E-5
1.91680000E-4,5.94238636E-5
1.91720000E-4,6.78320673E-5
1.91760000E-4,3.79908807E-5
1.91800000E-4,4.25854836E-5
1.91840000E-4,5.08977286E-5
1.91880000E-4,3.49544101E-5
1.91920000E-4,4.13409386E-5
1.91960000E-4,1.89199776E-5
1.92000000E-4,4.48784983E-5
1.92040000E-4,4.38057577E-5
1.92080000E-4,3.58677918E-5
1.92120000E-4,3.30940203E-5
1.92160000E-4,6.97862510E-5
1.92200000E-4,3.75402028E-5
1.92240000E-4,5.82412311E-5
1.92280000E-4,7.10984784E-5
1.92320000E-4,3.20009855E-5
1.92360000E-4,4.44463980E-5
1.92400000E-4,4.96686044E-5
1.92440000E-4,5.03629271E-5
1.92480000E-4,3.28324846E-5
1.92520000E-4,8.04475963E-5
1.92560000E-4,3.50066810E-5
1.92600000E-4,6.74866083E-5
1.92640000E-4,1.44832937E-5
1.92680000E-4,2.91892673E-5
1.92720000E-4,4.97792307E-5
1.92760000E-4,7.42742808E-5
1.92800000E-4,4.05397186E-5
1.92840000E-4,8.30290688E-5
1.92880000E-4,4.97178999E-5
1.92920000E-4,6.06717656E-5
1.92960000E-4,7.04987888E-5
1.93000000E-4,7.18234998E-5
1.93040000E-4,5.13118808E-5
1.93080000E-4,3.78842600E-5
1.93120000E-4,4.06184444E-5
1.93160000E-4,2.66135740E-5
1.93200000E-4,4.08946666E-5
1.93240000E-4,6.79612711E-5
1.93280000E-4,5.53579397E-5
1.93320000E-4,6.08815645E-5
1.93360000E-4,5.01255289E-5
1.93400000E-4,4.35840952E-5
1.93440000E-4,6.39228607E-5
1.93480000E-4,4.55782569E-5
1.93520000E-4,3.79916818E-5
1.93560000E-4,5.73474856E-5
1.93600000E-4,8.30484380E-5
1.93640000E-4,3.97510775E-5
1.93680000E-4,3.54504734E-5
1.93720000E-4,7.20335084E-5
1.93760000E-4,3.74488504E-5
1.93800000E-4,-1.43281645E-6
1.93840000E-4,6.85802249E-5
1.93880000E-4,2.58481931E-5
1.93920000E-4,2.98813202E-5
1.93960000E-4,2.22917697E-5
1.94000000E-4,5.02354399E-5
1.94040000E-4,3.59946591E-5
1.94080000E-4,5.82721683E-5
1.94120000E-4,3.33805327E-5
1.94160000E-4,4.40918219E-5
1.94200000E-4,3.41987472E-5
1.94240000E-4,3.05795052E-5
1.94280000E-4,6.85874060E-5
1.94320000E-4,4.90055528E-5
1.94360000E-4,5.93085835E-5
1.94400000E-4,3.40110068E-5
1.94440000E-4,4.31418859E-5
1.94480000E-4,5.52631731E-5
1.94520000E-4,2.63094568E-5
1.94560000E-4,2.68534231E-5
1.94600000E-4,1.62314360E-5
1.94640000E-4,7.42587550E-5
1.94680000E-4,4.02501067E-5
1.94720000E-4,6.37341857E-5
1.94760000E-4,8.04029643E-5
1.94800000E-4,4.89218869E-5
1.94840000E-4,5.06750170E-5
1.94880000E-4,3.87591704E-5
1.94920000E-4,5.82856056E-5
1.94960000E-4,6.16567110E-5
1.95000000E-4,5.19829910E-5
1.95040000E-4,3.35569625E-5
1.95080000E-4,5.27304905E-5
1.95120000E-4,4.30878888E-5
1.95160000E-4,2.50679334E-6
1.95200000E-4,2.09979578E-5
1.95240000E-4,3.30289130E-5
1.95280000E-4,5.73039123E-5
1.95320000E-4,5.96744130E-5
1.95360000E-4,4.91680303E-5
1.95400000E-4,4.72120632E-5
1.95440000E-4,5.97255967E-5
1.95480000E-4,2.91631652E-5
1.95520000E-4,2.93615867E-5
1.95560000E-4,3.45254569E-5
1.95600000E-4,7.28329927E-5
1.95640000E-4,3.09074262E-5
1.95680000E-4,2.50686787E-5
1.95720000E-4,2.79762221E-5
1.95760000E-4,6.46280361E-5
1.95800000E-4,3.78091581E-5
1.95840000E-4,3.64684731E-5
1.95880000E-4,6.43456055E-5
1.95920000E-4,4.91982141E-5
1.95960000E-4,1.80435127E-5
1.96000000E-4,2.71129847E-5
1.96040000E-4,2.88693572E-5
1.96080000E-4,3.34535365E-5
1.96120000E-4,2.49741601E-5
1.96160000E-4,1.79338020E-5
1.96200000E-4,4.11362610E-5
1.96240000E-4,4.68909801E-5
1.96280000E-4,2.99138691E-5
1.96320000E-4,4.81114735E-5
1.96360000E-4,2.28500316E-5
1.96400000E-4,4.28309117E-5
1.96440000E-4,3.90322264E-5
1.96480000E-4,4.46520293E-5
1.96520000E-4,7.15070802E-5
1.96560000E-4,3.17695955E-5
1.96600000E-4,1.44502584E-5
1.96640000E-4,4.58425391E-5
1.96680000E-4,5.07706801E-5
1.96720000E-4,5.02850405E-5
1.96760000E-4,4.04073009E-5
1.96800000E-4,2.93285991E-5
1.96840000E-4,8.67528812E-5
1.96880000E-4,5.47563890E-6
1.96920000E-4,8.98023012E-6
1.96960000E-4,3.75411470E-5
1.97000000E-4,6.68311575E-5
1.97040000E-4,2.52746247E-5
1.97080000E-4,5.01068750E-5
1.97120000E-4,3.49547535E-5
1.97160000E-4,6.38996006E-5
1.97200000E-4,6.38047561E-6
1.97240000E-4,4.22334443E-5
1.97280000E-4,3.46748214E-5
1.97320000E-4,3.14424279E-5
1.97360000E-4,2.70766115E-5
1.97400000E-4,7.47676261E-5
1.97440000E-4,2.37441776E-5
1.97480000E-4,4.51297724E-5
1.97520000E-4,5.58864660E-5
1.97560000E-4,3.77267511E-5
1.97600000E-4,5.74980518E-5
1.97640000E-4,1.95989366E-5
1.97680000E-4,1.16830768E-5
1.97720000E-4,5.34360188E-5
1.97760000E-4,6.00969098E-5
1.97800000E-4,4.13764439E-5
1.97840000E-4,4.24191151E-5
1.97880000E-4,2.64757871E-5
1.97920000E-4,5.64221735E-5
1.97960000E-4,1.12642707E-5
1.98000000E-4,2.21273467E-5
1.98040000E-4,9.43655377E-6
1.98080000E-4,7.13092404E-5
1.98120000E-4,1.95389504E-5
1.98160000E-4,1.65397304E-5
1.98200000E-4,1.01403750E-5
1.98240000E-4,2.17400977E-5
1.98280000E-4,2.66864443E-5
1.98320000E-4,2.91420509E-5
1.98360000E-4,2.32329319E-5
1.98400000E-4,-1.18298237E-6
1.98440000E-4,2.56019162E-5
1.98480000E-4,3.75815637E-5
1.98520000E-4,2.08983847E-5
1.98560000E-4,3.61244160E-5
1.98600000E-4,3.34009223E-5
1.98640000E-4,2.42587040E-5
1.98680000E-4,3.88560828E-5
1.98720000E-4,1.66210692E-5
1.98760000E-4,2.51731538E-5
1.98800000E-4,1.17151775E-5
1.98840000E-4,2.74783278E-5
1.98880000E-4,3.83589704E-5
1.98920000E-4,2.13858553E-5
1.98960000E-4,3.34746508E-5
1.99000000E-4,5.39894360E-5
1.99040000E-4,5.19476272E-6
1.99080000E-4,6.30517936E-5
1.99120000E-4,4.42864763E-5
1.99160000E-4,-8.85598894E-6
1.99200000E-4,1.33504811E-5
1.99240000E-4,1.01249350E-5
1.99280000E-4,3.06765130E-5
1.99320000E-4,4.40970766E-5
1.99360000E-4,-3.97433006E-6
1.99400000E-4,3.56746536E-5
1.99440000E-4,2.01753469E-5
1.99480000E-4,2.79927588E-5
1.99520000E-4,2.58389615E-5
1.99560000E-4,2.27681682E-5
1.99600000E-4,5.16859405E-5
1.99640000E-4,3.80338995E-6
1.99680000E-4,5.95913956E-5
1.99720000E-4,3.57316452E-5
1.99760000E-4,7.56017955E-5
1.99800000E-4,4.90740171E-5
1.99840000E-4,1.69132465E-5
1.99880000E-4,6.58867814E-5
1.99920000E-4,3.84898432E-5
1.99960000E-4,4.77838578E-5
2.00000000E-4,6.54986741E-5
2.00040000E-4,2.29107997E-5
2.00080000E-4,3.67942578E-5
2.00120000E-4,2.95928146E-5
2.00160000E-4,6.43037964E-5
2.00200000E-4,5.59964819E-5
2.00240000E-4,3.51955848E-5
2.00280000E-4,1.64002730E-6
2.00320000E-4,1.17075958E-5
2.00360000E-4,4.84354176E-5
2.00400000E-4,5.70012065E-5
2.00440000E-4,1.49068872E-5
2.00480000E-4,3.96701297E-5
2.00520000E-4,4.31185113E-5
2.00560000E-4,1.78254074E-5
2.00600000E-4,4.66029133E-5
2.00640000E-4,-2.44420720E-6
2.00680000E-4,5.78770038E-5
2.00720000E-4,3.51768738E-5
2.00760000E-4,5.07378832E-5
2.00800000E-4,2.05852648E-5
2.00840000E-4,1.80128426E-5
2.00880000E-4,3.70223767E-5
2.00920000E-4,3.76676710E-5
2.00960000E-4,3.03620484E-5
2.01000000E-4,2.03261896E-5
2.01040000E-4,2.87762023E-5
2.01080000E-4,2.55513143E-5
2.01120000E-4,1.66427939E-5
2.01160000E-4,2.15481898E-5
2.01200000E-4,1.18875446E-5
2.01240000E-4,1.63241236E-5
2.01280000E-4,3.01153137E-5
2.01320000E-4,5.09660021E-5
2.01360000E-4,5.35930127E-5
2.01400000E-4,5.43350953E-5
2.01440000E-4,3.36810927E-5
2.01480000E-4,5.09393073E-6
2.01520000E-4,3.01448300E-5
2.01560000E-4,4.76157631E-5
2.01600000E-4,1.66071933E-5
2.01640000E-4,-6.25314453E-6
2.01680000E-4,3.71925409E-5
2.01720000E-4,5.77177593E-5
2.01760000E-4,7.41325728E-6
2.01800000E-4,3.17783025E-5
2.01840000E-4,9.52537900E-6
2.01880000E-4,1.88314385E-5
2.01920000E-4,3.38622622E-5
2.01960000E-4,3.75606115E-5
2.02000000E-4,6.48089100E-5
2.02040000E-4,2.91857387E-5
2.02080000E-4,3.76953561E-5
2.02120000E-4,4.92328516E-5
2.02160000E-4,2.77496958E-5
2.02200000E-4,3.49611240E-5
2.02240000E-4,3.20677126E-6
2.02280000E-4,6.31587672E-5
2.02320000E-4,6.34840179E-5
2.02360000E-4,8.56190085E-6
2.02400000E-4,3.48911148E-5
2.02440000E-4,1.35798112E-5
2.02480000E-4,2.42458199E-5
2.02520000E-4,2.19996306E-5
2.02560000E-4,2.85946704E-5
2.02600000E-4,2.42856262E-5
2.02640000E-4,1.71921390E-5
2.02680000E-4,5.41431683E-5
2.02720000E-4,6.46816612E-5
2.02760000E-4,9.75161917E-6
2.02800000E-4,1.63717978E-5
2.02840000E-4,5.07982317E-5
2.02880000E-4,4.56068862E-5
2.02920000E-4,2.90539981E-5
2.02960000E-4,4.46056044E-5
2.03000000E-4,3.14525083E-5
2.03040000E-4,-1.06350876E-5
2.03080000E-4,5.02359167E-5
2.03120000E-4,3.69396836E-5
2.03160000E-4,2.56926965E-5
2.03200000E-4,5.67013713E-5
2.03240000E-4,1.92647881E-5
2.03280000E-4,1.83881516E-5
2.03320000E-4,1.17918529E-5
2.03360000E-4,1.35345689E-5
2.03400000E-4,1.30234948E-5
2.03440000E-4,7.34923559E-7
2.03480000E-4,4.07790432E-5
2.03520000E-4,1.18126621E-5
2.03560000E-4,2.07852503E-5
2.03600000E-4,2.83456279E-5
2.03640000E-4,2.14885184E-5
2.03680000E-4,4.87195935E-5
2.03720000E-4,4.22289143E-5
2.03760000E-4,2.99610092E-5
2.03800000E-4,3.45597606E-5
2.03840000E-4,3.18201879E-5
2.03880000E-4,5.95614026E-5
2.03920000E-4,5.59632750E-5
2.03960000E-4,1.29190579E-5
2.04000000E-4,3.54722553E-5
2.04040000E-4,1.13018360E-5
2.04080000E-4,4.03018722E-5
2.04120000E-4,6.94102363E-5
2.04160000E-4,4.69105400E-5
2.04200000E-4,3.00745442E-5
2.04240000E-4,1.24443569E-5
2.04280000E-4,3.15058664E-5
2.04320000E-4,2.51382874E-5
2.04360000E-4,-1.08449642E-6
2.04400000E-4,3.68300874E-5
2.04440000E-4,3.13718465E-5
2.04480000E-4,6.48558308E-5
2.04520000E-4,2.50552224E-5
2.04560000E-4,2.44285916E-5
2.04600000E-4,4.11322460E-5
2.04640000E-4,3.33178381E-5
2.04680000E-4,1.41261617E-5
2.04720000E-4,2.47612809E-5
2.04760000E-4,5.48758573E-5
2.04800000E-4,3.95196017E-5
2.04840000E-4,8.94756677E-6
2.04880000E-4,3.21710638E-5
2.04920000E-4,1.79707188E-5
2.04960000E-4,3.41978793E-5
2.05000000E-4,2.19322249E-5
2.05040000E-4,3.71645314E-5
2.05080000E-4,2.90294124E-5
2.05120000E-4,3.77937658E-5
2.05160000E-4,2.79099417E-5
2.05200000E-4,3.36468367E-5
2.05240000E-4,3.51567989E-5
2.05280000E-4,3.75609357E-5
2.05320000E-4,-6.14851691E-6
2.05360000E-4,4.74351849E-5
2.05400000E-4,9.40030857E-5
2.05440000E-4,2.90029956E-5
2.05480000E-4,1.33743134E-5
2.05520000E-4,4.09058056E-5
2.05560000E-4,2.46663903E-5
2.05600000E-4,6.18266462E-5
2.05640000E-4,5.67749758E-5
2.05680000E-4,1.53887106E-6
2.05720000E-4,3.36392169E-5
2.05760000E-4,3.57305390E-5
2.05800000E-4,2.19840953E-5
2.05840000E-4,2.56691884E-5
2.05880000E-4,4.27070580E-5
2.05920000E-4,2.46244858E-5
2.05960000E-4,4.10052643E-5
2.06000000E-4,3.38421969E-5
2.06040000E-4,4.13062439E-5
2.06080000E-4,5.06526247E-5
2.06120000E-4,4.52577842E-5
2.06160000E-4,1.45159189E-5
2.06200000E-4,6.24342131E-5
2.06240000E-4,4.14901314E-5
2.06280000E-4,2.67277288E-5
2.06320000E-4,2.49650143E-5
2.06360000E-4,4.34134733E-5
2.06400000E-4,2.24803397E-5
2.06440000E-4,3.10708001E-5
2.06480000E-4,1.04293956E-5
2.06520000E-4,2.82882644E-5
2.06560000E-4,1.39653722E-5
2.06600000E-4,4.36414301E-5
2.06640000E-4,9.93728050E-6
2.06680000E-4,1.25799885E-5
2.06720000E-4,6.26798606E-5
2.06760000E-4,5.14019458E-5
2.06800000E-4,3.42639976E-5
2.06840000E-4,3.77563913E-5
2.06880000E-4,6.32133365E-5
2.06920000E-4,5.35182637E-5
2.06960000E-4,3.91677817E-5
2.07000000E-4,1.97023816E-5
2.07040000E-4,1.51416914E-5
2.07080000E-4,3.02417424E-5
2.07120000E-4,3.27611307E-5
2.07160000E-4,5.65766020E-5
2.07200000E-4,4.58443988E-5
2.07240000E-4,3.96912822E-5
2.07280000E-4,1.60426276E-5
2.07320000E-4,2.93203022E-5
2.07360000E-4,5.78080722E-5
2.07400000E-4,1.58140318E-5
2.07440000E-4,7.25774461E-5
2.07480000E-4,2.24870727E-5
2.07520000E-4,4.14843426E-5
2.07560000E-4,4.35325395E-5
2.07600000E-4,1.25152245E-5
2.07640000E-4,3.68471868E-5
2.07680000E-4,4.12415276E-5
2.07720000E-4,2.80178595E-5
2.07760000E-4,4.69412483E-5
2.07800000E-4,1.63061850E-5
2.07840000E-4,2.75552416E-5
2.07880000E-4,2.09320398E-5
2.07920000E-4,2.83040572E-5
2.07960000E-4,1.58533137E-5
2.08000000E-4,7.51587852E-5
2.08040000E-4,3.13433984E-5
2.08080000E-4,4.56937850E-5
2.08120000E-4,5.51619787E-5
2.08160000E-4,5.46383352E-5
2.08200000E-4,1.38958493E-5
2.08240000E-4,-5.70070003E-6
2.08280000E-4,2.93684532E-5
2.08320000E-4,2.38449619E-5
2.08360000E-4,1.95490022E-5
2.08400000E-4,3.01853897E-5
2.08440000E-4,3.90318736E-5
2.08480000E-4,5.56935759E-5
2.08520000E-4,-7.54688965E-6
2.08560000E-4,1.18255272E-5
2.08600000E-4,1.80173916E-5
2.08640000E-4,4.15963707E-5
2.08680000E-4,3.15887311E-5
2.08720000E-4,5.22233455E-5
2.08760000E-4,2.49542569E-5
2.08800000E-4,5.10543887E-5
2.08840000E-4,6.44947792E-5
2.08880000E-4,3.34006171E-5
2.08920000E-4,3.39830546E-5
2.08960000E-4,4.50498259E-5
2.09000000E-4,1.35832635E-5
2.09040000E-4,4.12310753E-5
2.09080000E-4,5.45561761E-5
2.09120000E-4,2.89808704E-5
2.09160000E-4,4.34662591E-5
2.09200000E-4,2.80518008E-5
2.09240000E-4,1.77844757E-5
2.09280000E-4,-1.21872689E-5
2.09320000E-4,3.27650503E-5
2.09360000E-4,8.18827522E-5
2.09400000E-4,3.02605584E-5
2.09440000E-4,1.42242742E-6
2.09480000E-4,5.80747673E-5
2.09520000E-4,1.66695540E-5
2.09560000E-4,4.44791281E-5
2.09600000E-4,4.26547585E-5
2.09640000E-4,5.01291433E-5
2.09680000E-4,1.65836375E-5
2.09720000E-4,-2.42231084E-6
2.09760000E-4,2.97553970E-5
2.09800000E-4,7.29844076E-5
2.09840000E-4,3.16001752E-5
2.09880000E-4,2.15900847E-5
2.09920000E-4,1.40440122E-5
2.09960000E-4,2.45976208E-5
2.10000000E-4,2.41034554E-5
2.10040000E-4,7.35911719E-6
2.10080000E-4,4.14742050E-5
2.10120000E-4,2.37368439E-5
2.10160000E-4,7.75187692E-7
2.10200000E-4,4.00229224E-5
2.10240000E-4,2.81667472E-5
2.10280000E-4,4.30454122E-5
2.10320000E-4,2.45944451E-5
2.10360000E-4,1.92198605E-5
2.10400000E-4,1.24945774E-5
2.10440000E-4,3.43241935E-5
2.10480000E-4,2.49199246E-5
2.10520000E-4,7.47710784E-5
2.10560000E-4,2.77940036E-5
2.10600000E-4,2.78444243E-5
2.10640000E-4,3.47265583E-5
2.10680000E-4,-5.11044007E-8
2.10720000E-4,3.65830952E-5
2.10760000E-4,2.95183899E-5
2.10800000E-4,9.60821516E-6
2.10840000E-4,2.03536745E-5
2.10880000E-4,2.51031255E-5
2.10920000E-4,4.96700063E-5
2.10960000E-4,3.28040938E-5
2.11000000E-4,-3.60867223E-6
2.11040000E-4,4.51435244E-5
2.11080000E-4,3.66800172E-5
2.11120000E-4,3.37184577E-5
2.11160000E-4,2.40581654E-5
2.11200000E-4,2.48652695E-5
2.11240000E-4,5.43547601E-5
2.11280000E-4,4.71064247E-5
2.11320000E-4,1.00712431E-5
2.11360000E-4,2.86129047E-5
2.11400000E-4,2.79409743E-5
2.11440000E-4,1.60648387E-5
2.11480000E-4,5.11710501E-6
2.11520000E-4,5.65186758E-5
2.11560000E-4,-4.62218968E-6
2.11600000E-4,1.77114719E-5
2.11640000E-4,3.25912527E-5
2.11680000E-4,4.67015041E-5
2.11720000E-4,9.57612401E-6
2.11760000E-4,5.67959948E-5
2.11800000E-4,2.15359351E-5
2.11840000E-4,5.01401011E-5
2.11880000E-4,2.14019533E-5
2.11920000E-4,1.99776216E-5
2.11960000E-4,1.93157048E-5
2.12000000E-4,3.45736556E-5
2.12040000E-4,4.40086901E-5
2.12080000E-4,1.32525387E-5
2.12120000E-4,2.43611191E-5
2.12160000E-4,3.27949480E-5
2.12200000E-4,6.37361694E-5
2.12240000E-4,3.51592594E-5
2.12280000E-4,1.77652687E-5
2.12320000E-4,3.55638176E-5
2.12360000E-4,2.03798051E-5
2.12400000E-4,1.64987510E-5
2.12440000E-4,3.52926021E-5
2.12480000E-4,3.39426951E-5
2.12520000E-4,1.93747945E-5
2.12560000E-4,-8.66045708E-6
2.12600000E-4,6.83639125E-5
2.12640000E-4,2.21392485E-5
2.12680000E-4,4.66620506E-5
2.12720000E-4,6.48395882E-6
2.12760000E-4,2.76136447E-5
2.12800000E-4,2.10312697E-5
2.12840000E-4,9.02847650E-6
2.12880000E-4,1.80699104E-5
2.12920000E-4,3.75354631E-5
2.12960000E-4,9.48480016E-6
2.13000000E-4,3.89910086E-5
2.13040000E-4,1.93618150E-5
2.13080000E-4,1.47215501E-5
2.13120000E-4,5.13100497E-5
2.13160000E-4,8.96752565E-7
2.13200000E-4,2.88205863E-5
2.13240000E-4,3.27259020E-5
2.13280000E-4,4.89725366E-5
2.13320000E-4,-5.04938964E-7
2.13360000E-4,2.52522801E-5
2.13400000E-4,5.30063408E-5
2.13440000E-4,5.77789375E-5
2.13480000E-4,4.73255219E-5
2.13520000E-4,4.20763264E-5
2.13560000E-4,3.02611782E-5
2.13600000E-4,2.81030608E-5
2.13640000E-4,2.78018809E-5
2.13680000E-4,4.94593301E-5
2.13720000E-4,9.55697915E-5
2.13760000E-4,3.32130484E-5
2.13800000E-4,2.84097434E-5
2.13840000E-4,3.57095104E-5
2.13880000E-4,3.98588523E-5
2.13920000E-4,-1.03577209E-5
2.13960000E-4,2.52232884E-5
2.14000000E-4,-1.04928852E-5
2.14040000E-4,2.45199440E-5
2.14080000E-4,3.89615401E-5
2.14120000E-4,2.53254651E-5
2.14160000E-4,2.63632822E-5
2.14200000E-4,2.70202017E-5
2.14240000E-4,3.77582223E-5
2.14280000E-4,4.92690149E-5
2.14320000E-4,2.52965306E-5
2.14360000E-4,1.28254261E-5
2.14400000E-4,2.54270696E-5
2.14440000E-4,5.07221095E-5
2.14480000E-4,4.42104971E-5
2.14520000E-4,5.00711775E-6
2.14560000E-4,3.28378061E-5
2.14600000E-4,2.14665362E-5
2.14640000E-4,2.74719859E-5
2.14680000E-4,4.99252668E-5
2.14720000E-4,5.03075781E-7
2.14760000E-4,1.90130753E-5
2.14800000E-4,5.26273983E-5
2.14840000E-4,3.78905161E-5
2.14880000E-4,3.70569951E-5
2.14920000E-4,3.15523198E-5
2.14960000E-4,4.03333530E-5
2.15000000E-4,1.05148257E-5
2.15040000E-4,4.40395414E-5
2.15080000E-4,1.61189391E-6
2.15120000E-4,3.83868559E-5
2.15160000E-4,1.73429340E-5
2.15200000E-4,3.30394224E-5
2.15240000E-4,1.90743489E-5
2.15280000E-4,2.95319797E-5
2.15320000E-4,6.69776037E-5
2.15360000E-4,2.60156774E-5
2.15400000E-4,9.44232350E-6
2.15440000E-4,1.35210935E-5
2.15480000E-4,3.99758872E-5
2.15520000E-4,2.13983675E-5
2.15560000E-4,7.13760453E-5
2.15600000E-4,2.85593463E-5
2.15640000E-4,7.29793054E-5
2.15680000E-4,1.15217056E-5
2.15720000E-4,1.80549187E-5
2.15760000E-4,5.65471034E-6
2.15800000E-4,5.66671153E-5
2.15840000E-4,3.96809539E-5
2.15880000E-4,3.77154310E-5
2.15920000E-4,1.48580686E-5
2.15960000E-4,3.94549235E-5
2.16000000E-4,6.45174290E-5
2.16040000E-4,3.64766175E-5
2.16080000E-4,3.26263098E-5
2.16120000E-4,9.34294411E-5
2.16160000E-4,2.29768417E-5
2.16200000E-4,2.79872943E-5
2.16240000E-4,2.70189619E-5
2.16280000E-4,2.01437517E-5
2.16320000E-4,5.50911588E-5
2.16360000E-4,3.05642560E-5
2.16400000E-4,5.94124100E-5
2.16440000E-4,3.56884438E-5
2.16480000E-4,3.19845155E-5
2.16520000E-4,8.88283135E-6
2.16560000E-4,4.26348458E-5
2.16600000E-4,3.65123120E-6
2.16640000E-4,5.73376437E-5
2.16680000E-4,3.71060712E-5
2.16720000E-4,2.09714266E-5
2.16760000E-4,1.02938403E-5
2.16800000E-4,4.91812673E-5
2.16840000E-4,6.58529832E-5
2.16880000E-4,3.42557387E-5
2.16920000E-4,3.87896117E-5
2.16960000E-4,2.95584442E-5
2.17000000E-4,1.67536681E-5
2.17040000E-4,4.41462576E-5
2.17080000E-4,2.55377053E-5
2.17120000E-4,4.40893232E-5
2.17160000E-4,5.17261092E-5
2.17200000E-4,2.83092547E-5
2.17240000E-4,8.43095182E-6
2.17280000E-4,1.30507508E-5
2.17320000E-4,3.29248575E-5
2.17360000E-4,1.87186760E-5
2.17400000E-4,2.31110889E-6
2.17440000E-4,4.74764202E-6
2.17480000E-4,2.69163275E-5
2.17520000E-4,1.59255831E-5
2.17560000E-4,3.02890541E-5
2.17600000E-4,7.50775687E-6
2.17640000E-4,3.14216935E-6
2.17680000E-4,1.05476893E-5
2.17720000E-4,1.02125491E-5
2.17760000E-4,3.80245264E-5
2.17800000E-4,3.12442449E-5
2.17840000E-4,1.23050156E-5
2.17880000E-4,3.28079085E-5
2.17920000E-4,4.99524656E-5
2.17960000E-4,1.02107848E-5
2.18000000E-4,5.63166781E-5
2.18040000E-4,1.85242886E-5
2.18080000E-4,2.49472188E-5
2.18120000E-4,7.56098144E-6
2.18160000E-4,1.83713574E-5
2.18200000E-4,2.13566538E-5
2.18240000E-4,3.84505232E-5
2.18280000E-4,3.29972224E-5
2.18320000E-4,2.49187325E-5
2.18360000E-4,1.15222587E-5
2.18400000E-4,-2.29563427E-6
2.18440000E-4,1.48945181E-5
2.18480000E-4,4.41497766E-5
2.18520000E-4,8.89302613E-6
2.18560000E-4,-2.40509702E-6
2.18600000E-4,1.90897031E-5
2.18640000E-4,2.14882418E-5
2.18680000E-4,8.25358746E-6
2.18720000E-4,2.53395318E-5
2.18760000E-4,2.68180609E-5
2.18800000E-4,2.53740262E-5
2.18840000E-4,3.83543261E-5
2.18880000E-4,5.47276181E-5
2.18920000E-4,1.54202788E-5
2.18960000E-4,-1.62360054E-7
2.19000000E-4,4.98244444E-5
2.19040000E-4,2.45231961E-5
2.19080000E-4,2.12014815E-5
2.19120000E-4,4.13497028E-5
2.19160000E-4,3.75169332E-5
2.19200000E-4,1.64714282E-5
2.19240000E-4,-1.12707688E-5
2.19280000E-4,3.45802169E-5
2.19320000E-4,4.12053261E-5
2.19360000E-4,1.20672836E-5
2.19400000E-4,2.38443230E-5
2.19440000E-4,3.58061844E-5
2.19480000E-4,5.60888262E-5
2.19520000E-4,2.81413794E-5
2.19560000E-4,7.58570068E-6
2.19600000E-4,5.25123565E-5
2.19640000E-4,3.81427725E-5
2.19680000E-4,3.46043758E-7
2.19720000E-4,3.20627073E-5
2.19760000E-4,3.50248661E-6
2.19800000E-4,1.97863240E-5
2.19840000E-4,4.22182046E-5
2.19880000E-4,2.98246910E-5
2.19920000E-4,3.06937554E-5
2.19960000E-4,2.89172698E-5
2.20000000E-4,2.01489778E-5
2.20040000E-4,6.70174944E-6
2.20080000E-4,2.29712531E-5
2.20120000E-4,1.49926416E-5
2.20160000E-4,1.13237991E-5
2.20200000E-4,2.75983286E-5
2.20240000E-4,2.89947830E-6
2.20280000E-4,2.68502855E-5
2.20320000E-4,6.44906116E-5
2.20360000E-4,2.74251223E-5
2.20400000E-4,1.85512204E-5
2.20440000E-4,1.77959675E-5
2.20480000E-4,1.84077591E-5
2.20520000E-4,1.61675399E-5
2.20560000E-4,4.62949623E-5
2.20600000E-4,5.99115712E-6
2.20640000E-4,-1.12911488E-5
2.20680000E-4,1.82774014E-5
2.20720000E-4,3.42552333E-5
2.20760000E-4,1.07034339E-5
2.20800000E-4,1.30684796E-5
2.20840000E-4,4.08010349E-5
2.20880000E-4,4.61340202E-5
2.20920000E-4,6.95453990E-6
2.20960000E-4,4.82565942E-5
2.21000000E-4,-1.54469565E-5
2.21040000E-4,2.15149924E-5
2.21080000E-4,3.80414827E-5
2.21120000E-4,3.29653601E-5
2.21160000E-4,2.65193319E-5
2.21200000E-4,4.79018654E-5
2.21240000E-4,1.66891425E-5
2.21280000E-4,4.72014584E-5
2.21320000E-4,4.38138830E-5
2.21360000E-4,7.46750625E-5
2.21400000E-4,5.63969584E-5
2.21440000E-4,3.96048316E-5
2.21480000E-4,2.58619737E-5
2.21520000E-4,5.58443804E-5
2.21560000E-4,4.01179942E-5
2.21600000E-4,6.19744658E-5
2.21640000E-4,5.35081833E-5
2.21680000E-4,2.03886076E-5
2.21720000E-4,4.63711608E-5
2.21760000E-4,2.03159376E-5
2.21800000E-4,2.37661598E-5
2.21840000E-4,1.73704952E-5
2.21880000E-4,4.63567031E-5
2.21920000E-4,1.72122425E-5
2.21960000E-4,2.57205819E-5
2.22000000E-4,1.31272164E-5
2.22040000E-4,2.97303822E-5
2.22080000E-4,3.65031392E-5
2.22120000E-4,3.76897199E-5
2.22160000E-4,3.21302370E-5
2.22200000E-4,3.48923450E-5
2.22240000E-4,5.19466941E-5
2.22280000E-4,6.73579672E-5
2.22320000E-4,6.66924264E-5
2.22360000E-4,4.02003154E-5
2.22400000E-4,3.22493128E-5
2.22440000E-4,3.08044389E-5
2.22480000E-4,6.67228200E-5
2.22520000E-4,3.96480998E-5
2.22560000E-4,-3.95098411E-6
2.22600000E-4,4.89150300E-5
2.22640000E-4,4.81100812E-5
2.22680000E-4,4.29419099E-5
2.22720000E-4,8.59681487E-6
2.22760000E-4,3.54134041E-5
2.22800000E-4,3.17399839E-5
2.22840000E-4,9.47359448E-6
2.22880000E-4,4.76409592E-5
2.22920000E-4,1.21981850E-5
2.22960000E-4,2.32550190E-5
2.23000000E-4,3.65409524E-5
2.23040000E-4,2.95859386E-5
2.23080000E-4,7.52881511E-5
2.23120000E-4,7.83866678E-5
2.23160000E-4,9.48818967E-5
2.23200000E-4,1.94356484E-5
2.23240000E-4,7.71572671E-5
2.23280000E-4,7.23102933E-5
2.23320000E-4,4.47216761E-5
2.23360000E-4,3.75242288E-5
2.23400000E-4,4.70317066E-7
2.23440000E-4,7.01982860E-5
2.23480000E-4,2.71777678E-5
2.23520000E-4,3.77275522E-5
2.23560000E-4,1.35944119E-5
2.23600000E-4,2.23754165E-5
2.23640000E-4,1.80611652E-5
2.23680000E-4,2.83229194E-6
2.23720000E-4,3.57111698E-5
2.23760000E-4,7.36621935E-5
2.23800000E-4,1.06578959E-5
2.23840000E-4,3.45886665E-5
2.23880000E-4,3.24846701E-5
2.23920000E-4,3.19131616E-5
2.23960000E-4,3.66518838E-5
2.24000000E-4,3.06851056E-5
2.24040000E-4,3.03173211E-5
2.24080000E-4,5.59759779E-5
2.24120000E-4,2.32084987E-5
2.24160000E-4,5.65306159E-5
2.24200000E-4,4.02486476E-5
2.24240000E-4,2.10526129E-5
2.24280000E-4,3.60951382E-5
2.24320000E-4,2.70068026E-5
2.24360000E-4,5.49564714E-5
2.24400000E-4,4.72481598E-5
2.24440000E-4,4.58198131E-5
2.24480000E-4,3.45872646E-5
2.24520000E-4,3.96893367E-5
2.24560000E-4,3.54509788E-5
2.24600000E-4,4.32857572E-5
2.24640000E-4,4.08494339E-5
2.24680000E-4,7.87935610E-6
2.24720000E-4,5.69790049E-5
2.24760000E-4,1.76039356E-5
2.24800000E-4,4.47263777E-5
2.24840000E-4,5.29583042E-5
2.24880000E-4,3.31847147E-5
2.24920000E-4,3.50818592E-5
2.24960000E-4,-1.37515730E-6
2.25000000E-4,3.78833540E-5
2.25040000E-4,4.24794637E-5
2.25080000E-4,6.29784942E-5
2.25120000E-4,2.16579672E-5
2.25160000E-4,3.22931532E-5
2.25200000E-4,2.83439208E-5
2.25240000E-4,3.53398662E-5
2.25280000E-4,3.46120124E-5
2.25320000E-4,2.41366051E-5
2.25360000E-4,2.77912760E-5
2.25400000E-4,3.83120211E-5
2.25440000E-4,2.15228220E-5
2.25480000E-4,3.41543632E-5
2.25520000E-4,3.06279233E-5
