-1.43600000E-5,1.72579139E-5
-1.43200000E-5,1.09102286E-5
-1.42800000E-5,1.30596390E-5
-1.42400000E-5,3.87651404E-5
-1.42000000E-5,2.91735412E-5
-1.41600000E-5,1.33143368E-5
-1.41200000E-5,1.77711529E-5
-1.40800000E-5,4.60254047E-6
-1.40400000E-5,5.39268368E-5
-1.40000000E-5,4.10988006E-5
-1.39600000E-5,1.50557177E-5
-1.39200000E-5,8.45698713E-6
-1.38800000E-5,1.73335880E-5
-1.38400000E-5,4.28080426E-5
-1.38000000E-5,3.30440478E-5
-1.37600000E-5,4.45396864E-5
-1.37200000E-5,3.27383761E-5
-1.36800000E-5,4.31635057E-5
-1.36400000E-5,2.54817533E-5
-1.36000000E-5,4.34314596E-5
-1.35600000E-5,1.27674046E-5
-1.35200000E-5,1.37829629E-5
-1.34800000E-5,3.41288238E-5
-1.34400000E-5,1.73279899E-5
-1.34000000E-5,5.00182692E-5
-1.33600000E-5,6.28830790E-5
-1.33200000E-5,3.84499605E-5
-1.32800000E-5,3.61033398E-5
-1.32400000E-5,5.24114944E-6
-1.32000000E-5,3.14079717E-5
-1.31600000E-5,2.81184436E-5
-1.31200000E-5,2.54277753E-5
-1.30800000E-5,5.28608673E-5
-1.30400000E-5,5.91280529E-5
-1.30000000E-5,3.64713246E-5
-1.29600000E-5,3.65467316E-5
-1.29200000E-5,-2.70788863E-6
-1.28800000E-5,4.54479945E-5
-1.28400000E-5,3.86135348E-5
-1.28000000E-5,2.22744128E-5
-1.27600000E-5,3.47799736E-5
-1.27200000E-5,2.26985690E-5
-1.26800000E-5,1.14789905E-5
-1.26400000E-5,2.14103934E-5
-1.26000000E-5,1.28530350E-5
-1.25600000E-5,2.00888200E-5
-1.25200000E-5,2.02992578E-5
-1.24800000E-5,1.10413779E-5
-1.24400000E-5,-8.72415299E-6
-1.24000000E-5,4.69188656E-5
-1.23600000E-5,2.14527556E-5
-1.23200000E-5,2.24295852E-5
-1.22800000E-5,2.45759247E-5
-1.22400000E-5,2.67849874E-5
-1.22000000E-5,1.31016675E-5
-1.21600000E-5,-1.58443241E-5
-1.21200000E-5,4.99416223E-5
-1.20800000E-5,3.40449656E-6
-1.20400000E-5,2.55790567E-5
-1.20000000E-5,1.82607121E-5
-1.19600000E-5,-3.17646853E-7
-1.19200000E-5,1.75097316E-5
-1.18800000E-5,-8.57053512E-6
-1.18400000E-5,1.20520630E-5
-1.18000000E-5,6.16549833E-6
-1.17600000E-5,1.05967845E-5
-1.17200000E-5,2.29812190E-5
-1.16800000E-5,1.33438245E-5
-1.16400000E-5,1.20006981E-5
-1.16000000E-5,5.89106747E-7
-1.15600000E-5,6.60254170E-5
-1.15200000E-5,1.22930470E-5
-1.14800000E-5,1.17588367E-5
-1.14400000E-5,2.67466211E-5
-1.14000000E-5,1.52993242E-5
-1.13600000E-5,1.00495947E-5
-1.13200000E-5,-2.96451287E-6
-1.12800000E-5,5.06897894E-5
-1.12400000E-5,1.27219715E-5
-1.12000000E-5,-1.31357267E-5
-1.11600000E-5,3.81003244E-5
-1.11200000E-5,3.25688700E-5
-1.10800000E-5,3.98970470E-5
-1.10400000E-5,1.01021121E-6
-1.10000000E-5,1.08063830E-5
-1.09600000E-5,7.53127368E-5
-1.09200000E-5,5.15859763E-5
-1.08800000E-5,-6.41786317E-6
-1.08400000E-5,1.84201187E-5
-1.08000000E-5,2.88053085E-5
-1.07600000E-5,2.88730575E-5
-1.07200000E-5,3.42145496E-5
-1.06800000E-5,2.21278712E-5
-1.06400000E-5,4.66576351E-5
-1.06000000E-5,3.38906436E-5
-1.05600000E-5,7.37377516E-6
-1.05200000E-5,1.52025644E-5
-1.04800000E-5,1.65483230E-5
-1.04400000E-5,5.01666037E-5
-1.04000000E-5,3.52642303E-5
-1.03600000E-5,4.72837319E-5
-1.03200000E-5,3.08099511E-5
-1.02800000E-5,3.91867884E-5
-1.02400000E-5,1.20083656E-5
-1.02000000E-5,4.15773926E-5
-1.01600000E-5,4.16164074E-5
-1.01200000E-5,3.68679482E-5
-1.00800000E-5,5.25372093E-5
-1.00400000E-5,4.14238606E-5
-1.00000000E-5,5.75877639E-5
-9.96000000E-6,2.49691819E-5
-9.92000000E-6,6.04621576E-5
-9.88000000E-6,4.45589888E-5
-9.84000000E-6,3.56547981E-5
-9.80000000E-6,3.83952387E-5
-9.76000000E-6,5.31738251E-5
-9.72000000E-6,3.29275374E-5
-9.68000000E-6,5.50145215E-5
-9.64000000E-6,2.70843363E-5
-9.60000000E-6,1.31689683E-5
-9.56000000E-6,1.83422322E-5
-9.52000000E-6,2.39078377E-5
-9.48000000E-6,4.12138996E-5
-9.44000000E-6,4.54792464E-5
-9.40000000E-6,1.30705491E-5
-9.36000000E-6,1.52305548E-5
-9.32000000E-6,5.65055342E-5
-9.28000000E-6,3.54158550E-5
-9.24000000E-6,1.15951290E-5
-9.20000000E-6,2.30303523E-5
-9.16000000E-6,6.09259962E-5
-9.12000000E-6,1.84348149E-5
-9.08000000E-6,4.47397673E-5
-9.04000000E-6,4.01683864E-5
-9.00000000E-6,6.53198315E-5
-8.96000000E-6,4.24846230E-5
-8.92000000E-6,2.26002643E-5
-8.88000000E-6,4.03262481E-5
-8.84000000E-6,5.88979790E-5
-8.80000000E-6,-4.24215044E-6
-8.76000000E-6,2.26559398E-5
-8.72000000E-6,4.73344101E-5
-8.68000000E-6,4.22051201E-5
-8.64000000E-6,2.58773755E-5
-8.60000000E-6,2.73876238E-5
-8.56000000E-6,3.95406493E-5
-8.52000000E-6,3.00655415E-5
-8.48000000E-6,2.47800301E-5
-8.44000000E-6,1.16901340E-5
-8.40000000E-6,2.84544707E-5
-8.36000000E-6,3.59218556E-5
-8.32000000E-6,3.26400904E-5
-8.28000000E-6,8.99939897E-6
-8.24000000E-6,2.38418053E-5
-8.20000000E-6,4.13827271E-6
-8.16000000E-6,3.72454984E-5
-8.12000000E-6,2.00677057E-5
-8.08000000E-6,2.23406741E-5
-8.04000000E-6,9.68449804E-7
-8.00000000E-6,2.22621676E-5
-7.96000000E-6,-2.62727454E-6
-7.92000000E-6,6.55212666E-5
-7.88000000E-6,4.50630343E-5
-7.84000000E-6,1.29620877E-5
-7.80000000E-6,3.03621819E-5
-7.76000000E-6,4.31398546E-5
-7.72000000E-6,6.08337663E-5
-7.68000000E-6,-8.83719354E-7
-7.64000000E-6,4.80907883E-5
-7.60000000E-6,5.67965384E-5
-7.56000000E-6,3.19265035E-5
-7.52000000E-6,1.24448528E-5
-7.48000000E-6,6.05022596E-5
-7.44000000E-6,4.45468867E-5
-7.40000000E-6,4.78347268E-5
-7.36000000E-6,6.96576480E-5
-7.32000000E-6,4.75497975E-5
-7.28000000E-6,5.60854216E-5
-7.24000000E-6,4.26108609E-5
-7.20000000E-6,3.85228403E-5
-7.16000000E-6,4.52848685E-5
-7.12000000E-6,3.08998540E-5
-7.08000000E-6,7.48846038E-5
-7.04000000E-6,4.95617246E-6
-7.00000000E-6,4.89372792E-5
-6.96000000E-6,2.06427141E-5
-6.92000000E-6,3.30888800E-5
-6.88000000E-6,4.84698548E-5
-6.84000000E-6,3.59891945E-5
-6.80000000E-6,4.72986759E-5
-6.76000000E-6,8.34335507E-5
-6.72000000E-6,5.18237750E-5
-6.68000000E-6,4.04020938E-5
-6.64000000E-6,5.52660627E-5
-6.60000000E-6,3.69195802E-5
-6.56000000E-6,4.85508695E-5
-6.52000000E-6,7.47871001E-5
-6.48000000E-6,3.68513925E-5
-6.44000000E-6,3.38873725E-5
-6.40000000E-6,3.12426427E-5
-6.36000000E-6,4.66630996E-5
-6.32000000E-6,6.01794503E-5
-6.28000000E-6,2.90147068E-5
-6.24000000E-6,4.24732934E-5
-6.20000000E-6,4.94243112E-5
-6.16000000E-6,2.86990119E-5
-6.12000000E-6,4.09833107E-5
-6.08000000E-6,3.40409236E-5
-6.04000000E-6,2.92591144E-5
-6.00000000E-6,3.28391245E-7
-5.96000000E-6,3.56669003E-5
-5.92000000E-6,1.27882424E-5
-5.88000000E-6,1.26857605E-5
-5.84000000E-6,1.64817088E-5
-5.80000000E-6,2.36638496E-5
-5.76000000E-6,6.24184298E-5
-5.72000000E-6,1.38031808E-5
-5.68000000E-6,7.89014994E-5
-5.64000000E-6,2.02191514E-7
-5.60000000E-6,2.22290847E-5
-5.56000000E-6,3.05324795E-5
-5.52000000E-6,2.79477168E-5
-5.48000000E-6,6.40455795E-5
-5.44000000E-6,2.77039099E-5
-5.40000000E-6,5.81369850E-5
-5.36000000E-6,4.42537653E-5
-5.32000000E-6,1.69620746E-5
-5.28000000E-6,2.77910376E-5
-5.24000000E-6,2.88362552E-5
-5.20000000E-6,4.70904697E-5
-5.16000000E-6,1.64783805E-5
-5.12000000E-6,1.43246007E-6
-5.08000000E-6,4.32655488E-5
-5.04000000E-6,6.23044276E-5
-5.00000000E-6,2.92426826E-5
-4.96000000E-6,3.48460727E-5
-4.92000000E-6,2.16657588E-5
-4.88000000E-6,2.31618640E-5
-4.84000000E-6,4.98646227E-5
-4.80000000E-6,3.40269427E-5
-4.76000000E-6,4.00221786E-5
-4.72000000E-6,6.78727495E-6
-4.68000000E-6,4.94723097E-5
-4.64000000E-6,3.33749060E-5
-4.60000000E-6,1.56623785E-5
-4.56000000E-6,1.28315392E-5
-4.52000000E-6,5.73794147E-5
-4.48000000E-6,7.41798575E-5
-4.44000000E-6,1.28506970E-6
-4.40000000E-6,3.58637005E-5
-4.36000000E-6,3.73561914E-5
-4.32000000E-6,3.00329354E-5
-4.28000000E-6,1.49007932E-5
-4.24000000E-6,2.77807475E-5
-4.20000000E-6,5.02560965E-5
-4.16000000E-6,4.39292871E-5
-4.12000000E-6,3.01140358E-5
-4.08000000E-6,3.70828206E-5
-4.04000000E-6,2.26852557E-5
-4.00000000E-6,6.04479573E-5
-3.96000000E-6,-8.50784057E-6
-3.92000000E-6,2.60400533E-5
-3.88000000E-6,3.98102530E-5
-3.84000000E-6,3.36171298E-5
-3.80000000E-6,1.33215276E-5
-3.76000000E-6,3.74264009E-5
-3.72000000E-6,4.15927086E-5
-3.68000000E-6,6.39497924E-5
-3.64000000E-6,2.87892677E-5
-3.60000000E-6,2.77638388E-5
-3.56000000E-6,4.53671515E-5
-3.52000000E-6,4.44141924E-5
-3.48000000E-6,5.19259326E-5
-3.44000000E-6,4.12772427E-5
-3.40000000E-6,4.98829142E-5
-3.36000000E-6,4.97152010E-5
-3.32000000E-6,3.91676577E-5
-3.28000000E-6,1.28720608E-5
-3.24000000E-6,3.78553732E-5
-3.20000000E-6,2.71660853E-5
-3.16000000E-6,3.30158190E-5
-3.12000000E-6,5.24328678E-5
-3.08000000E-6,4.46653426E-5
-3.04000000E-6,4.01646003E-5
-3.00000000E-6,5.73322635E-6
-2.96000000E-6,4.43196737E-5
-2.92000000E-6,6.60828855E-5
-2.88000000E-6,4.10028324E-5
-2.84000000E-6,3.34282164E-5
-2.80000000E-6,1.75667137E-5
-2.76000000E-6,5.76846000E-5
-2.72000000E-6,4.81519284E-5
-2.68000000E-6,4.70585503E-5
-2.64000000E-6,3.31424193E-5
-2.60000000E-6,3.40229564E-5
-2.56000000E-6,2.64788294E-5
-2.52000000E-6,2.37330006E-5
-2.48000000E-6,1.91614671E-5
-2.44000000E-6,1.57344954E-5
-2.40000000E-6,2.94170238E-5
-2.36000000E-6,2.36733291E-5
-2.32000000E-6,3.90741309E-5
-2.28000000E-6,4.88175725E-6
-2.24000000E-6,2.21225497E-5
-2.20000000E-6,1.15197029E-5
-2.16000000E-6,4.20894204E-5
-2.12000000E-6,2.71411181E-5
-2.08000000E-6,4.43082678E-5
-2.04000000E-6,2.73341513E-5
-2.00000000E-6,3.40960174E-5
-1.96000000E-6,3.26351694E-5
-1.92000000E-6,4.16754875E-5
-1.88000000E-6,4.13737259E-5
-1.84000000E-6,6.80665091E-5
-1.80000000E-6,1.93110413E-5
-1.76000000E-6,3.38635116E-5
-1.72000000E-6,5.41653890E-5
-1.68000000E-6,5.53617639E-5
-1.64000000E-6,4.05653438E-5
-1.60000000E-6,4.32795392E-5
-1.56000000E-6,4.26527081E-5
-1.52000000E-6,3.15261319E-5
-1.48000000E-6,7.32601721E-5
-1.44000000E-6,3.93931826E-5
-1.40000000E-6,3.66928727E-5
-1.36000000E-6,4.52013076E-5
-1.32000000E-6,6.93271030E-6
-1.28000000E-6,1.48995630E-5
-1.24000000E-6,1.51389639E-5
-1.20000000E-6,3.23814730E-5
-1.16000000E-6,5.61682863E-5
-1.12000000E-6,2.72243738E-5
-1.08000000E-6,3.15499357E-5
-1.04000000E-6,4.46653902E-5
-1.00000000E-6,1.76250595E-5
-9.60000000E-7,3.44070487E-5
-9.20000000E-7,4.73186554E-5
-8.80000000E-7,1.86861271E-5
-8.40000000E-7,1.53124182E-5
-8.00000000E-7,2.53007363E-5
-7.60000000E-7,4.27399217E-5
-7.20000000E-7,5.67036601E-5
-6.80000000E-7,9.47990781E-6
-6.40000000E-7,7.49888118E-5
-6.00000000E-7,5.49617166E-5
-5.60000000E-7,1.75028461E-5
-5.20000000E-7,3.59207016E-5
-4.80000000E-7,2.09298845E-5
-4.40000000E-7,5.98784516E-5
-4.00000000E-7,1.81060165E-5
-3.60000000E-7,4.02517757E-5
-3.20000000E-7,4.57734439E-6
-2.80000000E-7,3.84927233E-5
-2.40000000E-7,3.43807559E-5
-2.00000000E-7,4.17350540E-5
-1.60000000E-7,4.02185020E-5
-1.20000000E-7,9.27480106E-6
-8.00000000E-8,3.43402534E-5
-4.00000000E-8,4.04335651E-5
0.00000000E+0,4.76991906E-5
4.00000000E-8,3.37711291E-5
8.00000000E-8,4.77018799E-5
1.20000000E-7,4.67452873E-5
1.60000000E-7,1.51556532E-5
2.00000000E-7,1.37548390E-5
2.40000000E-7,2.85378219E-5
2.80000000E-7,-1.16160275E-5
3.20000000E-7,2.98448994E-5
3.60000000E-7,5.23935653E-6
4.00000000E-7,-9.63382483E-6
4.40000000E-7,-8.42378371E-6
4.80000000E-7,-2.06904109E-5
5.20000000E-7,-3.34102432E-5
5.60000000E-7,-1.00448680E-5
6.00000000E-7,-3.68457693E-5
6.40000000E-7,-1.12767338E-4
6.80000000E-7,-8.96726542E-5
7.20000000E-7,-1.46960017E-4
7.60000000E-7,-1.75700253E-4
8.00000000E-7,-1.28474613E-4
8.40000000E-7,-2.35447305E-4
8.80000000E-7,-2.09773303E-4
9.20000000E-7,-1.51666257E-4
9.60000000E-7,-1.67466133E-4
1.00000000E-6,-2.29583886E-4
1.04000000E-6,-2.34177411E-4
1.08000000E-6,-2.47973102E-4
1.12000000E-6,-2.97801301E-4
1.16000000E-6,-2.77235666E-4
1.20000000E-6,-3.23238029E-4
1.24000000E-6,-3.83167604E-4
1.28000000E-6,-4.33369195E-4
1.32000000E-6,-3.70308134E-4
1.36000000E-6,-3.25510492E-4
1.40000000E-6,-4.21436497E-4
1.44000000E-6,-2.65911422E-4
1.48000000E-6,-3.51881162E-4
1.52000000E-6,-4.23036457E-4
1.56000000E-6,-3.11855295E-4
1.60000000E-6,-5.05779525E-4
1.64000000E-6,-4.71422118E-4
1.68000000E-6,-5.64025160E-4
1.72000000E-6,-5.06075927E-4
1.76000000E-6,-4.66329192E-4
1.80000000E-6,-5.24289182E-4
1.84000000E-6,-5.39178337E-4
1.88000000E-6,-5.72511240E-4
1.92000000E-6,-6.51260502E-4
1.96000000E-6,-6.40897618E-4
2.00000000E-6,-6.77897066E-4
2.04000000E-6,-6.09025573E-4
2.08000000E-6,-6.67339042E-4
2.12000000E-6,-5.75117518E-4
2.16000000E-6,-7.64999942E-4
2.20000000E-6,-7.04458642E-4
2.24000000E-6,-7.83556119E-4
2.28000000E-6,-7.20690161E-4
2.32000000E-6,-7.28886783E-4
2.36000000E-6,-7.64152212E-4
2.40000000E-6,-8.20668958E-4
2.44000000E-6,-8.58814894E-4
2.48000000E-6,-9.45363533E-4
2.52000000E-6,-7.64086198E-4
2.56000000E-6,-6.91295485E-4
2.60000000E-6,-8.26064152E-4
2.64000000E-6,-7.69026232E-4
2.68000000E-6,-8.48899465E-4
2.72000000E-6,-8.34727320E-4
2.76000000E-6,-9.58183472E-4
2.80000000E-6,-9.14853859E-4
2.84000000E-6,-8.05535891E-4
2.88000000E-6,-8.42117562E-4
2.92000000E-6,-9.55532448E-4
2.96000000E-6,-9.94527450E-4
3.00000000E-6,-8.36859059E-4
3.04000000E-6,-8.34601988E-4
3.08000000E-6,-8.56434904E-4
3.12000000E-6,-9.23378230E-4
3.16000000E-6,-9.37936212E-4
3.20000000E-6,-9.00989503E-4
3.24000000E-6,-9.39742719E-4
3.28000000E-6,-1.15019743E-3
3.32000000E-6,-1.01100664E-3
3.36000000E-6,-1.07952168E-3
3.40000000E-6,-1.12368020E-3
3.44000000E-6,-1.03580336E-3
3.48000000E-6,-1.24795880E-3
3.52000000E-6,-1.12188770E-3
3.56000000E-6,-1.09022035E-3
3.60000000E-6,-1.19000681E-3
3.64000000E-6,-1.17971246E-3
3.68000000E-6,-1.13324577E-3
3.72000000E-6,-1.17964482E-3
3.76000000E-6,-1.18402251E-3
3.80000000E-6,-1.14876201E-3
3.84000000E-6,-1.19409864E-3
3.88000000E-6,-1.17764705E-3
3.92000000E-6,-1.13986061E-3
3.96000000E-6,-1.39932293E-3
4.00000000E-6,-1.22233450E-3
4.04000000E-6,-1.29256775E-3
4.08000000E-6,-1.26358513E-3
4.12000000E-6,-1.20927652E-3
4.16000000E-6,-1.32066895E-3
4.20000000E-6,-1.34587069E-3
4.24000000E-6,-1.38066913E-3
4.28000000E-6,-1.36673380E-3
4.32000000E-6,-1.26960646E-3
4.36000000E-6,-1.33676626E-3
4.40000000E-6,-1.25769138E-3
4.44000000E-6,-1.16006090E-3
4.48000000E-6,-1.23185271E-3
4.52000000E-6,-1.35520683E-3
4.56000000E-6,-1.42356911E-3
4.60000000E-6,-1.40446070E-3
4.64000000E-6,-1.39102067E-3
4.68000000E-6,-1.38590292E-3
4.72000000E-6,-1.35880392E-3
4.76000000E-6,-1.42089062E-3
4.80000000E-6,-1.50424254E-3
4.84000000E-6,-1.56510321E-3
4.88000000E-6,-1.59556057E-3
4.92000000E-6,-1.40278912E-3
4.96000000E-6,-1.43039340E-3
5.00000000E-6,-1.48607272E-3
5.04000000E-6,-1.44420207E-3
5.08000000E-6,-1.52504568E-3
5.12000000E-6,-1.61863480E-3
5.16000000E-6,-1.47395340E-3
5.20000000E-6,-1.49137667E-3
5.24000000E-6,-1.54590119E-3
5.28000000E-6,-1.47394115E-3
5.32000000E-6,-1.71460372E-3
5.36000000E-6,-1.66147423E-3
5.40000000E-6,-1.64106636E-3
5.44000000E-6,-1.62437444E-3
5.48000000E-6,-1.59298492E-3
5.52000000E-6,-1.70522141E-3
5.56000000E-6,-1.61839183E-3
5.60000000E-6,-1.67919711E-3
5.64000000E-6,-1.62716437E-3
5.68000000E-6,-1.79234044E-3
5.72000000E-6,-1.86090576E-3
5.76000000E-6,-1.77053431E-3
5.80000000E-6,-1.76223010E-3
5.84000000E-6,-1.70733640E-3
5.88000000E-6,-1.73738848E-3
5.92000000E-6,-1.67877836E-3
5.96000000E-6,-1.81982460E-3
6.00000000E-6,-1.78321174E-3
6.04000000E-6,-1.76861933E-3
6.08000000E-6,-1.64119750E-3
6.12000000E-6,-1.70346404E-3
6.16000000E-6,-1.70550276E-3
6.20000000E-6,-1.73146047E-3
6.24000000E-6,-1.82135083E-3
6.28000000E-6,-1.81857594E-3
6.32000000E-6,-1.76308430E-3
6.36000000E-6,-1.85517792E-3
6.40000000E-6,-1.82721039E-3
6.44000000E-6,-2.03630348E-3
6.48000000E-6,-1.90724023E-3
6.52000000E-6,-1.78377226E-3
6.56000000E-6,-1.75380503E-3
6.60000000E-6,-1.75321810E-3
6.64000000E-6,-1.96522560E-3
6.68000000E-6,-1.92980361E-3
6.72000000E-6,-1.86946101E-3
6.76000000E-6,-2.06283925E-3
6.80000000E-6,-1.82879512E-3
6.84000000E-6,-1.98136050E-3
6.88000000E-6,-1.95952394E-3
6.92000000E-6,-1.98323813E-3
6.96000000E-6,-1.84896833E-3
7.00000000E-6,-1.89656552E-3
7.04000000E-6,-1.92465803E-3
7.08000000E-6,-1.86785531E-3
7.12000000E-6,-1.96429843E-3
7.16000000E-6,-1.87961215E-3
7.20000000E-6,-2.07838453E-3
7.24000000E-6,-1.96568084E-3
7.28000000E-6,-2.02996909E-3
7.32000000E-6,-1.86754324E-3
7.36000000E-6,-2.25627703E-3
7.40000000E-6,-2.03678930E-3
7.44000000E-6,-1.86250975E-3
7.48000000E-6,-2.04065350E-3
7.52000000E-6,-1.98378503E-3
7.56000000E-6,-2.13816914E-3
7.60000000E-6,-2.06470899E-3
7.64000000E-6,-2.00616345E-3
7.68000000E-6,-2.01176543E-3
7.72000000E-6,-2.20832699E-3
7.76000000E-6,-2.10493144E-3
7.80000000E-6,-2.30262681E-3
7.84000000E-6,-2.07000577E-3
7.88000000E-6,-2.17469242E-3
7.92000000E-6,-2.14971739E-3
7.96000000E-6,-2.13000162E-3
8.00000000E-6,-2.16102949E-3
8.04000000E-6,-2.07160603E-3
8.08000000E-6,-2.04613936E-3
8.12000000E-6,-2.18835198E-3
8.16000000E-6,-2.17740858E-3
8.20000000E-6,-2.13054231E-3
8.24000000E-6,-2.24379936E-3
8.28000000E-6,-2.12588104E-3
8.32000000E-6,-2.23691805E-3
8.36000000E-6,-2.16213450E-3
8.40000000E-6,-2.01160553E-3
8.44000000E-6,-2.15236310E-3
8.48000000E-6,-2.21965508E-3
8.52000000E-6,-2.34849073E-3
8.56000000E-6,-2.16133411E-3
8.60000000E-6,-2.26933004E-3
8.64000000E-6,-2.26822566E-3
8.68000000E-6,-2.35990378E-3
8.72000000E-6,-2.37231832E-3
8.76000000E-6,-2.16008113E-3
8.80000000E-6,-2.31826719E-3
8.84000000E-6,-2.20075345E-3
8.88000000E-6,-2.24733549E-3
8.92000000E-6,-2.32001849E-3
8.96000000E-6,-2.27871617E-3
9.00000000E-6,-2.41151644E-3
9.04000000E-6,-2.41620198E-3
9.08000000E-6,-2.49890886E-3
9.12000000E-6,-2.24793225E-3
9.16000000E-6,-2.40014880E-3
9.20000000E-6,-2.21616019E-3
9.24000000E-6,-2.26629459E-3
9.28000000E-6,-2.31901394E-3
9.32000000E-6,-2.57114643E-3
9.36000000E-6,-2.37187571E-3
9.40000000E-6,-2.42823898E-3
9.44000000E-6,-2.58374852E-3
9.48000000E-6,-2.48924905E-3
9.52000000E-6,-2.42190544E-3
9.56000000E-6,-2.28786370E-3
9.60000000E-6,-2.36422848E-3
9.64000000E-6,-2.48565500E-3
9.68000000E-6,-2.40967633E-3
9.72000000E-6,-2.56434832E-3
9.76000000E-6,-2.31603932E-3
9.80000000E-6,-2.71472514E-3
9.84000000E-6,-2.50395703E-3
9.88000000E-6,-2.51429303E-3
9.92000000E-6,-2.59271298E-3
9.96000000E-6,-2.53014263E-3
1.00000000E-5,-2.65138166E-3
1.00400000E-5,-2.58253587E-3
1.00800000E-5,-2.64044649E-3
1.01200000E-5,-2.60427578E-3
1.01600000E-5,-2.44399758E-3
1.02000000E-5,-2.43797286E-3
1.02400000E-5,-2.47193755E-3
1.02800000E-5,-2.80544204E-3
1.03200000E-5,-2.67739872E-3
1.03600000E-5,-2.38782687E-3
1.04000000E-5,-2.55273470E-3
1.04400000E-5,-2.60050929E-3
1.04800000E-5,-2.55491920E-3
1.05200000E-5,-2.66799238E-3
1.05600000E-5,-2.66960567E-3
1.06000000E-5,-2.49830869E-3
1.06400000E-5,-2.45535688E-3
1.06800000E-5,-2.51303843E-3
1.07200000E-5,-2.78267076E-3
1.07600000E-5,-2.61899066E-3
1.08000000E-5,-2.64769389E-3
1.08400000E-5,-2.77677218E-3
1.08800000E-5,-2.42079709E-3
1.09200000E-5,-2.59111355E-3
1.09600000E-5,-2.60279500E-3
1.10000000E-5,-2.76026975E-3
1.10400000E-5,-2.69377830E-3
1.10800000E-5,-2.70213952E-3
1.11200000E-5,-2.86633197E-3
1.11600000E-5,-2.84738298E-3
1.12000000E-5,-2.54830949E-3
1.12400000E-5,-2.47710990E-3
1.12800000E-5,-2.70780985E-3
1.13200000E-5,-2.68426803E-3
1.13600000E-5,-2.62532000E-3
1.14000000E-5,-2.66236439E-3
1.14400000E-5,-2.70935653E-3
1.14800000E-5,-2.83364046E-3
1.15200000E-5,-2.71101883E-3
1.15600000E-5,-2.63150858E-3
1.16000000E-5,-2.68519933E-3
1.16400000E-5,-2.85597096E-3
1.16800000E-5,-2.59341215E-3
1.17200000E-5,-2.72684082E-3
1.17600000E-5,-2.83450419E-3
1.18000000E-5,-2.86867635E-3
1.18400000E-5,-2.94900566E-3
1.18800000E-5,-2.70776513E-3
1.19200000E-5,-2.74294221E-3
1.19600000E-5,-2.77643115E-3
1.20000000E-5,-2.97409043E-3
1.20400000E-5,-2.96678616E-3
1.20800000E-5,-2.89836713E-3
1.21200000E-5,-2.70703790E-3
1.21600000E-5,-2.73398819E-3
1.22000000E-5,-2.95107407E-3
1.22400000E-5,-2.82968805E-3
1.22800000E-5,-2.70871081E-3
1.23200000E-5,-2.72941608E-3
1.23600000E-5,-2.77331760E-3
1.24000000E-5,-3.02848831E-3
1.24400000E-5,-2.79838642E-3
1.24800000E-5,-2.80863032E-3
1.25200000E-5,-2.68284795E-3
1.25600000E-5,-2.78316595E-3
1.26000000E-5,-2.73494537E-3
1.26400000E-5,-2.72562689E-3
1.26800000E-5,-2.80795946E-3
1.27200000E-5,-2.97036031E-3
1.27600000E-5,-2.62325091E-3
1.28000000E-5,-2.81209953E-3
1.28400000E-5,-2.70821288E-3
1.28800000E-5,-2.87978810E-3
1.29200000E-5,-2.95544537E-3
1.29600000E-5,-2.90856919E-3
1.30000000E-5,-3.03086977E-3
1.30400000E-5,-2.66519702E-3
1.30800000E-5,-2.95254588E-3
1.31200000E-5,-3.09723128E-3
1.31600000E-5,-2.93033530E-3
1.32000000E-5,-2.83126641E-3
1.32400000E-5,-2.74144002E-3
1.32800000E-5,-3.23625904E-3
1.33200000E-5,-2.88933199E-3
1.33600000E-5,-2.80757342E-3
1.34000000E-5,-3.32050921E-3
1.34400000E-5,-2.88412120E-3
1.34800000E-5,-2.87366359E-3
1.35200000E-5,-2.97760466E-3
1.35600000E-5,-2.90044089E-3
1.36000000E-5,-2.98747361E-3
1.36400000E-5,-2.95038775E-3
1.36800000E-5,-2.99425147E-3
1.37200000E-5,-3.19183217E-3
1.37600000E-5,-3.11257440E-3
1.38000000E-5,-3.17557754E-3
1.38400000E-5,-2.96532374E-3
1.38800000E-5,-3.10814422E-3
1.39200000E-5,-2.93131386E-3
1.39600000E-5,-2.97999485E-3
1.40000000E-5,-3.13550144E-3
1.40400000E-5,-2.93216005E-3
1.40800000E-5,-3.07653596E-3
1.41200000E-5,-3.08781805E-3
1.41600000E-5,-3.00223190E-3
1.42000000E-5,-3.07821230E-3
1.42400000E-5,-3.04138057E-3
1.42800000E-5,-2.98793995E-3
1.43200000E-5,-2.93769503E-3
1.43600000E-5,-2.93553890E-3
1.44000000E-5,-3.16360966E-3
1.44400000E-5,-3.20787854E-3
1.44800000E-5,-2.97473986E-3
1.45200000E-5,-3.02173549E-3
1.45600000E-5,-2.99620207E-3
1.46000000E-5,-3.12381656E-3
1.46400000E-5,-3.16328071E-3
1.46800000E-5,-3.09202680E-3
1.47200000E-5,-3.07906827E-3
1.47600000E-5,-3.15018868E-3
1.48000000E-5,-3.06869218E-3
1.48400000E-5,-3.10580623E-3
1.48800000E-5,-3.23157507E-3
1.49200000E-5,-3.03682431E-3
1.49600000E-5,-3.17637801E-3
1.50000000E-5,-3.10249133E-3
1.50400000E-5,-2.93997012E-3
1.50800000E-5,-3.22415044E-3
1.51200000E-5,-2.89163396E-3
1.51600000E-5,-3.35701204E-3
1.52000000E-5,-3.21534176E-3
1.52400000E-5,-3.21348920E-3
1.52800000E-5,-3.21068050E-3
1.53200000E-5,-3.07775146E-3
1.53600000E-5,-3.31171865E-3
1.54000000E-5,-3.01435950E-3
1.54400000E-5,-3.28795047E-3
1.54800000E-5,-3.17005376E-3
1.55200000E-5,-2.89186481E-3
1.55600000E-5,-3.04862655E-3
1.56000000E-5,-3.22682778E-3
1.56400000E-5,-3.02203794E-3
1.56800000E-5,-3.01701918E-3
1.57200000E-5,-3.10871749E-3
1.57600000E-5,-2.98253031E-3
1.58000000E-5,-3.25175959E-3
1.58400000E-5,-3.37356456E-3
1.58800000E-5,-3.33897103E-3
1.59200000E-5,-3.12366655E-3
1.59600000E-5,-3.16854638E-3
1.60000000E-5,-2.99523529E-3
1.60400000E-5,-3.15237139E-3
1.60800000E-5,-3.38592745E-3
1.61200000E-5,-3.08141955E-3
1.61600000E-5,-3.24852595E-3
1.62000000E-5,-3.34436043E-3
1.62400000E-5,-2.94269238E-3
1.62800000E-5,-3.14186030E-3
1.63200000E-5,-3.12559396E-3
1.63600000E-5,-2.99085440E-3
1.64000000E-5,-3.07508402E-3
1.64400000E-5,-3.16965708E-3
1.64800000E-5,-3.23958660E-3
1.65200000E-5,-3.41030752E-3
1.65600000E-5,-2.97522708E-3
1.66000000E-5,-3.30975095E-3
1.66400000E-5,-3.20301181E-3
1.66800000E-5,-3.03214238E-3
1.67200000E-5,-3.17206347E-3
1.67600000E-5,-3.14309693E-3
1.68000000E-5,-3.14186544E-3
1.68400000E-5,-3.20241886E-3
1.68800000E-5,-3.24683618E-3
1.69200000E-5,-3.34288091E-3
1.69600000E-5,-3.23144346E-3
1.70000000E-5,-3.28376094E-3
1.70400000E-5,-3.32233491E-3
1.70800000E-5,-3.46878070E-3
1.71200000E-5,-3.48222852E-3
1.71600000E-5,-3.24069312E-3
1.72000000E-5,-3.12122142E-3
1.72400000E-5,-3.36151407E-3
1.72800000E-5,-3.49045637E-3
1.73200000E-5,-3.26253653E-3
1.73600000E-5,-3.30316120E-3
1.74000000E-5,-3.24424507E-3
1.74400000E-5,-3.07743824E-3
1.74800000E-5,-3.23003052E-3
1.75200000E-5,-3.28164968E-3
1.75600000E-5,-3.43003140E-3
1.76000000E-5,-3.41712386E-3
1.76400000E-5,-3.47715708E-3
1.76800000E-5,-3.22087546E-3
1.77200000E-5,-3.30171150E-3
1.77600000E-5,-3.32228777E-3
1.78000000E-5,-3.16200385E-3
1.78400000E-5,-3.31925055E-3
1.78800000E-5,-3.35333530E-3
1.79200000E-5,-3.14614966E-3
1.79600000E-5,-3.12898252E-3
1.80000000E-5,-3.19360804E-3
1.80400000E-5,-3.31480127E-3
1.80800000E-5,-3.36891976E-3
1.81200000E-5,-3.68512240E-3
1.81600000E-5,-3.25766489E-3
1.82000000E-5,-3.17109777E-3
1.82400000E-5,-3.23742272E-3
1.82800000E-5,-3.37609600E-3
1.83200000E-5,-3.47446673E-3
1.83600000E-5,-3.29309965E-3
1.84000000E-5,-3.33563766E-3
1.84400000E-5,-3.40831622E-3
1.84800000E-5,-3.46595553E-3
1.85200000E-5,-3.38396387E-3
1.85600000E-5,-3.48823950E-3
1.86000000E-5,-3.32272417E-3
1.86400000E-5,-3.31798141E-3
1.86800000E-5,-3.25753084E-3
1.87200000E-5,-3.39461421E-3
1.87600000E-5,-3.59867015E-3
1.88000000E-5,-3.20029128E-3
1.88400000E-5,-3.28990205E-3
1.88800000E-5,-3.26105122E-3
1.89200000E-5,-3.73080019E-3
1.89600000E-5,-3.21825705E-3
1.90000000E-5,-3.28498688E-3
1.90400000E-5,-3.46809356E-3
1.90800000E-5,-3.23820371E-3
1.91200000E-5,-3.27951842E-3
1.91600000E-5,-3.38128124E-3
1.92000000E-5,-3.59693218E-3
1.92400000E-5,-3.37026004E-3
1.92800000E-5,-3.32326423E-3
1.93200000E-5,-3.16661190E-3
1.93600000E-5,-3.58112933E-3
1.94000000E-5,-3.59619465E-3
1.94400000E-5,-3.48055768E-3
1.94800000E-5,-3.17860388E-3
1.95200000E-5,-3.39668140E-3
1.95600000E-5,-3.57675227E-3
1.96000000E-5,-3.36655526E-3
1.96400000E-5,-3.32846602E-3
1.96800000E-5,-3.19892677E-3
1.97200000E-5,-3.38649029E-3
1.97600000E-5,-3.57267067E-3
1.98000000E-5,-3.58604517E-3
1.98400000E-5,-3.31567928E-3
1.98800000E-5,-3.48809931E-3
1.99200000E-5,-3.48937482E-3
1.99600000E-5,-3.50669376E-3
2.00000000E-5,-3.56089146E-3
2.00400000E-5,-3.38393033E-3
2.00800000E-5,-3.36650844E-3
2.01200000E-5,-3.42190038E-3
2.01600000E-5,-3.36572143E-3
2.02000000E-5,-3.50853667E-3
2.02400000E-5,-3.53230702E-3
2.02800000E-5,-3.42305132E-3
2.03200000E-5,-3.62164193E-3
2.03600000E-5,-3.48271404E-3
2.04000000E-5,-3.27994634E-3
2.04400000E-5,-3.34871464E-3
2.04800000E-5,-3.57288794E-3
2.05200000E-5,-3.33871603E-3
2.05600000E-5,-3.48477163E-3
2.06000000E-5,-3.36699628E-3
2.06400000E-5,-3.27673575E-3
2.06800000E-5,-3.47877840E-3
2.07200000E-5,-3.50890222E-3
2.07600000E-5,-3.52293744E-3
2.08000000E-5,-3.66382856E-3
2.08400000E-5,-3.34323112E-3
2.08800000E-5,-3.45025314E-3
2.09200000E-5,-3.53077206E-3
2.09600000E-5,-3.87765413E-3
2.10000000E-5,-3.52099467E-3
2.10400000E-5,-3.42765909E-3
2.10800000E-5,-3.39146764E-3
2.11200000E-5,-3.50956569E-3
2.11600000E-5,-3.74021307E-3
2.12000000E-5,-3.64191833E-3
2.12400000E-5,-3.56991115E-3
2.12800000E-5,-3.59919640E-3
2.13200000E-5,-3.48051018E-3
2.13600000E-5,-3.44298024E-3
2.14000000E-5,-3.54086924E-3
2.14400000E-5,-3.58703417E-3
2.14800000E-5,-3.58164930E-3
2.15200000E-5,-3.45978309E-3
2.15600000E-5,-3.37791037E-3
2.16000000E-5,-3.62706121E-3
2.16400000E-5,-3.45919456E-3
2.16800000E-5,-3.66980091E-3
2.17200000E-5,-3.82087851E-3
2.17600000E-5,-3.54601894E-3
2.18000000E-5,-3.65617464E-3
2.18400000E-5,-3.71087488E-3
2.18800000E-5,-3.42111670E-3
2.19200000E-5,-3.47848198E-3
2.19600000E-5,-3.33777575E-3
2.20000000E-5,-3.57692962E-3
2.20400000E-5,-3.38569370E-3
2.20800000E-5,-3.47451652E-3
2.21200000E-5,-3.60195971E-3
2.21600000E-5,-3.60363533E-3
2.22000000E-5,-3.42086463E-3
2.22400000E-5,-3.47141031E-3
2.22800000E-5,-3.54132013E-3
2.23200000E-5,-3.37748477E-3
2.23600000E-5,-3.63158849E-3
2.24000000E-5,-3.54701136E-3
2.24400000E-5,-3.63677993E-3
2.24800000E-5,-3.52398065E-3
2.25200000E-5,-3.24392086E-3
2.25600000E-5,-3.63703699E-3
2.26000000E-5,-3.54572371E-3
2.26400000E-5,-3.77741396E-3
2.26800000E-5,-3.72249403E-3
2.27200000E-5,-3.58543773E-3
2.27600000E-5,-3.59989348E-3
2.28000000E-5,-3.54650672E-3
2.28400000E-5,-3.66789568E-3
2.28800000E-5,-3.46039231E-3
2.29200000E-5,-3.47444695E-3
2.29600000E-5,-3.71823121E-3
2.30000000E-5,-3.33923321E-3
2.30400000E-5,-3.45458281E-3
2.30800000E-5,-3.55434488E-3
2.31200000E-5,-3.44340242E-3
2.31600000E-5,-3.46531427E-3
2.32000000E-5,-3.50079865E-3
2.32400000E-5,-3.56780985E-3
2.32800000E-5,-3.79380802E-3
2.33200000E-5,-3.57991716E-3
2.33600000E-5,-3.49094315E-3
2.34000000E-5,-3.78117201E-3
2.34400000E-5,-3.71551596E-3
2.34800000E-5,-3.49785908E-3
2.35200000E-5,-3.65227891E-3
2.35600000E-5,-3.57433112E-3
2.36000000E-5,-3.45659495E-3
2.36400000E-5,-3.71048068E-3
2.36800000E-5,-3.59171608E-3
2.37200000E-5,-3.33242373E-3
2.37600000E-5,-3.70014500E-3
2.38000000E-5,-3.72580145E-3
2.38400000E-5,-3.43375192E-3
2.38800000E-5,-3.37923989E-3
2.39200000E-5,-3.75705690E-3
2.39600000E-5,-3.58449823E-3
2.40000000E-5,-3.66238315E-3
2.40400000E-5,-3.64659398E-3
2.40800000E-5,-3.73656038E-3
2.41200000E-5,-3.55003787E-3
2.41600000E-5,-3.55594590E-3
2.42000000E-5,-3.53135522E-3
2.42400000E-5,-3.45787664E-3
2.42800000E-5,-3.69188119E-3
2.43200000E-5,-3.58407627E-3
2.43600000E-5,-3.40900855E-3
2.44000000E-5,-3.73342560E-3
2.44400000E-5,-3.67373086E-3
2.44800000E-5,-3.64746938E-3
2.45200000E-5,-3.73266003E-3
2.45600000E-5,-3.72394265E-3
2.46000000E-5,-3.53646863E-3
2.46400000E-5,-3.70669349E-3
2.46800000E-5,-3.44625706E-3
2.47200000E-5,-3.61893673E-3
2.47600000E-5,-3.88336152E-3
2.48000000E-5,-3.67146486E-3
2.48400000E-5,-3.81391367E-3
2.48800000E-5,-3.68549367E-3
2.49200000E-5,-3.79828069E-3
2.49600000E-5,-3.69918924E-3
2.50000000E-5,-3.70332343E-3
2.50400000E-5,-3.38763618E-3
2.50800000E-5,-3.70912333E-3
2.51200000E-5,-3.90853625E-3
2.51600000E-5,-3.78295794E-3
2.52000000E-5,-3.62763109E-3
2.52400000E-5,-3.75910637E-3
2.52800000E-5,-3.61598635E-3
2.53200000E-5,-3.68465012E-3
2.53600000E-5,-3.42589913E-3
2.54000000E-5,-3.72158105E-3
2.54400000E-5,-3.82001567E-3
2.54800000E-5,-3.69190283E-3
2.55200000E-5,-3.65594194E-3
2.55600000E-5,-3.66666201E-3
2.56000000E-5,-3.63139145E-3
2.56400000E-5,-3.41797505E-3
2.56800000E-5,-3.69269606E-3
2.57200000E-5,-3.76645683E-3
2.57600000E-5,-3.77870957E-3
2.58000000E-5,-3.81649004E-3
2.58400000E-5,-3.70802477E-3
2.58800000E-5,-3.74479048E-3
2.59200000E-5,-3.46694781E-3
2.59600000E-5,-3.81993026E-3
2.60000000E-5,-3.54659237E-3
2.60400000E-5,-3.88778298E-3
2.60800000E-5,-3.74178418E-3
2.61200000E-5,-3.96293554E-3
2.61600000E-5,-3.56132819E-3
2.62000000E-5,-3.63109620E-3
2.62400000E-5,-3.69850068E-3
2.62800000E-5,-3.72276585E-3
2.63200000E-5,-3.75699092E-3
2.63600000E-5,-3.55464401E-3
2.64000000E-5,-3.58999564E-3
2.64400000E-5,-3.59806908E-3
2.64800000E-5,-3.85540065E-3
2.65200000E-5,-3.80545710E-3
2.65600000E-5,-3.79392820E-3
2.66000000E-5,-3.99298619E-3
2.66400000E-5,-3.65681744E-3
2.66800000E-5,-3.79854730E-3
2.67200000E-5,-3.77118582E-3
2.67600000E-5,-3.68680798E-3
2.68000000E-5,-3.73070492E-3
2.68400000E-5,-3.82798747E-3
2.68800000E-5,-3.90220457E-3
2.69200000E-5,-3.71321030E-3
2.69600000E-5,-3.85637150E-3
2.70000000E-5,-3.72236040E-3
2.70400000E-5,-3.62147897E-3
2.70800000E-5,-3.67648451E-3
2.71200000E-5,-3.81901386E-3
2.71600000E-5,-3.68833733E-3
2.72000000E-5,-3.67057904E-3
2.72400000E-5,-3.80371447E-3
2.72800000E-5,-3.75345955E-3
2.73200000E-5,-3.88257436E-3
2.73600000E-5,-3.77018529E-3
2.74000000E-5,-3.94616106E-3
2.74400000E-5,-3.53755448E-3
2.74800000E-5,-3.78997577E-3
2.75200000E-5,-3.85978349E-3
2.75600000E-5,-4.00595283E-3
2.76000000E-5,-3.71380834E-3
2.76400000E-5,-3.69189735E-3
2.76800000E-5,-3.84083534E-3
2.77200000E-5,-3.60412505E-3
2.77600000E-5,-3.91515806E-3
2.78000000E-5,-4.03113980E-3
2.78400000E-5,-3.67819064E-3
2.78800000E-5,-3.72589512E-3
2.79200000E-5,-3.76077792E-3
2.79600000E-5,-3.85301474E-3
2.80000000E-5,-3.83057631E-3
2.80400000E-5,-3.78278551E-3
2.80800000E-5,-3.76938783E-3
2.81200000E-5,-3.82453671E-3
2.81600000E-5,-3.99969621E-3
2.82000000E-5,-4.07905681E-3
2.82400000E-5,-3.92056516E-3
2.82800000E-5,-3.73039158E-3
2.83200000E-5,-3.68116533E-3
2.83600000E-5,-3.84347099E-3
2.84000000E-5,-3.87123215E-3
2.84400000E-5,-3.95508072E-3
2.84800000E-5,-3.93964517E-3
2.85200000E-5,-3.82981556E-3
2.85600000E-5,-3.77163270E-3
2.86000000E-5,-3.72500490E-3
2.86400000E-5,-3.78091180E-3
2.86800000E-5,-3.82750628E-3
2.87200000E-5,-3.95827230E-3
2.87600000E-5,-3.85619805E-3
2.88000000E-5,-3.73497843E-3
2.88400000E-5,-3.87921371E-3
2.88800000E-5,-4.08410379E-3
2.89200000E-5,-3.91500964E-3
2.89600000E-5,-3.93066995E-3
2.90000000E-5,-3.92944263E-3
2.90400000E-5,-3.94469033E-3
2.90800000E-5,-3.67078827E-3
2.91200000E-5,-3.80647721E-3
2.91600000E-5,-3.74868825E-3
2.92000000E-5,-3.81184915E-3
2.92400000E-5,-3.68465059E-3
2.92800000E-5,-4.00725944E-3
2.93200000E-5,-3.79589738E-3
2.93600000E-5,-3.97894501E-3
2.94000000E-5,-4.14959209E-3
2.94400000E-5,-3.79576531E-3
2.94800000E-5,-3.90328781E-3
2.95200000E-5,-3.86033480E-3
2.95600000E-5,-4.09927128E-3
2.96000000E-5,-3.98208742E-3
2.96400000E-5,-4.00904463E-3
2.96800000E-5,-3.82010836E-3
2.97200000E-5,-3.96643182E-3
2.97600000E-5,-3.69861519E-3
2.98000000E-5,-3.96149944E-3
2.98400000E-5,-3.89868160E-3
2.98800000E-5,-3.91478047E-3
2.99200000E-5,-3.91873855E-3
2.99600000E-5,-3.75383194E-3
3.00000000E-5,-3.97936656E-3
3.00400000E-5,-4.15329062E-3
3.00800000E-5,-3.58805977E-3
3.01200000E-5,-3.84924313E-3
3.01600000E-5,-3.89845897E-3
3.02000000E-5,-3.63264789E-3
3.02400000E-5,-4.12529088E-3
3.02800000E-5,-4.12489946E-3
3.03200000E-5,-3.83905324E-3
3.03600000E-5,-3.54614527E-3
3.04000000E-5,-3.82673311E-3
3.04400000E-5,-3.76125369E-3
3.04800000E-5,-3.67144003E-3
3.05200000E-5,-3.92008636E-3
3.05600000E-5,-3.76407478E-3
3.06000000E-5,-4.00123221E-3
3.06400000E-5,-3.85216866E-3
3.06800000E-5,-3.90552055E-3
3.07200000E-5,-3.74135301E-3
3.07600000E-5,-3.97708451E-3
3.08000000E-5,-3.64545444E-3
3.08400000E-5,-4.05166216E-3
3.08800000E-5,-3.95314981E-3
3.09200000E-5,-3.77933162E-3
3.09600000E-5,-3.90701192E-3
3.10000000E-5,-3.75076190E-3
3.10400000E-5,-3.95086545E-3
3.10800000E-5,-3.75902121E-3
3.11200000E-5,-3.88230837E-3
3.11600000E-5,-4.26342475E-3
3.12000000E-5,-3.96560826E-3
3.12400000E-5,-3.73124833E-3
3.12800000E-5,-3.92970590E-3
3.13200000E-5,-3.94080520E-3
3.13600000E-5,-3.88204482E-3
3.14000000E-5,-3.88748212E-3
3.14400000E-5,-4.00022456E-3
3.14800000E-5,-3.86224210E-3
3.15200000E-5,-3.92639010E-3
3.15600000E-5,-3.88445174E-3
3.16000000E-5,-3.84368075E-3
3.16400000E-5,-3.81843549E-3
3.16800000E-5,-3.98023851E-3
3.17200000E-5,-4.04743545E-3
3.17600000E-5,-3.94852800E-3
3.18000000E-5,-3.77303817E-3
3.18400000E-5,-4.05134837E-3
3.18800000E-5,-3.91141892E-3
3.19200000E-5,-3.95224017E-3
3.19600000E-5,-3.82568576E-3
3.20000000E-5,-3.89717927E-3
3.20400000E-5,-3.96637948E-3
3.20800000E-5,-4.33256412E-3
3.21200000E-5,-4.09835829E-3
3.21600000E-5,-3.90946152E-3
3.22000000E-5,-4.03982601E-3
3.22400000E-5,-3.59831248E-3
3.22800000E-5,-3.75036236E-3
3.23200000E-5,-3.97487610E-3
3.23600000E-5,-3.89184220E-3
3.24000000E-5,-4.30181727E-3
3.24400000E-5,-3.78509067E-3
3.24800000E-5,-3.91713139E-3
3.25200000E-5,-3.82743218E-3
3.25600000E-5,-3.96384442E-3
3.26000000E-5,-3.99899839E-3
3.26400000E-5,-3.62139871E-3
3.26800000E-5,-4.06106287E-3
3.27200000E-5,-3.87509952E-3
3.27600000E-5,-4.10956498E-3
3.28000000E-5,-3.95464653E-3
3.28400000E-5,-3.84177824E-3
3.28800000E-5,-4.08946194E-3
3.29200000E-5,-3.95196512E-3
3.29600000E-5,-3.90161482E-3
3.30000000E-5,-4.04074937E-3
3.30400000E-5,-4.08362184E-3
3.30800000E-5,-3.85308571E-3
3.31200000E-5,-4.07424034E-3
3.31600000E-5,-3.99175578E-3
3.32000000E-5,-4.06857236E-3
3.32400000E-5,-4.00909183E-3
3.32800000E-5,-3.99378782E-3
3.33200000E-5,-3.88024002E-3
3.33600000E-5,-3.89487282E-3
3.34000000E-5,-4.14107148E-3
3.34400000E-5,-3.83708677E-3
3.34800000E-5,-4.04180689E-3
3.35200000E-5,-4.07710159E-3
3.35600000E-5,-4.00185345E-3
3.36000000E-5,-3.96232072E-3
3.36400000E-5,-3.99046351E-3
3.36800000E-5,-4.01385130E-3
3.37200000E-5,-3.97696722E-3
3.37600000E-5,-3.53016100E-3
3.38000000E-5,-4.13678342E-3
3.38400000E-5,-4.01491369E-3
3.38800000E-5,-3.90848239E-3
3.39200000E-5,-3.91886773E-3
3.39600000E-5,-4.13958902E-3
3.40000000E-5,-3.97234366E-3
3.40400000E-5,-3.96114643E-3
3.40800000E-5,-3.77936383E-3
3.41200000E-5,-3.96826273E-3
3.41600000E-5,-3.89591796E-3
3.42000000E-5,-3.89612049E-3
3.42400000E-5,-3.98867193E-3
3.42800000E-5,-3.83234546E-3
3.43200000E-5,-3.89054318E-3
3.43600000E-5,-3.93278477E-3
3.44000000E-5,-3.94063320E-3
3.44400000E-5,-4.06713460E-3
3.44800000E-5,-3.90523009E-3
3.45200000E-5,-4.09818795E-3
3.45600000E-5,-3.95808359E-3
3.46000000E-5,-3.97315436E-3
3.46400000E-5,-4.05488798E-3
3.46800000E-5,-3.93999177E-3
3.47200000E-5,-3.78871106E-3
3.47600000E-5,-3.96276681E-3
3.48000000E-5,-4.01885922E-3
3.48400000E-5,-4.20098843E-3
3.48800000E-5,-4.05247815E-3
3.49200000E-5,-3.82973128E-3
3.49600000E-5,-3.74511354E-3
3.50000000E-5,-3.99082921E-3
3.50400000E-5,-4.14403302E-3
3.50800000E-5,-4.11671866E-3
3.51200000E-5,-4.17144395E-3
3.51600000E-5,-4.15816186E-3
3.52000000E-5,-3.75939222E-3
3.52400000E-5,-3.81944347E-3
3.52800000E-5,-3.97804207E-3
3.53200000E-5,-3.75544188E-3
3.53600000E-5,-4.00841351E-3
3.54000000E-5,-3.81479624E-3
3.54400000E-5,-3.99483714E-3
3.54800000E-5,-3.94254478E-3
3.55200000E-5,-4.12415374E-3
3.55600000E-5,-3.85460006E-3
3.56000000E-5,-3.85764118E-3
3.56400000E-5,-3.95447532E-3
3.56800000E-5,-3.88305286E-3
3.57200000E-5,-4.08080478E-3
3.57600000E-5,-4.13029058E-3
3.58000000E-5,-4.02745627E-3
3.58400000E-5,-3.61119680E-3
3.58800000E-5,-3.94886669E-3
3.59200000E-5,-3.99777843E-3
3.59600000E-5,-4.05335589E-3
3.60000000E-5,-3.84268437E-3
3.60400000E-5,-3.91782164E-3
3.60800000E-5,-4.14945441E-3
3.61200000E-5,-3.94911562E-3
3.61600000E-5,-3.70722575E-3
3.62000000E-5,-3.91014960E-3
3.62400000E-5,-3.90338789E-3
3.62800000E-5,-3.85445338E-3
3.63200000E-5,-3.80266119E-3
3.63600000E-5,-3.82222909E-3
3.64000000E-5,-3.92660804E-3
3.64400000E-5,-4.17394822E-3
3.64800000E-5,-3.98466963E-3
3.65200000E-5,-4.06087688E-3
3.65600000E-5,-3.96825650E-3
3.66000000E-5,-4.13241078E-3
3.66400000E-5,-3.92464572E-3
3.66800000E-5,-3.86386963E-3
3.67200000E-5,-3.91323221E-3
3.67600000E-5,-3.89559816E-3
3.68000000E-5,-3.86351894E-3
3.68400000E-5,-4.09107189E-3
3.68800000E-5,-4.03780432E-3
3.69200000E-5,-4.14143522E-3
3.69600000E-5,-4.02637972E-3
3.70000000E-5,-4.00059537E-3
3.70400000E-5,-3.90078401E-3
3.70800000E-5,-4.27189718E-3
3.71200000E-5,-3.90440104E-3
3.71600000E-5,-3.99871889E-3
3.72000000E-5,-4.09985966E-3
3.72400000E-5,-4.00929558E-3
3.72800000E-5,-4.11363450E-3
3.73200000E-5,-3.83145558E-3
3.73600000E-5,-4.16290379E-3
3.74000000E-5,-3.97348209E-3
3.74400000E-5,-4.15373740E-3
3.74800000E-5,-4.14617108E-3
3.75200000E-5,-4.05069460E-3
3.75600000E-5,-3.91666226E-3
3.76000000E-5,-3.88343830E-3
3.76400000E-5,-3.96346820E-3
3.76800000E-5,-4.05364756E-3
3.77200000E-5,-4.12608642E-3
3.77600000E-5,-3.80198643E-3
3.78000000E-5,-3.98151683E-3
3.78400000E-5,-4.22805571E-3
3.78800000E-5,-3.77320515E-3
3.79200000E-5,-4.01732481E-3
3.79600000E-5,-4.14220548E-3
3.80000000E-5,-4.04823513E-3
3.80400000E-5,-4.08222731E-3
3.80800000E-5,-3.98818356E-3
3.81200000E-5,-4.10648269E-3
3.81600000E-5,-3.91204960E-3
3.82000000E-5,-3.81408916E-3
3.82400000E-5,-4.04876429E-3
3.82800000E-5,-3.91268654E-3
3.83200000E-5,-4.08048905E-3
3.83600000E-5,-3.68158073E-3
3.84000000E-5,-4.10764181E-3
3.84400000E-5,-3.96405369E-3
3.84800000E-5,-3.91347094E-3
3.85200000E-5,-4.13345472E-3
3.85600000E-5,-3.83240304E-3
3.86000000E-5,-4.03769460E-3
3.86400000E-5,-3.78904606E-3
3.86800000E-5,-3.92384136E-3
3.87200000E-5,-3.89144766E-3
3.87600000E-5,-4.04391685E-3
3.88000000E-5,-4.16671244E-3
3.88400000E-5,-3.79737807E-3
3.88800000E-5,-3.88372320E-3
3.89200000E-5,-3.88472635E-3
3.89600000E-5,-4.02697957E-3
3.90000000E-5,-3.78425851E-3
3.90400000E-5,-3.87779399E-3
3.90800000E-5,-3.90056219E-3
3.91200000E-5,-3.87485995E-3
3.91600000E-5,-4.00504948E-3
3.92000000E-5,-4.01632993E-3
3.92400000E-5,-4.04380783E-3
3.92800000E-5,-4.12014088E-3
3.93200000E-5,-4.21640814E-3
3.93600000E-5,-3.80487982E-3
3.94000000E-5,-4.18620023E-3
3.94400000E-5,-3.99363689E-3
3.94800000E-5,-3.94075518E-3
3.95200000E-5,-4.15987606E-3
3.95600000E-5,-3.98091693E-3
3.96000000E-5,-3.97676888E-3
3.96400000E-5,-3.77828921E-3
3.96800000E-5,-3.87857748E-3
3.97200000E-5,-3.98013037E-3
3.97600000E-5,-4.20101183E-3
3.98000000E-5,-4.06222949E-3
3.98400000E-5,-4.03111744E-3
3.98800000E-5,-3.90244622E-3
3.99200000E-5,-4.05888624E-3
3.99600000E-5,-3.98594327E-3
4.00000000E-5,-3.95112100E-3
4.00400000E-5,-4.22408674E-3
4.00800000E-5,-4.03372443E-3
4.01200000E-5,-3.96072370E-3
4.01600000E-5,-3.97831124E-3
4.02000000E-5,-4.12471349E-3
4.02400000E-5,-4.05207545E-3
4.02800000E-5,-3.92333627E-3
4.03200000E-5,-4.04117042E-3
4.03600000E-5,-4.05152534E-3
4.04000000E-5,-3.85318022E-3
4.04400000E-5,-4.18648637E-3
4.04800000E-5,-4.07966983E-3
4.05200000E-5,-4.05661170E-3
4.05600000E-5,-4.11636939E-3
4.06000000E-5,-3.92212632E-3
4.06400000E-5,-3.74662718E-3
4.06800000E-5,-4.14346431E-3
4.07200000E-5,-4.09379950E-3
4.07600000E-5,-3.97597328E-3
4.08000000E-5,-3.95124624E-3
4.08400000E-5,-3.83509066E-3
4.08800000E-5,-4.09683964E-3
4.09200000E-5,-4.07091614E-3
4.09600000E-5,-4.03266652E-3
4.10000000E-5,-4.32942464E-3
4.10400000E-5,-3.92365010E-3
4.10800000E-5,-3.94568947E-3
4.11200000E-5,-4.18510493E-3
4.11600000E-5,-3.77738474E-3
4.12000000E-5,-4.17315163E-3
4.12400000E-5,-3.83052860E-3
4.12800000E-5,-4.03810953E-3
4.13200000E-5,-3.93596529E-3
4.13600000E-5,-3.82038038E-3
4.14000000E-5,-3.80715610E-3
4.14400000E-5,-3.83292762E-3
4.14800000E-5,-4.06592848E-3
4.15200000E-5,-4.10274234E-3
4.15600000E-5,-3.57880349E-3
4.16000000E-5,-4.13885742E-3
4.16400000E-5,-4.19925685E-3
4.16800000E-5,-4.03559246E-3
4.17200000E-5,-3.88631751E-3
4.17600000E-5,-4.02669288E-3
4.18000000E-5,-4.08974474E-3
4.18400000E-5,-4.03179472E-3
4.18800000E-5,-4.35452261E-3
4.19200000E-5,-3.98214419E-3
4.19600000E-5,-4.05848798E-3
4.20000000E-5,-3.79042952E-3
4.20400000E-5,-3.92240473E-3
4.20800000E-5,-3.76053444E-3
4.21200000E-5,-4.02207295E-3
4.21600000E-5,-4.16999443E-3
4.22000000E-5,-3.79269459E-3
4.22400000E-5,-3.97049478E-3
4.22800000E-5,-3.79949726E-3
4.23200000E-5,-4.04923872E-3
4.23600000E-5,-3.95333878E-3
4.24000000E-5,-3.64291533E-3
4.24400000E-5,-4.19918508E-3
4.24800000E-5,-4.08144643E-3
4.25200000E-5,-3.99923929E-3
4.25600000E-5,-3.96245377E-3
4.26000000E-5,-4.03353230E-3
4.26400000E-5,-4.03754476E-3
4.26800000E-5,-4.18276726E-3
4.27200000E-5,-4.14451733E-3
4.27600000E-5,-3.94600543E-3
4.28000000E-5,-3.90035143E-3
4.28400000E-5,-4.41662687E-3
4.28800000E-5,-4.05170741E-3
4.29200000E-5,-4.04326054E-3
4.29600000E-5,-3.97684342E-3
4.30000000E-5,-4.24434256E-3
4.30400000E-5,-3.91374739E-3
4.30800000E-5,-4.16068582E-3
4.31200000E-5,-4.16766603E-3
4.31600000E-5,-3.75832217E-3
4.32000000E-5,-4.08260911E-3
4.32400000E-5,-3.98317368E-3
4.32800000E-5,-4.02489902E-3
4.33200000E-5,-4.09211285E-3
4.33600000E-5,-3.93686598E-3
4.34000000E-5,-3.91060953E-3
4.34400000E-5,-3.80919396E-3
4.34800000E-5,-4.06047182E-3
4.35200000E-5,-4.14489621E-3
4.35600000E-5,-4.13650493E-3
4.36000000E-5,-4.19789386E-3
4.36400000E-5,-3.83328401E-3
4.36800000E-5,-3.91341482E-3
4.37200000E-5,-3.98522815E-3
4.37600000E-5,-3.98630295E-3
4.38000000E-5,-3.82754766E-3
4.38400000E-5,-4.10909480E-3
4.38800000E-5,-3.91633822E-3
4.39200000E-5,-4.20367206E-3
4.39600000E-5,-4.27494599E-3
4.40000000E-5,-3.79940990E-3
4.40400000E-5,-4.18425298E-3
4.40800000E-5,-4.08754872E-3
4.41200000E-5,-4.13990576E-3
4.41600000E-5,-3.95286602E-3
4.42000000E-5,-4.00951582E-3
4.42400000E-5,-3.84998099E-3
4.42800000E-5,-4.22785783E-3
4.43200000E-5,-4.16229195E-3
4.43600000E-5,-4.08114097E-3
4.44000000E-5,-4.08614186E-3
4.44400000E-5,-3.91033377E-3
4.44800000E-5,-3.88794405E-3
4.45200000E-5,-4.11231687E-3
4.45600000E-5,-3.96362511E-3
4.46000000E-5,-4.09849314E-3
4.46400000E-5,-3.82342032E-3
4.46800000E-5,-3.99788402E-3
4.47200000E-5,-3.95334466E-3
4.47600000E-5,-3.95765362E-3
4.48000000E-5,-3.85588682E-3
4.48400000E-5,-4.17786695E-3
4.48800000E-5,-4.30541716E-3
4.49200000E-5,-3.89906139E-3
4.49600000E-5,-3.93481211E-3
4.50000000E-5,-3.86162155E-3
4.50400000E-5,-4.10801727E-3
4.50800000E-5,-4.10097486E-3
4.51200000E-5,-3.98020316E-3
4.51600000E-5,-4.07886102E-3
4.52000000E-5,-3.99916760E-3
4.52400000E-5,-3.79289802E-3
4.52800000E-5,-4.25695892E-3
4.53200000E-5,-4.15477325E-3
4.53600000E-5,-4.03737614E-3
4.54000000E-5,-3.99384411E-3
4.54400000E-5,-4.21021229E-3
4.54800000E-5,-4.11536799E-3
4.55200000E-5,-4.20990935E-3
4.55600000E-5,-4.00920729E-3
4.56000000E-5,-4.06516083E-3
4.56400000E-5,-4.20512589E-3
4.56800000E-5,-4.16123432E-3
4.57200000E-5,-3.94652204E-3
4.57600000E-5,-4.20482768E-3
4.58000000E-5,-4.11626822E-3
4.58400000E-5,-4.09526846E-3
4.58800000E-5,-3.83961251E-3
4.59200000E-5,-4.07828916E-3
4.59600000E-5,-3.87840585E-3
4.60000000E-5,-4.02814362E-3
4.60400000E-5,-4.30362918E-3
4.60800000E-5,-3.94360107E-3
4.61200000E-5,-3.86351831E-3
4.61600000E-5,-3.98746467E-3
4.62000000E-5,-3.92708691E-3
4.62400000E-5,-4.06164217E-3
4.62800000E-5,-3.75729308E-3
4.63200000E-5,-4.11242056E-3
4.63600000E-5,-4.07494824E-3
4.64000000E-5,-3.90244424E-3
4.64400000E-5,-4.19908814E-3
4.64800000E-5,-4.23322395E-3
4.65200000E-5,-4.25631079E-3
4.65600000E-5,-4.35209025E-3
4.66000000E-5,-4.10484521E-3
4.66400000E-5,-4.10283968E-3
4.66800000E-5,-4.17939395E-3
4.67200000E-5,-3.92174340E-3
4.67600000E-5,-4.02658272E-3
4.68000000E-5,-4.25528932E-3
4.68400000E-5,-3.87217854E-3
4.68800000E-5,-4.12852833E-3
4.69200000E-5,-4.18690199E-3
4.69600000E-5,-4.18406258E-3
4.70000000E-5,-4.27337933E-3
4.70400000E-5,-4.14811921E-3
4.70800000E-5,-3.91017714E-3
4.71200000E-5,-3.98223430E-3
4.71600000E-5,-3.92922249E-3
4.72000000E-5,-4.01889607E-3
4.72400000E-5,-3.89431751E-3
4.72800000E-5,-4.33817595E-3
4.73200000E-5,-3.94987744E-3
4.73600000E-5,-4.06631749E-3
4.74000000E-5,-4.14518134E-3
4.74400000E-5,-3.80799909E-3
4.74800000E-5,-3.89114529E-3
4.75200000E-5,-3.89572637E-3
4.75600000E-5,-3.96953009E-3
4.76000000E-5,-3.90124195E-3
4.76400000E-5,-4.14573795E-3
4.76800000E-5,-4.14028526E-3
4.77200000E-5,-4.04873327E-3
4.77600000E-5,-3.91905473E-3
4.78000000E-5,-4.32173533E-3
4.78400000E-5,-4.09660761E-3
4.78800000E-5,-4.01708710E-3
4.79200000E-5,-3.85652230E-3
4.79600000E-5,-4.08391079E-3
4.80000000E-5,-4.18701492E-3
4.80400000E-5,-4.21008223E-3
4.80800000E-5,-4.03033369E-3
4.81200000E-5,-3.98774040E-3
4.81600000E-5,-4.01129373E-3
4.82000000E-5,-4.07958313E-3
4.82400000E-5,-4.08354328E-3
4.82800000E-5,-4.16954074E-3
4.83200000E-5,-4.10956642E-3
4.83600000E-5,-4.29183578E-3
4.84000000E-5,-4.05068808E-3
4.84400000E-5,-3.98378080E-3
4.84800000E-5,-3.99071580E-3
4.85200000E-5,-3.89986634E-3
4.85600000E-5,-4.16620321E-3
4.86000000E-5,-4.23793560E-3
4.86400000E-5,-4.32978837E-3
4.86800000E-5,-4.04700913E-3
4.87200000E-5,-4.08179848E-3
4.87600000E-5,-4.24189158E-3
4.88000000E-5,-4.04161761E-3
4.88400000E-5,-3.95623959E-3
4.88800000E-5,-4.16184887E-3
4.89200000E-5,-3.97333369E-3
4.89600000E-5,-4.07330193E-3
4.90000000E-5,-3.85994992E-3
4.90400000E-5,-4.12150133E-3
4.90800000E-5,-3.99334821E-3
4.91200000E-5,-3.98783597E-3
4.91600000E-5,-4.23930311E-3
4.92000000E-5,-4.04429308E-3
4.92400000E-5,-4.02144444E-3
4.92800000E-5,-4.37027186E-3
4.93200000E-5,-4.02207300E-3
4.93600000E-5,-4.03556164E-3
4.94000000E-5,-4.05659333E-3
4.94400000E-5,-4.44811099E-3
4.94800000E-5,-4.13236475E-3
4.95200000E-5,-4.17770647E-3
4.95600000E-5,-4.06682185E-3
4.96000000E-5,-4.11539537E-3
4.96400000E-5,-4.00487189E-3
4.96800000E-5,-4.21439581E-3
4.97200000E-5,-4.34308159E-3
4.97600000E-5,-4.08021591E-3
4.98000000E-5,-3.84549539E-3
4.98400000E-5,-4.52782891E-3
4.98800000E-5,-4.17522655E-3
4.99200000E-5,-3.85972335E-3
4.99600000E-5,-3.91309982E-3
5.00000000E-5,-3.90194419E-3
5.00400000E-5,-4.11297859E-3
5.00800000E-5,-4.38931227E-3
5.01200000E-5,-4.09950824E-3
5.01600000E-5,-3.85143836E-3
5.02000000E-5,-4.13421763E-3
5.02400000E-5,-4.24565856E-3
5.02800000E-5,-4.30100216E-3
5.03200000E-5,-3.81598963E-3
5.03600000E-5,-3.94169360E-3
5.04000000E-5,-4.28158114E-3
5.04400000E-5,-4.17309879E-3
5.04800000E-5,-3.99291228E-3
5.05200000E-5,-4.17710662E-3
5.05600000E-5,-4.30082133E-3
5.06000000E-5,-3.94850950E-3
5.06400000E-5,-4.07953215E-3
5.06800000E-5,-4.21616548E-3
5.07200000E-5,-3.84915309E-3
5.07600000E-5,-4.14110009E-3
5.08000000E-5,-4.22461223E-3
5.08400000E-5,-4.08537237E-3
5.08800000E-5,-4.11493233E-3
5.09200000E-5,-3.96886312E-3
5.09600000E-5,-4.11520334E-3
5.10000000E-5,-3.90220420E-3
5.10400000E-5,-4.21173787E-3
5.10800000E-5,-3.95777189E-3
5.11200000E-5,-3.90912558E-3
5.11600000E-5,-3.79325031E-3
5.12000000E-5,-4.12857601E-3
5.12400000E-5,-4.01220827E-3
5.12800000E-5,-3.95055543E-3
5.13200000E-5,-4.16648212E-3
5.13600000E-5,-3.96656023E-3
5.14000000E-5,-3.85840278E-3
5.14400000E-5,-4.13217477E-3
5.14800000E-5,-4.22379699E-3
5.15200000E-5,-4.04608637E-3
5.15600000E-5,-3.90995339E-3
5.16000000E-5,-4.01684172E-3
5.16400000E-5,-4.13600342E-3
5.16800000E-5,-3.91380355E-3
5.17200000E-5,-3.98510958E-3
5.17600000E-5,-3.92326312E-3
5.18000000E-5,-4.13937340E-3
5.18400000E-5,-3.90863108E-3
5.18800000E-5,-3.85276912E-3
5.19200000E-5,-4.24992097E-3
5.19600000E-5,-3.86123830E-3
5.20000000E-5,-4.15388688E-3
5.20400000E-5,-4.00805639E-3
5.20800000E-5,-4.01234667E-3
5.21200000E-5,-4.11484061E-3
5.21600000E-5,-4.05151058E-3
5.22000000E-5,-4.41231609E-3
5.22400000E-5,-4.17758205E-3
5.22800000E-5,-4.25676952E-3
5.23200000E-5,-3.88955309E-3
5.23600000E-5,-4.27473300E-3
5.24000000E-5,-4.01962099E-3
5.24400000E-5,-4.02577396E-3
5.24800000E-5,-3.94136738E-3
5.25200000E-5,-4.67787443E-3
5.25600000E-5,-4.36386946E-3
5.26000000E-5,-4.12243102E-3
5.26400000E-5,-4.09304836E-3
5.26800000E-5,-4.24612593E-3
5.27200000E-5,-4.12633206E-3
5.27600000E-5,-4.03789464E-3
5.28000000E-5,-4.10109066E-3
5.28400000E-5,-4.00715406E-3
5.28800000E-5,-4.04736852E-3
5.29200000E-5,-4.15813367E-3
5.29600000E-5,-3.94947891E-3
5.30000000E-5,-4.06142355E-3
5.30400000E-5,-4.39376288E-3
5.30800000E-5,-4.08464063E-3
5.31200000E-5,-3.85802156E-3
5.31600000E-5,-4.19619567E-3
5.32000000E-5,-3.90725718E-3
5.32400000E-5,-4.04241652E-3
5.32800000E-5,-4.09215276E-3
5.33200000E-5,-4.01708628E-3
5.33600000E-5,-4.19570497E-3
5.34000000E-5,-4.07220103E-3
5.34400000E-5,-4.04124876E-3
5.34800000E-5,-4.06264639E-3
5.35200000E-5,-4.24557275E-3
5.35600000E-5,-3.97949359E-3
5.36000000E-5,-4.08422154E-3
5.36400000E-5,-3.96490800E-3
5.36800000E-5,-4.29862691E-3
5.37200000E-5,-4.07697240E-3
5.37600000E-5,-3.93214073E-3
5.38000000E-5,-3.97905363E-3
5.38400000E-5,-4.00201800E-3
5.38800000E-5,-4.25016539E-3
5.39200000E-5,-4.23465276E-3
5.39600000E-5,-4.01345187E-3
5.40000000E-5,-4.16594844E-3
5.40400000E-5,-3.92064379E-3
5.40800000E-5,-4.17565399E-3
5.41200000E-5,-4.01121950E-3
5.41600000E-5,-3.99886683E-3
5.42000000E-5,-4.16305663E-3
5.42400000E-5,-4.29442854E-3
5.42800000E-5,-4.20999907E-3
5.43200000E-5,-4.14685770E-3
5.43600000E-5,-4.21910067E-3
5.44000000E-5,-4.05030099E-3
5.44400000E-5,-3.86395964E-3
5.44800000E-5,-4.01151227E-3
5.45200000E-5,-4.03775004E-3
5.45600000E-5,-4.11386906E-3
5.46000000E-5,-3.90093313E-3
5.46400000E-5,-4.10585884E-3
5.46800000E-5,-4.12888885E-3
5.47200000E-5,-3.97618610E-3
5.47600000E-5,-3.91117618E-3
5.48000000E-5,-4.09790036E-3
5.48400000E-5,-4.03225798E-3
5.48800000E-5,-3.90888400E-3
5.49200000E-5,-4.05299257E-3
5.49600000E-5,-4.24378062E-3
5.50000000E-5,-4.00865673E-3
5.50400000E-5,-4.01050605E-3
5.50800000E-5,-4.08106959E-3
5.51200000E-5,-4.10486419E-3
5.51600000E-5,-4.10427057E-3
5.52000000E-5,-3.89433768E-3
5.52400000E-5,-4.03823407E-3
5.52800000E-5,-4.11411219E-3
5.53200000E-5,-4.03487408E-3
5.53600000E-5,-4.04082580E-3
5.54000000E-5,-4.16975207E-3
5.54400000E-5,-3.99959365E-3
5.54800000E-5,-3.99771383E-3
5.55200000E-5,-4.12601345E-3
5.55600000E-5,-3.83108290E-3
5.56000000E-5,-4.05349939E-3
5.56400000E-5,-4.32096477E-3
5.56800000E-5,-4.15644400E-3
5.57200000E-5,-4.02637903E-3
5.57600000E-5,-4.01319125E-3
5.58000000E-5,-4.16652431E-3
5.58400000E-5,-3.98551503E-3
5.58800000E-5,-4.17859208E-3
5.59200000E-5,-4.06668307E-3
5.59600000E-5,-4.33813355E-3
5.60000000E-5,-4.10887115E-3
5.60400000E-5,-4.09818506E-3
5.60800000E-5,-4.00702927E-3
5.61200000E-5,-3.98286571E-3
5.61600000E-5,-3.95109651E-3
5.62000000E-5,-3.92776902E-3
5.62400000E-5,-4.07796755E-3
5.62800000E-5,-4.05086352E-3
5.63200000E-5,-4.13256872E-3
5.63600000E-5,-4.13464004E-3
5.64000000E-5,-4.06288856E-3
5.64400000E-5,-4.22485968E-3
5.64800000E-5,-4.05091351E-3
5.65200000E-5,-4.20327557E-3
5.65600000E-5,-4.11034008E-3
5.66000000E-5,-4.26424362E-3
5.66400000E-5,-4.17074361E-3
5.66800000E-5,-3.94990106E-3
5.67200000E-5,-4.07225416E-3
5.67600000E-5,-4.08661101E-3
5.68000000E-5,-4.29038158E-3
5.68400000E-5,-4.19954508E-3
5.68800000E-5,-3.92312487E-3
5.69200000E-5,-4.13823264E-3
5.69600000E-5,-4.32832697E-3
5.70000000E-5,-4.18320717E-3
5.70400000E-5,-4.02310288E-3
5.70800000E-5,-3.98258633E-3
5.71200000E-5,-4.03749293E-3
5.71600000E-5,-4.34695509E-3
5.72000000E-5,-4.03775415E-3
5.72400000E-5,-4.02233667E-3
5.72800000E-5,-4.07418978E-3
5.73200000E-5,-3.90463687E-3
5.73600000E-5,-4.02755706E-3
5.74000000E-5,-4.15898547E-3
5.74400000E-5,-4.29097286E-3
5.74800000E-5,-4.06363961E-3
5.75200000E-5,-3.85530089E-3
5.75600000E-5,-4.08481107E-3
5.76000000E-5,-4.27683952E-3
5.76400000E-5,-4.37750871E-3
5.76800000E-5,-4.06923911E-3
5.77200000E-5,-4.16351604E-3
5.77600000E-5,-4.09262000E-3
5.78000000E-5,-4.24848853E-3
5.78400000E-5,-3.92764264E-3
5.78800000E-5,-4.11422021E-3
5.79200000E-5,-3.94863460E-3
5.79600000E-5,-4.17873440E-3
5.80000000E-5,-4.27213903E-3
5.80400000E-5,-3.87010656E-3
5.80800000E-5,-4.11227347E-3
5.81200000E-5,-4.24105919E-3
5.81600000E-5,-4.04672862E-3
5.82000000E-5,-4.12000624E-3
5.82400000E-5,-3.95337406E-3
5.82800000E-5,-4.18800561E-3
5.83200000E-5,-4.21498268E-3
5.83600000E-5,-4.04922985E-3
5.84000000E-5,-4.44430335E-3
5.84400000E-5,-4.11301106E-3
5.84800000E-5,-3.95132150E-3
5.85200000E-5,-4.09199430E-3
5.85600000E-5,-4.16832642E-3
5.86000000E-5,-3.97280001E-3
5.86400000E-5,-4.20592235E-3
5.86800000E-5,-3.97748982E-3
5.87200000E-5,-3.94001449E-3
5.87600000E-5,-4.11063585E-3
5.88000000E-5,-4.06041833E-3
5.88400000E-5,-4.01095146E-3
5.88800000E-5,-4.04725834E-3
5.89200000E-5,-4.32050695E-3
5.89600000E-5,-4.25409137E-3
5.90000000E-5,-4.06948040E-3
5.90400000E-5,-3.83451638E-3
5.90800000E-5,-4.09773471E-3
5.91200000E-5,-4.15981915E-3
5.91600000E-5,-4.08238556E-3
5.92000000E-5,-3.95131612E-3
5.92400000E-5,-4.22077917E-3
5.92800000E-5,-4.00716744E-3
5.93200000E-5,-4.04702488E-3
5.93600000E-5,-3.99298242E-3
5.94000000E-5,-4.20078351E-3
5.94400000E-5,-4.14186268E-3
5.94800000E-5,-4.01413082E-3
5.95200000E-5,-3.94437900E-3
5.95600000E-5,-4.13492376E-3
5.96000000E-5,-4.03865411E-3
5.96400000E-5,-4.24265576E-3
5.96800000E-5,-4.18759923E-3
5.97200000E-5,-4.07478637E-3
5.97600000E-5,-4.12619171E-3
5.98000000E-5,-3.78507194E-3
5.98400000E-5,-4.32157146E-3
5.98800000E-5,-3.99027736E-3
5.99200000E-5,-4.08514624E-3
5.99600000E-5,-4.03685676E-3
6.00000000E-5,-3.82609780E-3
6.00400000E-5,-4.24646616E-3
6.00800000E-5,-3.99755024E-3
6.01200000E-5,-3.85857610E-3
6.01600000E-5,-4.09130298E-3
6.02000000E-5,-4.03053451E-3
6.02400000E-5,-3.98986974E-3
6.02800000E-5,-4.01330431E-3
6.03200000E-5,-4.37353139E-3
6.03600000E-5,-4.15176106E-3
6.04000000E-5,-4.26766220E-3
6.04400000E-5,-4.34410759E-3
6.04800000E-5,-3.70525170E-3
6.05200000E-5,-4.14461764E-3
6.05600000E-5,-4.20404115E-3
6.06000000E-5,-4.16175816E-3
6.06400000E-5,-4.26163099E-3
6.06800000E-5,-3.79744641E-3
6.07200000E-5,-4.37116709E-3
6.07600000E-5,-4.23482670E-3
6.08000000E-5,-4.04158341E-3
6.08400000E-5,-4.10727590E-3
6.08800000E-5,-4.23594876E-3
6.09200000E-5,-4.29141626E-3
6.09600000E-5,-4.00387843E-3
6.10000000E-5,-4.07608452E-3
6.10400000E-5,-4.15376479E-3
6.10800000E-5,-4.14852315E-3
6.11200000E-5,-3.90220317E-3
6.11600000E-5,-4.21816225E-3
6.12000000E-5,-4.22008419E-3
6.12400000E-5,-4.12004117E-3
6.12800000E-5,-4.04705677E-3
6.13200000E-5,-4.17528571E-3
6.13600000E-5,-3.98502297E-3
6.14000000E-5,-4.12053571E-3
6.14400000E-5,-4.10583425E-3
6.14800000E-5,-4.34226925E-3
6.15200000E-5,-4.32308578E-3
6.15600000E-5,-3.81676620E-3
6.16000000E-5,-3.88469885E-3
6.16400000E-5,-3.97249417E-3
6.16800000E-5,-4.08233398E-3
6.17200000E-5,-3.97793439E-3
6.17600000E-5,-4.19502364E-3
6.18000000E-5,-4.15681836E-3
6.18400000E-5,-4.30621484E-3
6.18800000E-5,-3.88480727E-3
6.19200000E-5,-4.10662055E-3
6.19600000E-5,-4.15290676E-3
6.20000000E-5,-4.02805210E-3
6.20400000E-5,-4.02681638E-3
6.20800000E-5,-4.46145214E-3
6.21200000E-5,-4.07371911E-3
6.21600000E-5,-4.22614006E-3
6.22000000E-5,-4.17625133E-3
6.22400000E-5,-4.40414905E-3
6.22800000E-5,-4.12382484E-3
6.23200000E-5,-4.23268418E-3
6.23600000E-5,-4.17007375E-3
6.24000000E-5,-4.49043532E-3
6.24400000E-5,-4.26018430E-3
6.24800000E-5,-4.55178200E-3
6.25200000E-5,-3.96384437E-3
6.25600000E-5,-4.18464911E-3
6.26000000E-5,-4.08376392E-3
6.26400000E-5,-4.28096418E-3
6.26800000E-5,-4.01172868E-3
6.27200000E-5,-4.24466131E-3
6.27600000E-5,-4.14659481E-3
6.28000000E-5,-4.06396834E-3
6.28400000E-5,-3.94708647E-3
6.28800000E-5,-4.14585734E-3
6.29200000E-5,-4.24795314E-3
6.29600000E-5,-4.35970150E-3
6.30000000E-5,-4.09691739E-3
6.30400000E-5,-4.21090000E-3
6.30800000E-5,-4.14543633E-3
6.31200000E-5,-4.26233876E-3
6.31600000E-5,-4.09669299E-3
6.32000000E-5,-4.07771313E-3
6.32400000E-5,-3.89957465E-3
6.32800000E-5,-4.18292919E-3
6.33200000E-5,-4.08106664E-3
6.33600000E-5,-3.83356379E-3
6.34000000E-5,-4.10914033E-3
6.34400000E-5,-4.37111103E-3
6.34800000E-5,-4.17026127E-3
6.35200000E-5,-4.18315708E-3
6.35600000E-5,-4.34478395E-3
6.36000000E-5,-4.14553000E-3
6.36400000E-5,-4.45058966E-3
6.36800000E-5,-3.83937648E-3
6.37200000E-5,-4.18122559E-3
6.37600000E-5,-4.06621647E-3
6.38000000E-5,-4.21370166E-3
6.38400000E-5,-4.06035341E-3
6.38800000E-5,-4.06012236E-3
6.39200000E-5,-4.01378284E-3
6.39600000E-5,-3.99096422E-3
6.40000000E-5,-4.06240028E-3
6.40400000E-5,-4.38295677E-3
6.40800000E-5,-4.17759770E-3
6.41200000E-5,-3.99596776E-3
6.41600000E-5,-4.04216128E-3
6.42000000E-5,-4.28482626E-3
6.42400000E-5,-3.95363412E-3
6.42800000E-5,-3.91088518E-3
6.43200000E-5,-4.09815154E-3
6.43600000E-5,-4.35836376E-3
6.44000000E-5,-4.01941264E-3
6.44400000E-5,-4.20750452E-3
6.44800000E-5,-4.22609109E-3
6.45200000E-5,-4.03824238E-3
6.45600000E-5,-4.15400686E-3
6.46000000E-5,-3.96828838E-3
6.46400000E-5,-4.14127716E-3
6.46800000E-5,-4.23626574E-3
6.47200000E-5,-4.19334824E-3
6.47600000E-5,-4.26610783E-3
6.48000000E-5,-4.07033265E-3
6.48400000E-5,-4.02873278E-3
6.48800000E-5,-4.24536631E-3
6.49200000E-5,-4.45428898E-3
6.49600000E-5,-4.20628971E-3
6.50000000E-5,-3.93829137E-3
6.50400000E-5,-4.03223894E-3
6.50800000E-5,-4.40124387E-3
6.51200000E-5,-4.21538451E-3
6.51600000E-5,-3.94752976E-3
6.52000000E-5,-4.08808155E-3
6.52400000E-5,-4.13524502E-3
6.52800000E-5,-4.33082134E-3
6.53200000E-5,-4.00058238E-3
6.53600000E-5,-3.91180402E-3
6.54000000E-5,-4.13089646E-3
6.54400000E-5,-4.23119848E-3
6.54800000E-5,-4.15415024E-3
6.55200000E-5,-4.20786777E-3
6.55600000E-5,-4.27773225E-3
6.56000000E-5,-3.92167523E-3
6.56400000E-5,-3.95753283E-3
6.56800000E-5,-4.23104984E-3
6.57200000E-5,-4.20909977E-3
6.57600000E-5,-4.14556409E-3
6.58000000E-5,-4.19775570E-3
6.58400000E-5,-4.16993701E-3
6.58800000E-5,-4.24916593E-3
6.59200000E-5,-3.99306064E-3
6.59600000E-5,-4.30585282E-3
6.60000000E-5,-4.11731504E-3
6.60400000E-5,-4.44148992E-3
6.60800000E-5,-4.24621734E-3
6.61200000E-5,-4.33257018E-3
6.61600000E-5,-4.27215025E-3
6.62000000E-5,-4.19816540E-3
6.62400000E-5,-4.09437163E-3
6.62800000E-5,-3.99260050E-3
6.63200000E-5,-3.89447199E-3
6.63600000E-5,-4.01431371E-3
6.64000000E-5,-4.02683724E-3
6.64400000E-5,-4.28483961E-3
6.64800000E-5,-4.00699561E-3
6.65200000E-5,-4.35766761E-3
6.65600000E-5,-3.91945168E-3
6.66000000E-5,-3.98344942E-3
6.66400000E-5,-4.02323500E-3
6.66800000E-5,-3.98163006E-3
6.67200000E-5,-4.18548291E-3
6.67600000E-5,-4.03794894E-3
6.68000000E-5,-4.12312012E-3
6.68400000E-5,-4.05398488E-3
6.68800000E-5,-4.24268207E-3
6.69200000E-5,-4.19189272E-3
6.69600000E-5,-4.02903291E-3
6.70000000E-5,-3.99304514E-3
6.70400000E-5,-3.97720727E-3
6.70800000E-5,-4.23175778E-3
6.71200000E-5,-4.05326543E-3
6.71600000E-5,-4.31716564E-3
6.72000000E-5,-4.05729336E-3
6.72400000E-5,-4.08515091E-3
6.72800000E-5,-4.22423389E-3
6.73200000E-5,-3.77559560E-3
6.73600000E-5,-4.01849525E-3
6.74000000E-5,-3.91352067E-3
6.74400000E-5,-4.12206744E-3
6.74800000E-5,-4.21145546E-3
6.75200000E-5,-4.01501119E-3
6.75600000E-5,-4.02991379E-3
6.76000000E-5,-3.95947283E-3
6.76400000E-5,-4.10377039E-3
6.76800000E-5,-4.19313065E-3
6.77200000E-5,-3.84987461E-3
6.77600000E-5,-4.23356481E-3
6.78000000E-5,-3.95528605E-3
6.78400000E-5,-4.30779550E-3
6.78800000E-5,-3.80537141E-3
6.79200000E-5,-3.90636200E-3
6.79600000E-5,-3.97198937E-3
6.80000000E-5,-4.12201727E-3
6.80400000E-5,-3.99925790E-3
6.80800000E-5,-4.25411582E-3
6.81200000E-5,-3.94884025E-3
6.81600000E-5,-4.11286428E-3
6.82000000E-5,-3.92099064E-3
6.82400000E-5,-4.13100711E-3
6.82800000E-5,-4.02710894E-3
6.83200000E-5,-4.18102269E-3
6.83600000E-5,-4.17337294E-3
6.84000000E-5,-3.97311153E-3
6.84400000E-5,-3.94072656E-3
6.84800000E-5,-3.95220591E-3
6.85200000E-5,-3.99135823E-3
6.85600000E-5,-4.23202114E-3
6.86000000E-5,-4.29447868E-3
6.86400000E-5,-4.09738604E-3
6.86800000E-5,-3.92402972E-3
6.87200000E-5,-4.23080894E-3
6.87600000E-5,-4.33543398E-3
6.88000000E-5,-3.97786551E-3
6.88400000E-5,-4.15098747E-3
6.88800000E-5,-4.08296308E-3
6.89200000E-5,-4.25992153E-3
6.89600000E-5,-4.21532665E-3
6.90000000E-5,-4.18578591E-3
6.90400000E-5,-3.93906696E-3
6.90800000E-5,-4.15138995E-3
6.91200000E-5,-4.05264932E-3
6.91600000E-5,-4.00490988E-3
6.92000000E-5,-4.16478869E-3
6.92400000E-5,-3.78290600E-3
6.92800000E-5,-4.29126707E-3
6.93200000E-5,-4.12254363E-3
6.93600000E-5,-4.08059179E-3
6.94000000E-5,-4.02192666E-3
6.94400000E-5,-4.05525857E-3
6.94800000E-5,-4.17047382E-3
6.95200000E-5,-3.96644285E-3
6.95600000E-5,-4.03879322E-3
6.96000000E-5,-4.02842614E-3
6.96400000E-5,-4.34990166E-3
6.96800000E-5,-4.17883806E-3
6.97200000E-5,-3.95917355E-3
6.97600000E-5,-4.24293282E-3
6.98000000E-5,-3.89009303E-3
6.98400000E-5,-4.02403511E-3
6.98800000E-5,-4.14505110E-3
6.99200000E-5,-4.05524346E-3
6.99600000E-5,-3.96474024E-3
7.00000000E-5,-4.27479665E-3
7.00400000E-5,-4.05045399E-3
7.00800000E-5,-4.05567104E-3
7.01200000E-5,-4.23204145E-3
7.01600000E-5,-4.15125995E-3
7.02000000E-5,-3.96732785E-3
7.02400000E-5,-3.97253677E-3
7.02800000E-5,-4.06644070E-3
7.03200000E-5,-4.15277036E-3
7.03600000E-5,-4.16275525E-3
7.04000000E-5,-4.12683248E-3
7.04400000E-5,-4.04231772E-3
7.04800000E-5,-4.22306309E-3
7.05200000E-5,-4.19105228E-3
7.05600000E-5,-4.12977037E-3
7.06000000E-5,-4.13803630E-3
7.06400000E-5,-4.07091786E-3
7.06800000E-5,-4.07110787E-3
7.07200000E-5,-4.06732730E-3
7.07600000E-5,-4.01932717E-3
7.08000000E-5,-4.00478376E-3
7.08400000E-5,-3.91341996E-3
7.08800000E-5,-3.89026123E-3
7.09200000E-5,-4.22717085E-3
7.09600000E-5,-4.24908091E-3
7.10000000E-5,-3.95599369E-3
7.10400000E-5,-3.81007166E-3
7.10800000E-5,-4.21734698E-3
7.11200000E-5,-4.12950562E-3
7.11600000E-5,-4.10621777E-3
7.12000000E-5,-3.99060110E-3
7.12400000E-5,-4.02490020E-3
7.12800000E-5,-4.11132295E-3
7.13200000E-5,-4.18249203E-3
7.13600000E-5,-4.00148574E-3
7.14000000E-5,-4.20738040E-3
7.14400000E-5,-3.98646068E-3
7.14800000E-5,-4.34358110E-3
7.15200000E-5,-4.24467292E-3
7.15600000E-5,-4.15997940E-3
7.16000000E-5,-4.28172210E-3
7.16400000E-5,-4.14505388E-3
7.16800000E-5,-4.23273687E-3
7.17200000E-5,-4.31437213E-3
7.17600000E-5,-4.23475084E-3
7.18000000E-5,-4.06074729E-3
7.18400000E-5,-4.22422032E-3
7.18800000E-5,-4.19738960E-3
7.19200000E-5,-4.04422898E-3
7.19600000E-5,-4.22023626E-3
7.20000000E-5,-4.07681486E-3
7.20400000E-5,-4.00564201E-3
7.20800000E-5,-4.10168638E-3
7.21200000E-5,-4.10174602E-3
7.21600000E-5,-3.89443888E-3
7.22000000E-5,-4.26545594E-3
7.22400000E-5,-4.05108333E-3
7.22800000E-5,-4.31404053E-3
7.23200000E-5,-3.91276606E-3
7.23600000E-5,-3.96232691E-3
7.24000000E-5,-4.22048719E-3
7.24400000E-5,-4.15575923E-3
7.24800000E-5,-3.95595836E-3
7.25200000E-5,-4.14959284E-3
7.25600000E-5,-4.11447973E-3
7.26000000E-5,-4.25913127E-3
7.26400000E-5,-4.09657469E-3
7.26800000E-5,-4.25890364E-3
7.27200000E-5,-3.95531125E-3
7.27600000E-5,-4.36687336E-3
7.28000000E-5,-4.29470756E-3
7.28400000E-5,-4.24946026E-3
7.28800000E-5,-4.16973742E-3
7.29200000E-5,-4.24667994E-3
7.29600000E-5,-4.07284499E-3
7.30000000E-5,-4.14997259E-3
7.30400000E-5,-3.99444508E-3
7.30800000E-5,-4.04177307E-3
7.31200000E-5,-4.06047640E-3
7.31600000E-5,-4.55820145E-3
7.32000000E-5,-3.94192719E-3
7.32400000E-5,-4.00261214E-3
7.32800000E-5,-4.14244507E-3
7.33200000E-5,-4.15043370E-3
7.33600000E-5,-4.15638355E-3
7.34000000E-5,-4.21600929E-3
7.34400000E-5,-4.13864801E-3
7.34800000E-5,-4.08726373E-3
7.35200000E-5,-4.07931624E-3
7.35600000E-5,-4.26629075E-3
7.36000000E-5,-4.13451822E-3
7.36400000E-5,-4.37859325E-3
7.36800000E-5,-4.03636613E-3
7.37200000E-5,-4.19806023E-3
7.37600000E-5,-3.98429824E-3
7.38000000E-5,-3.99705147E-3
7.38400000E-5,-4.24282370E-3
7.38800000E-5,-4.03079452E-3
7.39200000E-5,-3.97682709E-3
7.39600000E-5,-4.43630687E-3
7.40000000E-5,-4.10852741E-3
7.40400000E-5,-4.15833988E-3
7.40800000E-5,-4.16550793E-3
7.41200000E-5,-4.10429936E-3
7.41600000E-5,-4.03713330E-3
7.42000000E-5,-4.08023658E-3
7.42400000E-5,-3.78095133E-3
7.42800000E-5,-4.02132994E-3
7.43200000E-5,-4.00101252E-3
7.43600000E-5,-4.05787945E-3
7.44000000E-5,-4.29998242E-3
7.44400000E-5,-3.81506021E-3
7.44800000E-5,-4.15057924E-3
7.45200000E-5,-4.34165649E-3
7.45600000E-5,-4.34674512E-3
7.46000000E-5,-3.94517691E-3
7.46400000E-5,-3.98071344E-3
7.46800000E-5,-4.00647149E-3
7.47200000E-5,-3.91994330E-3
7.47600000E-5,-4.17220451E-3
7.48000000E-5,-4.22141065E-3
7.48400000E-5,-4.11198047E-3
7.48800000E-5,-3.87421658E-3
7.49200000E-5,-4.17926217E-3
7.49600000E-5,-3.87186721E-3
7.50000000E-5,-4.16096114E-3
7.50400000E-5,-3.93175427E-3
7.50800000E-5,-4.02491831E-3
7.51200000E-5,-4.30032278E-3
7.51600000E-5,-4.26906552E-3
7.52000000E-5,-4.15997558E-3
7.52400000E-5,-4.03590996E-3
7.52800000E-5,-4.16405650E-3
7.53200000E-5,-4.23675662E-3
7.53600000E-5,-3.91777599E-3
7.54000000E-5,-4.24945526E-3
7.54400000E-5,-4.30002960E-3
7.54800000E-5,-4.17873516E-3
7.55200000E-5,-4.15296849E-3
7.55600000E-5,-4.37393905E-3
7.56000000E-5,-3.98331024E-3
7.56400000E-5,-4.09623012E-3
7.56800000E-5,-4.29807723E-3
7.57200000E-5,-3.92035839E-3
7.57600000E-5,-3.97361151E-3
7.58000000E-5,-4.05065974E-3
7.58400000E-5,-4.20458769E-3
7.58800000E-5,-4.27973779E-3
7.59200000E-5,-4.18702966E-3
7.59600000E-5,-4.05043015E-3
7.60000000E-5,-3.92931664E-3
7.60400000E-5,-4.08343190E-3
7.60800000E-5,-4.20073740E-3
7.61200000E-5,-4.23694094E-3
7.61600000E-5,-4.07929285E-3
7.62000000E-5,-4.13548596E-3
7.62400000E-5,-4.41362675E-3
7.62800000E-5,-4.17997964E-3
7.63200000E-5,-3.96925346E-3
7.63600000E-5,-4.28951572E-3
7.64000000E-5,-4.43125388E-3
7.64400000E-5,-4.24694442E-3
7.64800000E-5,-4.20073002E-3
7.65200000E-5,-4.16592069E-3
7.65600000E-5,-4.30501295E-3
7.66000000E-5,-3.95465623E-3
7.66400000E-5,-4.37770636E-3
7.66800000E-5,-4.41571035E-3
7.67200000E-5,-4.06558361E-3
7.67600000E-5,-4.06097451E-3
7.68000000E-5,-3.97590912E-3
7.68400000E-5,-4.24367162E-3
7.68800000E-5,-4.28370959E-3
7.69200000E-5,-4.30333505E-3
7.69600000E-5,-4.09160064E-3
7.70000000E-5,-3.96758922E-3
7.70400000E-5,-4.07104537E-3
7.70800000E-5,-4.15698108E-3
7.71200000E-5,-3.95524219E-3
7.71600000E-5,-4.19728297E-3
7.72000000E-5,-4.01413346E-3
7.72400000E-5,-4.08291510E-3
7.72800000E-5,-4.21219513E-3
7.73200000E-5,-4.34785872E-3
7.73600000E-5,-3.94503734E-3
7.74000000E-5,-4.40992721E-3
7.74400000E-5,-4.23620427E-3
7.74800000E-5,-4.02147592E-3
7.75200000E-5,-4.12909073E-3
7.75600000E-5,-4.20677301E-3
7.76000000E-5,-4.08256949E-3
7.76400000E-5,-4.21904769E-3
7.76800000E-5,-4.07976223E-3
7.77200000E-5,-4.16203200E-3
7.77600000E-5,-4.25229770E-3
7.78000000E-5,-4.05554622E-3
7.78400000E-5,-3.86251967E-3
7.78800000E-5,-4.41387892E-3
7.79200000E-5,-3.98688663E-3
7.79600000E-5,-4.08829834E-3
7.80000000E-5,-3.93900625E-3
7.80400000E-5,-4.06987927E-3
7.80800000E-5,-4.36272931E-3
7.81200000E-5,-3.99542400E-3
7.81600000E-5,-4.39104684E-3
7.82000000E-5,-4.02985612E-3
7.82400000E-5,-4.01873802E-3
7.82800000E-5,-4.22369772E-3
7.83200000E-5,-4.13231313E-3
7.83600000E-5,-4.34023098E-3
7.84000000E-5,-4.52044094E-3
7.84400000E-5,-4.09583607E-3
7.84800000E-5,-4.29103579E-3
7.85200000E-5,-3.87021148E-3
7.85600000E-5,-4.33380431E-3
7.86000000E-5,-4.29663363E-3
7.86400000E-5,-4.18593365E-3
7.86800000E-5,-4.28705433E-3
7.87200000E-5,-3.99293276E-3
7.87600000E-5,-4.14986563E-3
7.88000000E-5,-3.81281901E-3
7.88400000E-5,-4.48049517E-3
7.88800000E-5,-4.05940631E-3
7.89200000E-5,-4.09368158E-3
7.89600000E-5,-4.11703149E-3
7.90000000E-5,-3.88843244E-3
7.90400000E-5,-4.21521084E-3
7.90800000E-5,-4.38159887E-3
7.91200000E-5,-4.18472947E-3
7.91600000E-5,-4.02999643E-3
7.92000000E-5,-4.32296308E-3
7.92400000E-5,-4.09193846E-3
7.92800000E-5,-4.04678855E-3
7.93200000E-5,-4.02068084E-3
7.93600000E-5,-4.19174258E-3
7.94000000E-5,-4.07964332E-3
7.94400000E-5,-3.99564668E-3
7.94800000E-5,-4.09065555E-3
7.95200000E-5,-4.08127670E-3
7.95600000E-5,-4.24865357E-3
7.96000000E-5,-4.03682333E-3
7.96400000E-5,-4.08847985E-3
7.96800000E-5,-4.28249908E-3
7.97200000E-5,-4.00536060E-3
7.97600000E-5,-3.96371219E-3
7.98000000E-5,-4.52444722E-3
7.98400000E-5,-4.05259446E-3
7.98800000E-5,-3.99542907E-3
7.99200000E-5,-4.17328346E-3
7.99600000E-5,-4.19350169E-3
8.00000000E-5,-4.09584086E-3
8.00400000E-5,-4.36782756E-3
8.00800000E-5,-4.13441048E-3
8.01200000E-5,-4.16038595E-3
8.01600000E-5,-4.20169933E-3
8.02000000E-5,-4.53827721E-3
8.02400000E-5,-4.08440129E-3
8.02800000E-5,-4.13440202E-3
8.03200000E-5,-4.03827966E-3
8.03600000E-5,-4.02919282E-3
8.04000000E-5,-4.25043238E-3
8.04400000E-5,-4.23530944E-3
8.04800000E-5,-4.47267170E-3
8.05200000E-5,-3.99922340E-3
8.05600000E-5,-4.03704205E-3
8.06000000E-5,-3.85179306E-3
8.06400000E-5,-4.00619924E-3
8.06800000E-5,-4.21948684E-3
8.07200000E-5,-4.08012459E-3
8.07600000E-5,-4.08104876E-3
8.08000000E-5,-4.07793525E-3
8.08400000E-5,-4.24062804E-3
8.08800000E-5,-3.93963486E-3
8.09200000E-5,-4.14226838E-3
8.09600000E-5,-3.82517367E-3
8.10000000E-5,-4.42632724E-3
8.10400000E-5,-4.16744645E-3
8.10800000E-5,-3.97811250E-3
8.11200000E-5,-4.40560334E-3
8.11600000E-5,-4.15761889E-3
8.12000000E-5,-4.37449211E-3
8.12400000E-5,-4.13903370E-3
8.12800000E-5,-4.03422787E-3
8.13200000E-5,-4.03807339E-3
8.13600000E-5,-4.03218911E-3
8.14000000E-5,-4.17821508E-3
8.14400000E-5,-4.02689851E-3
8.14800000E-5,-4.11694679E-3
8.15200000E-5,-4.04486805E-3
8.15600000E-5,-4.21542282E-3
8.16000000E-5,-4.13707288E-3
8.16400000E-5,-4.06620013E-3
8.16800000E-5,-4.04960552E-3
8.17200000E-5,-3.97434278E-3
8.17600000E-5,-3.98761016E-3
8.18000000E-5,-4.32679674E-3
8.18400000E-5,-4.26372933E-3
8.18800000E-5,-4.11660106E-3
8.19200000E-5,-4.18300510E-3
8.19600000E-5,-4.06741942E-3
8.20000000E-5,-4.19487694E-3
8.20400000E-5,-4.08723594E-3
8.20800000E-5,-4.28121301E-3
8.21200000E-5,-4.32663957E-3
8.21600000E-5,-4.07171269E-3
8.22000000E-5,-4.26483901E-3
8.22400000E-5,-4.22109201E-3
8.22800000E-5,-4.10248478E-3
8.23200000E-5,-4.21460549E-3
8.23600000E-5,-4.02600007E-3
8.24000000E-5,-4.12916335E-3
8.24400000E-5,-4.38937694E-3
8.24800000E-5,-3.97839636E-3
8.25200000E-5,-4.28840729E-3
8.25600000E-5,-4.25452309E-3
8.26000000E-5,-4.08187858E-3
8.26400000E-5,-3.74629581E-3
8.26800000E-5,-3.86861007E-3
8.27200000E-5,-4.20402973E-3
8.27600000E-5,-4.06569417E-3
8.28000000E-5,-4.10391210E-3
8.28400000E-5,-4.13176975E-3
8.28800000E-5,-4.01157999E-3
8.29200000E-5,-4.35381122E-3
8.29600000E-5,-3.98872842E-3
8.30000000E-5,-4.24159791E-3
8.30400000E-5,-4.09140759E-3
8.30800000E-5,-4.10902184E-3
8.31200000E-5,-4.02917292E-3
8.31600000E-5,-4.05766845E-3
8.32000000E-5,-4.02479727E-3
8.32400000E-5,-4.18008838E-3
8.32800000E-5,-3.97491078E-3
8.33200000E-5,-4.16004058E-3
8.33600000E-5,-4.31488612E-3
8.34000000E-5,-4.00920717E-3
8.34400000E-5,-3.97028501E-3
8.34800000E-5,-3.89666136E-3
8.35200000E-5,-4.34686511E-3
8.35600000E-5,-4.08222935E-3
8.36000000E-5,-4.18436165E-3
8.36400000E-5,-4.31568841E-3
8.36800000E-5,-4.20412367E-3
8.37200000E-5,-4.24687665E-3
8.37600000E-5,-3.94189518E-3
8.38000000E-5,-4.25691690E-3
8.38400000E-5,-4.02621225E-3
8.38800000E-5,-4.13507776E-3
8.39200000E-5,-3.91539754E-3
8.39600000E-5,-4.27004039E-3
8.40000000E-5,-3.93842718E-3
8.40400000E-5,-4.13182122E-3
8.40800000E-5,-4.15863717E-3
8.41200000E-5,-4.21211821E-3
8.41600000E-5,-4.37159278E-3
8.42000000E-5,-3.90999751E-3
8.42400000E-5,-4.07025028E-3
8.42800000E-5,-4.23870796E-3
8.43200000E-5,-4.15740782E-3
8.43600000E-5,-4.17350954E-3
8.44000000E-5,-4.12412793E-3
8.44400000E-5,-4.25209465E-3
8.44800000E-5,-4.12367556E-3
8.45200000E-5,-4.15970248E-3
8.45600000E-5,-4.18349130E-3
8.46000000E-5,-3.99017558E-3
8.46400000E-5,-4.44562716E-3
8.46800000E-5,-4.24070950E-3
8.47200000E-5,-4.16252934E-3
8.47600000E-5,-4.10648571E-3
8.48000000E-5,-4.11501766E-3
8.48400000E-5,-4.20901593E-3
8.48800000E-5,-4.18763211E-3
8.49200000E-5,-3.94925183E-3
8.49600000E-5,-4.02333343E-3
8.50000000E-5,-3.97637459E-3
8.50400000E-5,-4.08420823E-3
8.50800000E-5,-4.25761228E-3
8.51200000E-5,-4.10002758E-3
8.51600000E-5,-3.94539467E-3
8.52000000E-5,-3.90777053E-3
8.52400000E-5,-4.09079744E-3
8.52800000E-5,-4.04252169E-3
8.53200000E-5,-4.21399626E-3
8.53600000E-5,-4.19493076E-3
8.54000000E-5,-3.82946890E-3
8.54400000E-5,-4.14610884E-3
8.54800000E-5,-4.04000854E-3
8.55200000E-5,-4.15762318E-3
8.55600000E-5,-4.23161600E-3
8.56000000E-5,-4.05845168E-3
8.56400000E-5,-4.20790080E-3
8.56800000E-5,-4.15257086E-3
8.57200000E-5,-4.29990672E-3
8.57600000E-5,-4.32912071E-3
8.58000000E-5,-4.13967904E-3
8.58400000E-5,-4.27426245E-3
8.58800000E-5,-4.09790741E-3
8.59200000E-5,-3.99509897E-3
8.59600000E-5,-4.11465696E-3
8.60000000E-5,-4.11517727E-3
8.60400000E-5,-4.20680477E-3
8.60800000E-5,-4.31962189E-3
8.61200000E-5,-4.16288984E-3
8.61600000E-5,-4.21487540E-3
8.62000000E-5,-4.21636853E-3
8.62400000E-5,-4.30169987E-3
8.62800000E-5,-4.39326518E-3
8.63200000E-5,-4.15533383E-3
8.63600000E-5,-4.28355541E-3
8.64000000E-5,-4.32335888E-3
8.64400000E-5,-4.12805785E-3
8.64800000E-5,-4.13996896E-3
8.65200000E-5,-4.28769945E-3
8.65600000E-5,-3.93720269E-3
8.66000000E-5,-4.30547772E-3
8.66400000E-5,-4.01747418E-3
8.66800000E-5,-4.49995949E-3
8.67200000E-5,-4.22060826E-3
8.67600000E-5,-4.00986784E-3
8.68000000E-5,-3.98405901E-3
8.68400000E-5,-4.24887226E-3
8.68800000E-5,-4.15947023E-3
8.69200000E-5,-4.07335449E-3
8.69600000E-5,-4.34263245E-3
8.70000000E-5,-4.06196941E-3
8.70400000E-5,-4.01432680E-3
8.70800000E-5,-4.20107388E-3
8.71200000E-5,-3.85590399E-3
8.71600000E-5,-4.20933447E-3
8.72000000E-5,-3.85580860E-3
8.72400000E-5,-4.23925591E-3
8.72800000E-5,-4.08550317E-3
8.73200000E-5,-4.11661913E-3
8.73600000E-5,-4.21347818E-3
8.74000000E-5,-4.22010572E-3
8.74400000E-5,-4.23483160E-3
8.74800000E-5,-4.32984299E-3
8.75200000E-5,-4.23438705E-3
8.75600000E-5,-4.22577377E-3
8.76000000E-5,-4.18566803E-3
8.76400000E-5,-4.17865744E-3
8.76800000E-5,-4.38149133E-3
8.77200000E-5,-3.97708311E-3
8.77600000E-5,-4.12875611E-3
8.78000000E-5,-4.25485150E-3
8.78400000E-5,-3.97246176E-3
8.78800000E-5,-4.14030624E-3
8.79200000E-5,-4.24722827E-3
8.79600000E-5,-4.33045729E-3
8.80000000E-5,-4.36368874E-3
8.80400000E-5,-4.25723206E-3
8.80800000E-5,-4.07467460E-3
8.81200000E-5,-4.11121943E-3
8.81600000E-5,-4.12782467E-3
8.82000000E-5,-4.14531783E-3
8.82400000E-5,-4.30079261E-3
8.82800000E-5,-4.38960780E-3
8.83200000E-5,-4.00724372E-3
8.83600000E-5,-4.04830496E-3
8.84000000E-5,-4.04691285E-3
8.84400000E-5,-4.29180226E-3
8.84800000E-5,-4.21693131E-3
8.85200000E-5,-4.08051083E-3
8.85600000E-5,-4.04456194E-3
8.86000000E-5,-4.27374794E-3
8.86400000E-5,-4.38902831E-3
8.86800000E-5,-4.24586981E-3
8.87200000E-5,-4.21575563E-3
8.87600000E-5,-3.92260133E-3
8.88000000E-5,-4.25652641E-3
8.88400000E-5,-4.20539128E-3
8.88800000E-5,-4.11105031E-3
8.89200000E-5,-3.93586320E-3
8.89600000E-5,-4.15377189E-3
8.90000000E-5,-3.96797935E-3
8.90400000E-5,-4.19583316E-3
8.90800000E-5,-4.06424168E-3
8.91200000E-5,-4.29155004E-3
8.91600000E-5,-4.33671651E-3
8.92000000E-5,-4.15561124E-3
8.92400000E-5,-4.06984504E-3
8.92800000E-5,-4.03624063E-3
8.93200000E-5,-4.19269010E-3
8.93600000E-5,-4.44824740E-3
8.94000000E-5,-4.09605503E-3
8.94400000E-5,-4.20811154E-3
8.94800000E-5,-4.26447354E-3
8.95200000E-5,-4.00426048E-3
8.95600000E-5,-4.16783902E-3
8.96000000E-5,-4.02170844E-3
8.96400000E-5,-4.25519436E-3
8.96800000E-5,-3.94554439E-3
8.97200000E-5,-4.22253428E-3
8.97600000E-5,-4.17737636E-3
8.98000000E-5,-4.15192967E-3
8.98400000E-5,-4.28428719E-3
8.98800000E-5,-4.28597676E-3
8.99200000E-5,-4.46357078E-3
8.99600000E-5,-4.29370404E-3
9.00000000E-5,-4.18091388E-3
9.00400000E-5,-4.28615294E-3
9.00800000E-5,-4.11297549E-3
9.01200000E-5,-4.04669926E-3
9.01600000E-5,-4.09484132E-3
9.02000000E-5,-4.08205935E-3
9.02400000E-5,-4.20136818E-3
9.02800000E-5,-4.08963880E-3
9.03200000E-5,-4.15164277E-3
9.03600000E-5,-4.07977455E-3
9.04000000E-5,-4.39169950E-3
9.04400000E-5,-4.24424457E-3
9.04800000E-5,-4.38330408E-3
9.05200000E-5,-4.11415339E-3
9.05600000E-5,-4.09476993E-3
9.06000000E-5,-4.43767166E-3
9.06400000E-5,-4.06932103E-3
9.06800000E-5,-4.25776620E-3
9.07200000E-5,-4.24861716E-3
9.07600000E-5,-4.13164762E-3
9.08000000E-5,-4.03385392E-3
9.08400000E-5,-4.15510402E-3
9.08800000E-5,-4.40866530E-3
9.09200000E-5,-4.15018074E-3
9.09600000E-5,-3.98664682E-3
9.10000000E-5,-3.96872769E-3
9.10400000E-5,-4.28669693E-3
9.10800000E-5,-4.28399007E-3
9.11200000E-5,-4.17602666E-3
9.11600000E-5,-4.05361604E-3
9.12000000E-5,-4.21502241E-3
9.12400000E-5,-4.13476583E-3
9.12800000E-5,-4.02948810E-3
9.13200000E-5,-4.11012895E-3
9.13600000E-5,-3.92936379E-3
9.14000000E-5,-4.00911614E-3
9.14400000E-5,-4.05998068E-3
9.14800000E-5,-4.10687928E-3
9.15200000E-5,-4.06909384E-3
9.15600000E-5,-4.01293403E-3
9.16000000E-5,-4.11486365E-3
9.16400000E-5,-4.18282567E-3
9.16800000E-5,-4.28437913E-3
9.17200000E-5,-4.12629378E-3
9.17600000E-5,-4.17127158E-3
9.18000000E-5,-4.09121208E-3
9.18400000E-5,-4.10088776E-3
9.18800000E-5,-4.27604756E-3
9.19200000E-5,-4.19635520E-3
9.19600000E-5,-4.25390655E-3
9.20000000E-5,-4.08497549E-3
9.20400000E-5,-4.05299096E-3
9.20800000E-5,-3.95101175E-3
9.21200000E-5,-4.04703616E-3
9.21600000E-5,-4.24533932E-3
9.22000000E-5,-3.94939122E-3
9.22400000E-5,-3.99471624E-3
9.22800000E-5,-4.13478282E-3
9.23200000E-5,-4.13680794E-3
9.23600000E-5,-4.20393804E-3
9.24000000E-5,-3.92457536E-3
9.24400000E-5,-4.08031687E-3
9.24800000E-5,-3.98988771E-3
9.25200000E-5,-4.22400244E-3
9.25600000E-5,-3.98032410E-3
9.26000000E-5,-4.20146143E-3
9.26400000E-5,-4.13435166E-3
9.26800000E-5,-3.97371921E-3
9.27200000E-5,-4.06357690E-3
9.27600000E-5,-4.24180323E-3
9.28000000E-5,-4.33006109E-3
9.28400000E-5,-4.51323962E-3
9.28800000E-5,-4.24077764E-3
9.29200000E-5,-4.18940122E-3
9.29600000E-5,-4.39854131E-3
9.30000000E-5,-4.39274891E-3
9.30400000E-5,-4.10744809E-3
9.30800000E-5,-3.95761674E-3
9.31200000E-5,-4.13531057E-3
9.31600000E-5,-4.16895144E-3
9.32000000E-5,-4.11794454E-3
9.32400000E-5,-4.18107654E-3
9.32800000E-5,-4.14282649E-3
9.33200000E-5,-4.27383824E-3
9.33600000E-5,-4.25296304E-3
9.34000000E-5,-3.95321060E-3
9.34400000E-5,-4.02055355E-3
9.34800000E-5,-4.00881134E-3
9.35200000E-5,-3.84905589E-3
9.35600000E-5,-3.99315099E-3
9.36000000E-5,-4.14302187E-3
9.36400000E-5,-4.06691351E-3
9.36800000E-5,-4.22936406E-3
9.37200000E-5,-4.06641073E-3
9.37600000E-5,-4.08241069E-3
9.38000000E-5,-4.20957072E-3
9.38400000E-5,-4.06978512E-3
9.38800000E-5,-4.21511734E-3
9.39200000E-5,-4.25627928E-3
9.39600000E-5,-4.13430639E-3
9.40000000E-5,-4.03483467E-3
9.40400000E-5,-4.09740079E-3
9.40800000E-5,-4.26012806E-3
9.41200000E-5,-4.09103262E-3
9.41600000E-5,-4.20331940E-3
9.42000000E-5,-4.38549910E-3
9.42400000E-5,-4.03024170E-3
9.42800000E-5,-4.14587494E-3
9.43200000E-5,-3.99524521E-3
9.43600000E-5,-4.04785679E-3
9.44000000E-5,-4.05766463E-3
9.44400000E-5,-4.01904422E-3
9.44800000E-5,-4.32138626E-3
9.45200000E-5,-4.11223594E-3
9.45600000E-5,-4.16478576E-3
9.46000000E-5,-4.19715633E-3
9.46400000E-5,-4.34209804E-3
9.46800000E-5,-4.33517039E-3
9.47200000E-5,-4.01627664E-3
9.47600000E-5,-3.94154273E-3
9.48000000E-5,-4.13859766E-3
9.48400000E-5,-4.08837631E-3
9.48800000E-5,-4.12563875E-3
9.49200000E-5,-4.38205675E-3
9.49600000E-5,-4.12328576E-3
9.50000000E-5,-4.03088863E-3
9.50400000E-5,-4.24505956E-3
9.50800000E-5,-4.31907139E-3
9.51200000E-5,-4.23772343E-3
9.51600000E-5,-4.13873470E-3
9.52000000E-5,-4.29105144E-3
9.52400000E-5,-4.11534935E-3
9.52800000E-5,-4.10639976E-3
9.53200000E-5,-4.13192434E-3
9.53600000E-5,-3.85772684E-3
9.54000000E-5,-4.25774686E-3
9.54400000E-5,-3.93943369E-3
9.54800000E-5,-3.96009366E-3
9.55200000E-5,-4.03959584E-3
9.55600000E-5,-3.97330778E-3
9.56000000E-5,-4.24302312E-3
9.56400000E-5,-3.87707561E-3
9.56800000E-5,-4.39966376E-3
9.57200000E-5,-3.98181874E-3
9.57600000E-5,-4.32007974E-3
9.58000000E-5,-4.35792289E-3
9.58400000E-5,-4.30062085E-3
9.58800000E-5,-4.01806738E-3
9.59200000E-5,-4.12264104E-3
9.59600000E-5,-4.15214284E-3
9.60000000E-5,-4.05832868E-3
9.60400000E-5,-4.13016277E-3
9.60800000E-5,-4.12875166E-3
9.61200000E-5,-3.95261937E-3
9.61600000E-5,-4.13579059E-3
9.62000000E-5,-4.21961889E-3
9.62400000E-5,-4.22751977E-3
9.62800000E-5,-4.19168565E-3
9.63200000E-5,-4.06518964E-3
9.63600000E-5,-4.26953702E-3
9.64000000E-5,-4.11012210E-3
9.64400000E-5,-4.36361891E-3
9.64800000E-5,-4.19459923E-3
9.65200000E-5,-4.04018948E-3
9.65600000E-5,-4.24615581E-3
9.66000000E-5,-4.02475123E-3
9.66400000E-5,-4.32291103E-3
9.66800000E-5,-4.32219105E-3
9.67200000E-5,-4.00783634E-3
9.67600000E-5,-3.97996667E-3
9.68000000E-5,-4.07009653E-3
9.68400000E-5,-4.05102079E-3
9.68800000E-5,-3.93366298E-3
9.69200000E-5,-4.38106018E-3
9.69600000E-5,-3.96264772E-3
9.70000000E-5,-4.27419244E-3
9.70400000E-5,-4.05009701E-3
9.70800000E-5,-4.21498839E-3
9.71200000E-5,-4.23277428E-3
9.71600000E-5,-4.13531138E-3
9.72000000E-5,-4.04281808E-3
9.72400000E-5,-4.14771954E-3
9.72800000E-5,-4.20796852E-3
9.73200000E-5,-4.18010431E-3
9.73600000E-5,-4.05142551E-3
9.74000000E-5,-4.19922886E-3
9.74400000E-5,-4.33349878E-3
9.74800000E-5,-4.38193802E-3
9.75200000E-5,-4.17926239E-3
9.75600000E-5,-4.30122653E-3
9.76000000E-5,-4.33356790E-3
9.76400000E-5,-4.07483849E-3
9.76800000E-5,-4.05063342E-3
9.77200000E-5,-3.92474069E-3
9.77600000E-5,-3.81594848E-3
9.78000000E-5,-4.16119288E-3
9.78400000E-5,-4.13508536E-3
9.78800000E-5,-4.15707819E-3
9.79200000E-5,-4.01891495E-3
9.79600000E-5,-3.94778972E-3
9.80000000E-5,-4.05510822E-3
9.80400000E-5,-3.93575106E-3
9.80800000E-5,-3.91857983E-3
9.81200000E-5,-4.24378735E-3
9.81600000E-5,-4.29652422E-3
9.82000000E-5,-3.97816673E-3
9.82400000E-5,-4.15229754E-3
9.82800000E-5,-4.21288628E-3
9.83200000E-5,-4.23778357E-3
9.83600000E-5,-4.07221540E-3
9.84000000E-5,-4.28910727E-3
9.84400000E-5,-4.29074048E-3
9.84800000E-5,-4.21764543E-3
9.85200000E-5,-4.23328702E-3
9.85600000E-5,-4.15410966E-3
9.86000000E-5,-4.06591895E-3
9.86400000E-5,-4.34533658E-3
9.86800000E-5,-4.22671369E-3
9.87200000E-5,-4.14498224E-3
9.87600000E-5,-4.07963420E-3
9.88000000E-5,-4.00613828E-3
9.88400000E-5,-4.30689046E-3
9.88800000E-5,-4.17492209E-3
9.89200000E-5,-4.03993949E-3
9.89600000E-5,-3.98723850E-3
9.90000000E-5,-3.79978155E-3
9.90400000E-5,-4.23867102E-3
9.90800000E-5,-4.06721150E-3
9.91200000E-5,-3.84332967E-3
9.91600000E-5,-4.10169917E-3
9.92000000E-5,-4.36486516E-3
9.92400000E-5,-4.25795536E-3
9.92800000E-5,-4.05865566E-3
9.93200000E-5,-4.31977844E-3
9.93600000E-5,-4.26786042E-3
9.94000000E-5,-3.96556882E-3
9.94400000E-5,-4.33433184E-3
9.94800000E-5,-4.16203340E-3
9.95200000E-5,-4.22587022E-3
9.95600000E-5,-4.02259573E-3
9.96000000E-5,-3.96909298E-3
9.96400000E-5,-4.15532402E-3
9.96800000E-5,-4.21624751E-3
9.97200000E-5,-4.42281069E-3
9.97600000E-5,-4.32397558E-3
9.98000000E-5,-4.23762692E-3
9.98400000E-5,-4.21611571E-3
9.98800000E-5,-4.29007977E-3
9.99200000E-5,-4.26599297E-3
9.99600000E-5,-4.11775614E-3
1.00000000E-4,-4.39519593E-3
1.00040000E-4,-4.12949920E-3
1.00080000E-4,-4.17821492E-3
1.00120000E-4,-4.06506709E-3
1.00160000E-4,-3.88716105E-3
1.00200000E-4,-3.83761088E-3
1.00240000E-4,-4.03468182E-3
1.00280000E-4,-4.12197944E-3
1.00320000E-4,-4.00232337E-3
1.00360000E-4,-3.95453471E-3
1.00400000E-4,-4.07201972E-3
1.00440000E-4,-4.15296798E-3
1.00480000E-4,-3.80494691E-3
1.00520000E-4,-3.85592507E-3
1.00560000E-4,-3.86842332E-3
1.00600000E-4,-3.88651474E-3
1.00640000E-4,-3.77329463E-3
1.00680000E-4,-3.95255985E-3
1.00720000E-4,-3.68085900E-3
1.00760000E-4,-3.75903481E-3
1.00800000E-4,-3.59125564E-3
1.00840000E-4,-3.81015088E-3
1.00880000E-4,-3.57416296E-3
1.00920000E-4,-3.90126370E-3
1.00960000E-4,-3.63955939E-3
1.01000000E-4,-3.76907723E-3
1.01040000E-4,-3.67678666E-3
1.01080000E-4,-3.57410232E-3
1.01120000E-4,-3.85618379E-3
1.01160000E-4,-3.83030246E-3
1.01200000E-4,-3.81019232E-3
1.01240000E-4,-3.87531268E-3
1.01280000E-4,-3.52676170E-3
1.01320000E-4,-3.70272458E-3
1.01360000E-4,-3.63059199E-3
1.01400000E-4,-3.59155466E-3
1.01440000E-4,-3.54373523E-3
1.01480000E-4,-3.69290446E-3
1.01520000E-4,-3.46271413E-3
1.01560000E-4,-3.45572748E-3
1.01600000E-4,-3.41836999E-3
1.01640000E-4,-3.61589027E-3
1.01680000E-4,-3.59559874E-3
1.01720000E-4,-3.54861538E-3
1.01760000E-4,-3.40442323E-3
1.01800000E-4,-3.38286202E-3
1.01840000E-4,-3.45227766E-3
1.01880000E-4,-3.69165012E-3
1.01920000E-4,-3.50424557E-3
1.01960000E-4,-3.38953260E-3
1.02000000E-4,-3.48363868E-3
1.02040000E-4,-3.28758409E-3
1.02080000E-4,-3.19143160E-3
1.02120000E-4,-3.30712602E-3
1.02160000E-4,-3.44846590E-3
1.02200000E-4,-3.23497200E-3
1.02240000E-4,-3.54448719E-3
1.02280000E-4,-3.30428880E-3
1.02320000E-4,-3.20523627E-3
1.02360000E-4,-3.19840489E-3
1.02400000E-4,-3.35411577E-3
1.02440000E-4,-3.37436288E-3
1.02480000E-4,-3.17137853E-3
1.02520000E-4,-3.15964197E-3
1.02560000E-4,-3.22279838E-3
1.02600000E-4,-3.13672701E-3
1.02640000E-4,-3.25193977E-3
1.02680000E-4,-3.29032926E-3
1.02720000E-4,-3.14452963E-3
1.02760000E-4,-3.11758300E-3
1.02800000E-4,-3.26500699E-3
1.02840000E-4,-3.19145937E-3
1.02880000E-4,-3.05858125E-3
1.02920000E-4,-2.94200585E-3
1.02960000E-4,-3.06775719E-3
1.03000000E-4,-3.17278654E-3
1.03040000E-4,-3.06600749E-3
1.03080000E-4,-2.89720425E-3
1.03120000E-4,-3.29553021E-3
1.03160000E-4,-3.04948939E-3
1.03200000E-4,-3.13424091E-3
1.03240000E-4,-3.05017597E-3
1.03280000E-4,-2.80124042E-3
1.03320000E-4,-3.17830963E-3
1.03360000E-4,-3.00930814E-3
1.03400000E-4,-3.26062632E-3
1.03440000E-4,-2.78247228E-3
1.03480000E-4,-2.81478108E-3
1.03520000E-4,-3.11145930E-3
1.03560000E-4,-2.92973844E-3
1.03600000E-4,-2.71768068E-3
1.03640000E-4,-2.82308206E-3
1.03680000E-4,-2.69314248E-3
1.03720000E-4,-2.62100944E-3
1.03760000E-4,-2.75466919E-3
1.03800000E-4,-2.83409106E-3
1.03840000E-4,-2.72898370E-3
1.03880000E-4,-2.74142991E-3
1.03920000E-4,-2.83771615E-3
1.03960000E-4,-2.75034487E-3
1.04000000E-4,-2.64624696E-3
1.04040000E-4,-2.92552932E-3
1.04080000E-4,-2.78128733E-3
1.04120000E-4,-2.80718822E-3
1.04160000E-4,-2.56488072E-3
1.04200000E-4,-2.84749180E-3
1.04240000E-4,-2.74843766E-3
1.04280000E-4,-2.54413958E-3
1.04320000E-4,-2.73572669E-3
1.04360000E-4,-2.47237932E-3
1.04400000E-4,-2.74179316E-3
1.04440000E-4,-2.66471640E-3
1.04480000E-4,-2.65594792E-3
1.04520000E-4,-2.70300492E-3
1.04560000E-4,-2.72739711E-3
1.04600000E-4,-2.71627717E-3
1.04640000E-4,-2.63246630E-3
1.04680000E-4,-2.62697932E-3
1.04720000E-4,-2.46403407E-3
1.04760000E-4,-2.55417692E-3
1.04800000E-4,-2.43725317E-3
1.04840000E-4,-2.57503260E-3
1.04880000E-4,-2.74406954E-3
1.04920000E-4,-2.50773559E-3
1.04960000E-4,-2.42399584E-3
1.05000000E-4,-2.47952313E-3
1.05040000E-4,-2.33706651E-3
1.05080000E-4,-2.62169957E-3
1.05120000E-4,-2.55352206E-3
1.05160000E-4,-2.38310547E-3
1.05200000E-4,-2.46739812E-3
1.05240000E-4,-2.47097478E-3
1.05280000E-4,-2.39394486E-3
1.05320000E-4,-2.32943516E-3
1.05360000E-4,-2.65593923E-3
1.05400000E-4,-2.39579554E-3
1.05440000E-4,-2.48229233E-3
1.05480000E-4,-2.30120434E-3
1.05520000E-4,-2.69448880E-3
1.05560000E-4,-2.44896795E-3
1.05600000E-4,-2.32920192E-3
1.05640000E-4,-2.34129097E-3
1.05680000E-4,-2.22738196E-3
1.05720000E-4,-2.23142796E-3
1.05760000E-4,-2.18037499E-3
1.05800000E-4,-2.29446910E-3
1.05840000E-4,-2.35672803E-3
1.05880000E-4,-2.23652742E-3
1.05920000E-4,-2.24041940E-3
1.05960000E-4,-2.21602628E-3
1.06000000E-4,-2.36980032E-3
1.06040000E-4,-2.28220853E-3
1.06080000E-4,-2.31855924E-3
1.06120000E-4,-2.18241661E-3
1.06160000E-4,-2.18638734E-3
1.06200000E-4,-2.24929501E-3
1.06240000E-4,-2.28944986E-3
1.06280000E-4,-2.25931046E-3
1.06320000E-4,-2.23979838E-3
1.06360000E-4,-2.15181814E-3
1.06400000E-4,-2.23454606E-3
1.06440000E-4,-2.10923178E-3
1.06480000E-4,-2.05104127E-3
1.06520000E-4,-2.20766632E-3
1.06560000E-4,-1.98058115E-3
1.06600000E-4,-2.15911639E-3
1.06640000E-4,-2.10139723E-3
1.06680000E-4,-2.15932044E-3
1.06720000E-4,-2.02396300E-3
1.06760000E-4,-2.12557570E-3
1.06800000E-4,-2.02701393E-3
1.06840000E-4,-2.11222862E-3
1.06880000E-4,-1.91571689E-3
1.06920000E-4,-1.97172295E-3
1.06960000E-4,-2.11238751E-3
1.07000000E-4,-1.96135192E-3
1.07040000E-4,-1.95796595E-3
1.07080000E-4,-1.90767915E-3
1.07120000E-4,-1.95960468E-3
1.07160000E-4,-1.99589237E-3
1.07200000E-4,-1.96483356E-3
1.07240000E-4,-1.87931252E-3
1.07280000E-4,-2.03182781E-3
1.07320000E-4,-1.93391462E-3
1.07360000E-4,-2.21037101E-3
1.07400000E-4,-1.86903324E-3
1.07440000E-4,-1.98052709E-3
1.07480000E-4,-1.86048610E-3
1.07520000E-4,-1.77289912E-3
1.07560000E-4,-1.87367080E-3
1.07600000E-4,-1.93771808E-3
1.07640000E-4,-2.00144142E-3
1.07680000E-4,-1.83791290E-3
1.07720000E-4,-1.98151114E-3
1.07760000E-4,-1.80699022E-3
1.07800000E-4,-1.88109357E-3
1.07840000E-4,-1.94742313E-3
1.07880000E-4,-1.95901827E-3
1.07920000E-4,-1.97821325E-3
1.07960000E-4,-1.92086347E-3
1.08000000E-4,-1.84750744E-3
1.08040000E-4,-1.95460845E-3
1.08080000E-4,-1.89394988E-3
1.08120000E-4,-1.78796040E-3
1.08160000E-4,-1.75295129E-3
1.08200000E-4,-1.80666061E-3
1.08240000E-4,-1.82263746E-3
1.08280000E-4,-1.86711722E-3
1.08320000E-4,-1.78496273E-3
1.08360000E-4,-1.89840261E-3
1.08400000E-4,-1.92226862E-3
1.08440000E-4,-2.14107459E-3
1.08480000E-4,-1.82788285E-3
1.08520000E-4,-1.77470521E-3
1.08560000E-4,-1.84303589E-3
1.08600000E-4,-1.72277111E-3
1.08640000E-4,-1.85246969E-3
1.08680000E-4,-1.65559191E-3
1.08720000E-4,-1.87101009E-3
1.08760000E-4,-1.73455347E-3
1.08800000E-4,-1.81130846E-3
1.08840000E-4,-1.66791536E-3
1.08880000E-4,-1.70140461E-3
1.08920000E-4,-1.58018558E-3
1.08960000E-4,-1.61329818E-3
1.09000000E-4,-1.69913235E-3
1.09040000E-4,-1.74703123E-3
1.09080000E-4,-1.63634826E-3
1.09120000E-4,-1.52456295E-3
1.09160000E-4,-1.66655425E-3
1.09200000E-4,-1.52559999E-3
1.09240000E-4,-1.77872856E-3
1.09280000E-4,-1.68430068E-3
1.09320000E-4,-1.48292739E-3
1.09360000E-4,-1.51763141E-3
1.09400000E-4,-1.76907340E-3
1.09440000E-4,-1.61519065E-3
1.09480000E-4,-1.72532216E-3
1.09520000E-4,-1.56138505E-3
1.09560000E-4,-1.61964726E-3
1.09600000E-4,-1.62248361E-3
1.09640000E-4,-1.70148670E-3
1.09680000E-4,-1.59236626E-3
1.09720000E-4,-1.65134825E-3
1.09760000E-4,-1.51802890E-3
1.09800000E-4,-1.51166827E-3
1.09840000E-4,-1.46298593E-3
1.09880000E-4,-1.63806174E-3
1.09920000E-4,-1.48524523E-3
1.09960000E-4,-1.53202085E-3
1.10000000E-4,-1.44747540E-3
1.10040000E-4,-1.58928065E-3
1.10080000E-4,-1.34561773E-3
1.10120000E-4,-1.48724487E-3
1.10160000E-4,-1.40610960E-3
1.10200000E-4,-1.60039796E-3
1.10240000E-4,-1.49315639E-3
1.10280000E-4,-1.44449524E-3
1.10320000E-4,-1.40626969E-3
1.10360000E-4,-1.56585865E-3
1.10400000E-4,-1.37790980E-3
1.10440000E-4,-1.50379335E-3
1.10480000E-4,-1.32021849E-3
1.10520000E-4,-1.35757725E-3
1.10560000E-4,-1.38762492E-3
1.10600000E-4,-1.39486958E-3
1.10640000E-4,-1.40761421E-3
1.10680000E-4,-1.35362764E-3
1.10720000E-4,-1.35659690E-3
1.10760000E-4,-1.61259658E-3
1.10800000E-4,-1.48007422E-3
1.10840000E-4,-1.45531189E-3
1.10880000E-4,-1.20091297E-3
1.10920000E-4,-1.37440389E-3
1.10960000E-4,-1.31231041E-3
1.11000000E-4,-1.36672043E-3
1.11040000E-4,-1.56295033E-3
1.11080000E-4,-1.27528274E-3
1.11120000E-4,-1.18190804E-3
1.11160000E-4,-1.27958665E-3
1.11200000E-4,-1.48335880E-3
1.11240000E-4,-1.30199104E-3
1.11280000E-4,-1.37218013E-3
1.11320000E-4,-1.27167427E-3
1.11360000E-4,-1.31899679E-3
1.11400000E-4,-1.22255251E-3
1.11440000E-4,-1.51201454E-3
1.11480000E-4,-1.29490666E-3
1.11520000E-4,-1.19709707E-3
1.11560000E-4,-1.15297138E-3
1.11600000E-4,-1.25772450E-3
1.11640000E-4,-1.22988758E-3
1.11680000E-4,-1.28739234E-3
1.11720000E-4,-1.38151976E-3
1.11760000E-4,-1.39415491E-3
1.11800000E-4,-1.40696535E-3
1.11840000E-4,-1.32511199E-3
1.11880000E-4,-1.32250020E-3
1.11920000E-4,-1.21184710E-3
1.11960000E-4,-1.31454183E-3
1.12000000E-4,-1.27180359E-3
1.12040000E-4,-1.18352749E-3
1.12080000E-4,-1.38788621E-3
1.12120000E-4,-1.19933971E-3
1.12160000E-4,-1.16524806E-3
1.12200000E-4,-1.23202649E-3
1.12240000E-4,-1.27029928E-3
1.12280000E-4,-1.10935913E-3
1.12320000E-4,-1.15305863E-3
1.12360000E-4,-1.18525902E-3
1.12400000E-4,-1.14907943E-3
1.12440000E-4,-1.13995402E-3
1.12480000E-4,-1.37564334E-3
1.12520000E-4,-1.13835518E-3
1.12560000E-4,-1.10494950E-3
1.12600000E-4,-1.39368296E-3
1.12640000E-4,-1.20521250E-3
1.12680000E-4,-1.21150956E-3
1.12720000E-4,-1.24810324E-3
1.12760000E-4,-1.32808681E-3
1.12800000E-4,-1.00010126E-3
1.12840000E-4,-1.15275365E-3
1.12880000E-4,-1.07238166E-3
1.12920000E-4,-1.09628968E-3
1.12960000E-4,-9.47103769E-4
1.13000000E-4,-1.02428344E-3
1.13040000E-4,-1.06001820E-3
1.13080000E-4,-1.09255513E-3
1.13120000E-4,-1.11776177E-3
1.13160000E-4,-1.11959401E-3
1.13200000E-4,-1.17730692E-3
1.13240000E-4,-1.14400166E-3
1.13280000E-4,-1.05160239E-3
1.13320000E-4,-1.00275615E-3
1.13360000E-4,-1.03961704E-3
1.13400000E-4,-1.05382543E-3
1.13440000E-4,-9.82995057E-4
1.13480000E-4,-9.58157847E-4
1.13520000E-4,-1.14511708E-3
1.13560000E-4,-9.92920118E-4
1.13600000E-4,-1.03752828E-3
1.13640000E-4,-9.88766952E-4
1.13680000E-4,-9.30689174E-4
1.13720000E-4,-9.69775547E-4
1.13760000E-4,-1.00710827E-3
1.13800000E-4,-1.04214805E-3
1.13840000E-4,-1.03005901E-3
1.13880000E-4,-1.05553213E-3
1.13920000E-4,-1.05427374E-3
1.13960000E-4,-9.52637274E-4
1.14000000E-4,-1.02674776E-3
1.14040000E-4,-1.08094327E-3
1.14080000E-4,-9.82315583E-4
1.14120000E-4,-1.19968123E-3
1.14160000E-4,-1.12882957E-3
1.14200000E-4,-1.03088873E-3
1.14240000E-4,-9.78815026E-4
1.14280000E-4,-1.01153993E-3
1.14320000E-4,-1.01720212E-3
1.14360000E-4,-9.53152869E-4
1.14400000E-4,-9.62787145E-4
1.14440000E-4,-1.11658131E-3
1.14480000E-4,-1.02393974E-3
1.14520000E-4,-1.00026604E-3
1.14560000E-4,-1.01709278E-3
1.14600000E-4,-1.10173735E-3
1.14640000E-4,-9.67381738E-4
1.14680000E-4,-1.01721880E-3
1.14720000E-4,-9.80913166E-4
1.14760000E-4,-1.00607799E-3
1.14800000E-4,-8.06543982E-4
1.14840000E-4,-9.48603737E-4
1.14880000E-4,-9.35506841E-4
1.14920000E-4,-9.81460499E-4
1.14960000E-4,-9.50179760E-4
1.15000000E-4,-8.53678470E-4
1.15040000E-4,-9.59918321E-4
1.15080000E-4,-7.86151143E-4
1.15120000E-4,-9.07563619E-4
1.15160000E-4,-8.93802346E-4
1.15200000E-4,-8.97902507E-4
1.15240000E-4,-8.41568217E-4
1.15280000E-4,-8.96510867E-4
1.15320000E-4,-9.71649603E-4
1.15360000E-4,-8.87767752E-4
1.15400000E-4,-9.67030796E-4
1.15440000E-4,-8.47430768E-4
1.15480000E-4,-8.64146286E-4
1.15520000E-4,-7.33300140E-4
1.15560000E-4,-7.82645913E-4
1.15600000E-4,-8.71769606E-4
1.15640000E-4,-7.94757606E-4
1.15680000E-4,-8.57651831E-4
1.15720000E-4,-8.03429892E-4
1.15760000E-4,-8.48171811E-4
1.15800000E-4,-8.51430774E-4
1.15840000E-4,-7.77642889E-4
1.15880000E-4,-8.08208992E-4
1.15920000E-4,-9.53077042E-4
1.15960000E-4,-7.16396252E-4
1.16000000E-4,-8.32788233E-4
1.16040000E-4,-8.76514499E-4
1.16080000E-4,-8.18413032E-4
1.16120000E-4,-8.66253840E-4
1.16160000E-4,-9.12732229E-4
1.16200000E-4,-9.42343561E-4
1.16240000E-4,-8.66229702E-4
1.16280000E-4,-8.46430841E-4
1.16320000E-4,-7.76803589E-4
1.16360000E-4,-8.88735331E-4
1.16400000E-4,-8.89476698E-4
1.16440000E-4,-6.99822402E-4
1.16480000E-4,-7.99629480E-4
1.16520000E-4,-9.10157232E-4
1.16560000E-4,-8.80219247E-4
1.16600000E-4,-8.07133458E-4
1.16640000E-4,-7.67031974E-4
1.16680000E-4,-8.29467415E-4
1.16720000E-4,-7.04600406E-4
1.16760000E-4,-7.65618553E-4
1.16800000E-4,-7.93985778E-4
1.16840000E-4,-8.24553045E-4
1.16880000E-4,-8.50904661E-4
1.16920000E-4,-8.57637564E-4
1.16960000E-4,-8.26181606E-4
1.17000000E-4,-8.10223467E-4
1.17040000E-4,-7.85845929E-4
1.17080000E-4,-7.81466590E-4
1.17120000E-4,-7.07600923E-4
1.17160000E-4,-7.36766508E-4
1.17200000E-4,-7.43550623E-4
1.17240000E-4,-7.78185664E-4
1.17280000E-4,-7.14924675E-4
1.17320000E-4,-7.02797971E-4
1.17360000E-4,-7.82596036E-4
1.17400000E-4,-7.62737712E-4
1.17440000E-4,-7.47111815E-4
1.17480000E-4,-7.36023300E-4
1.17520000E-4,-7.01205335E-4
1.17560000E-4,-7.07029253E-4
1.17600000E-4,-6.95488057E-4
1.17640000E-4,-7.30786912E-4
1.17680000E-4,-6.91335453E-4
1.17720000E-4,-7.59821605E-4
1.17760000E-4,-6.13483028E-4
1.17800000E-4,-7.00088725E-4
1.17840000E-4,-7.04930082E-4
1.17880000E-4,-6.93806767E-4
1.17920000E-4,-7.08863998E-4
1.17960000E-4,-7.64776096E-4
1.18000000E-4,-6.68857949E-4
1.18040000E-4,-6.56106741E-4
1.18080000E-4,-7.01646066E-4
1.18120000E-4,-6.43101798E-4
1.18160000E-4,-6.18383607E-4
1.18200000E-4,-7.20104119E-4
1.18240000E-4,-6.22510786E-4
1.18280000E-4,-6.79774698E-4
1.18320000E-4,-6.47171089E-4
1.18360000E-4,-6.96836505E-4
1.18400000E-4,-6.92015261E-4
1.18440000E-4,-6.58747313E-4
1.18480000E-4,-6.72423032E-4
1.18520000E-4,-5.37932896E-4
1.18560000E-4,-5.73437582E-4
1.18600000E-4,-6.05368994E-4
1.18640000E-4,-5.96093996E-4
1.18680000E-4,-5.53319850E-4
1.18720000E-4,-5.22128756E-4
1.18760000E-4,-6.17597503E-4
1.18800000E-4,-6.77943252E-4
1.18840000E-4,-6.53950512E-4
1.18880000E-4,-6.11753186E-4
1.18920000E-4,-5.82949635E-4
1.18960000E-4,-6.01380385E-4
1.19000000E-4,-6.05603522E-4
1.19040000E-4,-5.00035135E-4
1.19080000E-4,-5.18021882E-4
1.19120000E-4,-6.53379785E-4
1.19160000E-4,-5.73584095E-4
1.19200000E-4,-7.11176401E-4
1.19240000E-4,-6.35640879E-4
1.19280000E-4,-4.92336274E-4
1.19320000E-4,-6.18467206E-4
1.19360000E-4,-5.74771105E-4
1.19400000E-4,-5.08241112E-4
1.19440000E-4,-5.02625553E-4
1.19480000E-4,-4.98371268E-4
1.19520000E-4,-4.89754000E-4
1.19560000E-4,-5.70777517E-4
1.19600000E-4,-4.94415666E-4
1.19640000E-4,-5.75649373E-4
1.19680000E-4,-5.77777020E-4
1.19720000E-4,-5.68490320E-4
1.19760000E-4,-5.91958606E-4
1.19800000E-4,-5.89370983E-4
1.19840000E-4,-5.84724605E-4
1.19880000E-4,-6.08924588E-4
1.19920000E-4,-5.85624244E-4
1.19960000E-4,-5.86504047E-4
1.20000000E-4,-5.90143764E-4
1.20040000E-4,-5.70036427E-4
1.20080000E-4,-5.70191475E-4
1.20120000E-4,-5.26797250E-4
1.20160000E-4,-5.65911299E-4
1.20200000E-4,-5.47329430E-4
1.20240000E-4,-5.20138018E-4
1.20280000E-4,-5.68288780E-4
1.20320000E-4,-5.82500455E-4
1.20360000E-4,-4.04544034E-4
1.20400000E-4,-5.38887943E-4
1.20440000E-4,-5.02426197E-4
1.20480000E-4,-5.20454190E-4
1.20520000E-4,-5.56782823E-4
1.20560000E-4,-6.08916329E-4
1.20600000E-4,-5.38165897E-4
1.20640000E-4,-5.36284479E-4
1.20680000E-4,-5.01279079E-4
1.20720000E-4,-5.64280983E-4
1.20760000E-4,-4.69144916E-4
1.20800000E-4,-5.04548446E-4
1.20840000E-4,-5.32577671E-4
1.20880000E-4,-4.83880329E-4
1.20920000E-4,-4.88662510E-4
1.20960000E-4,-5.56972909E-4
1.21000000E-4,-5.78011395E-4
1.21040000E-4,-4.82197199E-4
1.21080000E-4,-4.62646493E-4
1.21120000E-4,-4.52067364E-4
1.21160000E-4,-4.84698963E-4
1.21200000E-4,-4.83426237E-4
1.21240000E-4,-5.55111022E-4
1.21280000E-4,-5.10249264E-4
1.21320000E-4,-4.89307442E-4
1.21360000E-4,-5.17561238E-4
1.21400000E-4,-4.87350150E-4
1.21440000E-4,-4.87336188E-4
1.21480000E-4,-5.40075926E-4
1.21520000E-4,-4.38636405E-4
1.21560000E-4,-4.43150680E-4
1.21600000E-4,-5.09322349E-4
1.21640000E-4,-4.19122329E-4
1.21680000E-4,-3.92184566E-4
1.21720000E-4,-5.54170709E-4
1.21760000E-4,-4.14220815E-4
1.21800000E-4,-4.39439189E-4
1.21840000E-4,-4.75381946E-4
1.21880000E-4,-5.45767884E-4
1.21920000E-4,-4.75279455E-4
1.21960000E-4,-4.45717990E-4
1.22000000E-4,-5.01892435E-4
1.22040000E-4,-4.55524262E-4
1.22080000E-4,-4.50401466E-4
1.22120000E-4,-4.15766130E-4
1.22160000E-4,-4.06878209E-4
1.22200000E-4,-4.63501376E-4
1.22240000E-4,-4.01651892E-4
1.22280000E-4,-3.79663690E-4
1.22320000E-4,-4.09693799E-4
1.22360000E-4,-3.72410080E-4
1.22400000E-4,-4.66782569E-4
1.22440000E-4,-4.12836108E-4
1.22480000E-4,-4.23108173E-4
1.22520000E-4,-5.02869503E-4
1.22560000E-4,-4.00363764E-4
1.22600000E-4,-4.80033216E-4
1.22640000E-4,-5.01244613E-4
1.22680000E-4,-4.40097959E-4
1.22720000E-4,-3.73233025E-4
1.22760000E-4,-3.64617731E-4
1.22800000E-4,-4.11430898E-4
1.22840000E-4,-4.14451738E-4
1.22880000E-4,-4.11874271E-4
1.22920000E-4,-4.34148041E-4
1.22960000E-4,-5.44844841E-4
1.23000000E-4,-3.65804808E-4
1.23040000E-4,-4.50049322E-4
1.23080000E-4,-3.68724673E-4
1.23120000E-4,-4.22115856E-4
1.23160000E-4,-4.05964160E-4
1.23200000E-4,-3.82126325E-4
1.23240000E-4,-3.81153100E-4
1.23280000E-4,-4.85979519E-4
1.23320000E-4,-3.72611268E-4
1.23360000E-4,-3.76422971E-4
1.23400000E-4,-3.22032708E-4
1.23440000E-4,-3.60047247E-4
1.23480000E-4,-4.12566762E-4
1.23520000E-4,-3.78470414E-4
1.23560000E-4,-3.92760004E-4
1.23600000E-4,-4.48123434E-4
1.23640000E-4,-3.93737167E-4
1.23680000E-4,-3.34688415E-4
1.23720000E-4,-3.80717033E-4
1.23760000E-4,-3.58291694E-4
1.23800000E-4,-3.09637049E-4
1.23840000E-4,-4.08987851E-4
1.23880000E-4,-3.86623805E-4
1.23920000E-4,-3.61968195E-4
1.23960000E-4,-3.60118906E-4
1.24000000E-4,-4.07002578E-4
1.24040000E-4,-3.88749803E-4
1.24080000E-4,-3.98868775E-4
1.24120000E-4,-3.84011310E-4
1.24160000E-4,-4.53151424E-4
1.24200000E-4,-4.14095855E-4
1.24240000E-4,-4.29431807E-4
1.24280000E-4,-3.44888974E-4
1.24320000E-4,-3.96765417E-4
1.24360000E-4,-3.98662133E-4
1.24400000E-4,-3.62426493E-4
1.24440000E-4,-3.62208111E-4
1.24480000E-4,-4.17855154E-4
1.24520000E-4,-3.37271557E-4
1.24560000E-4,-3.20076445E-4
1.24600000E-4,-3.07436579E-4
1.24640000E-4,-3.60767471E-4
1.24680000E-4,-3.57718679E-4
1.24720000E-4,-3.48601895E-4
1.24760000E-4,-4.21116291E-4
1.24800000E-4,-3.42054329E-4
1.24840000E-4,-3.71414845E-4
1.24880000E-4,-3.05739801E-4
1.24920000E-4,-3.75821355E-4
1.24960000E-4,-3.38302879E-4
1.25000000E-4,-2.92233741E-4
1.25040000E-4,-3.42265416E-4
1.25080000E-4,-3.87703146E-4
1.25120000E-4,-3.73268120E-4
1.25160000E-4,-3.88581842E-4
1.25200000E-4,-4.45898502E-4
1.25240000E-4,-3.16617898E-4
1.25280000E-4,-3.16991614E-4
1.25320000E-4,-3.88668674E-4
1.25360000E-4,-4.15581413E-4
1.25400000E-4,-3.33853397E-4
1.25440000E-4,-2.46686920E-4
1.25480000E-4,-3.44979907E-4
1.25520000E-4,-2.86951653E-4
1.25560000E-4,-3.13126915E-4
1.25600000E-4,-2.93372619E-4
1.25640000E-4,-3.02501476E-4
1.25680000E-4,-3.15348643E-4
1.25720000E-4,-2.64089246E-4
1.25760000E-4,-2.74145637E-4
1.25800000E-4,-3.73477738E-4
1.25840000E-4,-2.72782655E-4
1.25880000E-4,-2.68905511E-4
1.25920000E-4,-3.42988329E-4
1.25960000E-4,-2.84341370E-4
1.26000000E-4,-2.84173161E-4
1.26040000E-4,-2.23785317E-4
1.26080000E-4,-3.05555418E-4
1.26120000E-4,-3.44269925E-4
1.26160000E-4,-3.17858161E-4
1.26200000E-4,-3.80249742E-4
1.26240000E-4,-3.30539541E-4
1.26280000E-4,-2.69662748E-4
1.26320000E-4,-4.01665844E-4
1.26360000E-4,-2.64497924E-4
1.26400000E-4,-2.53686289E-4
1.26440000E-4,-2.80529114E-4
1.26480000E-4,-3.04476631E-4
1.26520000E-4,-4.06718144E-4
1.26560000E-4,-2.22408707E-4
1.26600000E-4,-2.49812292E-4
1.26640000E-4,-1.97725811E-4
1.26680000E-4,-2.83933197E-4
1.26720000E-4,-2.49324669E-4
1.26760000E-4,-2.33800195E-4
1.26800000E-4,-2.70570751E-4
1.26840000E-4,-3.05392540E-4
1.26880000E-4,-2.17228586E-4
1.26920000E-4,-1.92503367E-4
1.26960000E-4,-2.66156383E-4
1.27000000E-4,-2.86957947E-4
1.27040000E-4,-2.61296220E-4
1.27080000E-4,-2.74701067E-4
1.27120000E-4,-3.53160573E-4
1.27160000E-4,-3.09387291E-4
1.27200000E-4,-3.41688843E-4
1.27240000E-4,-2.02388869E-4
1.27280000E-4,-2.42295793E-4
1.27320000E-4,-2.07610055E-4
1.27360000E-4,-3.04667013E-4
1.27400000E-4,-2.56136336E-4
1.27440000E-4,-2.54558548E-4
1.27480000E-4,-2.17645389E-4
1.27520000E-4,-2.79524265E-4
1.27560000E-4,-2.02340098E-4
1.27600000E-4,-2.33636058E-4
1.27640000E-4,-2.61230512E-4
1.27680000E-4,-2.61394534E-4
1.27720000E-4,-2.64781003E-4
1.27760000E-4,-2.64404540E-4
1.27800000E-4,-2.33174575E-4
1.27840000E-4,-2.26234257E-4
1.27880000E-4,-3.07484472E-4
1.27920000E-4,-2.69503856E-4
1.27960000E-4,-2.43074440E-4
1.28000000E-4,-1.91183891E-4
1.28040000E-4,-2.32499993E-4
1.28080000E-4,-2.43586353E-4
1.28120000E-4,-1.71036776E-4
1.28160000E-4,-2.34114926E-4
1.28200000E-4,-2.32858136E-4
1.28240000E-4,-2.69398704E-4
1.28280000E-4,-2.72612463E-4
1.28320000E-4,-2.42457183E-4
1.28360000E-4,-1.82250900E-4
1.28400000E-4,-2.95319516E-4
1.28440000E-4,-3.15351456E-4
1.28480000E-4,-2.35102656E-4
1.28520000E-4,-3.12845963E-4
1.28560000E-4,-2.87806765E-4
1.28600000E-4,-2.53415961E-4
1.28640000E-4,-2.68107209E-4
1.28680000E-4,-2.64143615E-4
1.28720000E-4,-2.16415321E-4
1.28760000E-4,-2.18125975E-4
1.28800000E-4,-2.64519658E-4
1.28840000E-4,-2.18326485E-4
1.28880000E-4,-2.43037895E-4
1.28920000E-4,-2.43804048E-4
1.28960000E-4,-2.03497620E-4
1.29000000E-4,-2.45743536E-4
1.29040000E-4,-1.83245801E-4
1.29080000E-4,-2.40881008E-4
1.29120000E-4,-2.35940078E-4
1.29160000E-4,-2.36697095E-4
1.29200000E-4,-3.03591802E-4
1.29240000E-4,-1.81018371E-4
1.29280000E-4,-1.87149048E-4
1.29320000E-4,-2.84186484E-4
1.29360000E-4,-1.87259807E-4
1.29400000E-4,-2.63338056E-4
1.29440000E-4,-1.83498392E-4
1.29480000E-4,-2.61904092E-4
1.29520000E-4,-2.47584051E-4
1.29560000E-4,-2.05018998E-4
1.29600000E-4,-1.89944067E-4
1.29640000E-4,-1.84698209E-4
1.29680000E-4,-2.12559434E-4
1.29720000E-4,-2.36737254E-4
1.29760000E-4,-1.54098604E-4
1.29800000E-4,-2.49188560E-4
1.29840000E-4,-1.74366950E-4
1.29880000E-4,-1.55596073E-4
1.29920000E-4,-1.18189692E-4
1.29960000E-4,-1.93613234E-4
1.30000000E-4,-1.92478542E-4
1.30040000E-4,-1.55457714E-4
1.30080000E-4,-1.66401585E-4
1.30120000E-4,-2.35011914E-4
1.30160000E-4,-1.34899393E-4
1.30200000E-4,-1.85896139E-4
1.30240000E-4,-1.50813338E-4
1.30280000E-4,-1.98525591E-4
1.30320000E-4,-1.57000740E-4
1.30360000E-4,-1.93266535E-4
1.30400000E-4,-1.59953640E-4
1.30440000E-4,-1.46238849E-4
1.30480000E-4,-9.12141067E-5
1.30520000E-4,-1.61331261E-4
1.30560000E-4,-1.67478484E-4
1.30600000E-4,-1.98897286E-4
1.30640000E-4,-1.77063846E-4
1.30680000E-4,-1.23565002E-4
1.30720000E-4,-2.05218106E-4
1.30760000E-4,-1.91605902E-4
1.30800000E-4,-1.69834603E-4
1.30840000E-4,-1.96283636E-4
1.30880000E-4,-1.80311269E-4
1.30920000E-4,-1.62816885E-4
1.30960000E-4,-1.27869783E-4
1.31000000E-4,-1.39734589E-4
1.31040000E-4,-2.12436553E-4
1.31080000E-4,-1.71960067E-4
1.31120000E-4,-1.41791045E-4
1.31160000E-4,-1.87570762E-4
1.31200000E-4,-2.39562972E-4
1.31240000E-4,-1.68846510E-4
1.31280000E-4,-2.11325332E-4
1.31320000E-4,-1.74502000E-4
1.31360000E-4,-1.06242146E-4
1.31400000E-4,-1.44956490E-4
1.31440000E-4,-1.21581359E-4
1.31480000E-4,-2.45930847E-4
1.31520000E-4,-1.53361099E-4
1.31560000E-4,-1.20638642E-4
1.31600000E-4,-1.64638670E-4
1.31640000E-4,-1.21427493E-4
1.31680000E-4,-1.64414890E-4
1.31720000E-4,-1.77050485E-4
1.31760000E-4,-2.37605642E-4
1.31800000E-4,-1.32747198E-4
1.31840000E-4,-1.44517257E-4
1.31880000E-4,-1.56175850E-4
1.31920000E-4,-1.41662718E-4
1.31960000E-4,-1.59892280E-4
1.32000000E-4,-2.14901010E-4
1.32040000E-4,-1.93050642E-4
1.32080000E-4,-2.00811864E-4
1.32120000E-4,-1.28587871E-4
1.32160000E-4,-1.89139805E-4
1.32200000E-4,-1.20282960E-4
1.32240000E-4,-1.07135252E-4
1.32280000E-4,-2.54212536E-4
1.32320000E-4,-2.13506300E-4
1.32360000E-4,-1.53430135E-4
1.32400000E-4,-1.24485975E-4
1.32440000E-4,-1.27338558E-4
1.32480000E-4,-1.55095680E-4
1.32520000E-4,-1.07385411E-4
1.32560000E-4,-1.24440685E-4
1.32600000E-4,-2.03706647E-4
1.32640000E-4,-1.89341259E-4
1.32680000E-4,-1.00671028E-4
1.32720000E-4,-1.37951704E-4
1.32760000E-4,-1.22300763E-4
1.32800000E-4,-1.26456314E-4
1.32840000E-4,-1.33319088E-4
1.32880000E-4,-1.21230588E-4
1.32920000E-4,-1.62616890E-4
1.32960000E-4,-1.23954549E-4
1.33000000E-4,-7.94431422E-5
1.33040000E-4,-9.42526658E-5
1.33080000E-4,-1.51857059E-4
1.33120000E-4,-1.39739167E-4
1.33160000E-4,-1.22735277E-4
1.33200000E-4,-1.06850561E-4
1.33240000E-4,-9.58662829E-5
1.33280000E-4,-1.20299525E-4
1.33320000E-4,-1.33096462E-4
1.33360000E-4,-1.09896264E-4
1.33400000E-4,-1.14608655E-4
1.33440000E-4,-1.21308141E-4
1.33480000E-4,-1.24858671E-4
1.33520000E-4,-1.06643128E-4
1.33560000E-4,-1.65514658E-4
1.33600000E-4,-1.05973524E-4
1.33640000E-4,-9.57328066E-5
1.33680000E-4,-1.38353058E-4
1.33720000E-4,-7.70218297E-5
1.33760000E-4,-1.50114581E-4
1.33800000E-4,-1.80772828E-4
1.33840000E-4,-1.19433570E-4
1.33880000E-4,-1.60324266E-4
1.33920000E-4,-1.42981583E-4
1.33960000E-4,-1.63860109E-4
1.34000000E-4,-1.22314344E-4
1.34040000E-4,-4.67096425E-5
1.34080000E-4,-8.40323569E-5
1.34120000E-4,-1.84809627E-4
1.34160000E-4,-1.99779273E-4
1.34200000E-4,-1.52191465E-4
1.34240000E-4,-1.20614858E-4
1.34280000E-4,-5.69204624E-5
1.34320000E-4,-1.99739199E-4
1.34360000E-4,-1.11419100E-4
1.34400000E-4,-1.55654600E-4
1.34440000E-4,-5.80109414E-5
1.34480000E-4,-9.23279984E-5
1.34520000E-4,-9.56347594E-5
1.34560000E-4,-1.66642388E-4
1.34600000E-4,-1.48390185E-4
1.34640000E-4,-1.59249761E-4
1.34680000E-4,-7.19198244E-5
1.34720000E-4,-1.13118004E-4
1.34760000E-4,-1.63175886E-4
1.34800000E-4,-1.00777153E-4
1.34840000E-4,-1.00463756E-4
1.34880000E-4,-1.00591902E-4
1.34920000E-4,-1.54815376E-4
1.34960000E-4,-5.42011553E-5
1.35000000E-4,-1.01885170E-4
1.35040000E-4,-1.02388996E-4
1.35080000E-4,-1.24823728E-4
1.35120000E-4,-1.09612250E-4
1.35160000E-4,-1.01604341E-4
1.35200000E-4,-1.25174585E-4
1.35240000E-4,-1.04332937E-4
1.35280000E-4,-1.21050496E-4
1.35320000E-4,-4.91877463E-5
1.35360000E-4,-1.06384644E-4
1.35400000E-4,-7.93280719E-5
1.35440000E-4,-9.75121818E-5
1.35480000E-4,-1.12532715E-4
1.35520000E-4,-9.91043984E-5
1.35560000E-4,-9.60617671E-5
1.35600000E-4,-2.00183011E-4
1.35640000E-4,-6.59567846E-5
1.35680000E-4,-9.62321696E-5
1.35720000E-4,-8.39398409E-5
1.35760000E-4,-1.10924859E-4
1.35800000E-4,-8.55174377E-5
1.35840000E-4,-1.11659493E-4
1.35880000E-4,-7.30147475E-5
1.35920000E-4,-8.37040258E-5
1.35960000E-4,-1.07481379E-4
1.36000000E-4,-7.56380864E-5
1.36040000E-4,-9.08039313E-5
1.36080000E-4,-5.79248818E-5
1.36120000E-4,-8.60601261E-5
1.36160000E-4,-1.21487279E-4
1.36200000E-4,-8.01449989E-5
1.36240000E-4,-1.25139804E-4
1.36280000E-4,-4.59561157E-5
1.36320000E-4,-9.81856953E-5
1.36360000E-4,-4.13372895E-5
1.36400000E-4,-1.08431143E-4
1.36440000E-4,-1.77996034E-4
1.36480000E-4,-8.79854611E-5
1.36520000E-4,-6.70374598E-5
1.36560000E-4,-5.49144942E-5
1.36600000E-4,-1.32044607E-4
1.36640000E-4,-1.11867137E-4
1.36680000E-4,-5.84736260E-5
1.36720000E-4,-7.16117018E-5
1.36760000E-4,-1.04052586E-4
1.36800000E-4,-9.25782616E-5
1.36840000E-4,-1.32855955E-4
1.36880000E-4,-8.37473990E-5
1.36920000E-4,-4.46753787E-5
1.36960000E-4,-5.95650873E-5
1.37000000E-4,-3.00300302E-5
1.37040000E-4,-5.43505484E-5
1.37080000E-4,-9.01227980E-5
1.37120000E-4,-9.41214879E-5
1.37160000E-4,-8.15674615E-5
1.37200000E-4,-6.76069274E-5
1.37240000E-4,-4.42030524E-5
1.37280000E-4,-8.80059365E-5
1.37320000E-4,-6.29898273E-5
1.37360000E-4,-6.55807413E-5
1.37400000E-4,-9.91155278E-5
1.37440000E-4,-4.95976927E-5
1.37480000E-4,-5.51228148E-5
1.37520000E-4,-8.20864129E-5
1.37560000E-4,-8.99312811E-5
1.37600000E-4,-8.04807686E-5
1.37640000E-4,-9.10584003E-5
1.37680000E-4,-5.50822073E-5
1.37720000E-4,-5.15902714E-5
1.37760000E-4,-5.58512122E-5
1.37800000E-4,-6.52982629E-5
1.37840000E-4,-1.23774791E-4
1.37880000E-4,-9.60278735E-5
1.37920000E-4,-1.26350627E-4
1.37960000E-4,-4.22791002E-5
1.38000000E-4,-6.69131388E-5
1.38040000E-4,-4.30366800E-5
1.38080000E-4,-2.09769137E-5
1.38120000E-4,-7.81282065E-5
1.38160000E-4,-9.90162217E-5
1.38200000E-4,-1.59379463E-5
1.38240000E-4,-8.80470971E-5
1.38280000E-4,-6.25927841E-5
1.38320000E-4,-7.45868416E-5
1.38360000E-4,-8.93828135E-5
1.38400000E-4,-2.46679960E-5
1.38440000E-4,-8.79070500E-5
1.38480000E-4,-7.17166727E-5
1.38520000E-4,-4.16192529E-5
1.38560000E-4,-7.73085901E-5
1.38600000E-4,-2.37326417E-5
1.38640000E-4,-4.67461396E-5
1.38680000E-4,-9.08440524E-5
1.38720000E-4,-5.18190579E-5
1.38760000E-4,-5.52391058E-5
1.38800000E-4,-7.47038002E-5
1.38840000E-4,-4.21971796E-5
1.38880000E-4,-4.77985288E-5
1.38920000E-4,-8.03787159E-5
1.38960000E-4,-6.83653751E-5
1.39000000E-4,-1.44130608E-4
1.39040000E-4,-3.32254211E-5
1.39080000E-4,-5.66892631E-5
1.39120000E-4,2.59640859E-7
1.39160000E-4,-1.00466236E-4
1.39200000E-4,-4.52045345E-5
1.39240000E-4,-3.51751607E-5
1.39280000E-4,-8.61310604E-5
1.39320000E-4,-3.72082132E-5
1.39360000E-4,-6.82373825E-5
1.39400000E-4,-3.97562023E-5
1.39440000E-4,-4.51461315E-5
1.39480000E-4,-5.98363218E-5
1.39520000E-4,-2.70647895E-5
1.39560000E-4,-3.87567611E-5
1.39600000E-4,-5.95620450E-5
1.39640000E-4,-9.37640222E-5
1.39680000E-4,-4.85410406E-5
1.39720000E-4,-7.37255592E-5
1.39760000E-4,-5.96109018E-5
1.39800000E-4,-4.13380349E-6
1.39840000E-4,-4.41934314E-6
1.39880000E-4,-2.75492561E-5
1.39920000E-4,-3.11283865E-5
1.39960000E-4,-2.63268076E-5
1.40000000E-4,-6.28175556E-5
1.40040000E-4,-4.94835761E-5
1.40080000E-4,-5.04065803E-5
1.40120000E-4,-8.18852734E-5
1.40160000E-4,-5.17706684E-5
1.40200000E-4,-2.10419257E-5
1.40240000E-4,-6.05356512E-5
1.40280000E-4,-7.04812749E-6
1.40320000E-4,-5.56428344E-5
1.40360000E-4,-2.52285372E-5
1.40400000E-4,-4.31796644E-5
1.40440000E-4,-4.14752576E-5
1.40480000E-4,-3.34184162E-5
1.40520000E-4,-3.62825387E-5
1.40560000E-4,-1.08509994E-5
1.40600000E-4,-5.03257564E-5
1.40640000E-4,5.91872555E-6
1.40680000E-4,-7.10403188E-6
1.40720000E-4,-4.91885760E-5
1.40760000E-4,-3.16531649E-5
1.40800000E-4,-4.91405871E-5
1.40840000E-4,-7.09860437E-5
1.40880000E-4,-3.14443007E-5
1.40920000E-4,-4.65965367E-5
1.40960000E-4,-6.21606933E-5
1.41000000E-4,-2.24131378E-5
1.41040000E-4,-3.40876095E-5
1.41080000E-4,-2.95637978E-5
1.41120000E-4,-4.50181388E-5
1.41160000E-4,-1.75453549E-5
1.41200000E-4,-6.04262743E-5
1.41240000E-4,-4.45956325E-5
1.41280000E-4,-7.47321148E-5
1.41320000E-4,-2.08333094E-5
1.41360000E-4,-3.99932953E-5
1.41400000E-4,-5.72962673E-5
1.41440000E-4,-3.36842052E-5
1.41480000E-4,-4.52241802E-5
1.41520000E-4,-4.74948312E-5
1.41560000E-4,-5.39082532E-5
1.41600000E-4,-4.74905301E-5
1.41640000E-4,-5.02003482E-5
1.41680000E-4,-3.08132639E-5
1.41720000E-4,-5.32312684E-5
1.41760000E-4,-1.12873532E-5
1.41800000E-4,-4.60124588E-5
1.41840000E-4,-7.04646031E-5
1.41880000E-4,-2.84956539E-5
1.41920000E-4,-7.19940886E-6
1.41960000E-4,-3.48542969E-5
1.42000000E-4,-2.30440220E-5
1.42040000E-4,-8.51154735E-5
1.42080000E-4,-1.81004029E-5
1.42120000E-4,-3.03446473E-5
1.42160000E-4,-4.91679877E-6
1.42200000E-4,-4.12683293E-5
1.42240000E-4,-1.57235698E-5
1.42280000E-4,-4.78486444E-5
1.42320000E-4,-7.20344290E-6
1.42360000E-4,-3.76182646E-5
1.42400000E-4,-2.37458119E-5
1.42440000E-4,-1.88648111E-5
1.42480000E-4,7.06181873E-6
1.42520000E-4,-3.75652403E-5
1.42560000E-4,-1.21263100E-5
1.42600000E-4,-2.66935241E-5
1.42640000E-4,-4.02700802E-5
1.42680000E-4,-1.59066467E-5
1.42720000E-4,-2.10558970E-5
1.42760000E-4,-1.31994035E-5
1.42800000E-4,-6.52045946E-6
1.42840000E-4,-5.78004845E-5
1.42880000E-4,-2.66373908E-5
1.42920000E-4,-3.27844897E-5
1.42960000E-4,-4.31844137E-5
1.43000000E-4,-3.12305536E-5
1.43040000E-4,-3.30144603E-6
1.43080000E-4,2.70331701E-6
1.43120000E-4,-2.52425062E-7
1.43160000E-4,-2.52391802E-5
1.43200000E-4,-1.83368951E-5
1.43240000E-4,-5.53770644E-5
1.43280000E-4,-3.28857127E-5
1.43320000E-4,-2.25077137E-5
1.43360000E-4,-6.06123816E-7
1.43400000E-4,-1.04833007E-5
1.43440000E-4,-8.63452667E-6
1.43480000E-4,-1.57325439E-5
1.43520000E-4,-4.19043252E-5
1.43560000E-4,-2.68769729E-5
1.43600000E-4,-1.74679547E-5
1.43640000E-4,-1.28732389E-6
1.43680000E-4,-4.11966988E-5
1.43720000E-4,-2.44840703E-5
1.43760000E-4,-4.78742410E-5
1.43800000E-4,8.40297101E-6
1.43840000E-4,-1.64106731E-5
1.43880000E-4,2.54280709E-5
1.43920000E-4,9.89101776E-6
1.43960000E-4,-3.27025023E-5
1.44000000E-4,-5.06635478E-5
1.44040000E-4,-4.33351229E-5
1.44080000E-4,-1.26450898E-5
1.44120000E-4,-4.82308103E-5
1.44160000E-4,-3.68915281E-6
1.44200000E-4,-2.95650185E-5
1.44240000E-4,3.15380418E-6
1.44280000E-4,-3.60007852E-5
1.44320000E-4,-3.11316481E-5
1.44360000E-4,-2.39084912E-6
1.44400000E-4,-3.68813413E-5
1.44440000E-4,-4.93800261E-5
1.44480000E-4,-3.50372498E-5
1.44520000E-4,-1.54082660E-5
1.44560000E-4,-1.44705847E-5
1.44600000E-4,-2.75287902E-5
1.44640000E-4,-5.81417775E-6
1.44680000E-4,-2.53388487E-5
1.44720000E-4,-1.64561935E-6
1.44760000E-4,2.97394119E-6
1.44800000E-4,-2.33470425E-5
1.44840000E-4,-3.85015387E-5
1.44880000E-4,-2.19933971E-5
1.44920000E-4,1.78822369E-5
1.44960000E-4,-5.45863920E-5
1.45000000E-4,-3.08329477E-5
1.45040000E-4,-1.59636096E-5
1.45080000E-4,1.19127884E-5
1.45120000E-4,-1.71595078E-5
1.45160000E-4,-2.85142616E-6
1.45200000E-4,-2.62756621E-5
1.45240000E-4,-3.36245338E-5
1.45280000E-4,-3.70990938E-5
1.45320000E-4,-5.20351033E-5
1.45360000E-4,-3.01063432E-5
1.45400000E-4,2.09747454E-5
1.45440000E-4,-5.88753709E-5
1.45480000E-4,-2.24704155E-5
1.45520000E-4,-2.74429214E-5
1.45560000E-4,1.11030235E-5
1.45600000E-4,-6.44917977E-5
1.45640000E-4,-6.26667701E-5
1.45680000E-4,-3.99749481E-6
1.45720000E-4,-1.32136323E-5
1.45760000E-4,-1.09249092E-5
1.45800000E-4,-3.35033313E-5
1.45840000E-4,-5.45970064E-5
1.45880000E-4,-2.18505367E-5
1.45920000E-4,-3.55554288E-5
1.45960000E-4,-3.58029645E-5
1.46000000E-4,-3.43789856E-5
1.46040000E-4,-3.76904482E-5
1.46080000E-4,-1.92920572E-5
1.46120000E-4,2.05165144E-5
1.46160000E-4,-3.38308056E-6
1.46200000E-4,-3.61498445E-5
1.46240000E-4,-7.38396392E-6
1.46280000E-4,-4.62241745E-5
1.46320000E-4,-4.18559755E-6
1.46360000E-4,-5.07401470E-5
1.46400000E-4,-1.46911124E-5
1.46440000E-4,-3.11467066E-5
1.46480000E-4,-7.47575508E-6
1.46520000E-4,-2.39502606E-5
1.46560000E-4,7.92471285E-6
1.46600000E-4,3.49042263E-6
1.46640000E-4,-3.91917892E-5
1.46680000E-4,-2.21176799E-5
1.46720000E-4,-2.16548633E-6
1.46760000E-4,2.88753829E-6
1.46800000E-4,-3.20975104E-5
1.46840000E-4,-2.42612252E-5
1.46880000E-4,-1.87734777E-5
1.46920000E-4,-2.10903342E-5
1.46960000E-4,-2.32518658E-5
1.47000000E-4,-3.92020904E-6
1.47040000E-4,-4.29799761E-6
1.47080000E-4,-1.01123214E-5
1.47120000E-4,1.85854668E-5
1.47160000E-4,7.00976719E-6
1.47200000E-4,8.13582775E-6
1.47240000E-4,1.84105248E-5
1.47280000E-4,1.06365336E-5
1.47320000E-4,-1.07730747E-5
1.47360000E-4,-9.38574552E-6
1.47400000E-4,-3.56376546E-5
1.47440000E-4,-1.64561634E-5
1.47480000E-4,-1.87904245E-5
1.47520000E-4,9.35428028E-6
1.47560000E-4,-4.14797780E-5
1.47600000E-4,1.69967216E-5
1.47640000E-4,1.32247201E-5
1.47680000E-4,-2.55798994E-5
1.47720000E-4,2.14632460E-5
1.47760000E-4,-1.84515268E-5
1.47800000E-4,-2.03327162E-5
1.47840000E-4,7.63025635E-6
1.47880000E-4,9.08505800E-6
1.47920000E-4,2.01047105E-7
1.47960000E-4,-2.21174701E-5
1.48000000E-4,2.80226851E-5
1.48040000E-4,-2.55559145E-5
1.48080000E-4,-6.76380855E-6
1.48120000E-4,1.85746044E-5
1.48160000E-4,9.35285931E-6
1.48200000E-4,-3.66873354E-5
1.48240000E-4,-2.70926654E-5
1.48280000E-4,-1.98618490E-5
1.48320000E-4,1.35102406E-5
1.48360000E-4,1.33893243E-5
1.48400000E-4,-3.80467696E-5
1.48440000E-4,-3.14801874E-5
1.48480000E-4,3.43060069E-5
1.48520000E-4,-1.51843734E-6
1.48560000E-4,2.04854150E-5
1.48600000E-4,-8.51710075E-6
1.48640000E-4,-2.90071476E-5
1.48680000E-4,-2.10913737E-5
1.48720000E-4,-7.96869029E-6
1.48760000E-4,3.21480119E-6
1.48800000E-4,4.40308058E-5
1.48840000E-4,2.25215957E-5
1.48880000E-4,9.16252497E-6
1.48920000E-4,7.93355189E-7
1.48960000E-4,-3.67151922E-5
1.49000000E-4,2.83857585E-5
1.49040000E-4,-2.12014850E-5
1.49080000E-4,-1.76403885E-5
1.49120000E-4,-2.52067457E-5
1.49160000E-4,-8.40836279E-6
1.49200000E-4,-1.31700017E-5
1.49240000E-4,3.46621837E-6
1.49280000E-4,8.29465268E-6
1.49320000E-4,-3.58904561E-6
1.49360000E-4,4.48362791E-5
1.49400000E-4,2.81741858E-5
1.49440000E-4,1.69963115E-5
1.49480000E-4,4.02409133E-5
1.49520000E-4,2.78890929E-6
1.49560000E-4,1.38465348E-5
1.49600000E-4,1.62034934E-5
1.49640000E-4,-3.98458477E-5
1.49680000E-4,1.56288664E-5
1.49720000E-4,8.55350851E-6
1.49760000E-4,1.39795057E-5
1.49800000E-4,2.21901366E-5
1.49840000E-4,2.47559689E-5
1.49880000E-4,-6.22399070E-6
1.49920000E-4,-4.99130935E-6
1.49960000E-4,-8.66975540E-6
1.50000000E-4,1.99348970E-5
1.50040000E-4,5.30086853E-6
1.50080000E-4,1.43116704E-5
1.50120000E-4,2.70228243E-5
1.50160000E-4,1.23940125E-5
1.50200000E-4,1.28896752E-5
1.50240000E-4,-1.12578751E-5
1.50280000E-4,-7.05918058E-6
1.50320000E-4,3.82499273E-5
1.50360000E-4,1.13241138E-5
1.50400000E-4,3.14276063E-6
1.50440000E-4,1.55441134E-5
1.50480000E-4,-2.48114572E-5
1.50520000E-4,1.43649412E-6
1.50560000E-4,-9.25597904E-6
1.50600000E-4,3.11947492E-5
1.50640000E-4,-1.99837191E-5
1.50680000E-4,-2.80436599E-5
1.50720000E-4,-2.30170521E-5
1.50760000E-4,1.91386384E-7
1.50800000E-4,1.79078144E-5
1.50840000E-4,-7.19305891E-7
1.50880000E-4,-8.66689438E-6
1.50920000E-4,1.32313004E-5
1.50960000E-4,8.16863415E-6
1.51000000E-4,-3.10947695E-5
1.51040000E-4,-3.07389440E-5
1.51080000E-4,-1.74913388E-5
1.51120000E-4,3.78407152E-5
1.51160000E-4,1.46468298E-5
1.51200000E-4,1.58704131E-5
1.51240000E-4,-3.53127473E-5
1.51280000E-4,1.89115471E-5
1.51320000E-4,1.36336175E-5
1.51360000E-4,2.26905009E-5
1.51400000E-4,-1.10877697E-6
1.51440000E-4,-7.10850461E-6
1.51480000E-4,-3.64292902E-5
1.51520000E-4,3.32001166E-5
1.51560000E-4,1.82188553E-5
1.51600000E-4,2.86315967E-5
1.51640000E-4,-1.40172270E-5
1.51680000E-4,-5.90464330E-6
1.51720000E-4,-5.31079980E-6
1.51760000E-4,1.99193616E-5
1.51800000E-4,1.33345929E-5
1.51840000E-4,1.63361861E-6
1.51880000E-4,-2.58614409E-7
1.51920000E-4,-1.35624769E-5
1.51960000E-4,2.21926638E-5
1.52000000E-4,9.70538504E-6
1.52040000E-4,2.05081506E-5
1.52080000E-4,2.95952370E-5
1.52120000E-4,1.58276789E-5
1.52160000E-4,2.80725432E-5
1.52200000E-4,2.02670999E-5
1.52240000E-4,-2.02085287E-5
1.52280000E-4,3.03251507E-5
1.52320000E-4,-3.41784279E-5
1.52360000E-4,1.12866058E-5
1.52400000E-4,-4.28199766E-5
1.52440000E-4,-9.71234084E-6
1.52480000E-4,2.67816496E-5
1.52520000E-4,-5.97865305E-5
1.52560000E-4,7.99363337E-7
1.52600000E-4,-2.48697744E-5
1.52640000E-4,5.60109476E-6
1.52680000E-4,-5.47039721E-6
1.52720000E-4,-3.12839785E-5
1.52760000E-4,-3.43163212E-6
1.52800000E-4,-5.45071337E-6
1.52840000E-4,2.97621872E-5
1.52880000E-4,1.25607624E-5
1.52920000E-4,1.44985143E-5
1.52960000E-4,1.82798618E-5
1.53000000E-4,1.49921171E-5
1.53040000E-4,-8.18566075E-6
1.53080000E-4,-6.72435504E-6
1.53120000E-4,4.16611046E-6
1.53160000E-4,-1.57320003E-5
1.53200000E-4,1.88537068E-5
1.53240000E-4,-2.07348712E-5
1.53280000E-4,-7.25899443E-6
1.53320000E-4,-5.49282763E-6
1.53360000E-4,3.01353775E-6
1.53400000E-4,1.77344650E-5
1.53440000E-4,1.44912187E-5
1.53480000E-4,3.00266316E-5
1.53520000E-4,5.58588366E-6
1.53560000E-4,-7.61317956E-6
1.53600000E-4,2.40127800E-5
1.53640000E-4,1.98496179E-6
1.53680000E-4,3.26218561E-5
1.53720000E-4,-4.99382705E-6
1.53760000E-4,-7.00811131E-6
1.53800000E-4,1.28930798E-5
1.53840000E-4,9.92805847E-6
1.53880000E-4,7.68629426E-6
1.53920000E-4,1.51838438E-5
1.53960000E-4,1.88392952E-6
1.54000000E-4,-1.23321130E-5
1.54040000E-4,2.34311245E-5
1.54080000E-4,8.95597818E-6
1.54120000E-4,-3.98747169E-6
1.54160000E-4,2.82836581E-5
1.54200000E-4,2.83273364E-5
1.54240000E-4,-1.58913211E-5
1.54280000E-4,-2.02227305E-6
1.54320000E-4,7.04949726E-6
1.54360000E-4,-3.60362729E-6
1.54400000E-4,-2.00846384E-6
1.54440000E-4,2.05340334E-5
1.54480000E-4,-1.03316570E-5
1.54520000E-4,9.71851714E-6
1.54560000E-4,2.83512832E-5
1.54600000E-4,1.92349763E-5
1.54640000E-4,2.56327199E-5
1.54680000E-4,-1.79174405E-5
1.54720000E-4,1.99813218E-5
1.54760000E-4,-7.84718417E-7
1.54800000E-4,1.73273399E-6
1.54840000E-4,-1.03124324E-6
1.54880000E-4,8.80271545E-8
1.54920000E-4,-1.14964939E-5
1.54960000E-4,3.63976342E-5
1.55000000E-4,1.99384050E-6
1.55040000E-4,5.58594088E-6
1.55080000E-4,3.05989792E-5
1.55120000E-4,-1.22807385E-5
1.55160000E-4,-1.01576114E-5
1.55200000E-4,-1.63461952E-5
1.55240000E-4,8.85826470E-6
1.55280000E-4,-1.69964199E-5
1.55320000E-4,-7.33666167E-6
1.55360000E-4,3.19188932E-5
1.55400000E-4,-1.31955316E-5
1.55440000E-4,2.06376596E-5
1.55480000E-4,6.97818149E-6
1.55520000E-4,1.25679817E-5
1.55560000E-4,-1.20601361E-6
1.55600000E-4,1.83707375E-5
1.55640000E-4,-2.30727085E-5
1.55680000E-4,1.24431648E-5
1.55720000E-4,-1.41483015E-6
1.55760000E-4,1.28088513E-5
1.55800000E-4,8.04726001E-6
1.55840000E-4,-1.28142240E-5
1.55880000E-4,1.17785206E-5
1.55920000E-4,-1.86622331E-6
1.55960000E-4,2.23456332E-5
1.56000000E-4,1.14509429E-5
1.56040000E-4,-2.49719701E-5
1.56080000E-4,1.62900870E-5
1.56120000E-4,2.99485924E-5
1.56160000E-4,-2.49317251E-5
1.56200000E-4,1.97568269E-5
1.56240000E-4,1.28562489E-5
1.56280000E-4,2.46575974E-5
1.56320000E-4,3.60850865E-5
1.56360000E-4,-2.31729016E-5
1.56400000E-4,2.27304774E-6
1.56440000E-4,3.42770724E-5
1.56480000E-4,6.25875815E-6
1.56520000E-4,-1.38780096E-5
1.56560000E-4,-2.07989581E-5
1.56600000E-4,-1.57918338E-5
1.56640000E-4,-1.07051159E-5
1.56680000E-4,-2.88848008E-5
1.56720000E-4,3.46059169E-6
1.56760000E-4,1.40795842E-5
1.56800000E-4,3.54462948E-6
1.56840000E-4,1.66140311E-5
1.56880000E-4,4.39767229E-5
1.56920000E-4,1.50897352E-5
1.56960000E-4,-1.77271157E-5
1.57000000E-4,-2.76780117E-5
1.57040000E-4,1.61424391E-5
1.57080000E-4,-7.77508638E-7
1.57120000E-4,2.16638705E-5
1.57160000E-4,5.49869127E-5
1.57200000E-4,-4.05279839E-6
1.57240000E-4,4.45597994E-5
1.57280000E-4,5.87420151E-5
1.57320000E-4,2.23239467E-5
1.57360000E-4,1.36288110E-5
1.57400000E-4,-1.35616377E-5
1.57440000E-4,-1.16131489E-6
1.57480000E-4,1.50556032E-5
1.57520000E-4,2.18470809E-5
1.57560000E-4,3.59958798E-5
1.57600000E-4,4.15060864E-5
1.57640000E-4,3.63305623E-5
1.57680000E-4,8.00927363E-7
1.57720000E-4,1.50493376E-5
1.57760000E-4,1.44790117E-5
1.57800000E-4,1.78445175E-6
1.57840000E-4,2.80534697E-5
1.57880000E-4,-3.61985963E-5
1.57920000E-4,-4.99757499E-6
1.57960000E-4,2.06124254E-5
1.58000000E-4,6.31561622E-6
1.58040000E-4,-5.74060177E-6
1.58080000E-4,1.93653722E-5
1.58120000E-4,1.95281343E-6
1.58160000E-4,-1.95293886E-5
1.58200000E-4,1.34949628E-5
1.58240000E-4,2.97579720E-5
1.58280000E-4,1.85738320E-5
1.58320000E-4,8.20601666E-7
1.58360000E-4,3.08357560E-6
1.58400000E-4,4.94031286E-6
1.58440000E-4,-3.60169214E-5
1.58480000E-4,1.05301036E-5
1.58520000E-4,1.58790152E-5
1.58560000E-4,-1.79980355E-5
1.58600000E-4,4.16758499E-5
1.58640000E-4,2.24812457E-5
1.58680000E-4,1.06109084E-5
1.58720000E-4,1.14374580E-5
1.58760000E-4,2.32317287E-6
1.58800000E-4,6.38301239E-6
1.58840000E-4,1.24365559E-5
1.58880000E-4,3.50636345E-5
1.58920000E-4,3.14112142E-5
1.58960000E-4,1.25946465E-5
1.59000000E-4,5.11190749E-6
1.59040000E-4,2.09933596E-6
1.59080000E-4,-3.11929422E-6
1.59120000E-4,3.63466317E-5
1.59160000E-4,7.77784700E-6
1.59200000E-4,6.63689004E-6
1.59240000E-4,3.34587245E-5
1.59280000E-4,1.05705775E-5
1.59320000E-4,2.01675268E-5
1.59360000E-4,5.90784413E-6
1.59400000E-4,-2.58499815E-6
1.59440000E-4,5.05397177E-6
1.59480000E-4,1.01295779E-6
1.59520000E-4,2.01857133E-5
1.59560000E-4,1.00657309E-5
1.59600000E-4,7.44915358E-6
1.59640000E-4,8.72950912E-6
1.59680000E-4,2.66587591E-5
1.59720000E-4,2.18769309E-5
1.59760000E-4,3.08182862E-5
1.59800000E-4,4.06460151E-5
1.59840000E-4,1.76717991E-5
1.59880000E-4,1.07331584E-6
1.59920000E-4,7.82898302E-6
1.59960000E-4,4.55684245E-5
1.60000000E-4,1.43127290E-5
1.60040000E-4,2.71726179E-5
1.60080000E-4,3.14301160E-5
1.60120000E-4,1.07379855E-5
1.60160000E-4,2.29451415E-5
1.60200000E-4,2.40123127E-5
1.60240000E-4,1.94021268E-5
1.60280000E-4,1.00749434E-5
1.60320000E-4,-1.89913446E-5
1.60360000E-4,3.72671087E-5
1.60400000E-4,3.02905404E-6
1.60440000E-4,4.22080384E-5
1.60480000E-4,4.64153636E-5
1.60520000E-4,9.46408635E-6
1.60560000E-4,1.27511921E-5
1.60600000E-4,2.59958696E-5
1.60640000E-4,-4.86342161E-6
1.60680000E-4,-2.00352461E-5
1.60720000E-4,3.73441274E-5
1.60760000E-4,2.73554278E-5
1.60800000E-4,-3.66248602E-5
1.60840000E-4,4.40394461E-5
1.60880000E-4,2.45221375E-5
1.60920000E-4,2.97832348E-5
1.60960000E-4,3.01734497E-5
1.61000000E-4,1.62854998E-5
1.61040000E-4,1.94462914E-5
1.61080000E-4,3.89699801E-5
1.61120000E-4,2.00359102E-5
1.61160000E-4,-1.41322401E-5
1.61200000E-4,-6.57332163E-6
1.61240000E-4,-2.10138400E-5
1.61280000E-4,8.57758879E-6
1.61320000E-4,9.23226565E-7
1.61360000E-4,2.44150479E-6
1.61400000E-4,3.46013217E-5
1.61440000E-4,3.87896864E-6
1.61480000E-4,-1.90928171E-6
1.61520000E-4,2.65120745E-5
1.61560000E-4,-7.77260683E-7
1.61600000E-4,-1.71792393E-5
1.61640000E-4,-2.24912533E-5
1.61680000E-4,1.01955069E-5
1.61720000E-4,7.28383413E-6
1.61760000E-4,-1.05518318E-5
1.61800000E-4,4.83957623E-6
1.61840000E-4,1.20832863E-5
1.61880000E-4,9.90194687E-6
1.61920000E-4,-4.00020325E-6
1.61960000E-4,-7.51732575E-6
1.62000000E-4,4.52509082E-5
1.62040000E-4,3.10153535E-5
1.62080000E-4,-8.98399111E-6
1.62120000E-4,3.16224340E-5
1.62160000E-4,6.30779609E-6
1.62200000E-4,2.92420246E-5
1.62240000E-4,2.72511626E-5
1.62280000E-4,1.88050980E-5
1.62320000E-4,-2.06337721E-5
1.62360000E-4,2.77380706E-5
1.62400000E-4,1.90301079E-5
1.62440000E-4,6.74352991E-6
1.62480000E-4,5.09504653E-6
1.62520000E-4,1.38997975E-5
1.62560000E-4,-1.40802267E-5
1.62600000E-4,1.60873835E-5
1.62640000E-4,5.16593314E-6
1.62680000E-4,8.69339347E-6
1.62720000E-4,8.19293377E-6
1.62760000E-4,1.65109961E-5
1.62800000E-4,2.59593439E-5
1.62840000E-4,8.29182027E-6
1.62880000E-4,1.33360425E-5
1.62920000E-4,-1.14396454E-5
1.62960000E-4,1.64526027E-5
1.63000000E-4,2.87030364E-5
1.63040000E-4,7.75215501E-6
1.63080000E-4,-4.92521971E-6
1.63120000E-4,1.27967968E-5
1.63160000E-4,8.88060929E-6
1.63200000E-4,-2.39008794E-5
1.63240000E-4,9.35013180E-6
1.63280000E-4,2.68663645E-5
1.63320000E-4,-1.85458848E-6
1.63360000E-4,7.48679511E-6
1.63400000E-4,1.98397489E-5
1.63440000E-4,1.70138496E-5
1.63480000E-4,1.01452101E-5
1.63520000E-4,2.24248836E-5
1.63560000E-4,1.97599725E-6
1.63600000E-4,1.77712292E-5
1.63640000E-4,3.34240202E-5
1.63680000E-4,3.13305524E-5
1.63720000E-4,3.82665308E-5
1.63760000E-4,3.00760891E-5
1.63800000E-4,2.39633225E-5
1.63840000E-4,1.21927204E-5
1.63880000E-4,2.77304030E-5
1.63920000E-4,-3.67495260E-6
1.63960000E-4,1.11858024E-5
1.64000000E-4,4.19956933E-5
1.64040000E-4,7.64742249E-6
1.64080000E-4,3.44687705E-5
1.64120000E-4,5.59843512E-5
1.64160000E-4,3.19984201E-5
1.64200000E-4,1.37015573E-5
1.64240000E-4,7.04390873E-6
1.64280000E-4,1.45938627E-5
1.64320000E-4,2.28887508E-5
1.64360000E-4,7.02096538E-5
1.64400000E-4,-1.98115061E-6
1.64440000E-4,6.47155167E-5
1.64480000E-4,1.67854827E-5
1.64520000E-4,3.95355552E-6
1.64560000E-4,3.30349879E-5
1.64600000E-4,1.37553525E-6
1.64640000E-4,1.05808104E-5
1.64680000E-4,1.19896641E-5
1.64720000E-4,1.90301556E-5
1.64760000E-4,1.25994038E-6
1.64800000E-4,2.47653531E-5
1.64840000E-4,-3.92064773E-6
1.64880000E-4,2.77242232E-5
1.64920000E-4,-1.34228494E-5
1.64960000E-4,2.73015833E-5
1.65000000E-4,1.18108406E-5
1.65040000E-4,2.76246691E-5
1.65080000E-4,-2.38222791E-6
1.65120000E-4,4.71067760E-6
1.65160000E-4,5.11990039E-5
1.65200000E-4,9.78185065E-6
1.65240000E-4,6.34241447E-6
1.65280000E-4,1.85494847E-5
1.65320000E-4,-2.13746738E-6
1.65360000E-4,5.71080943E-5
1.65400000E-4,2.93652855E-6
1.65440000E-4,-6.44545297E-6
1.65480000E-4,1.54259340E-5
1.65520000E-4,3.46648555E-5
1.65560000E-4,1.79418510E-5
1.65600000E-4,1.80711788E-5
1.65640000E-4,2.85430671E-5
1.65680000E-4,6.67878496E-6
1.65720000E-4,3.46910800E-6
1.65760000E-4,3.60484654E-5
1.65800000E-4,4.00405940E-5
1.65840000E-4,-1.28802961E-6
1.65880000E-4,-2.63607695E-6
1.65920000E-4,2.61496210E-5
1.65960000E-4,1.49810259E-5
1.66000000E-4,-9.31999921E-6
1.66040000E-4,2.71709776E-5
1.66080000E-4,-1.35050085E-5
1.66120000E-4,3.17264703E-5
1.66160000E-4,2.14136931E-5
1.66200000E-4,9.81350310E-6
1.66240000E-4,3.24221949E-5
1.66280000E-4,2.95672752E-5
1.66320000E-4,-3.83299552E-6
1.66360000E-4,8.89447572E-6
1.66400000E-4,1.42141286E-5
1.66440000E-4,3.36078410E-5
1.66480000E-4,5.20759918E-6
1.66520000E-4,4.75165699E-6
1.66560000E-4,4.16777191E-5
1.66600000E-4,3.29622893E-5
1.66640000E-4,1.72488159E-5
1.66680000E-4,-1.01038791E-7
1.66720000E-4,1.42135087E-5
1.66760000E-4,2.48329400E-5
1.66800000E-4,1.57952731E-5
1.66840000E-4,5.66447443E-7
1.66880000E-4,-5.62996600E-6
1.66920000E-4,-1.85371572E-5
1.66960000E-4,4.41962397E-5
1.67000000E-4,-3.12471109E-6
1.67040000E-4,3.10665086E-5
1.67080000E-4,7.29101530E-6
1.67120000E-4,3.24737696E-5
1.67160000E-4,2.32993267E-5
1.67200000E-4,-5.58987353E-6
1.67240000E-4,1.42969934E-5
1.67280000E-4,6.89609874E-6
1.67320000E-4,3.09606221E-5
1.67360000E-4,-1.85489160E-5
1.67400000E-4,1.56958334E-5
1.67440000E-4,-9.14739368E-6
1.67480000E-4,1.10886897E-5
1.67520000E-4,-2.22452244E-5
1.67560000E-4,1.83341831E-5
1.67600000E-4,-3.39612476E-5
1.67640000E-4,1.65142959E-5
1.67680000E-4,-1.34608930E-6
1.67720000E-4,1.19493904E-5
1.67760000E-4,2.00194673E-6
1.67800000E-4,2.96870758E-5
1.67840000E-4,-2.41167737E-6
1.67880000E-4,1.56076472E-5
1.67920000E-4,1.33330384E-5
1.67960000E-4,3.35175837E-6
1.68000000E-4,2.95924999E-5
1.68040000E-4,2.45387886E-5
1.68080000E-4,2.96058609E-5
1.68120000E-4,2.50512074E-5
1.68160000E-4,-2.13643153E-5
1.68200000E-4,2.03134676E-5
1.68240000E-4,3.43061786E-5
1.68280000E-4,1.49489252E-5
1.68320000E-4,-1.15636326E-5
1.68360000E-4,-4.56539989E-7
1.68400000E-4,1.47714926E-6
1.68440000E-4,-6.92416889E-6
1.68480000E-4,2.61883878E-5
1.68520000E-4,1.86668152E-5
1.68560000E-4,3.63380009E-5
1.68600000E-4,-1.55828185E-6
1.68640000E-4,3.00723793E-5
1.68680000E-4,1.20353054E-6
1.68720000E-4,-8.37748282E-6
1.68760000E-4,9.51712018E-6
1.68800000E-4,4.03331336E-5
1.68840000E-4,2.87088538E-5
1.68880000E-4,-4.02197563E-6
1.68920000E-4,1.24482002E-5
1.68960000E-4,6.21957659E-5
1.69000000E-4,-1.65106563E-5
1.69040000E-4,3.77440778E-6
1.69080000E-4,8.29934476E-6
1.69120000E-4,2.23979709E-5
1.69160000E-4,1.81174225E-5
1.69200000E-4,-4.01112435E-7
1.69240000E-4,4.09561485E-6
1.69280000E-4,-1.02443672E-5
1.69320000E-4,3.46406036E-5
1.69360000E-4,-2.61671053E-5
1.69400000E-4,2.98531391E-5
1.69440000E-4,3.17283300E-5
1.69480000E-4,2.39541481E-5
1.69520000E-4,1.02644290E-5
1.69560000E-4,4.20463715E-5
1.69600000E-4,1.05324973E-5
1.69640000E-4,3.04745724E-5
1.69680000E-4,2.29153488E-5
1.69720000E-4,1.89144654E-5
1.69760000E-4,2.63863039E-5
1.69800000E-4,2.08218714E-5
1.69840000E-4,1.76837677E-5
1.69880000E-4,1.88312764E-5
1.69920000E-4,9.10320643E-6
1.69960000E-4,3.61610753E-5
1.70000000E-4,2.82014419E-5
1.70040000E-4,4.03192848E-6
1.70080000E-4,3.13095620E-5
1.70120000E-4,2.13034197E-5
1.70160000E-4,3.08879998E-5
1.70200000E-4,1.72381252E-5
1.70240000E-4,1.39127866E-5
1.70280000E-4,2.52318429E-5
1.70320000E-4,-3.86047088E-6
1.70360000E-4,3.44774871E-5
1.70400000E-4,4.34557401E-5
1.70440000E-4,-9.23525723E-7
1.70480000E-4,3.79017885E-5
1.70520000E-4,3.95276793E-5
1.70560000E-4,1.65955203E-5
1.70600000E-4,1.54733507E-5
1.70640000E-4,-1.60674457E-5
1.70680000E-4,4.85663953E-5
1.70720000E-4,3.74546392E-5
1.70760000E-4,5.63293715E-5
1.70800000E-4,3.98812922E-5
1.70840000E-4,2.37174175E-5
1.70880000E-4,9.25156001E-6
1.70920000E-4,2.85376312E-5
1.70960000E-4,1.60019343E-5
1.71000000E-4,1.92215676E-5
1.71040000E-4,2.14951464E-5
1.71080000E-4,4.98051039E-5
1.71120000E-4,6.89226497E-6
1.71160000E-4,3.53991276E-5
1.71200000E-4,1.82262558E-5
1.71240000E-4,2.27736232E-5
1.71280000E-4,4.11492309E-5
1.71320000E-4,3.64349991E-5
1.71360000E-4,3.73130376E-5
1.71400000E-4,2.83680392E-5
1.71440000E-4,5.92155144E-5
1.71480000E-4,1.93385548E-5
1.71520000E-4,3.97267207E-5
1.71560000E-4,2.17455145E-5
1.71600000E-4,1.79494804E-5
1.71640000E-4,1.77127689E-5
1.71680000E-4,3.12292531E-5
1.71720000E-4,1.97508187E-5
1.71760000E-4,1.96612496E-5
1.71800000E-4,1.30888024E-5
1.71840000E-4,2.07071443E-5
1.71880000E-4,1.75105136E-5
1.71920000E-4,1.61951010E-5
1.71960000E-4,1.01942671E-5
1.72000000E-4,-5.68412517E-6
1.72040000E-4,3.69357736E-5
1.72080000E-4,3.99988135E-5
1.72120000E-4,3.15888551E-5
1.72160000E-4,-1.11820389E-5
1.72200000E-4,-2.72363380E-6
1.72240000E-4,1.88805432E-5
1.72280000E-4,2.19567153E-5
1.72320000E-4,2.37210796E-5
1.72360000E-4,2.09438559E-5
1.72400000E-4,4.29783307E-5
1.72440000E-4,5.86591217E-5
1.72480000E-4,1.57342284E-5
1.72520000E-4,1.63622611E-5
1.72560000E-4,1.65313476E-5
1.72600000E-4,-5.56665156E-6
1.72640000E-4,3.84462412E-5
1.72680000E-4,2.26242110E-5
1.72720000E-4,-1.51268653E-5
1.72760000E-4,2.67168093E-5
1.72800000E-4,-2.67438876E-5
1.72840000E-4,1.52445070E-5
1.72880000E-4,2.43976258E-5
1.72920000E-4,6.73887598E-6
1.72960000E-4,-1.16512467E-5
1.73000000E-4,8.77765060E-6
1.73040000E-4,4.35891481E-6
1.73080000E-4,8.57860922E-6
1.73120000E-4,1.92887730E-5
1.73160000E-4,3.03947308E-5
1.73200000E-4,2.54648732E-5
1.73240000E-4,-4.84790533E-6
1.73280000E-4,3.07356503E-5
1.73320000E-4,5.77915927E-5
1.73360000E-4,2.38659714E-5
1.73400000E-4,3.39172686E-6
1.73440000E-4,2.45542572E-5
1.73480000E-4,2.80426265E-5
1.73520000E-4,3.52682644E-5
1.73560000E-4,1.07594623E-5
1.73600000E-4,1.47904913E-5
1.73640000E-4,4.17724858E-5
1.73680000E-4,1.42593042E-5
1.73720000E-4,5.38699502E-5
1.73760000E-4,1.55728571E-5
1.73800000E-4,3.15403703E-5
1.73840000E-4,4.04463157E-5
1.73880000E-4,2.75388194E-5
1.73920000E-4,-1.57617549E-5
1.73960000E-4,4.22259198E-5
1.74000000E-4,1.66227859E-5
1.74040000E-4,2.76109553E-5
1.74080000E-4,3.59809262E-5
1.74120000E-4,7.80631418E-6
1.74160000E-4,-4.74974363E-6
1.74200000E-4,4.19129334E-5
1.74240000E-4,2.11461969E-5
1.74280000E-4,4.97503439E-5
1.74320000E-4,-9.03939959E-6
1.74360000E-4,3.50048786E-5
1.74400000E-4,3.91081294E-5
1.74440000E-4,3.08814004E-5
1.74480000E-4,4.08050403E-5
1.74520000E-4,3.00609257E-5
1.74560000E-4,1.00203360E-5
1.74600000E-4,8.63428473E-6
1.74640000E-4,7.96340189E-7
1.74680000E-4,5.79206916E-5
1.74720000E-4,4.97115675E-5
1.74760000E-4,2.87354232E-5
1.74800000E-4,1.87826581E-5
1.74840000E-4,1.08629741E-5
1.74880000E-4,1.09198321E-5
1.74920000E-4,3.62046414E-7
1.74960000E-4,3.10912564E-5
1.75000000E-4,6.23086428E-5
1.75040000E-4,1.93695302E-5
1.75080000E-4,4.88327851E-5
1.75120000E-4,2.12678763E-5
1.75160000E-4,6.07687066E-5
1.75200000E-4,1.23194256E-5
1.75240000E-4,3.34089808E-5
1.75280000E-4,2.58021116E-5
1.75320000E-4,4.04647788E-5
1.75360000E-4,3.20835069E-5
1.75400000E-4,-1.19587605E-6
1.75440000E-4,5.58727140E-5
1.75480000E-4,3.62198311E-5
1.75520000E-4,4.38813173E-5
1.75560000E-4,3.84244402E-5
1.75600000E-4,2.38617561E-5
1.75640000E-4,2.94391682E-5
1.75680000E-4,4.70048202E-5
1.75720000E-4,1.12964938E-6
1.75760000E-4,2.45489438E-6
1.75800000E-4,4.10322056E-5
1.75840000E-4,3.02963116E-5
1.75880000E-4,1.58009474E-5
1.75920000E-4,2.58532380E-5
1.75960000E-4,4.61018432E-5
1.76000000E-4,4.23760281E-5
1.76040000E-4,5.19564502E-5
1.76080000E-4,1.06139220E-5
1.76120000E-4,3.38145881E-5
1.76160000E-4,9.49297315E-6
1.76200000E-4,6.04671357E-5
1.76240000E-4,9.39419155E-6
1.76280000E-4,3.52768951E-5
1.76320000E-4,4.89290681E-5
1.76360000E-4,4.57630504E-5
1.76400000E-4,4.55161631E-5
1.76440000E-4,2.80002070E-5
1.76480000E-4,4.38070070E-5
1.76520000E-4,3.19936136E-5
1.76560000E-4,3.14899209E-5
1.76600000E-4,3.98676246E-6
1.76640000E-4,1.62295382E-5
1.76680000E-4,4.26970159E-5
1.76720000E-4,2.64330229E-6
1.76760000E-4,3.38393168E-5
1.76800000E-4,6.53826104E-6
1.76840000E-4,3.66902215E-5
1.76880000E-4,3.87372072E-5
1.76920000E-4,4.66598858E-5
1.76960000E-4,2.97154476E-5
1.77000000E-4,5.01686064E-5
1.77040000E-4,2.13587996E-5
1.77080000E-4,1.18939819E-5
1.77120000E-4,7.67148217E-7
1.77160000E-4,-6.74614650E-6
1.77200000E-4,1.59017127E-5
1.77240000E-4,3.09267094E-5
1.77280000E-4,2.12357088E-5
1.77320000E-4,2.49901818E-5
1.77360000E-4,4.12930832E-5
1.77400000E-4,1.16521301E-5
1.77440000E-4,2.58621549E-5
1.77480000E-4,1.67287032E-7
1.77520000E-4,6.10586507E-6
1.77560000E-4,3.13575795E-5
1.77600000E-4,2.11164995E-5
1.77640000E-4,4.35074770E-5
1.77680000E-4,3.49702888E-5
1.77720000E-4,3.60428006E-5
1.77760000E-4,3.39039092E-5
1.77800000E-4,2.39612816E-5
1.77840000E-4,6.20179056E-5
1.77880000E-4,4.98300138E-5
1.77920000E-4,3.44141917E-5
1.77960000E-4,7.11141934E-6
1.78000000E-4,3.90037878E-5
1.78040000E-4,4.22443257E-5
1.78080000E-4,4.39214479E-5
1.78120000E-4,-7.39772544E-6
1.78160000E-4,2.03400274E-5
1.78200000E-4,-1.53905562E-5
1.78240000E-4,3.04503396E-5
1.78280000E-4,1.67945998E-5
1.78320000E-4,4.29667627E-5
1.78360000E-4,4.26612531E-5
1.78400000E-4,4.55136630E-6
1.78440000E-4,2.29422042E-5
1.78480000E-4,2.81052543E-5
1.78520000E-4,-1.44775942E-5
1.78560000E-4,1.96004243E-5
1.78600000E-4,1.04579676E-5
1.78640000E-4,6.45376659E-5
1.78680000E-4,2.08876924E-6
1.78720000E-4,1.36012498E-5
1.78760000E-4,-1.09512592E-5
1.78800000E-4,-1.54578071E-7
1.78840000E-4,5.87025028E-6
1.78880000E-4,3.72877843E-5
1.78920000E-4,4.88612714E-5
1.78960000E-4,1.90961594E-5
1.79000000E-4,4.10882244E-5
1.79040000E-4,4.95493189E-5
1.79080000E-4,6.27885207E-6
1.79120000E-4,-3.72969351E-6
1.79160000E-4,1.46593801E-5
1.79200000E-4,-1.92511541E-5
1.79240000E-4,1.34379044E-5
1.79280000E-4,1.67610591E-5
1.79320000E-4,-1.12009121E-5
1.79360000E-4,3.31191115E-5
1.79400000E-4,2.66174745E-5
1.79440000E-4,1.78915733E-5
1.79480000E-4,7.26720205E-6
1.79520000E-4,2.39477394E-5
1.79560000E-4,3.48812728E-5
1.79600000E-4,-2.24448475E-5
1.79640000E-4,3.01843884E-5
1.79680000E-4,2.54276609E-5
1.79720000E-4,1.19122066E-5
1.79760000E-4,5.63532324E-5
1.79800000E-4,3.60009724E-5
1.79840000E-4,9.12533167E-6
1.79880000E-4,4.71582855E-5
1.79920000E-4,-1.33661916E-5
1.79960000E-4,1.83595413E-5
1.80000000E-4,4.06407684E-6
1.80040000E-4,3.02116730E-5
1.80080000E-4,3.20932439E-5
1.80120000E-4,3.07967808E-5
1.80160000E-4,2.83136035E-5
1.80200000E-4,1.21167889E-5
1.80240000E-4,3.46769863E-5
1.80280000E-4,1.60801165E-5
1.80320000E-4,3.29412512E-5
1.80360000E-4,1.30382386E-5
1.80400000E-4,-5.33293458E-6
1.80440000E-4,4.76610340E-5
1.80480000E-4,2.26683757E-5
1.80520000E-4,-7.22377524E-6
1.80560000E-4,1.12731113E-5
1.80600000E-4,3.63311059E-5
1.80640000E-4,1.75789684E-5
1.80680000E-4,-4.01534760E-6
1.80720000E-4,-1.20949452E-6
1.80760000E-4,3.02916291E-5
1.80800000E-4,-4.00670731E-6
1.80840000E-4,-1.08338062E-6
1.80880000E-4,1.47841970E-5
1.80920000E-4,1.19392242E-5
1.80960000E-4,6.36882171E-6
1.81000000E-4,1.04485644E-5
1.81040000E-4,2.36757515E-5
1.81080000E-4,1.25113526E-5
1.81120000E-4,-2.89909081E-6
1.81160000E-4,2.38839958E-5
1.81200000E-4,3.19961122E-5
1.81240000E-4,2.29091785E-5
1.81280000E-4,-3.87789451E-6
1.81320000E-4,2.62553930E-5
1.81360000E-4,4.14702744E-6
1.81400000E-4,2.04192014E-5
1.81440000E-4,-5.80536580E-6
1.81480000E-4,2.76475955E-5
1.81520000E-4,3.29066233E-5
1.81560000E-4,3.73809869E-5
1.81600000E-4,4.10377846E-5
1.81640000E-4,1.12960853E-5
1.81680000E-4,1.37455503E-5
1.81720000E-4,1.83609051E-5
1.81760000E-4,-1.87549859E-5
1.81800000E-4,4.94177881E-5
1.81840000E-4,2.78619242E-5
1.81880000E-4,1.53737013E-5
1.81920000E-4,4.33166181E-5
1.81960000E-4,2.91010906E-5
1.82000000E-4,-1.27353376E-6
1.82040000E-4,3.32284789E-5
1.82080000E-4,6.74328688E-5
1.82120000E-4,5.63829298E-5
1.82160000E-4,4.62151111E-5
1.82200000E-4,2.30904338E-5
1.82240000E-4,4.44845926E-5
1.82280000E-4,2.24887797E-5
1.82320000E-4,8.65804076E-6
1.82360000E-4,3.65424401E-5
1.82400000E-4,3.52037769E-5
1.82440000E-4,4.01666316E-5
1.82480000E-4,1.77885574E-5
1.82520000E-4,2.91999771E-5
1.82560000E-4,4.19238339E-5
1.82600000E-4,3.02788212E-5
1.82640000E-4,7.07289089E-6
1.82680000E-4,7.24106183E-6
1.82720000E-4,-3.19624621E-6
1.82760000E-4,-7.85062541E-6
1.82800000E-4,1.15268363E-5
1.82840000E-4,3.92614611E-5
1.82880000E-4,1.59286921E-5
1.82920000E-4,1.25939312E-5
1.82960000E-4,-4.00901520E-6
1.83000000E-4,-1.46900824E-5
1.83040000E-4,1.48230116E-5
1.83080000E-4,-1.02946258E-5
1.83120000E-4,3.14889196E-5
1.83160000E-4,8.40051053E-6
1.83200000E-4,-8.18455449E-6
1.83240000E-4,1.89165635E-5
1.83280000E-4,8.59733939E-6
1.83320000E-4,4.02568969E-5
1.83360000E-4,5.29431217E-5
1.83400000E-4,4.57268966E-5
1.83440000E-4,2.32273624E-5
1.83480000E-4,1.72457450E-5
1.83520000E-4,3.13542535E-7
1.83560000E-4,-5.52697871E-6
1.83600000E-4,9.98476395E-6
1.83640000E-4,3.90668353E-5
1.83680000E-4,2.46321534E-5
1.83720000E-4,-1.95201094E-5
1.83760000E-4,2.91198112E-5
1.83800000E-4,2.41077564E-5
1.83840000E-4,4.63241352E-5
1.83880000E-4,2.82122661E-5
1.83920000E-4,2.93720962E-5
1.83960000E-4,3.53941288E-6
1.84000000E-4,1.05760707E-5
1.84040000E-4,5.99711758E-6
1.84080000E-4,2.32193706E-5
1.84120000E-4,6.04560540E-5
1.84160000E-4,1.01246188E-6
1.84200000E-4,1.11482276E-5
1.84240000E-4,3.08628419E-5
1.84280000E-4,3.19787172E-5
1.84320000E-4,1.49587862E-5
1.84360000E-4,-1.18276478E-5
1.84400000E-4,-1.67318516E-5
1.84440000E-4,3.22567610E-5
1.84480000E-4,-5.06913070E-7
1.84520000E-4,3.13484338E-5
1.84560000E-4,3.42720943E-5
1.84600000E-4,2.34310386E-5
1.84640000E-4,4.40851080E-5
1.84680000E-4,-7.90852298E-6
1.84720000E-4,2.30219791E-5
1.84760000E-4,1.94024701E-5
1.84800000E-4,2.90962364E-5
1.84840000E-4,6.61335336E-6
1.84880000E-4,2.59686231E-5
1.84920000E-4,4.09079036E-5
1.84960000E-4,3.00051056E-6
1.85000000E-4,2.31882331E-5
1.85040000E-4,6.92877162E-6
1.85080000E-4,1.83754200E-5
1.85120000E-4,-3.35640628E-6
1.85160000E-4,-1.19232537E-5
1.85200000E-4,4.20763741E-5
1.85240000E-4,1.45754472E-5
1.85280000E-4,3.84151037E-5
1.85320000E-4,1.63405650E-5
1.85360000E-4,9.29787998E-6
1.85400000E-4,4.00061092E-5
1.85440000E-4,4.13928360E-6
1.85480000E-4,1.73518318E-5
1.85520000E-4,1.59265940E-5
1.85560000E-4,2.23685580E-6
1.85600000E-4,3.73613698E-5
1.85640000E-4,5.43973226E-5
1.85680000E-4,3.24454359E-5
1.85720000E-4,3.97057780E-5
1.85760000E-4,2.83637954E-5
1.85800000E-4,2.81982089E-5
1.85840000E-4,2.42423962E-5
1.85880000E-4,4.90805593E-5
1.85920000E-4,1.94000573E-5
1.85960000E-4,4.40032255E-5
1.86000000E-4,-5.48246119E-6
1.86040000E-4,3.21796850E-5
1.86080000E-4,5.93747479E-6
1.86120000E-4,5.54719896E-5
1.86160000E-4,3.24577478E-5
1.86200000E-4,6.37260223E-5
1.86240000E-4,1.90220494E-5
1.86280000E-4,4.44529688E-5
1.86320000E-4,2.38754414E-5
1.86360000E-4,1.58822100E-5
1.86400000E-4,2.09937330E-5
1.86440000E-4,4.09986362E-5
1.86480000E-4,2.82771255E-5
1.86520000E-4,-1.58537750E-5
1.86560000E-4,2.30530021E-5
1.86600000E-4,7.24342695E-6
1.86640000E-4,1.35070458E-5
1.86680000E-4,3.13627565E-6
1.86720000E-4,2.13377424E-5
1.86760000E-4,2.57381105E-5
1.86800000E-4,2.43410061E-5
1.86840000E-4,3.42353015E-5
1.86880000E-4,3.58178574E-5
1.86920000E-4,1.92516656E-5
1.86960000E-4,3.43981414E-5
1.87000000E-4,-2.19520282E-6
1.87040000E-4,1.80268043E-5
1.87080000E-4,1.54132200E-6
1.87120000E-4,7.50891002E-5
1.87160000E-4,1.16964283E-5
1.87200000E-4,4.85064092E-5
1.87240000E-4,2.36602257E-5
1.87280000E-4,1.91673989E-5
1.87320000E-4,1.54438727E-5
1.87360000E-4,3.64677769E-5
1.87400000E-4,3.16837171E-5
1.87440000E-4,4.50743449E-5
1.87480000E-4,8.26957104E-6
1.87520000E-4,3.00630429E-5
1.87560000E-4,2.85262824E-5
1.87600000E-4,4.06090984E-5
1.87640000E-4,4.47818339E-5
1.87680000E-4,5.58613749E-5
1.87720000E-4,5.66214724E-5
1.87760000E-4,5.63250323E-5
1.87800000E-4,-6.19606712E-6
1.87840000E-4,1.92222829E-5
1.87880000E-4,-9.58062888E-6
1.87920000E-4,2.46985768E-5
1.87960000E-4,1.84496063E-5
1.88000000E-4,3.62271649E-5
1.88040000E-4,9.92572197E-6
1.88080000E-4,7.72413605E-6
1.88120000E-4,2.59988069E-5
1.88160000E-4,3.28655295E-5
1.88200000E-4,5.56581755E-5
1.88240000E-4,5.61409334E-6
1.88280000E-4,1.02098883E-5
1.88320000E-4,1.42963258E-5
1.88360000E-4,8.80565048E-6
1.88400000E-4,2.55264997E-5
1.88440000E-4,3.79459722E-5
1.88480000E-4,4.10775513E-6
1.88520000E-4,-4.82479955E-5
1.88560000E-4,4.65417160E-5
1.88600000E-4,9.66992743E-6
1.88640000E-4,2.02393098E-5
1.88680000E-4,3.04460957E-5
1.88720000E-4,-1.33047178E-5
1.88760000E-4,5.57451124E-5
1.88800000E-4,2.66471815E-5
1.88840000E-4,-5.01782302E-7
1.88880000E-4,4.97690836E-5
1.88920000E-4,-1.50875357E-5
1.88960000E-4,3.55400902E-5
1.89000000E-4,1.31219426E-5
1.89040000E-4,2.09480711E-5
1.89080000E-4,6.50579796E-6
1.89120000E-4,3.73159734E-6
1.89160000E-4,-1.23066689E-5
1.89200000E-4,1.88337655E-5
1.89240000E-4,3.71708924E-5
1.89280000E-4,2.35965965E-5
1.89320000E-4,-2.94412984E-5
1.89360000E-4,9.23841838E-6
1.89400000E-4,-7.51730667E-6
1.89440000E-4,1.96196504E-5
1.89480000E-4,3.80165441E-5
1.89520000E-4,3.28700117E-5
1.89560000E-4,1.79279941E-5
1.89600000E-4,9.31098346E-6
1.89640000E-4,-1.47253852E-7
1.89680000E-4,2.12778898E-5
1.89720000E-4,9.19794444E-6
1.89760000E-4,1.72358650E-5
1.89800000E-4,2.07878347E-5
1.89840000E-4,2.17640238E-6
1.89880000E-4,3.22770170E-5
1.89920000E-4,2.66820574E-5
1.89960000E-4,-8.15273038E-6
1.90000000E-4,8.56905341E-6
1.90040000E-4,4.71370075E-6
1.90080000E-4,1.34557080E-6
1.90120000E-4,1.18178596E-5
1.90160000E-4,2.44085644E-5
1.90200000E-4,1.97120710E-5
1.90240000E-4,9.42834263E-6
1.90280000E-4,1.11970176E-5
1.90320000E-4,3.40665393E-5
1.90360000E-4,1.10388602E-5
1.90400000E-4,2.70104170E-5
1.90440000E-4,5.60457583E-5
1.90480000E-4,-9.36197995E-6
1.90520000E-4,4.23314534E-5
1.90560000E-4,-1.75120217E-7
1.90600000E-4,1.46388761E-5
1.90640000E-4,1.39625398E-5
1.90680000E-4,-9.95658639E-6
1.90720000E-4,-9.59850073E-6
1.90760000E-4,2.45240376E-7
1.90800000E-4,2.35966156E-5
1.90840000E-4,-1.01767993E-5
1.90880000E-4,3.99379500E-5
1.90920000E-4,8.62764716E-6
1.90960000E-4,1.12044086E-5
1.91000000E-4,5.35482743E-6
1.91040000E-4,1.69550937E-5
1.91080000E-4,9.38644772E-6
1.91120000E-4,-8.32132093E-6
1.91160000E-4,4.10789547E-5
1.91200000E-4,1.91579766E-5
1.91240000E-4,1.69352954E-5
1.91280000E-4,3.41671313E-6
1.91320000E-4,-2.25382519E-6
1.91360000E-4,2.97684242E-5
1.91400000E-4,3.55006844E-5
1.91440000E-4,-7.71349657E-6
1.91480000E-4,1.09517516E-5
1.91520000E-4,-1.63302116E-5
1.91560000E-4,1.10270824E-5
1.91600000E-4,-1.16502469E-6
1.91640000E-4,2.59857702E-5
1.91680000E-4,3.17121828E-6
1.91720000E-4,4.67818439E-7
1.91760000E-4,-1.30173185E-5
1.91800000E-4,-1.69829079E-6
1.91840000E-4,3.27713255E-5
1.91880000E-4,3.93055018E-5
1.91920000E-4,1.36006967E-5
1.91960000E-4,9.61178190E-6
1.92000000E-4,1.87691159E-5
1.92040000E-4,3.63110406E-5
1.92080000E-4,2.05407949E-5
1.92120000E-4,2.52883958E-5
1.92160000E-4,8.72778297E-6
1.92200000E-4,1.96957727E-5
1.92240000E-4,4.88607087E-5
1.92280000E-4,1.43560354E-5
1.92320000E-4,7.27444044E-6
1.92360000E-4,3.92369612E-5
1.92400000E-4,2.93926956E-5
1.92440000E-4,4.08781585E-5
1.92480000E-4,2.18918749E-5
1.92520000E-4,1.83313984E-5
1.92560000E-4,9.56522352E-6
1.92600000E-4,2.08408670E-6
1.92640000E-4,2.35296963E-5
1.92680000E-4,-3.67524046E-5
1.92720000E-4,3.38777213E-5
1.92760000E-4,4.18693600E-5
1.92800000E-4,3.36287741E-5
1.92840000E-4,2.02686449E-5
1.92880000E-4,3.43640285E-5
1.92920000E-4,3.83277281E-5
1.92960000E-4,3.58635002E-5
1.93000000E-4,3.45471340E-5
1.93040000E-4,3.28389792E-5
1.93080000E-4,2.18551489E-5
1.93120000E-4,2.15572592E-5
1.93160000E-4,6.73225748E-6
1.93200000E-4,1.58764689E-5
1.93240000E-4,2.77018119E-5
1.93280000E-4,3.02646496E-5
1.93320000E-4,3.89842661E-5
1.93360000E-4,3.08853963E-5
1.93400000E-4,2.80500747E-5
1.93440000E-4,-5.49273226E-6
1.93480000E-4,4.22617684E-5
1.93520000E-4,1.42816869E-5
1.93560000E-4,1.62399428E-5
1.93600000E-4,3.89161166E-5
1.93640000E-4,1.10411491E-5
1.93680000E-4,2.19181582E-5
1.93720000E-4,6.52284012E-6
1.93760000E-4,3.58735710E-5
1.93800000E-4,1.56117861E-5
1.93840000E-4,3.64501244E-5
1.93880000E-4,7.50716407E-7
1.93920000E-4,3.69412667E-5
1.93960000E-4,3.69090230E-5
1.94000000E-4,2.11108729E-5
1.94040000E-4,5.18994300E-5
1.94080000E-4,-2.30544758E-6
1.94120000E-4,-2.82420528E-5
1.94160000E-4,1.65887969E-5
1.94200000E-4,7.00301517E-6
1.94240000E-4,9.41429501E-6
1.94280000E-4,3.07023385E-5
1.94320000E-4,4.30227529E-5
1.94360000E-4,2.87829162E-5
1.94400000E-4,5.21289031E-5
1.94440000E-4,3.31380228E-5
1.94480000E-4,3.20108751E-5
1.94520000E-4,5.31174629E-5
1.94560000E-4,3.24415068E-5
1.94600000E-4,3.94848593E-5
1.94640000E-4,3.89834460E-5
1.94680000E-4,2.86783267E-5
1.94720000E-4,1.13690318E-5
1.94760000E-4,1.15811386E-5
1.94800000E-4,6.00640637E-6
1.94840000E-4,1.30283490E-5
1.94880000E-4,3.19378618E-5
1.94920000E-4,6.11822580E-5
1.94960000E-4,2.65047121E-5
1.95000000E-4,1.88081101E-6
1.95040000E-4,2.46203183E-5
1.95080000E-4,3.31281332E-5
1.95120000E-4,3.70556504E-5
1.95160000E-4,3.16311887E-5
1.95200000E-4,3.36314730E-5
1.95240000E-4,3.86927931E-6
1.95280000E-4,-1.42424467E-5
1.95320000E-4,3.50254383E-6
1.95360000E-4,4.09678516E-5
1.95400000E-4,2.52297353E-5
1.95440000E-4,5.61601992E-5
1.95480000E-4,2.38055656E-5
1.95520000E-4,3.27357344E-5
1.95560000E-4,4.18489991E-5
1.95600000E-4,3.11376893E-6
1.95640000E-4,-5.97300268E-6
1.95680000E-4,1.03886069E-5
1.95720000E-4,3.33741049E-5
1.95760000E-4,3.21879152E-5
1.95800000E-4,4.21387730E-5
1.95840000E-4,2.77813769E-5
1.95880000E-4,8.30034611E-6
1.95920000E-4,4.58787978E-5
1.95960000E-4,1.94218392E-5
1.96000000E-4,2.77381945E-5
1.96040000E-4,3.05533841E-5
1.96080000E-4,4.53024447E-5
1.96120000E-4,3.29809813E-5
1.96160000E-4,2.15864989E-5
1.96200000E-4,3.59777504E-5
1.96240000E-4,2.12997290E-5
1.96280000E-4,3.36294799E-5
1.96320000E-4,1.66743701E-5
1.96360000E-4,1.64213221E-5
1.96400000E-4,1.81534046E-5
1.96440000E-4,2.57339238E-5
1.96480000E-4,2.25281093E-5
1.96520000E-4,4.43240034E-5
1.96560000E-4,2.59786924E-6
1.96600000E-4,4.02451190E-5
1.96640000E-4,9.61037046E-6
1.96680000E-4,1.64152663E-5
1.96720000E-4,1.81835503E-5
1.96760000E-4,2.55295800E-5
1.96800000E-4,3.98172244E-5
1.96840000E-4,-8.05835476E-6
1.96880000E-4,-1.05062652E-5
1.96920000E-4,4.12715015E-5
1.96960000E-4,4.95753351E-5
1.97000000E-4,1.60444777E-5
1.97040000E-4,2.65978765E-5
1.97080000E-4,5.37234753E-5
1.97120000E-4,2.37853191E-5
1.97160000E-4,5.97466252E-5
1.97200000E-4,2.93191196E-5
1.97240000E-4,9.70157050E-5
1.97280000E-4,1.36816922E-5
1.97320000E-4,2.11918112E-5
1.97360000E-4,1.13711299E-5
1.97400000E-4,2.17767760E-5
1.97440000E-4,1.40337316E-5
1.97480000E-4,7.54321449E-6
1.97520000E-4,5.72596427E-5
1.97560000E-4,1.10848178E-5
1.97600000E-4,2.64830065E-5
1.97640000E-4,5.08994547E-5
1.97680000E-4,3.82594164E-5
1.97720000E-4,4.11975059E-5
1.97760000E-4,4.47964156E-5
1.97800000E-4,2.67793322E-5
1.97840000E-4,3.28089861E-5
1.97880000E-4,3.22866777E-5
1.97920000E-4,4.73469319E-5
1.97960000E-4,2.27809856E-5
1.98000000E-4,2.17911765E-5
1.98040000E-4,5.82026821E-6
1.98080000E-4,1.12647857E-5
1.98120000E-4,1.38136140E-5
1.98160000E-4,2.22043464E-5
1.98200000E-4,2.08585115E-5
1.98240000E-4,3.45979648E-5
1.98280000E-4,2.82155181E-5
1.98320000E-4,6.89359454E-5
1.98360000E-4,4.26896249E-5
1.98400000E-4,3.06045201E-5
1.98440000E-4,5.85088226E-5
1.98480000E-4,4.93454137E-5
1.98520000E-4,2.84457446E-5
1.98560000E-4,1.37800542E-5
1.98600000E-4,3.96119445E-6
1.98640000E-4,6.27570494E-6
1.98680000E-4,4.65770210E-5
1.98720000E-4,6.22353815E-5
1.98760000E-4,3.56267887E-5
1.98800000E-4,2.82189704E-5
1.98840000E-4,2.63231325E-5
1.98880000E-4,1.19562568E-5
1.98920000E-4,3.04908040E-5
1.98960000E-4,8.14567920E-6
1.99000000E-4,-3.77585288E-7
1.99040000E-4,4.18676339E-5
1.99080000E-4,3.83445223E-5
1.99120000E-4,4.64390052E-5
1.99160000E-4,3.33146719E-5
1.99200000E-4,3.23580889E-5
1.99240000E-4,7.54663818E-6
1.99280000E-4,1.30891171E-5
1.99320000E-4,3.40012126E-5
1.99360000E-4,-2.01260168E-5
1.99400000E-4,1.45957319E-5
1.99440000E-4,1.77883953E-5
1.99480000E-4,1.88283486E-5
1.99520000E-4,1.43491403E-5
1.99560000E-4,2.38971375E-5
1.99600000E-4,5.06179190E-6
1.99640000E-4,3.35671382E-5
1.99680000E-4,-5.27045136E-7
1.99720000E-4,3.71951062E-5
1.99760000E-4,2.53565454E-5
1.99800000E-4,4.62007583E-5
1.99840000E-4,2.05108400E-5
1.99880000E-4,7.49784820E-6
1.99920000E-4,2.54175710E-5
1.99960000E-4,2.17775294E-5
2.00000000E-4,2.39290188E-5
2.00040000E-4,5.34259289E-5
2.00080000E-4,4.67218731E-6
2.00120000E-4,1.69544738E-5
2.00160000E-4,6.68017732E-6
2.00200000E-4,1.54538099E-5
2.00240000E-4,2.51009606E-5
2.00280000E-4,-1.45033148E-5
2.00320000E-4,2.09022947E-5
2.00360000E-4,2.55042314E-5
2.00400000E-4,-4.63597981E-6
2.00440000E-4,2.58075380E-5
2.00480000E-4,2.99785473E-5
2.00520000E-4,-1.38584688E-5
2.00560000E-4,9.77648147E-6
2.00600000E-4,4.29089723E-7
2.00640000E-4,3.23109583E-5
2.00680000E-4,8.51758207E-7
2.00720000E-4,2.64093733E-5
2.00760000E-4,-8.87255426E-6
2.00800000E-4,3.29375128E-5
2.00840000E-4,2.70144510E-5
2.00880000E-4,9.31762104E-6
2.00920000E-4,1.46827451E-5
2.00960000E-4,1.54454272E-5
2.01000000E-4,-2.26068386E-5
2.01040000E-4,2.56940889E-5
2.01080000E-4,4.50992072E-5
2.01120000E-4,4.63584674E-5
2.01160000E-4,3.74066408E-5
2.01200000E-4,4.20542092E-6
2.01240000E-4,-6.22109153E-6
2.01280000E-4,4.75703572E-6
2.01320000E-4,4.13126812E-5
2.01360000E-4,9.81404670E-6
2.01400000E-4,6.96295131E-6
2.01440000E-4,8.45050215E-6
2.01480000E-4,3.63861043E-5
2.01520000E-4,3.53782978E-6
2.01560000E-4,3.30218558E-5
2.01600000E-4,5.95068318E-6
2.01640000E-4,2.18529650E-5
2.01680000E-4,1.67085879E-5
2.01720000E-4,4.14169178E-5
2.01760000E-4,4.93616643E-5
2.01800000E-4,2.42537735E-5
2.01840000E-4,3.05615189E-5
2.01880000E-4,4.33615743E-5
2.01920000E-4,9.67270262E-6
2.01960000E-4,2.05144067E-5
2.02000000E-4,-1.10124851E-5
2.02040000E-4,2.86328174E-5
2.02080000E-4,1.72659534E-5
2.02120000E-4,5.57792047E-6
2.02160000E-4,1.23656788E-5
2.02200000E-4,-1.76296216E-5
2.02240000E-4,1.69078868E-5
2.02280000E-4,6.83615077E-6
2.02320000E-4,3.79579981E-5
2.02360000E-4,2.73959780E-5
2.02400000E-4,4.64804805E-5
2.02440000E-4,3.40196567E-5
2.02480000E-4,3.74637658E-5
2.02520000E-4,7.25412717E-6
2.02560000E-4,2.50014066E-5
2.02600000E-4,-1.11651875E-5
2.02640000E-4,1.18565788E-5
2.02680000E-4,6.80357245E-5
2.02720000E-4,5.93811375E-6
2.02760000E-4,3.55199295E-5
2.02800000E-4,4.79911866E-5
2.02840000E-4,3.35540538E-5
2.02880000E-4,2.09129648E-6
2.02920000E-4,2.45443772E-5
2.02960000E-4,3.57612663E-5
2.03000000E-4,4.57285560E-5
2.03040000E-4,2.18547770E-5
2.03080000E-4,1.93374009E-5
2.03120000E-4,4.57284701E-5
2.03160000E-4,2.02969690E-5
2.03200000E-4,7.76893014E-6
2.03240000E-4,2.72746229E-5
2.03280000E-4,8.32947133E-6
2.03320000E-4,4.67958893E-5
2.03360000E-4,3.18931058E-5
2.03400000E-4,1.92214627E-5
2.03440000E-4,1.80399364E-5
2.03480000E-4,4.17424164E-5
2.03520000E-4,5.69086428E-5
2.03560000E-4,3.15896848E-5
2.03600000E-4,2.10202833E-5
2.03640000E-4,2.99502423E-5
2.03680000E-4,1.38783017E-5
2.03720000E-4,4.63827003E-5
2.03760000E-4,5.82494518E-5
2.03800000E-4,2.96206142E-5
2.03840000E-4,6.79947165E-5
2.03880000E-4,3.17392671E-6
2.03920000E-4,1.49863760E-5
2.03960000E-4,2.14790007E-5
2.04000000E-4,2.32198093E-5
2.04040000E-4,1.09805812E-5
2.04080000E-4,1.73083633E-5
2.04120000E-4,3.51586109E-5
2.04160000E-4,6.38966903E-6
2.04200000E-4,1.58357184E-5
2.04240000E-4,1.81971401E-5
2.04280000E-4,2.48347329E-5
2.04320000E-4,2.66899443E-5
2.04360000E-4,-9.13287876E-6
2.04400000E-4,8.44422697E-6
2.04440000E-4,2.75984335E-5
2.04480000E-4,1.94602723E-5
2.04520000E-4,1.08209552E-5
2.04560000E-4,1.89558835E-5
2.04600000E-4,1.80326694E-5
2.04640000E-4,2.05987783E-5
2.04680000E-4,2.83467532E-5
2.04720000E-4,1.27084103E-5
2.04760000E-4,1.03919257E-5
2.04800000E-4,7.38933913E-6
2.04840000E-4,1.24118366E-5
2.04880000E-4,3.72596112E-6
2.04920000E-4,1.16508903E-5
2.04960000E-4,1.69779056E-5
2.05000000E-4,2.64710665E-5
2.05040000E-4,3.97328814E-5
2.05080000E-4,6.56923638E-6
2.05120000E-4,3.28480581E-5
2.05160000E-4,1.94603963E-5
2.05200000E-4,-4.12907327E-6
2.05240000E-4,-1.21350949E-6
2.05280000E-4,-3.17599860E-5
2.05320000E-4,2.32330082E-5
2.05360000E-4,8.14891216E-6
2.05400000E-4,2.40732334E-5
2.05440000E-4,8.46655249E-6
2.05480000E-4,6.53942452E-6
2.05520000E-4,6.87472690E-6
2.05560000E-4,2.59449323E-6
2.05600000E-4,-1.33285215E-5
2.05640000E-4,4.43921530E-5
2.05680000E-4,9.34659367E-6
2.05720000E-4,2.77531100E-5
2.05760000E-4,-1.98703478E-6
2.05800000E-4,1.68525054E-6
2.05840000E-4,1.90456433E-5
2.05880000E-4,3.27143053E-5
2.05920000E-4,3.71267564E-5
2.05960000E-4,1.74270099E-5
2.06000000E-4,1.64636844E-5
2.06040000E-4,2.27385280E-5
2.06080000E-4,5.43760175E-5
2.06120000E-4,2.69863463E-5
2.06160000E-4,5.26281421E-5
2.06200000E-4,4.48681208E-6
2.06240000E-4,1.61675589E-5
2.06280000E-4,1.60185172E-6
2.06320000E-4,2.29192016E-5
2.06360000E-4,2.11547323E-5
2.06400000E-4,3.95903914E-6
2.06440000E-4,3.02257016E-5
2.06480000E-4,1.58067839E-5
2.06520000E-4,5.18692352E-6
2.06560000E-4,2.00752206E-5
2.06600000E-4,6.58834802E-6
2.06640000E-4,1.01824511E-5
2.06680000E-4,3.31906084E-5
2.06720000E-4,3.91287478E-5
2.06760000E-4,6.18460821E-5
2.06800000E-4,1.88074250E-5
2.06840000E-4,8.03248759E-6
2.06880000E-4,2.66953993E-5
2.06920000E-4,-1.53795699E-5
2.06960000E-4,2.99924614E-5
2.07000000E-4,5.79494544E-5
2.07040000E-4,5.88592407E-5
2.07080000E-4,2.89075233E-5
2.07120000E-4,7.87787790E-6
2.07160000E-4,2.61892938E-5
2.07200000E-4,1.00095023E-5
2.07240000E-4,3.51132923E-5
2.07280000E-4,3.32663779E-5
2.07320000E-4,3.89850672E-5
2.07360000E-4,6.54942681E-5
2.07400000E-4,1.85677857E-5
2.07440000E-4,5.37951249E-5
2.07480000E-4,4.53027690E-5
2.07520000E-4,2.80374671E-5
2.07560000E-4,3.39328628E-5
2.07600000E-4,4.34859621E-5
2.07640000E-4,3.38063865E-5
2.07680000E-4,1.09037532E-5
2.07720000E-4,1.57026713E-5
2.07760000E-4,-7.58765923E-6
2.07800000E-4,2.37155197E-5
2.07840000E-4,4.89651170E-5
2.07880000E-4,5.13954226E-5
2.07920000E-4,3.43195586E-5
2.07960000E-4,1.52847998E-5
2.08000000E-4,2.52299737E-5
2.08040000E-4,2.39702175E-5
2.08080000E-4,4.36579858E-5
2.08120000E-4,3.40129046E-5
2.08160000E-4,3.11645082E-5
2.08200000E-4,6.10171865E-5
2.08240000E-4,3.55041271E-5
2.08280000E-4,3.29921488E-5
2.08320000E-4,3.93856391E-5
2.08360000E-4,4.36549436E-5
2.08400000E-4,9.62541944E-6
2.08440000E-4,3.91027411E-5
2.08480000E-4,4.60639346E-5
2.08520000E-4,3.07528165E-5
2.08560000E-4,7.61435493E-5
2.08600000E-4,5.44386262E-5
2.08640000E-4,9.27271251E-6
2.08680000E-4,3.42982631E-5
2.08720000E-4,5.02246634E-5
2.08760000E-4,5.20687835E-5
2.08800000E-4,3.62769467E-5
2.08840000E-4,5.86260292E-5
2.08880000E-4,6.72488859E-5
2.08920000E-4,3.76230676E-5
2.08960000E-4,1.26040768E-6
2.09000000E-4,4.30650674E-5
2.09040000E-4,3.09520676E-5
2.09080000E-4,8.15042850E-6
2.09120000E-4,4.05261192E-5
2.09160000E-4,5.01610342E-5
2.09200000E-4,4.58291972E-5
2.09240000E-4,4.38390981E-5
2.09280000E-4,6.22172236E-5
2.09320000E-4,1.90239377E-5
2.09360000E-4,5.06543604E-5
2.09400000E-4,5.37060422E-5
2.09440000E-4,3.97498759E-5
2.09480000E-4,4.97485033E-5
2.09520000E-4,1.27571335E-5
2.09560000E-4,2.07669493E-5
2.09600000E-4,4.81490388E-5
2.09640000E-4,3.18755201E-5
2.09680000E-4,4.26321755E-5
2.09720000E-4,5.48947687E-5
2.09760000E-4,5.09085051E-5
2.09800000E-4,5.13686816E-5
2.09840000E-4,3.67026002E-5
2.09880000E-4,3.25072054E-5
2.09920000E-4,1.62502139E-5
2.09960000E-4,-7.39826904E-6
2.10000000E-4,5.93583367E-5
2.10040000E-4,2.43800877E-5
2.10080000E-4,2.81730700E-5
2.10120000E-4,2.74480772E-5
2.10160000E-4,4.02643546E-5
2.10200000E-4,3.96767959E-5
2.10240000E-4,7.48619826E-5
2.10280000E-4,4.13418541E-5
2.10320000E-4,7.57326477E-6
2.10360000E-4,-1.37761476E-5
2.10400000E-4,2.22381446E-5
2.10440000E-4,5.86325523E-5
2.10480000E-4,2.99151566E-5
2.10520000E-4,4.49245131E-5
2.10560000E-4,3.93011912E-5
2.10600000E-4,2.93878700E-5
2.10640000E-4,6.58879544E-5
2.10680000E-4,2.43944214E-5
2.10720000E-4,6.59124448E-5
2.10760000E-4,4.10187588E-5
2.10800000E-4,4.21874772E-5
2.10840000E-4,2.45186089E-5
2.10880000E-4,3.74205167E-5
2.10920000E-4,2.37557934E-5
2.10960000E-4,3.30962996E-5
2.11000000E-4,2.94483997E-5
2.11040000E-4,-5.23394318E-6
2.11080000E-4,3.01123860E-5
2.11120000E-4,4.00640353E-5
2.11160000E-4,-6.95723278E-6
2.11200000E-4,6.42990455E-6
2.11240000E-4,2.23916766E-5
2.11280000E-4,-2.34131527E-6
2.11320000E-4,9.16400317E-6
2.11360000E-4,2.19641825E-5
2.11400000E-4,2.61738062E-5
2.11440000E-4,2.12750750E-6
2.11480000E-4,2.60027250E-6
2.11520000E-4,7.32797224E-5
2.11560000E-4,3.63392598E-5
2.11600000E-4,5.59540815E-5
2.11640000E-4,2.36725853E-5
2.11680000E-4,2.35806034E-5
2.11720000E-4,2.69550562E-5
2.11760000E-4,4.21421967E-5
2.11800000E-4,6.87797431E-5
2.11840000E-4,1.91238637E-5
2.11880000E-4,5.58751841E-5
2.11920000E-4,1.23833599E-5
2.11960000E-4,2.62011194E-5
2.12000000E-4,2.28985149E-6
2.12040000E-4,3.72287042E-5
2.12080000E-4,3.79646452E-5
2.12120000E-4,2.37998341E-5
2.12160000E-4,4.16361580E-5
2.12200000E-4,2.66958284E-5
2.12240000E-4,5.20504920E-5
2.12280000E-4,5.10063998E-5
2.12320000E-4,1.29569664E-5
2.12360000E-4,5.17651145E-5
2.12400000E-4,3.69934041E-5
2.12440000E-4,5.08932463E-5
2.12480000E-4,1.65926116E-5
2.12520000E-4,4.92979684E-5
2.12560000E-4,6.90249789E-6
2.12600000E-4,3.24232630E-5
2.12640000E-4,8.77861382E-6
2.12680000E-4,2.39659260E-5
2.12720000E-4,3.65834862E-5
2.12760000E-4,5.35607594E-5
2.12800000E-4,1.27613678E-5
2.12840000E-4,5.50979967E-5
2.12880000E-4,6.49208905E-5
2.12920000E-4,-2.33328534E-6
2.12960000E-4,6.20597227E-6
2.13000000E-4,1.91554208E-5
2.13040000E-4,1.87685437E-5
2.13080000E-4,5.32764405E-5
2.13120000E-4,3.27013926E-5
2.13160000E-4,3.51131397E-5
2.13200000E-4,1.86561531E-5
2.13240000E-4,3.47105556E-5
2.13280000E-4,1.95278481E-6
2.13320000E-4,3.15489820E-5
2.13360000E-4,2.91941787E-5
2.13400000E-4,7.45523803E-6
2.13440000E-4,2.88566257E-5
2.13480000E-4,-3.23640544E-6
2.13520000E-4,5.04170481E-5
2.13560000E-4,3.84285696E-5
2.13600000E-4,1.51535646E-5
2.13640000E-4,1.12234248E-5
2.13680000E-4,3.93617591E-5
2.13720000E-4,4.96616617E-5
2.13760000E-4,3.52042442E-5
2.13800000E-4,-3.21183878E-6
2.13840000E-4,4.06805477E-5
2.13880000E-4,3.74627263E-5
2.13920000E-4,6.54637219E-5
2.13960000E-4,2.76431227E-5
2.14000000E-4,6.25425982E-5
2.14040000E-4,8.29005898E-5
2.14080000E-4,2.50225686E-5
2.14120000E-4,2.94426491E-5
2.14160000E-4,4.11417255E-5
2.14200000E-4,2.86275340E-5
2.14240000E-4,1.56639902E-5
2.14280000E-4,-4.48895183E-6
2.14320000E-4,2.57825612E-5
2.14360000E-4,6.06478666E-5
2.14400000E-4,4.35362970E-5
2.14440000E-4,2.17199561E-5
2.14480000E-4,3.77550371E-5
2.14520000E-4,4.62730945E-5
2.14560000E-4,1.62176268E-5
2.14600000E-4,4.08388466E-6
2.14640000E-4,3.33811526E-5
2.14680000E-4,2.96974899E-5
2.14720000E-4,4.74091782E-5
2.14760000E-4,1.71685165E-5
2.14800000E-4,6.60087945E-5
2.14840000E-4,2.67449331E-5
2.14880000E-4,5.23358409E-5
2.14920000E-4,6.90291385E-5
2.14960000E-4,6.35468078E-5
2.15000000E-4,2.79669143E-5
2.15040000E-4,3.85927828E-5
2.15080000E-4,1.44833032E-5
2.15120000E-4,2.80934001E-5
2.15160000E-4,6.34440971E-5
2.15200000E-4,3.20602087E-5
2.15240000E-4,3.79770334E-5
2.15280000E-4,4.00291213E-5
2.15320000E-4,2.93992210E-7
2.15360000E-4,4.63643516E-5
2.15400000E-4,2.27068183E-5
2.15440000E-4,4.50111163E-5
2.15480000E-4,3.81360491E-5
2.15520000E-4,2.25362155E-5
2.15560000E-4,3.10662988E-5
2.15600000E-4,2.79357291E-5
2.15640000E-4,7.34596903E-5
2.15680000E-4,3.92674883E-5
2.15720000E-4,4.83508553E-5
2.15760000E-4,3.57247120E-5
2.15800000E-4,1.72480434E-5
2.15840000E-4,4.31331407E-5
2.15880000E-4,4.27300130E-5
2.15920000E-4,1.50747625E-5
2.15960000E-4,4.93578497E-5
2.16000000E-4,3.89800032E-5
2.16040000E-4,4.86937204E-5
2.16080000E-4,3.67588765E-5
2.16120000E-4,6.37969470E-5
2.16160000E-4,2.44136475E-5
2.16200000E-4,-2.06647952E-5
2.16240000E-4,6.04556726E-5
2.16280000E-4,2.63762235E-5
2.16320000E-4,9.15552500E-6
2.16360000E-4,6.90950740E-6
2.16400000E-4,6.43642769E-6
2.16440000E-4,5.02357355E-5
2.16480000E-4,2.83184577E-5
2.16520000E-4,3.64402539E-5
2.16560000E-4,-3.07595926E-6
2.16600000E-4,2.25898692E-5
2.16640000E-4,3.12833455E-5
2.16680000E-4,1.90931649E-5
2.16720000E-4,-6.57734613E-6
2.16760000E-4,4.60713733E-5
2.16800000E-4,6.47837029E-6
2.16840000E-4,6.63713800E-6
2.16880000E-4,2.24331424E-5
2.16920000E-4,5.49803705E-5
2.16960000E-4,2.75184012E-5
2.17000000E-4,1.70072788E-5
2.17040000E-4,1.38277570E-5
2.17080000E-4,1.17786350E-5
2.17120000E-4,8.15108654E-6
2.17160000E-4,5.64284010E-5
2.17200000E-4,8.66401077E-6
2.17240000E-4,4.87356820E-5
2.17280000E-4,3.29632239E-5
2.17320000E-4,3.65147740E-5
2.17360000E-4,2.30498550E-5
2.17400000E-4,-1.53576163E-5
2.17440000E-4,5.16090648E-5
2.17480000E-4,2.76783133E-5
2.17520000E-4,6.33743930E-5
2.17560000E-4,2.60548543E-5
2.17600000E-4,2.16076418E-5
2.17640000E-4,2.64326429E-5
2.17680000E-4,3.18821767E-5
2.17720000E-4,9.79800590E-6
2.17760000E-4,-1.24601071E-6
2.17800000E-4,2.43274353E-5
2.17840000E-4,2.12869005E-6
2.17880000E-4,-1.70980816E-5
2.17920000E-4,5.93279717E-5
2.17960000E-4,1.88901753E-5
2.18000000E-4,4.92446866E-5
2.18040000E-4,2.63103056E-5
2.18080000E-4,2.24443194E-5
2.18120000E-4,9.99911675E-6
2.18160000E-4,9.13491610E-6
2.18200000E-4,4.66798652E-5
2.18240000E-4,2.13852927E-5
2.18280000E-4,9.72537406E-6
2.18320000E-4,4.62138999E-5
2.18360000E-4,1.38737813E-5
2.18400000E-4,5.83964130E-5
2.18440000E-4,1.61575072E-5
2.18480000E-4,4.72749676E-5
2.18520000E-4,8.10673114E-6
2.18560000E-4,6.92125682E-5
2.18600000E-4,2.86424304E-5
2.18640000E-4,3.08435872E-5
2.18680000E-4,3.61612660E-5
2.18720000E-4,5.35432198E-6
2.18760000E-4,4.08329067E-5
2.18800000E-4,2.96332886E-5
2.18840000E-4,1.32409230E-5
2.18880000E-4,4.40822470E-5
2.18920000E-4,2.14951464E-5
2.18960000E-4,3.45648151E-5
2.19000000E-4,1.98488279E-5
2.19040000E-4,6.42592773E-6
2.19080000E-4,2.78000117E-5
2.19120000E-4,9.74347479E-6
2.19160000E-4,3.01875450E-5
2.19200000E-4,4.11960182E-5
2.19240000E-4,2.08730265E-5
2.19280000E-4,8.53069662E-6
2.19320000E-4,2.39016865E-5
2.19360000E-4,2.19841319E-6
2.19400000E-4,2.63423204E-5
2.19440000E-4,7.90217768E-5
2.19480000E-4,5.17980926E-5
2.19520000E-4,3.45878368E-5
2.19560000E-4,5.15525500E-5
2.19600000E-4,2.99138214E-5
2.19640000E-4,2.94637825E-5
2.19680000E-4,1.73405212E-5
2.19720000E-4,8.58482066E-5
2.19760000E-4,1.95573373E-5
2.19800000E-4,5.36213940E-5
2.19840000E-4,3.75060995E-5
2.19880000E-4,2.54903363E-5
2.19920000E-4,1.18289032E-5
2.19960000E-4,6.19967722E-5
2.20000000E-4,4.34977876E-5
2.20040000E-4,1.57846205E-5
2.20080000E-4,3.04725602E-5
2.20120000E-4,9.93485817E-6
2.20160000E-4,1.02876971E-6
2.20200000E-4,3.07846692E-5
2.20240000E-4,3.22261289E-5
2.20280000E-4,2.46583699E-5
2.20320000E-4,2.13480231E-5
2.20360000E-4,4.11033783E-5
2.20400000E-4,3.56809384E-5
2.20440000E-4,5.44583959E-5
2.20480000E-4,1.03123606E-5
2.20520000E-4,-8.76380677E-6
2.20560000E-4,3.04869511E-5
2.20600000E-4,1.27795258E-5
2.20640000E-4,2.70154619E-5
2.20680000E-4,2.20630881E-5
2.20720000E-4,3.61856705E-5
2.20760000E-4,3.81975229E-5
2.20800000E-4,2.46295022E-5
2.20840000E-4,5.90731976E-5
2.20880000E-4,4.44791170E-6
2.20920000E-4,5.09342829E-5
2.20960000E-4,5.02676645E-5
2.21000000E-4,-6.47038201E-6
2.21040000E-4,3.62831933E-5
2.21080000E-4,2.80764819E-5
2.21120000E-4,4.68540348E-5
2.21160000E-4,3.36939864E-5
2.21200000E-4,1.15792980E-5
2.21240000E-4,3.33513884E-5
2.21280000E-4,2.21602103E-5
2.21320000E-4,2.71370840E-5
2.21360000E-4,2.94469406E-5
2.21400000E-4,1.54003946E-5
2.21440000E-4,2.72194052E-5
2.21480000E-4,3.16293672E-5
2.21520000E-4,3.36320548E-5
2.21560000E-4,8.93384339E-6
2.21600000E-4,-1.03898407E-5
2.21640000E-4,2.92132427E-5
2.21680000E-4,5.56739191E-6
2.21720000E-4,1.98938318E-5
2.21760000E-4,3.85594900E-5
2.21800000E-4,4.00576919E-6
2.21840000E-4,3.37162452E-5
2.21880000E-4,3.79625757E-5
2.21920000E-4,8.62594962E-6
2.21960000E-4,4.61228336E-5
2.22000000E-4,1.87746567E-5
2.22040000E-4,2.49075745E-5
2.22080000E-4,-8.15782300E-6
2.22120000E-4,3.93021758E-7
2.22160000E-4,4.93134466E-5
2.22200000E-4,4.36482393E-5
2.22240000E-4,4.05612319E-6
2.22280000E-4,3.34347872E-5
2.22320000E-4,4.94660535E-5
2.22360000E-4,-7.61894929E-6
2.22400000E-4,4.71697201E-5
2.22440000E-4,2.38272808E-5
2.22480000E-4,1.59421675E-5
2.22520000E-4,-3.85292731E-6
2.22560000E-4,4.39107271E-6
2.22600000E-4,7.69914979E-6
2.22640000E-4,6.24824866E-6
2.22680000E-4,2.09767290E-5
2.22720000E-4,1.95216493E-6
2.22760000E-4,6.02817128E-5
2.22800000E-4,8.06415912E-6
2.22840000E-4,1.90349335E-5
2.22880000E-4,2.72849512E-5
2.22920000E-4,2.47472046E-5
2.22960000E-4,6.38491020E-6
2.23000000E-4,3.36332659E-5
2.23040000E-4,1.45651189E-5
2.23080000E-4,2.44568776E-5
2.23120000E-4,4.56934131E-5
2.23160000E-4,1.59317915E-5
2.23200000E-4,4.53336013E-5
2.23240000E-4,-6.40093697E-7
2.23280000E-4,7.76574487E-6
2.23320000E-4,1.83834023E-5
2.23360000E-4,-1.46570567E-5
2.23400000E-4,1.99488111E-5
2.23440000E-4,4.74542870E-5
2.23480000E-4,9.24813632E-6
2.23520000E-4,2.57671674E-6
2.23560000E-4,1.97104497E-5
2.23600000E-4,2.68809080E-5
2.23640000E-4,4.92411008E-5
2.23680000E-4,4.39350664E-5
2.23720000E-4,9.16250605E-5
2.23760000E-4,6.21840357E-5
2.23800000E-4,3.46083965E-6
2.23840000E-4,6.56037675E-6
2.23880000E-4,2.50836514E-5
2.23920000E-4,2.18090674E-5
2.23960000E-4,3.56936222E-5
2.24000000E-4,2.94296982E-5
2.24040000E-4,-9.64115859E-6
2.24080000E-4,2.15448901E-5
2.24120000E-4,3.40922885E-5
2.24160000E-4,2.92020275E-5
2.24200000E-4,6.90572131E-6
2.24240000E-4,3.13150075E-5
2.24280000E-4,2.34590767E-5
2.24320000E-4,1.27254048E-5
2.24360000E-4,1.23850384E-5
2.24400000E-4,-1.93428594E-5
2.24440000E-4,2.76852084E-5
2.24480000E-4,6.16212725E-5
2.24520000E-4,2.82023383E-5
2.24560000E-4,3.69750077E-5
2.24600000E-4,2.71275187E-5
2.24640000E-4,2.94913437E-5
2.24680000E-4,1.51147406E-5
2.24720000E-4,3.95150145E-5
2.24760000E-4,4.32191621E-5
2.24800000E-4,3.22011713E-5
2.24840000E-4,8.23451603E-5
2.24880000E-4,3.39023738E-5
2.24920000E-4,1.23482552E-5
2.24960000E-4,2.79958678E-5
2.25000000E-4,1.49952642E-5
2.25040000E-4,4.11182747E-5
2.25080000E-4,3.95669326E-5
2.25120000E-4,1.55087607E-5
2.25160000E-4,1.98697610E-5
2.25200000E-4,2.00072999E-5
2.25240000E-4,2.99992802E-5
2.25280000E-4,3.90862521E-5
2.25320000E-4,2.95951702E-5
2.25360000E-4,3.26058344E-5
2.25400000E-4,1.86155838E-5
2.25440000E-4,2.68844652E-5
2.25480000E-4,5.21899002E-5
2.25520000E-4,7.08563691E-5
