-1.43600000E-5,9.56073171E-6
-1.43200000E-5,2.22781798E-5
-1.42800000E-5,4.34960805E-5
-1.42400000E-5,1.54405920E-5
-1.42000000E-5,3.33352522E-5
-1.41600000E-5,3.19520715E-5
-1.41200000E-5,3.41688972E-5
-1.40800000E-5,3.03496220E-5
-1.40400000E-5,4.82688283E-6
-1.40000000E-5,2.66494417E-5
-1.39600000E-5,1.73381942E-5
-1.39200000E-5,8.41884969E-6
-1.38800000E-5,3.17782930E-5
-1.38400000E-5,1.71706622E-5
-1.38000000E-5,2.37159393E-5
-1.37600000E-5,1.42439119E-5
-1.37200000E-5,2.37978027E-5
-1.36800000E-5,2.40653561E-5
-1.36400000E-5,5.62253542E-5
-1.36000000E-5,7.04757290E-5
-1.35600000E-5,1.66785377E-5
-1.35200000E-5,4.62689365E-5
-1.34800000E-5,2.94026043E-5
-1.34400000E-5,3.23379473E-5
-1.34000000E-5,5.97833131E-5
-1.33600000E-5,4.97073141E-5
-1.33200000E-5,5.66358824E-5
-1.32800000E-5,2.98975327E-5
-1.32400000E-5,3.85500200E-5
-1.32000000E-5,6.11442350E-5
-1.31600000E-5,-5.28103715E-7
-1.31200000E-5,4.84603085E-5
-1.30800000E-5,2.30958030E-5
-1.30400000E-5,5.56676836E-5
-1.30000000E-5,3.44862037E-5
-1.29600000E-5,3.30480055E-5
-1.29200000E-5,1.81300301E-5
-1.28800000E-5,4.24555074E-5
-1.28400000E-5,1.22539082E-5
-1.28000000E-5,2.66385031E-5
-1.27600000E-5,3.92900618E-5
-1.27200000E-5,2.62157774E-5
-1.26800000E-5,4.11070976E-5
-1.26400000E-5,2.87259246E-5
-1.26000000E-5,1.92541165E-5
-1.25600000E-5,2.71551276E-5
-1.25200000E-5,6.06155847E-5
-1.24800000E-5,1.38665811E-5
-1.24400000E-5,3.83908899E-5
-1.24000000E-5,2.77848197E-5
-1.23600000E-5,1.02536048E-5
-1.23200000E-5,1.58123724E-5
-1.22800000E-5,3.23595384E-5
-1.22400000E-5,5.56464643E-5
-1.22000000E-5,4.89788595E-5
-1.21600000E-5,4.81884732E-5
-1.21200000E-5,1.40195028E-5
-1.20800000E-5,2.38873623E-5
-1.20400000E-5,2.16070601E-5
-1.20000000E-5,7.02992802E-5
-1.19600000E-5,4.35030233E-5
-1.19200000E-5,3.82343347E-5
-1.18800000E-5,4.38182413E-5
-1.18400000E-5,2.27550361E-5
-1.18000000E-5,2.74432326E-5
-1.17600000E-5,1.26695767E-5
-1.17200000E-5,2.82059337E-5
-1.16800000E-5,1.83779759E-5
-1.16400000E-5,5.11426417E-5
-1.16000000E-5,1.96259637E-5
-1.15600000E-5,4.52584708E-5
-1.15200000E-5,9.26131610E-6
-1.14800000E-5,5.84113952E-5
-1.14400000E-5,2.93956806E-5
-1.14000000E-5,1.51379625E-5
-1.13600000E-5,4.20911465E-5
-1.13200000E-5,2.69619417E-5
-1.12800000E-5,2.03473516E-5
-1.12400000E-5,9.33843975E-6
-1.12000000E-5,1.46483652E-5
-1.11600000E-5,-2.36823067E-5
-1.11200000E-5,1.15921058E-5
-1.10800000E-5,3.13870004E-5
-1.10400000E-5,3.58582932E-5
-1.10000000E-5,3.97098597E-5
-1.09600000E-5,2.57231950E-5
-1.09200000E-5,9.61946852E-6
-1.08800000E-5,3.31280283E-5
-1.08400000E-5,3.68245847E-5
-1.08000000E-5,3.60035569E-5
-1.07600000E-5,9.34790974E-6
-1.07200000E-5,6.52534829E-6
-1.06800000E-5,4.23415910E-5
-1.06400000E-5,2.03593584E-5
-1.06000000E-5,4.89653745E-5
-1.05600000E-5,2.77932406E-5
-1.05200000E-5,2.97353890E-5
-1.04800000E-5,1.90845723E-5
-1.04400000E-5,3.64947850E-5
-1.04000000E-5,5.73275634E-5
-1.03600000E-5,3.88068350E-5
-1.03200000E-5,3.23621515E-5
-1.02800000E-5,5.08165232E-5
-1.02400000E-5,1.21152725E-5
-1.02000000E-5,4.62654651E-5
-1.01600000E-5,2.83831931E-5
-1.01200000E-5,5.83243248E-5
-1.00800000E-5,4.27573644E-5
-1.00400000E-5,4.05274829E-5
-1.00000000E-5,3.46568733E-5
-9.96000000E-6,3.24369291E-5
-9.92000000E-6,3.18089536E-5
-9.88000000E-6,4.44422304E-5
-9.84000000E-6,1.90584511E-5
-9.80000000E-6,2.63675546E-5
-9.76000000E-6,1.06175746E-5
-9.72000000E-6,4.34981405E-5
-9.68000000E-6,3.08438924E-5
-9.64000000E-6,1.12602176E-5
-9.60000000E-6,1.28628006E-5
-9.56000000E-6,4.31896077E-5
-9.52000000E-6,2.83470965E-5
-9.48000000E-6,4.74939598E-5
-9.44000000E-6,4.59233154E-5
-9.40000000E-6,5.49178460E-6
-9.36000000E-6,6.28241881E-6
-9.32000000E-6,6.78554800E-5
-9.28000000E-6,4.03026351E-5
-9.24000000E-6,-6.79968578E-6
-9.20000000E-6,3.27789644E-5
-9.16000000E-6,2.17074709E-6
-9.12000000E-6,3.91248091E-5
-9.08000000E-6,5.74790546E-5
-9.04000000E-6,5.37578267E-5
-9.00000000E-6,6.51210175E-6
-8.96000000E-6,2.39343689E-5
-8.92000000E-6,2.86381103E-5
-8.88000000E-6,4.83963742E-5
-8.84000000E-6,2.99949505E-5
-8.80000000E-6,1.85881180E-5
-8.76000000E-6,2.49547814E-5
-8.72000000E-6,2.21509501E-5
-8.68000000E-6,2.19418952E-5
-8.64000000E-6,3.23510221E-5
-8.60000000E-6,5.65941306E-5
-8.56000000E-6,2.75854827E-5
-8.52000000E-6,-2.51835810E-5
-8.48000000E-6,7.46197097E-6
-8.44000000E-6,1.15798606E-5
-8.40000000E-6,7.19274694E-5
-8.36000000E-6,6.52921845E-5
-8.32000000E-6,5.20827167E-5
-8.28000000E-6,3.67320783E-5
-8.24000000E-6,6.59137799E-5
-8.20000000E-6,4.21392689E-5
-8.16000000E-6,5.98515961E-5
-8.12000000E-6,6.31634975E-5
-8.08000000E-6,2.87070228E-5
-8.04000000E-6,2.52989625E-5
-8.00000000E-6,1.95885320E-5
-7.96000000E-6,2.27359340E-5
-7.92000000E-6,1.67386287E-5
-7.88000000E-6,5.48131532E-5
-7.84000000E-6,1.14874496E-5
-7.80000000E-6,2.41004799E-5
-7.76000000E-6,6.46272923E-5
-7.72000000E-6,3.31276263E-6
-7.68000000E-6,3.84127672E-5
-7.64000000E-6,6.41964603E-5
-7.60000000E-6,3.63025719E-5
-7.56000000E-6,3.87649115E-5
-7.52000000E-6,2.70776797E-5
-7.48000000E-6,5.19925659E-5
-7.44000000E-6,2.57082986E-5
-7.40000000E-6,2.71141100E-5
-7.36000000E-6,4.32795488E-5
-7.32000000E-6,4.05023918E-5
-7.28000000E-6,3.96566447E-5
-7.24000000E-6,1.90866990E-5
-7.20000000E-6,3.50802746E-6
-7.16000000E-6,3.17073491E-5
-7.12000000E-6,3.28869204E-5
-7.08000000E-6,3.17893461E-5
-7.04000000E-6,6.05601190E-5
-7.00000000E-6,2.69127512E-5
-6.96000000E-6,1.35181737E-6
-6.92000000E-6,2.17040679E-5
-6.88000000E-6,1.63464206E-5
-6.84000000E-6,1.13970127E-5
-6.80000000E-6,5.81325870E-6
-6.76000000E-6,5.11278884E-5
-6.72000000E-6,2.02687402E-5
-6.68000000E-6,3.31168417E-5
-6.64000000E-6,-1.29688432E-5
-6.60000000E-6,3.30962424E-5
-6.56000000E-6,4.81179394E-5
-6.52000000E-6,4.86363473E-5
-6.48000000E-6,4.01371345E-5
-6.44000000E-6,3.19290784E-5
-6.40000000E-6,4.87503209E-5
-6.36000000E-6,2.20873973E-5
-6.32000000E-6,3.31375746E-5
-6.28000000E-6,-1.89741800E-6
-6.24000000E-6,3.07044938E-5
-6.20000000E-6,4.43612921E-5
-6.16000000E-6,6.57396485E-5
-6.12000000E-6,3.05524685E-5
-6.08000000E-6,2.94703533E-5
-6.04000000E-6,2.86227180E-5
-6.00000000E-6,2.28551242E-5
-5.96000000E-6,4.80121865E-5
-5.92000000E-6,4.17615376E-5
-5.88000000E-6,2.11416288E-5
-5.84000000E-6,4.53899730E-5
-5.80000000E-6,4.17230759E-5
-5.76000000E-6,2.94745209E-5
-5.72000000E-6,6.10967023E-6
-5.68000000E-6,2.10299536E-5
-5.64000000E-6,1.05079688E-5
-5.60000000E-6,3.33781580E-5
-5.56000000E-6,2.34995697E-5
-5.52000000E-6,1.41736451E-5
-5.48000000E-6,3.11270574E-5
-5.44000000E-6,1.37419930E-5
-5.40000000E-6,9.58368665E-6
-5.36000000E-6,4.79001870E-5
-5.32000000E-6,2.13000723E-5
-5.28000000E-6,2.88836147E-5
-5.24000000E-6,2.00209947E-5
-5.20000000E-6,5.85198280E-5
-5.16000000E-6,-4.15886605E-6
-5.12000000E-6,2.59478330E-5
-5.08000000E-6,2.69102335E-5
-5.04000000E-6,4.57007850E-5
-5.00000000E-6,9.13835886E-6
-4.96000000E-6,2.83803512E-5
-4.92000000E-6,-5.23392411E-6
-4.88000000E-6,2.96076729E-5
-4.84000000E-6,-2.43288694E-5
-4.80000000E-6,3.04557374E-5
-4.76000000E-6,3.44995933E-5
-4.72000000E-6,2.40744732E-5
-4.68000000E-6,1.87668843E-5
-4.64000000E-6,4.32065736E-5
-4.60000000E-6,4.48226893E-5
-4.56000000E-6,1.87607998E-5
-4.52000000E-6,2.12106939E-5
-4.48000000E-6,1.27431908E-5
-4.44000000E-6,2.53173207E-5
-4.40000000E-6,2.28387115E-5
-4.36000000E-6,2.39524601E-5
-4.32000000E-6,2.19121119E-5
-4.28000000E-6,1.95597215E-5
-4.24000000E-6,2.84152270E-5
-4.20000000E-6,5.24755924E-5
-4.16000000E-6,2.30628631E-5
-4.12000000E-6,4.00320491E-5
-4.08000000E-6,2.50212144E-5
-4.04000000E-6,1.30937710E-5
-4.00000000E-6,6.09847520E-5
-3.96000000E-6,3.26132063E-5
-3.92000000E-6,3.09785893E-5
-3.88000000E-6,1.64342540E-5
-3.84000000E-6,6.70149591E-5
-3.80000000E-6,4.77249398E-5
-3.76000000E-6,3.25234369E-5
-3.72000000E-6,4.93169370E-5
-3.68000000E-6,2.39645813E-5
-3.64000000E-6,4.66956962E-5
-3.60000000E-6,6.73064211E-5
-3.56000000E-6,2.70427275E-5
-3.52000000E-6,3.75663526E-5
-3.48000000E-6,2.00572248E-5
-3.44000000E-6,5.37923115E-5
-3.40000000E-6,6.18064570E-5
-3.36000000E-6,7.97956072E-5
-3.32000000E-6,4.50189269E-5
-3.28000000E-6,3.14802793E-5
-3.24000000E-6,3.87258776E-5
-3.20000000E-6,7.78476606E-5
-3.16000000E-6,4.13105450E-5
-3.12000000E-6,4.46739065E-5
-3.08000000E-6,3.39112525E-5
-3.04000000E-6,6.98418598E-5
-3.00000000E-6,6.62406614E-5
-2.96000000E-6,1.76951736E-5
-2.92000000E-6,9.26378612E-6
-2.88000000E-6,7.40121729E-5
-2.84000000E-6,6.21496653E-5
-2.80000000E-6,3.70584733E-5
-2.76000000E-6,2.40301560E-5
-2.72000000E-6,8.84363739E-5
-2.68000000E-6,1.26114598E-5
-2.64000000E-6,4.92528787E-5
-2.60000000E-6,4.24919282E-5
-2.56000000E-6,5.17677371E-5
-2.52000000E-6,5.49419755E-5
-2.48000000E-6,7.75737161E-6
-2.44000000E-6,3.64921529E-5
-2.40000000E-6,3.20831445E-5
-2.36000000E-6,3.68198068E-5
-2.32000000E-6,3.11620667E-5
-2.28000000E-6,1.94996972E-5
-2.24000000E-6,7.71097645E-5
-2.20000000E-6,3.41312938E-5
-2.16000000E-6,5.28432053E-5
-2.12000000E-6,1.13757171E-5
-2.08000000E-6,2.01422353E-5
-2.04000000E-6,4.68995632E-5
-2.00000000E-6,2.56511354E-5
-1.96000000E-6,6.66481092E-5
-1.92000000E-6,5.02367178E-5
-1.88000000E-6,7.80123109E-6
-1.84000000E-6,1.60354083E-5
-1.80000000E-6,3.61865002E-5
-1.76000000E-6,3.52149635E-5
-1.72000000E-6,6.42900730E-5
-1.68000000E-6,2.05188509E-5
-1.64000000E-6,2.76841593E-5
-1.60000000E-6,4.64199794E-5
-1.56000000E-6,3.39686732E-5
-1.52000000E-6,4.10826359E-5
-1.48000000E-6,6.35774684E-5
-1.44000000E-6,3.13540223E-5
-1.40000000E-6,1.95821328E-5
-1.36000000E-6,8.93319490E-6
-1.32000000E-6,2.95811321E-5
-1.28000000E-6,7.67554078E-5
-1.24000000E-6,2.64446974E-5
-1.20000000E-6,-3.12280374E-6
-1.16000000E-6,4.34036218E-5
-1.12000000E-6,5.36152905E-5
-1.08000000E-6,2.05506654E-5
-1.04000000E-6,1.78570694E-5
-1.00000000E-6,5.84070083E-5
-9.60000000E-7,5.26694935E-5
-9.20000000E-7,2.39252708E-5
-8.80000000E-7,3.91901167E-5
-8.40000000E-7,3.35799842E-5
-8.00000000E-7,2.45311783E-5
-7.60000000E-7,3.51034790E-5
-7.20000000E-7,1.18836632E-5
-6.80000000E-7,1.57215636E-5
-6.40000000E-7,1.58493369E-5
-6.00000000E-7,3.27859453E-5
-5.60000000E-7,7.14103966E-5
-5.20000000E-7,4.97065035E-5
-4.80000000E-7,5.08712927E-5
-4.40000000E-7,2.76021529E-5
-4.00000000E-7,1.51942389E-5
-3.60000000E-7,2.74210501E-5
-3.20000000E-7,3.66695172E-5
-2.80000000E-7,7.13717347E-5
-2.40000000E-7,7.05397492E-5
-2.00000000E-7,2.60480642E-5
-1.60000000E-7,3.27205042E-5
-1.20000000E-7,4.36999666E-5
-8.00000000E-8,1.91381402E-5
-4.00000000E-8,1.96480317E-5
0.00000000E+0,5.06881396E-5
4.00000000E-8,2.59812520E-7
8.00000000E-8,3.27834276E-5
1.20000000E-7,3.86334475E-5
1.60000000E-7,3.38306861E-5
2.00000000E-7,1.71420043E-5
2.40000000E-7,2.82162986E-6
2.80000000E-7,-7.81816233E-6
3.20000000E-7,-4.04477307E-5
3.60000000E-7,-1.93576605E-5
4.00000000E-7,-5.63936717E-5
4.40000000E-7,-5.59515292E-5
4.80000000E-7,-1.17632289E-4
5.20000000E-7,-1.22889457E-4
5.60000000E-7,-1.26769538E-4
6.00000000E-7,-1.29583479E-4
6.40000000E-7,-1.54033325E-4
6.80000000E-7,-1.63747500E-4
7.20000000E-7,-2.24977324E-4
7.60000000E-7,-2.03299657E-4
8.00000000E-7,-2.54626173E-4
8.40000000E-7,-3.04351633E-4
8.80000000E-7,-3.05690115E-4
9.20000000E-7,-3.54871904E-4
9.60000000E-7,-3.51840850E-4
1.00000000E-6,-3.58319122E-4
1.04000000E-6,-4.14068961E-4
1.08000000E-6,-3.99555497E-4
1.12000000E-6,-3.71937468E-4
1.16000000E-6,-5.15179655E-4
1.20000000E-6,-5.16958573E-4
1.24000000E-6,-3.99708609E-4
1.28000000E-6,-7.18395420E-4
1.32000000E-6,-4.40705487E-4
1.36000000E-6,-7.47041214E-4
1.40000000E-6,-6.42853118E-4
1.44000000E-6,-5.62807880E-4
1.48000000E-6,-7.29466350E-4
1.52000000E-6,-5.70864044E-4
1.56000000E-6,-6.10712088E-4
1.60000000E-6,-6.39295674E-4
1.64000000E-6,-6.27264710E-4
1.68000000E-6,-7.25349461E-4
1.72000000E-6,-6.84258303E-4
1.76000000E-6,-7.32739789E-4
1.80000000E-6,-8.02597038E-4
1.84000000E-6,-7.30692775E-4
1.88000000E-6,-8.22323841E-4
1.92000000E-6,-8.85307062E-4
1.96000000E-6,-8.48816533E-4
2.00000000E-6,-9.53224757E-4
2.04000000E-6,-1.04061013E-3
2.08000000E-6,-1.03997685E-3
2.12000000E-6,-9.92194171E-4
2.16000000E-6,-1.04968976E-3
2.20000000E-6,-1.07770736E-3
2.24000000E-6,-1.10088812E-3
2.28000000E-6,-9.82601990E-4
2.32000000E-6,-1.06906105E-3
2.36000000E-6,-1.09728613E-3
2.40000000E-6,-1.18297941E-3
2.44000000E-6,-1.14382925E-3
2.48000000E-6,-1.11268768E-3
2.52000000E-6,-1.25825682E-3
2.56000000E-6,-1.21115716E-3
2.60000000E-6,-1.19734811E-3
2.64000000E-6,-1.25399487E-3
2.68000000E-6,-1.08633777E-3
2.72000000E-6,-1.32128666E-3
2.76000000E-6,-1.34342574E-3
2.80000000E-6,-1.48299693E-3
2.84000000E-6,-1.33816097E-3
2.88000000E-6,-1.18940737E-3
2.92000000E-6,-1.02824284E-3
2.96000000E-6,-1.51965509E-3
3.00000000E-6,-1.44092902E-3
3.04000000E-6,-1.50447063E-3
3.08000000E-6,-1.35166316E-3
3.12000000E-6,-1.56588295E-3
3.16000000E-6,-1.28018423E-3
3.20000000E-6,-1.40557805E-3
3.24000000E-6,-1.48794325E-3
3.28000000E-6,-1.64169647E-3
3.32000000E-6,-1.68318913E-3
3.36000000E-6,-1.53339985E-3
3.40000000E-6,-1.56410388E-3
3.44000000E-6,-1.42810604E-3
3.48000000E-6,-1.68802139E-3
3.52000000E-6,-1.72136580E-3
3.56000000E-6,-1.75074839E-3
3.60000000E-6,-1.71740191E-3
3.64000000E-6,-1.62416508E-3
3.68000000E-6,-1.66167694E-3
3.72000000E-6,-1.72488381E-3
3.76000000E-6,-1.73871943E-3
3.80000000E-6,-1.61690895E-3
3.84000000E-6,-1.84482415E-3
3.88000000E-6,-1.77954650E-3
3.92000000E-6,-1.71859352E-3
3.96000000E-6,-1.82115751E-3
4.00000000E-6,-1.89556403E-3
4.04000000E-6,-1.92743614E-3
4.08000000E-6,-1.88582654E-3
4.12000000E-6,-1.93596791E-3
4.16000000E-6,-1.86716452E-3
4.20000000E-6,-2.07609740E-3
4.24000000E-6,-2.00920568E-3
4.28000000E-6,-1.80889910E-3
4.32000000E-6,-2.13945905E-3
4.36000000E-6,-1.96944924E-3
4.40000000E-6,-2.20338959E-3
4.44000000E-6,-2.16937863E-3
4.48000000E-6,-1.90876858E-3
4.52000000E-6,-1.88602873E-3
4.56000000E-6,-2.02675659E-3
4.60000000E-6,-2.24879564E-3
4.64000000E-6,-2.09479032E-3
4.68000000E-6,-2.06872171E-3
4.72000000E-6,-1.96935659E-3
4.76000000E-6,-2.03425138E-3
4.80000000E-6,-2.09179680E-3
4.84000000E-6,-2.08801942E-3
4.88000000E-6,-1.99903593E-3
4.92000000E-6,-2.38230285E-3
4.96000000E-6,-2.02050167E-3
5.00000000E-6,-2.08468572E-3
5.04000000E-6,-2.16994097E-3
5.08000000E-6,-2.10276513E-3
5.12000000E-6,-2.41852880E-3
5.16000000E-6,-1.98577053E-3
5.20000000E-6,-2.47164134E-3
5.24000000E-6,-2.52437196E-3
5.28000000E-6,-2.31608065E-3
5.32000000E-6,-2.14084908E-3
5.36000000E-6,-2.40124440E-3
5.40000000E-6,-2.20423406E-3
5.44000000E-6,-2.41538945E-3
5.48000000E-6,-2.36032487E-3
5.52000000E-6,-2.43210955E-3
5.56000000E-6,-2.21762252E-3
5.60000000E-6,-2.36898487E-3
5.64000000E-6,-2.29249378E-3
5.68000000E-6,-2.56926268E-3
5.72000000E-6,-2.52236522E-3
5.76000000E-6,-2.41866129E-3
5.80000000E-6,-2.69162439E-3
5.84000000E-6,-2.41193458E-3
5.88000000E-6,-2.41081110E-3
5.92000000E-6,-2.46938929E-3
5.96000000E-6,-2.45058384E-3
6.00000000E-6,-2.44323722E-3
6.04000000E-6,-2.52672259E-3
6.08000000E-6,-2.64671538E-3
6.12000000E-6,-2.34392924E-3
6.16000000E-6,-2.34597169E-3
6.20000000E-6,-2.52064697E-3
6.24000000E-6,-2.62587999E-3
6.28000000E-6,-2.65219433E-3
6.32000000E-6,-2.36008969E-3
6.36000000E-6,-2.42808545E-3
6.40000000E-6,-2.47489534E-3
6.44000000E-6,-2.43337820E-3
6.48000000E-6,-2.64230528E-3
6.52000000E-6,-2.63391882E-3
6.56000000E-6,-2.48377985E-3
6.60000000E-6,-2.59111558E-3
6.64000000E-6,-2.65340815E-3
6.68000000E-6,-2.67435108E-3
6.72000000E-6,-2.82105065E-3
6.76000000E-6,-2.71327180E-3
6.80000000E-6,-2.69085448E-3
6.84000000E-6,-2.89066125E-3
6.88000000E-6,-2.49009366E-3
6.92000000E-6,-2.57580475E-3
6.96000000E-6,-2.78494514E-3
7.00000000E-6,-2.76083187E-3
7.04000000E-6,-3.01273624E-3
7.08000000E-6,-2.77681099E-3
7.12000000E-6,-2.66387506E-3
7.16000000E-6,-2.78030063E-3
7.20000000E-6,-2.70154836E-3
7.24000000E-6,-2.80502323E-3
7.28000000E-6,-2.89229452E-3
7.32000000E-6,-2.66613146E-3
7.36000000E-6,-2.70478366E-3
7.40000000E-6,-2.79647863E-3
7.44000000E-6,-2.58800407E-3
7.48000000E-6,-2.62971754E-3
7.52000000E-6,-3.12127237E-3
7.56000000E-6,-2.83179996E-3
7.60000000E-6,-3.02341694E-3
7.64000000E-6,-2.69339393E-3
7.68000000E-6,-2.87291716E-3
7.72000000E-6,-2.93725605E-3
7.76000000E-6,-2.76799752E-3
7.80000000E-6,-3.02629934E-3
7.84000000E-6,-3.07952400E-3
7.88000000E-6,-2.84655328E-3
7.92000000E-6,-2.82286440E-3
7.96000000E-6,-2.83439202E-3
8.00000000E-6,-2.88676163E-3
8.04000000E-6,-2.74024291E-3
8.08000000E-6,-3.11265467E-3
8.12000000E-6,-2.77273621E-3
8.16000000E-6,-3.14760604E-3
8.20000000E-6,-3.16188518E-3
8.24000000E-6,-3.03855803E-3
8.28000000E-6,-2.95739902E-3
8.32000000E-6,-3.10656333E-3
8.36000000E-6,-2.85298889E-3
8.40000000E-6,-3.15035233E-3
8.44000000E-6,-3.02863232E-3
8.48000000E-6,-3.20846813E-3
8.52000000E-6,-3.14680957E-3
8.56000000E-6,-2.88183847E-3
8.60000000E-6,-2.88713754E-3
8.64000000E-6,-3.03297044E-3
8.68000000E-6,-2.95595732E-3
8.72000000E-6,-3.00791305E-3
8.76000000E-6,-3.13584388E-3
8.80000000E-6,-3.29334097E-3
8.84000000E-6,-3.03573824E-3
8.88000000E-6,-3.07592275E-3
8.92000000E-6,-3.20496061E-3
8.96000000E-6,-3.00205106E-3
9.00000000E-6,-3.22981549E-3
9.04000000E-6,-3.37192695E-3
9.08000000E-6,-3.44615096E-3
9.12000000E-6,-3.23986167E-3
9.16000000E-6,-2.95794051E-3
9.20000000E-6,-3.08255142E-3
9.24000000E-6,-3.29329419E-3
9.28000000E-6,-3.26077434E-3
9.32000000E-6,-3.23808381E-3
9.36000000E-6,-3.08253863E-3
9.40000000E-6,-3.11871309E-3
9.44000000E-6,-3.01066865E-3
9.48000000E-6,-2.99217020E-3
9.52000000E-6,-3.11442933E-3
9.56000000E-6,-3.30117710E-3
9.60000000E-6,-3.47059487E-3
9.64000000E-6,-3.09102015E-3
9.68000000E-6,-3.23803246E-3
9.72000000E-6,-3.23876963E-3
9.76000000E-6,-3.26736694E-3
9.80000000E-6,-3.04122811E-3
9.84000000E-6,-3.16961718E-3
9.88000000E-6,-3.19608749E-3
9.92000000E-6,-3.27058454E-3
9.96000000E-6,-3.24301062E-3
1.00000000E-5,-3.26501458E-3
1.00400000E-5,-3.33291873E-3
1.00800000E-5,-3.23511348E-3
1.01200000E-5,-3.29347933E-3
1.01600000E-5,-3.24402769E-3
1.02000000E-5,-3.06412386E-3
1.02400000E-5,-2.97897650E-3
1.02800000E-5,-3.25467385E-3
1.03200000E-5,-3.50918267E-3
1.03600000E-5,-2.91970495E-3
1.04000000E-5,-3.35268196E-3
1.04400000E-5,-3.16393713E-3
1.04800000E-5,-3.36662761E-3
1.05200000E-5,-3.31580843E-3
1.05600000E-5,-3.44925516E-3
1.06000000E-5,-3.08369843E-3
1.06400000E-5,-3.21612926E-3
1.06800000E-5,-3.74577769E-3
1.07200000E-5,-3.83476803E-3
1.07600000E-5,-3.33427475E-3
1.08000000E-5,-3.23942275E-3
1.08400000E-5,-3.17584943E-3
1.08800000E-5,-3.44208360E-3
1.09200000E-5,-3.27567370E-3
1.09600000E-5,-3.22861336E-3
1.10000000E-5,-3.21996690E-3
1.10400000E-5,-3.60903703E-3
1.10800000E-5,-3.26067291E-3
1.11200000E-5,-3.17875301E-3
1.11600000E-5,-3.21409461E-3
1.12000000E-5,-3.37064852E-3
1.12400000E-5,-3.42639210E-3
1.12800000E-5,-3.52640317E-3
1.13200000E-5,-3.25959480E-3
1.13600000E-5,-3.12573397E-3
1.14000000E-5,-3.41389641E-3
1.14400000E-5,-3.35019971E-3
1.14800000E-5,-3.46135052E-3
1.15200000E-5,-3.33106836E-3
1.15600000E-5,-3.51562892E-3
1.16000000E-5,-3.30065635E-3
1.16400000E-5,-3.35396790E-3
1.16800000E-5,-3.14422942E-3
1.17200000E-5,-3.27646312E-3
1.17600000E-5,-3.37473051E-3
1.18000000E-5,-3.25757202E-3
1.18400000E-5,-3.43495962E-3
1.18800000E-5,-3.78695895E-3
1.19200000E-5,-3.60609151E-3
1.19600000E-5,-3.46759098E-3
1.20000000E-5,-3.33629703E-3
1.20400000E-5,-3.69021212E-3
1.20800000E-5,-3.62458692E-3
1.21200000E-5,-3.29113814E-3
1.21600000E-5,-3.45804521E-3
1.22000000E-5,-3.68836495E-3
1.22400000E-5,-3.12369043E-3
1.22800000E-5,-3.42732230E-3
1.23200000E-5,-3.39317738E-3
1.23600000E-5,-3.31449382E-3
1.24000000E-5,-3.45799133E-3
1.24400000E-5,-3.32875623E-3
1.24800000E-5,-3.64870630E-3
1.25200000E-5,-3.75745280E-3
1.25600000E-5,-3.37118699E-3
1.26000000E-5,-3.58974751E-3
1.26400000E-5,-3.56348957E-3
1.26800000E-5,-3.36683686E-3
1.27200000E-5,-3.32667979E-3
1.27600000E-5,-3.47393275E-3
1.28000000E-5,-3.54655281E-3
1.28400000E-5,-3.47920257E-3
1.28800000E-5,-3.35667429E-3
1.29200000E-5,-3.42552695E-3
1.29600000E-5,-3.50385179E-3
1.30000000E-5,-3.54427151E-3
1.30400000E-5,-3.60786336E-3
1.30800000E-5,-3.40271619E-3
1.31200000E-5,-3.72568122E-3
1.31600000E-5,-3.58682276E-3
1.32000000E-5,-3.53069870E-3
1.32400000E-5,-3.56582842E-3
1.32800000E-5,-3.31052634E-3
1.33200000E-5,-3.39584494E-3
1.33600000E-5,-3.82805919E-3
1.34000000E-5,-3.76895699E-3
1.34400000E-5,-3.29319398E-3
1.34800000E-5,-3.34086940E-3
1.35200000E-5,-3.48096227E-3
1.35600000E-5,-3.42582187E-3
1.36000000E-5,-3.36504752E-3
1.36400000E-5,-3.39520986E-3
1.36800000E-5,-3.69372118E-3
1.37200000E-5,-3.59964547E-3
1.37600000E-5,-3.44494571E-3
1.38000000E-5,-3.37134513E-3
1.38400000E-5,-3.71510687E-3
1.38800000E-5,-3.48325512E-3
1.39200000E-5,-3.71084316E-3
1.39600000E-5,-3.46762464E-3
1.40000000E-5,-3.39772676E-3
1.40400000E-5,-3.47711075E-3
1.40800000E-5,-3.34999120E-3
1.41200000E-5,-3.44724053E-3
1.41600000E-5,-3.42818580E-3
1.42000000E-5,-3.70991637E-3
1.42400000E-5,-3.68370770E-3
1.42800000E-5,-3.38740911E-3
1.43200000E-5,-3.63649625E-3
1.43600000E-5,-3.49481658E-3
1.44000000E-5,-3.43039346E-3
1.44400000E-5,-3.58983218E-3
1.44800000E-5,-3.51540049E-3
1.45200000E-5,-3.69138229E-3
1.45600000E-5,-3.49738228E-3
1.46000000E-5,-3.69620098E-3
1.46400000E-5,-4.03875974E-3
1.46800000E-5,-3.57988795E-3
1.47200000E-5,-3.79124650E-3
1.47600000E-5,-3.44086430E-3
1.48000000E-5,-3.67031620E-3
1.48400000E-5,-3.89777757E-3
1.48800000E-5,-3.69744581E-3
1.49200000E-5,-3.72072777E-3
1.49600000E-5,-3.78802086E-3
1.50000000E-5,-3.78380219E-3
1.50400000E-5,-3.48213720E-3
1.50800000E-5,-3.79201141E-3
1.51200000E-5,-3.65247912E-3
1.51600000E-5,-3.74560892E-3
1.52000000E-5,-3.77729121E-3
1.52400000E-5,-3.55505950E-3
1.52800000E-5,-3.67731343E-3
1.53200000E-5,-3.58137307E-3
1.53600000E-5,-3.50458248E-3
1.54000000E-5,-3.88042696E-3
1.54400000E-5,-3.63598690E-3
1.54800000E-5,-3.59157392E-3
1.55200000E-5,-3.65382295E-3
1.55600000E-5,-3.83617403E-3
1.56000000E-5,-3.98270096E-3
1.56400000E-5,-3.64024944E-3
1.56800000E-5,-3.47541257E-3
1.57200000E-5,-3.94588624E-3
1.57600000E-5,-3.84816852E-3
1.58000000E-5,-3.68142777E-3
1.58400000E-5,-3.51711278E-3
1.58800000E-5,-3.86001040E-3
1.59200000E-5,-3.75240137E-3
1.59600000E-5,-3.32831148E-3
1.60000000E-5,-3.53010845E-3
1.60400000E-5,-3.52047571E-3
1.60800000E-5,-3.65147312E-3
1.61200000E-5,-3.68862562E-3
1.61600000E-5,-3.61402632E-3
1.62000000E-5,-3.64236432E-3
1.62400000E-5,-3.72095926E-3
1.62800000E-5,-4.04106281E-3
1.63200000E-5,-3.42166176E-3
1.63600000E-5,-3.66739786E-3
1.64000000E-5,-3.85478078E-3
1.64400000E-5,-3.49616678E-3
1.64800000E-5,-3.68612716E-3
1.65200000E-5,-3.94564696E-3
1.65600000E-5,-3.74413950E-3
1.66000000E-5,-3.88583399E-3
1.66400000E-5,-3.88387991E-3
1.66800000E-5,-3.81207896E-3
1.67200000E-5,-3.78992175E-3
1.67600000E-5,-3.78463817E-3
1.68000000E-5,-3.67709271E-3
1.68400000E-5,-3.52865049E-3
1.68800000E-5,-3.44141015E-3
1.69200000E-5,-3.72439200E-3
1.69600000E-5,-3.86967798E-3
1.70000000E-5,-3.92639319E-3
1.70400000E-5,-3.89480057E-3
1.70800000E-5,-3.91232921E-3
1.71200000E-5,-3.41589004E-3
1.71600000E-5,-3.84269274E-3
1.72000000E-5,-3.67043387E-3
1.72400000E-5,-3.86895105E-3
1.72800000E-5,-3.64063180E-3
1.73200000E-5,-3.62474621E-3
1.73600000E-5,-3.91475854E-3
1.74000000E-5,-3.71031108E-3
1.74400000E-5,-3.95380062E-3
1.74800000E-5,-3.84522515E-3
1.75200000E-5,-4.06219505E-3
1.75600000E-5,-3.57581583E-3
1.76000000E-5,-3.76624738E-3
1.76400000E-5,-3.82902667E-3
1.76800000E-5,-3.61962408E-3
1.77200000E-5,-3.88373049E-3
1.77600000E-5,-3.53603269E-3
1.78000000E-5,-3.77018510E-3
1.78400000E-5,-3.61805833E-3
1.78800000E-5,-3.65468018E-3
1.79200000E-5,-3.74269898E-3
1.79600000E-5,-3.68383923E-3
1.80000000E-5,-3.83792767E-3
1.80400000E-5,-3.66754017E-3
1.80800000E-5,-3.83762688E-3
1.81200000E-5,-3.84606486E-3
1.81600000E-5,-3.66144917E-3
1.82000000E-5,-3.89563943E-3
1.82400000E-5,-3.88138729E-3
1.82800000E-5,-3.84684495E-3
1.83200000E-5,-3.81536566E-3
1.83600000E-5,-3.78290881E-3
1.84000000E-5,-3.52612312E-3
1.84400000E-5,-3.92002626E-3
1.84800000E-5,-3.85877782E-3
1.85200000E-5,-3.83901827E-3
1.85600000E-5,-3.95540213E-3
1.86000000E-5,-3.89547285E-3
1.86400000E-5,-3.69945779E-3
1.86800000E-5,-3.97395974E-3
1.87200000E-5,-3.86819742E-3
1.87600000E-5,-4.01416090E-3
1.88000000E-5,-3.58152398E-3
1.88400000E-5,-4.06396067E-3
1.88800000E-5,-3.82058681E-3
1.89200000E-5,-3.74925048E-3
1.89600000E-5,-3.69946366E-3
1.90000000E-5,-3.81531678E-3
1.90400000E-5,-3.95122653E-3
1.90800000E-5,-4.09118397E-3
1.91200000E-5,-3.69912965E-3
1.91600000E-5,-3.75066762E-3
1.92000000E-5,-3.56382125E-3
1.92400000E-5,-3.56823993E-3
1.92800000E-5,-3.87322091E-3
1.93200000E-5,-3.86094497E-3
1.93600000E-5,-3.85758204E-3
1.94000000E-5,-3.68069557E-3
1.94400000E-5,-3.75875626E-3
1.94800000E-5,-3.60243601E-3
1.95200000E-5,-3.84593362E-3
1.95600000E-5,-3.99811038E-3
1.96000000E-5,-3.78472857E-3
1.96400000E-5,-3.81996515E-3
1.96800000E-5,-3.92363409E-3
1.97200000E-5,-3.88159137E-3
1.97600000E-5,-3.73718007E-3
1.98000000E-5,-3.96978055E-3
1.98400000E-5,-3.89347913E-3
1.98800000E-5,-3.86720937E-3
1.99200000E-5,-3.69230752E-3
1.99600000E-5,-3.92377078E-3
2.00000000E-5,-3.56070664E-3
2.00400000E-5,-4.08076234E-3
2.00800000E-5,-3.73394143E-3
2.01200000E-5,-3.66217471E-3
2.01600000E-5,-3.56802401E-3
2.02000000E-5,-3.91562800E-3
2.02400000E-5,-4.12285063E-3
2.02800000E-5,-3.80827501E-3
2.03200000E-5,-3.84521497E-3
2.03600000E-5,-3.82935755E-3
2.04000000E-5,-3.88248948E-3
2.04400000E-5,-3.68594087E-3
2.04800000E-5,-3.84353423E-3
2.05200000E-5,-3.87271317E-3
2.05600000E-5,-4.04087904E-3
2.06000000E-5,-3.79506063E-3
2.06400000E-5,-3.80284763E-3
2.06800000E-5,-3.92892898E-3
2.07200000E-5,-3.69693586E-3
2.07600000E-5,-3.81840743E-3
2.08000000E-5,-3.93151646E-3
2.08400000E-5,-3.40397078E-3
2.08800000E-5,-3.88494474E-3
2.09200000E-5,-3.66597621E-3
2.09600000E-5,-4.03029437E-3
2.10000000E-5,-3.77807090E-3
2.10400000E-5,-4.05009984E-3
2.10800000E-5,-3.60776080E-3
2.11200000E-5,-3.74853100E-3
2.11600000E-5,-3.98833023E-3
2.12000000E-5,-3.70932830E-3
2.12400000E-5,-3.84647304E-3
2.12800000E-5,-3.91554023E-3
2.13200000E-5,-4.10063007E-3
2.13600000E-5,-3.86005330E-3
2.14000000E-5,-4.05517747E-3
2.14400000E-5,-4.00192544E-3
2.14800000E-5,-3.67246380E-3
2.15200000E-5,-3.80336784E-3
2.15600000E-5,-3.74735652E-3
2.16000000E-5,-3.76608792E-3
2.16400000E-5,-3.88391579E-3
2.16800000E-5,-3.82453801E-3
2.17200000E-5,-3.89426781E-3
2.17600000E-5,-3.86850914E-3
2.18000000E-5,-3.98500940E-3
2.18400000E-5,-3.94409543E-3
2.18800000E-5,-3.84857023E-3
2.19200000E-5,-4.17760986E-3
2.19600000E-5,-3.62006368E-3
2.20000000E-5,-3.76282114E-3
2.20400000E-5,-4.26309109E-3
2.20800000E-5,-3.87393568E-3
2.21200000E-5,-3.93533009E-3
2.21600000E-5,-3.78913388E-3
2.22000000E-5,-3.82113853E-3
2.22400000E-5,-3.72110424E-3
2.22800000E-5,-3.76871341E-3
2.23200000E-5,-3.59563557E-3
2.23600000E-5,-3.66720004E-3
2.24000000E-5,-4.04900692E-3
2.24400000E-5,-3.85013598E-3
2.24800000E-5,-3.90850536E-3
2.25200000E-5,-3.86834030E-3
2.25600000E-5,-3.82726461E-3
2.26000000E-5,-3.83728305E-3
2.26400000E-5,-3.96187465E-3
2.26800000E-5,-3.99507583E-3
2.27200000E-5,-3.67255728E-3
2.27600000E-5,-4.08512315E-3
2.28000000E-5,-3.98277810E-3
2.28400000E-5,-3.99622034E-3
2.28800000E-5,-3.87584369E-3
2.29200000E-5,-4.03185270E-3
2.29600000E-5,-3.80712229E-3
2.30000000E-5,-3.95987535E-3
2.30400000E-5,-3.96800450E-3
2.30800000E-5,-3.74084716E-3
2.31200000E-5,-3.79870926E-3
2.31600000E-5,-3.69490132E-3
2.32000000E-5,-3.93739396E-3
2.32400000E-5,-3.97240960E-3
2.32800000E-5,-4.05968841E-3
2.33200000E-5,-3.89693574E-3
2.33600000E-5,-3.88197247E-3
2.34000000E-5,-3.69597276E-3
2.34400000E-5,-3.84866661E-3
2.34800000E-5,-3.84651853E-3
2.35200000E-5,-4.04572939E-3
2.35600000E-5,-3.76796075E-3
2.36000000E-5,-4.05026715E-3
2.36400000E-5,-4.26883924E-3
2.36800000E-5,-3.83671033E-3
2.37200000E-5,-4.04095119E-3
2.37600000E-5,-4.45204846E-3
2.38000000E-5,-3.59225886E-3
2.38400000E-5,-3.96262814E-3
2.38800000E-5,-3.92492786E-3
2.39200000E-5,-3.89325272E-3
2.39600000E-5,-3.53107817E-3
2.40000000E-5,-4.04137697E-3
2.40400000E-5,-3.90924801E-3
2.40800000E-5,-4.15878470E-3
2.41200000E-5,-3.78466880E-3
2.41600000E-5,-4.05575770E-3
2.42000000E-5,-3.63743129E-3
2.42400000E-5,-3.81772401E-3
2.42800000E-5,-3.91554890E-3
2.43200000E-5,-3.95616395E-3
2.43600000E-5,-3.84500111E-3
2.44000000E-5,-4.03604727E-3
2.44400000E-5,-4.24902593E-3
2.44800000E-5,-3.81448891E-3
2.45200000E-5,-4.15518539E-3
2.45600000E-5,-4.30027257E-3
2.46000000E-5,-3.75516622E-3
2.46400000E-5,-3.87536304E-3
2.46800000E-5,-3.73775492E-3
2.47200000E-5,-4.41596789E-3
2.47600000E-5,-3.99386348E-3
2.48000000E-5,-3.63269861E-3
2.48400000E-5,-3.89914096E-3
2.48800000E-5,-3.96493145E-3
2.49200000E-5,-4.22057848E-3
2.49600000E-5,-3.88923282E-3
2.50000000E-5,-3.93212283E-3
2.50400000E-5,-3.96885769E-3
2.50800000E-5,-4.14053398E-3
2.51200000E-5,-3.76551255E-3
2.51600000E-5,-3.94177493E-3
2.52000000E-5,-3.90517317E-3
2.52400000E-5,-3.75521670E-3
2.52800000E-5,-3.74529567E-3
2.53200000E-5,-3.96351138E-3
2.53600000E-5,-3.79413235E-3
2.54000000E-5,-4.11623467E-3
2.54400000E-5,-3.99973242E-3
2.54800000E-5,-3.95010875E-3
2.55200000E-5,-3.97893200E-3
2.55600000E-5,-4.11316099E-3
2.56000000E-5,-4.07307088E-3
2.56400000E-5,-3.70480099E-3
2.56800000E-5,-4.03934536E-3
2.57200000E-5,-3.97855002E-3
2.57600000E-5,-3.96991563E-3
2.58000000E-5,-3.69423529E-3
2.58400000E-5,-3.86459148E-3
2.58800000E-5,-4.11469718E-3
2.59200000E-5,-3.73956718E-3
2.59600000E-5,-4.01229847E-3
2.60000000E-5,-3.97960947E-3
2.60400000E-5,-4.24710253E-3
2.60800000E-5,-3.95480245E-3
2.61200000E-5,-4.23719757E-3
2.61600000E-5,-3.85773761E-3
2.62000000E-5,-3.97700396E-3
2.62400000E-5,-3.91925122E-3
2.62800000E-5,-4.07197803E-3
2.63200000E-5,-4.14283265E-3
2.63600000E-5,-3.86024365E-3
2.64000000E-5,-4.01056417E-3
2.64400000E-5,-4.01195056E-3
2.64800000E-5,-3.68930144E-3
2.65200000E-5,-4.05068345E-3
2.65600000E-5,-3.97469061E-3
2.66000000E-5,-4.07118912E-3
2.66400000E-5,-3.90588704E-3
2.66800000E-5,-3.86677757E-3
2.67200000E-5,-3.59512752E-3
2.67600000E-5,-3.85878650E-3
2.68000000E-5,-3.95307368E-3
2.68400000E-5,-3.74498590E-3
2.68800000E-5,-4.32161083E-3
2.69200000E-5,-3.59096601E-3
2.69600000E-5,-4.47664969E-3
2.70000000E-5,-3.85063593E-3
2.70400000E-5,-3.97708308E-3
2.70800000E-5,-3.86815326E-3
2.71200000E-5,-3.88968943E-3
2.71600000E-5,-4.21649966E-3
2.72000000E-5,-3.92011257E-3
2.72400000E-5,-4.07178357E-3
2.72800000E-5,-3.91875208E-3
2.73200000E-5,-4.14209990E-3
2.73600000E-5,-3.91051419E-3
2.74000000E-5,-4.10824000E-3
2.74400000E-5,-4.20032262E-3
2.74800000E-5,-3.99835503E-3
2.75200000E-5,-3.84767107E-3
2.75600000E-5,-3.64909684E-3
2.76000000E-5,-3.82726195E-3
2.76400000E-5,-4.34609270E-3
2.76800000E-5,-4.01385671E-3
2.77200000E-5,-3.84928887E-3
2.77600000E-5,-4.09473681E-3
2.78000000E-5,-4.05276833E-3
2.78400000E-5,-4.03935204E-3
2.78800000E-5,-3.83923188E-3
2.79200000E-5,-3.85845934E-3
2.79600000E-5,-3.80257796E-3
2.80000000E-5,-4.07813194E-3
2.80400000E-5,-3.88420019E-3
2.80800000E-5,-4.12946591E-3
2.81200000E-5,-3.96680565E-3
2.81600000E-5,-3.73349052E-3
2.82000000E-5,-3.90567115E-3
2.82400000E-5,-3.88669599E-3
2.82800000E-5,-4.08862121E-3
2.83200000E-5,-3.82965422E-3
2.83600000E-5,-3.86094125E-3
2.84000000E-5,-3.82453466E-3
2.84400000E-5,-3.87602246E-3
2.84800000E-5,-3.73318929E-3
2.85200000E-5,-4.11803516E-3
2.85600000E-5,-4.15199647E-3
2.86000000E-5,-4.23537560E-3
2.86400000E-5,-4.16081802E-3
2.86800000E-5,-3.96396389E-3
2.87200000E-5,-4.19983711E-3
2.87600000E-5,-4.25960876E-3
2.88000000E-5,-3.55380235E-3
2.88400000E-5,-3.79472572E-3
2.88800000E-5,-3.96093617E-3
2.89200000E-5,-3.78477895E-3
2.89600000E-5,-3.89899960E-3
2.90000000E-5,-4.05852365E-3
2.90400000E-5,-3.58038266E-3
2.90800000E-5,-4.13337598E-3
2.91200000E-5,-3.60422531E-3
2.91600000E-5,-3.90239675E-3
2.92000000E-5,-3.74169430E-3
2.92400000E-5,-3.72523645E-3
2.92800000E-5,-3.81411247E-3
2.93200000E-5,-4.13606891E-3
2.93600000E-5,-4.02715702E-3
2.94000000E-5,-3.93529176E-3
2.94400000E-5,-4.32668392E-3
2.94800000E-5,-4.15624684E-3
2.95200000E-5,-4.07154177E-3
2.95600000E-5,-4.04364611E-3
2.96000000E-5,-3.94160497E-3
2.96400000E-5,-4.19344520E-3
2.96800000E-5,-4.22816550E-3
2.97200000E-5,-4.31462904E-3
2.97600000E-5,-3.87644299E-3
2.98000000E-5,-3.85746740E-3
2.98400000E-5,-4.03386967E-3
2.98800000E-5,-3.90588740E-3
2.99200000E-5,-4.21033176E-3
2.99600000E-5,-4.06533553E-3
3.00000000E-5,-3.78644150E-3
3.00400000E-5,-4.21697021E-3
3.00800000E-5,-3.80533796E-3
3.01200000E-5,-4.23123134E-3
3.01600000E-5,-3.85323245E-3
3.02000000E-5,-3.90687099E-3
3.02400000E-5,-3.95984382E-3
3.02800000E-5,-4.45162632E-3
3.03200000E-5,-4.08614892E-3
3.03600000E-5,-4.02284109E-3
3.04000000E-5,-3.78167068E-3
3.04400000E-5,-3.81165440E-3
3.04800000E-5,-3.89982726E-3
3.05200000E-5,-3.82075469E-3
3.05600000E-5,-4.05137595E-3
3.06000000E-5,-4.10232149E-3
3.06400000E-5,-4.05455363E-3
3.06800000E-5,-4.25535225E-3
3.07200000E-5,-4.16920080E-3
3.07600000E-5,-3.83533810E-3
3.08000000E-5,-3.87723065E-3
3.08400000E-5,-4.17842102E-3
3.08800000E-5,-4.02855691E-3
3.09200000E-5,-4.05548365E-3
3.09600000E-5,-3.91811361E-3
3.10000000E-5,-4.13235315E-3
3.10400000E-5,-4.14867022E-3
3.10800000E-5,-3.80549690E-3
3.11200000E-5,-3.83341279E-3
3.11600000E-5,-4.21944100E-3
3.12000000E-5,-4.08535745E-3
3.12400000E-5,-3.91031182E-3
3.12800000E-5,-3.88525094E-3
3.13200000E-5,-3.87856819E-3
3.13600000E-5,-3.99094795E-3
3.14000000E-5,-4.16324668E-3
3.14400000E-5,-3.76968549E-3
3.14800000E-5,-3.92381796E-3
3.15200000E-5,-4.00166413E-3
3.15600000E-5,-3.88200150E-3
3.16000000E-5,-3.70847886E-3
3.16400000E-5,-3.88471169E-3
3.16800000E-5,-3.84758446E-3
3.17200000E-5,-4.15217819E-3
3.17600000E-5,-4.18341233E-3
3.18000000E-5,-3.90207096E-3
3.18400000E-5,-3.71102661E-3
3.18800000E-5,-3.97452338E-3
3.19200000E-5,-4.17377787E-3
3.19600000E-5,-4.17748074E-3
3.20000000E-5,-3.79012962E-3
3.20400000E-5,-4.19737719E-3
3.20800000E-5,-4.00467226E-3
3.21200000E-5,-3.86631340E-3
3.21600000E-5,-4.00543391E-3
3.22000000E-5,-4.02690031E-3
3.22400000E-5,-3.96361620E-3
3.22800000E-5,-4.21117696E-3
3.23200000E-5,-3.90749583E-3
3.23600000E-5,-4.10888647E-3
3.24000000E-5,-4.18910425E-3
3.24400000E-5,-4.13367133E-3
3.24800000E-5,-4.00539260E-3
3.25200000E-5,-3.65811691E-3
3.25600000E-5,-3.99523402E-3
3.26000000E-5,-4.04177905E-3
3.26400000E-5,-4.02692750E-3
3.26800000E-5,-3.80064566E-3
3.27200000E-5,-4.33650779E-3
3.27600000E-5,-4.13953878E-3
3.28000000E-5,-4.14481435E-3
3.28400000E-5,-3.92298176E-3
3.28800000E-5,-4.04728864E-3
3.29200000E-5,-4.00600605E-3
3.29600000E-5,-4.16508051E-3
3.30000000E-5,-4.20443478E-3
3.30400000E-5,-4.12978746E-3
3.30800000E-5,-4.21037138E-3
3.31200000E-5,-3.94826803E-3
3.31600000E-5,-4.21649090E-3
3.32000000E-5,-3.71256347E-3
3.32400000E-5,-3.98812255E-3
3.32800000E-5,-3.95192835E-3
3.33200000E-5,-4.01761189E-3
3.33600000E-5,-4.07882059E-3
3.34000000E-5,-3.92137579E-3
3.34400000E-5,-3.95576294E-3
3.34800000E-5,-4.27535516E-3
3.35200000E-5,-4.18938023E-3
3.35600000E-5,-4.20857741E-3
3.36000000E-5,-3.97375926E-3
3.36400000E-5,-4.04300761E-3
3.36800000E-5,-4.17251087E-3
3.37200000E-5,-3.97297169E-3
3.37600000E-5,-3.98232896E-3
3.38000000E-5,-4.01799584E-3
3.38400000E-5,-3.73718376E-3
3.38800000E-5,-4.07528197E-3
3.39200000E-5,-4.00315229E-3
3.39600000E-5,-4.34146854E-3
3.40000000E-5,-4.10385147E-3
3.40400000E-5,-3.81169493E-3
3.40800000E-5,-3.72668949E-3
3.41200000E-5,-3.96906722E-3
3.41600000E-5,-4.18645636E-3
3.42000000E-5,-4.01404343E-3
3.42400000E-5,-4.08170641E-3
3.42800000E-5,-3.97025595E-3
3.43200000E-5,-3.82963157E-3
3.43600000E-5,-3.96826710E-3
3.44000000E-5,-3.92795892E-3
3.44400000E-5,-4.17733748E-3
3.44800000E-5,-4.21954086E-3
3.45200000E-5,-4.04715466E-3
3.45600000E-5,-4.15471963E-3
3.46000000E-5,-4.27284371E-3
3.46400000E-5,-4.34039185E-3
3.46800000E-5,-4.19680321E-3
3.47200000E-5,-4.24961993E-3
3.47600000E-5,-3.88949723E-3
3.48000000E-5,-3.94372105E-3
3.48400000E-5,-3.88610582E-3
3.48800000E-5,-3.92317364E-3
3.49200000E-5,-4.00477284E-3
3.49600000E-5,-4.31702813E-3
3.50000000E-5,-3.95116193E-3
3.50400000E-5,-4.05926995E-3
3.50800000E-5,-4.06434122E-3
3.51200000E-5,-4.35796206E-3
3.51600000E-5,-3.91223526E-3
3.52000000E-5,-4.32518538E-3
3.52400000E-5,-3.92400570E-3
3.52800000E-5,-3.83004664E-3
3.53200000E-5,-4.13408551E-3
3.53600000E-5,-4.11554422E-3
3.54000000E-5,-3.61804012E-3
3.54400000E-5,-3.68751269E-3
3.54800000E-5,-3.97334994E-3
3.55200000E-5,-3.81244806E-3
3.55600000E-5,-4.21083239E-3
3.56000000E-5,-4.15581136E-3
3.56400000E-5,-4.43768817E-3
3.56800000E-5,-4.15802211E-3
3.57200000E-5,-4.26648798E-3
3.57600000E-5,-4.10352599E-3
3.58000000E-5,-4.21969537E-3
3.58400000E-5,-4.11338204E-3
3.58800000E-5,-3.89136569E-3
3.59200000E-5,-4.15797586E-3
3.59600000E-5,-3.85032685E-3
3.60000000E-5,-3.72520788E-3
3.60400000E-5,-4.28452336E-3
3.60800000E-5,-4.11957886E-3
3.61200000E-5,-4.13013021E-3
3.61600000E-5,-4.07969634E-3
3.62000000E-5,-4.29386156E-3
3.62400000E-5,-4.16456500E-3
3.62800000E-5,-3.89759792E-3
3.63200000E-5,-4.18799503E-3
3.63600000E-5,-3.75988755E-3
3.64000000E-5,-4.34134638E-3
3.64400000E-5,-3.62266714E-3
3.64800000E-5,-4.05387334E-3
3.65200000E-5,-3.77764922E-3
3.65600000E-5,-3.96042359E-3
3.66000000E-5,-4.18988006E-3
3.66400000E-5,-4.08862395E-3
3.66800000E-5,-3.86826392E-3
3.67200000E-5,-3.80571287E-3
3.67600000E-5,-4.07609907E-3
3.68000000E-5,-4.06723818E-3
3.68400000E-5,-4.18175601E-3
3.68800000E-5,-4.45076279E-3
3.69200000E-5,-4.20217805E-3
3.69600000E-5,-3.83487788E-3
3.70000000E-5,-4.05607663E-3
3.70400000E-5,-3.75523895E-3
3.70800000E-5,-3.93070996E-3
3.71200000E-5,-3.69739852E-3
3.71600000E-5,-3.95831147E-3
3.72000000E-5,-3.64754304E-3
3.72400000E-5,-3.75308576E-3
3.72800000E-5,-4.10762456E-3
3.73200000E-5,-3.89399745E-3
3.73600000E-5,-3.96524976E-3
3.74000000E-5,-4.15647363E-3
3.74400000E-5,-4.12825017E-3
3.74800000E-5,-3.88643337E-3
3.75200000E-5,-4.11447849E-3
3.75600000E-5,-4.23737172E-3
3.76000000E-5,-3.80489682E-3
3.76400000E-5,-4.06435291E-3
3.76800000E-5,-4.01499074E-3
3.77200000E-5,-3.75154764E-3
3.77600000E-5,-4.10694583E-3
3.78000000E-5,-4.19208346E-3
3.78400000E-5,-3.83045332E-3
3.78800000E-5,-3.92145835E-3
3.79200000E-5,-3.93701777E-3
3.79600000E-5,-3.70987882E-3
3.80000000E-5,-4.31321815E-3
3.80400000E-5,-4.15163146E-3
3.80800000E-5,-4.22945510E-3
3.81200000E-5,-4.02036120E-3
3.81600000E-5,-3.92139634E-3
3.82000000E-5,-4.10241065E-3
3.82400000E-5,-4.20410656E-3
3.82800000E-5,-3.82485219E-3
3.83200000E-5,-3.90466988E-3
3.83600000E-5,-4.00573603E-3
3.84000000E-5,-3.72594728E-3
3.84400000E-5,-4.11138358E-3
3.84800000E-5,-4.09362768E-3
3.85200000E-5,-4.05770919E-3
3.85600000E-5,-3.98657832E-3
3.86000000E-5,-3.94608973E-3
3.86400000E-5,-4.31745669E-3
3.86800000E-5,-4.06933101E-3
3.87200000E-5,-3.86288277E-3
3.87600000E-5,-4.25161061E-3
3.88000000E-5,-4.14161500E-3
3.88400000E-5,-3.85864552E-3
3.88800000E-5,-4.14078973E-3
3.89200000E-5,-4.25039858E-3
3.89600000E-5,-4.21633554E-3
3.90000000E-5,-4.38912148E-3
3.90400000E-5,-3.94686222E-3
3.90800000E-5,-3.79362739E-3
3.91200000E-5,-3.84595785E-3
3.91600000E-5,-3.97180223E-3
3.92000000E-5,-4.18266071E-3
3.92400000E-5,-4.24553714E-3
3.92800000E-5,-3.88628380E-3
3.93200000E-5,-4.35829482E-3
3.93600000E-5,-4.14102482E-3
3.94000000E-5,-4.17337479E-3
3.94400000E-5,-4.15488074E-3
3.94800000E-5,-3.79320906E-3
3.95200000E-5,-3.87940071E-3
3.95600000E-5,-3.86670783E-3
3.96000000E-5,-3.80394763E-3
3.96400000E-5,-3.78658181E-3
3.96800000E-5,-3.97984846E-3
3.97200000E-5,-4.09295943E-3
3.97600000E-5,-4.12887025E-3
3.98000000E-5,-3.69658395E-3
3.98400000E-5,-4.26410604E-3
3.98800000E-5,-4.27906655E-3
3.99200000E-5,-4.17306586E-3
3.99600000E-5,-4.38769801E-3
4.00000000E-5,-3.65441872E-3
4.00400000E-5,-3.78625427E-3
4.00800000E-5,-3.87870336E-3
4.01200000E-5,-3.61856834E-3
4.01600000E-5,-4.17061593E-3
4.02000000E-5,-4.35272485E-3
4.02400000E-5,-4.13954105E-3
4.02800000E-5,-4.05655143E-3
4.03200000E-5,-4.05795812E-3
4.03600000E-5,-3.88956803E-3
4.04000000E-5,-4.05536038E-3
4.04400000E-5,-4.16682967E-3
4.04800000E-5,-3.96825526E-3
4.05200000E-5,-4.28182134E-3
4.05600000E-5,-4.28611863E-3
4.06000000E-5,-4.00087625E-3
4.06400000E-5,-3.89008390E-3
4.06800000E-5,-4.00877055E-3
4.07200000E-5,-3.84679384E-3
4.07600000E-5,-4.18995722E-3
4.08000000E-5,-3.70583542E-3
4.08400000E-5,-3.88323050E-3
4.08800000E-5,-4.16373753E-3
4.09200000E-5,-3.88520604E-3
4.09600000E-5,-3.83690918E-3
4.10000000E-5,-4.21200135E-3
4.10400000E-5,-4.20460498E-3
4.10800000E-5,-4.65538990E-3
4.11200000E-5,-4.09360721E-3
4.11600000E-5,-3.71235381E-3
4.12000000E-5,-3.92351964E-3
4.12400000E-5,-4.18454601E-3
4.12800000E-5,-4.13598504E-3
4.13200000E-5,-4.03875190E-3
4.13600000E-5,-3.96907403E-3
4.14000000E-5,-4.02492473E-3
4.14400000E-5,-4.16884096E-3
4.14800000E-5,-3.96257397E-3
4.15200000E-5,-3.99981805E-3
4.15600000E-5,-4.21111479E-3
4.16000000E-5,-3.96645523E-3
4.16400000E-5,-4.04785066E-3
4.16800000E-5,-4.05238914E-3
4.17200000E-5,-4.14181217E-3
4.17600000E-5,-4.12094073E-3
4.18000000E-5,-4.06336173E-3
4.18400000E-5,-3.83425260E-3
4.18800000E-5,-3.83941033E-3
4.19200000E-5,-4.28078253E-3
4.19600000E-5,-4.22679848E-3
4.20000000E-5,-4.06617201E-3
4.20400000E-5,-4.04626667E-3
4.20800000E-5,-4.04565700E-3
4.21200000E-5,-4.08191126E-3
4.21600000E-5,-3.65662814E-3
4.22000000E-5,-4.21710541E-3
4.22400000E-5,-3.93975372E-3
4.22800000E-5,-4.07073893E-3
4.23200000E-5,-4.22952877E-3
4.23600000E-5,-3.84046500E-3
4.24000000E-5,-4.03490592E-3
4.24400000E-5,-3.85712383E-3
4.24800000E-5,-4.19040708E-3
4.25200000E-5,-4.09676682E-3
4.25600000E-5,-4.07211448E-3
4.26000000E-5,-4.08153649E-3
4.26400000E-5,-4.02512811E-3
4.26800000E-5,-3.83732607E-3
4.27200000E-5,-3.92276002E-3
4.27600000E-5,-3.90252816E-3
4.28000000E-5,-3.83630985E-3
4.28400000E-5,-4.13633467E-3
4.28800000E-5,-4.22357240E-3
4.29200000E-5,-4.54288820E-3
4.29600000E-5,-3.86215453E-3
4.30000000E-5,-3.81178437E-3
4.30400000E-5,-4.05741590E-3
4.30800000E-5,-4.12025659E-3
4.31200000E-5,-4.27649958E-3
4.31600000E-5,-4.23332417E-3
4.32000000E-5,-4.05764296E-3
4.32400000E-5,-3.96777299E-3
4.32800000E-5,-3.77197475E-3
4.33200000E-5,-4.02728854E-3
4.33600000E-5,-3.94721342E-3
4.34000000E-5,-3.88495368E-3
4.34400000E-5,-4.00464121E-3
4.34800000E-5,-4.07071700E-3
4.35200000E-5,-4.26139662E-3
4.35600000E-5,-3.83444542E-3
4.36000000E-5,-4.21945943E-3
4.36400000E-5,-3.96901380E-3
4.36800000E-5,-3.90678697E-3
4.37200000E-5,-4.01392730E-3
4.37600000E-5,-4.34720209E-3
4.38000000E-5,-4.08998586E-3
4.38400000E-5,-4.07927764E-3
4.38800000E-5,-3.79401659E-3
4.39200000E-5,-4.22832043E-3
4.39600000E-5,-3.81766721E-3
4.40000000E-5,-4.38044798E-3
4.40400000E-5,-4.35352025E-3
4.40800000E-5,-4.09661758E-3
4.41200000E-5,-4.13084511E-3
4.41600000E-5,-4.03822893E-3
4.42000000E-5,-3.89601324E-3
4.42400000E-5,-3.95529015E-3
4.42800000E-5,-3.80126714E-3
4.43200000E-5,-3.81044202E-3
4.43600000E-5,-4.22361962E-3
4.44000000E-5,-4.00672525E-3
4.44400000E-5,-3.88562732E-3
4.44800000E-5,-4.28476329E-3
4.45200000E-5,-4.23012987E-3
4.45600000E-5,-4.00505723E-3
4.46000000E-5,-4.22735392E-3
4.46400000E-5,-4.16366140E-3
4.46800000E-5,-3.89319448E-3
4.47200000E-5,-4.02191419E-3
4.47600000E-5,-4.02104357E-3
4.48000000E-5,-4.18097362E-3
4.48400000E-5,-4.06491749E-3
4.48800000E-5,-4.14194548E-3
4.49200000E-5,-4.05993028E-3
4.49600000E-5,-3.99945032E-3
4.50000000E-5,-3.97598496E-3
4.50400000E-5,-4.03506156E-3
4.50800000E-5,-3.98290266E-3
4.51200000E-5,-3.86176342E-3
4.51600000E-5,-4.21626203E-3
4.52000000E-5,-3.96446247E-3
4.52400000E-5,-4.10903884E-3
4.52800000E-5,-3.95208915E-3
4.53200000E-5,-4.07040650E-3
4.53600000E-5,-4.36860867E-3
4.54000000E-5,-4.32776105E-3
4.54400000E-5,-4.14777363E-3
4.54800000E-5,-4.14578792E-3
4.55200000E-5,-3.99158499E-3
4.55600000E-5,-4.05233405E-3
4.56000000E-5,-4.07872525E-3
4.56400000E-5,-3.97414635E-3
4.56800000E-5,-4.02848954E-3
4.57200000E-5,-3.91593408E-3
4.57600000E-5,-3.86933227E-3
4.58000000E-5,-4.38507873E-3
4.58400000E-5,-3.96932370E-3
4.58800000E-5,-4.35405223E-3
4.59200000E-5,-4.08824481E-3
4.59600000E-5,-4.15555836E-3
4.60000000E-5,-4.25449598E-3
4.60400000E-5,-4.07417252E-3
4.60800000E-5,-4.01013823E-3
4.61200000E-5,-4.00582649E-3
4.61600000E-5,-3.97933849E-3
4.62000000E-5,-4.30966420E-3
4.62400000E-5,-3.79446952E-3
4.62800000E-5,-3.92580487E-3
4.63200000E-5,-3.88325420E-3
4.63600000E-5,-4.20281415E-3
4.64000000E-5,-3.73993369E-3
4.64400000E-5,-4.26176149E-3
4.64800000E-5,-3.88354447E-3
4.65200000E-5,-4.10972504E-3
4.65600000E-5,-3.93961030E-3
4.66000000E-5,-3.66261397E-3
4.66400000E-5,-4.27083121E-3
4.66800000E-5,-3.86652714E-3
4.67200000E-5,-3.86663022E-3
4.67600000E-5,-3.93653333E-3
4.68000000E-5,-4.04417514E-3
4.68400000E-5,-4.03359246E-3
4.68800000E-5,-4.10636659E-3
4.69200000E-5,-4.09103991E-3
4.69600000E-5,-4.36530737E-3
4.70000000E-5,-4.26621121E-3
4.70400000E-5,-4.18482809E-3
4.70800000E-5,-4.05020808E-3
4.71200000E-5,-4.05782618E-3
4.71600000E-5,-3.96811720E-3
4.72000000E-5,-4.05306011E-3
4.72400000E-5,-3.83439927E-3
4.72800000E-5,-4.00436309E-3
4.73200000E-5,-4.03915365E-3
4.73600000E-5,-4.10054212E-3
4.74000000E-5,-4.04014862E-3
4.74400000E-5,-3.81077334E-3
4.74800000E-5,-4.05582671E-3
4.75200000E-5,-4.23733665E-3
4.75600000E-5,-4.02837739E-3
4.76000000E-5,-4.04691855E-3
4.76400000E-5,-4.07763266E-3
4.76800000E-5,-4.11043662E-3
4.77200000E-5,-3.92978204E-3
4.77600000E-5,-4.09710844E-3
4.78000000E-5,-4.29614803E-3
4.78400000E-5,-4.15756290E-3
4.78800000E-5,-3.89608614E-3
4.79200000E-5,-4.02636012E-3
4.79600000E-5,-3.97713270E-3
4.80000000E-5,-4.12776539E-3
4.80400000E-5,-4.07166177E-3
4.80800000E-5,-3.79674035E-3
4.81200000E-5,-3.99080852E-3
4.81600000E-5,-3.94244686E-3
4.82000000E-5,-4.09010016E-3
4.82400000E-5,-4.17846085E-3
4.82800000E-5,-4.06362560E-3
4.83200000E-5,-4.30521717E-3
4.83600000E-5,-4.41301086E-3
4.84000000E-5,-3.69484745E-3
4.84400000E-5,-4.31489100E-3
4.84800000E-5,-4.03452402E-3
4.85200000E-5,-4.04438070E-3
4.85600000E-5,-4.24391769E-3
4.86000000E-5,-3.96515255E-3
4.86400000E-5,-4.17766475E-3
4.86800000E-5,-4.00173323E-3
4.87200000E-5,-4.11834368E-3
4.87600000E-5,-3.98975826E-3
4.88000000E-5,-4.18598254E-3
4.88400000E-5,-3.94631839E-3
4.88800000E-5,-3.88300032E-3
4.89200000E-5,-4.07411980E-3
4.89600000E-5,-3.94269857E-3
4.90000000E-5,-4.01915046E-3
4.90400000E-5,-4.05731646E-3
4.90800000E-5,-4.30550998E-3
4.91200000E-5,-4.12482843E-3
4.91600000E-5,-4.04551610E-3
4.92000000E-5,-3.80630919E-3
4.92400000E-5,-4.51530674E-3
4.92800000E-5,-4.17132077E-3
4.93200000E-5,-3.83485476E-3
4.93600000E-5,-3.73206836E-3
4.94000000E-5,-4.10576011E-3
4.94400000E-5,-4.34175865E-3
4.94800000E-5,-4.18360117E-3
4.95200000E-5,-3.91720549E-3
4.95600000E-5,-3.67889634E-3
4.96000000E-5,-4.10381404E-3
4.96400000E-5,-4.09794448E-3
4.96800000E-5,-4.29512671E-3
4.97200000E-5,-4.07659692E-3
4.97600000E-5,-4.15540290E-3
4.98000000E-5,-4.53126070E-3
4.98400000E-5,-3.79214520E-3
4.98800000E-5,-3.93033876E-3
4.99200000E-5,-4.02855398E-3
4.99600000E-5,-4.11304364E-3
5.00000000E-5,-3.95706613E-3
5.00400000E-5,-4.09929610E-3
5.00800000E-5,-4.11093780E-3
5.01200000E-5,-4.03244501E-3
5.01600000E-5,-4.01513559E-3
5.02000000E-5,-4.25056954E-3
5.02400000E-5,-4.02497591E-3
5.02800000E-5,-4.04634628E-3
5.03200000E-5,-4.05723850E-3
5.03600000E-5,-4.09211960E-3
5.04000000E-5,-4.16975870E-3
5.04400000E-5,-3.87217603E-3
5.04800000E-5,-3.93441894E-3
5.05200000E-5,-4.12995557E-3
5.05600000E-5,-3.99610660E-3
5.06000000E-5,-4.18202138E-3
5.06400000E-5,-4.19501748E-3
5.06800000E-5,-3.98056004E-3
5.07200000E-5,-4.15569815E-3
5.07600000E-5,-4.16602782E-3
5.08000000E-5,-4.16607518E-3
5.08400000E-5,-4.08933369E-3
5.08800000E-5,-3.66601604E-3
5.09200000E-5,-4.16946117E-3
5.09600000E-5,-4.06457315E-3
5.10000000E-5,-4.28550555E-3
5.10400000E-5,-3.85084414E-3
5.10800000E-5,-4.09296226E-3
5.11200000E-5,-3.97703993E-3
5.11600000E-5,-4.05032262E-3
5.12000000E-5,-4.01873313E-3
5.12400000E-5,-4.47816574E-3
5.12800000E-5,-4.06917365E-3
5.13200000E-5,-4.20147626E-3
5.13600000E-5,-3.93018652E-3
5.14000000E-5,-3.63748791E-3
5.14400000E-5,-3.97186318E-3
5.14800000E-5,-3.85029664E-3
5.15200000E-5,-4.06041307E-3
5.15600000E-5,-3.90594882E-3
5.16000000E-5,-4.02892975E-3
5.16400000E-5,-4.04486475E-3
5.16800000E-5,-4.00353126E-3
5.17200000E-5,-4.27377742E-3
5.17600000E-5,-4.01193284E-3
5.18000000E-5,-4.04529373E-3
5.18400000E-5,-4.17019151E-3
5.18800000E-5,-4.28218002E-3
5.19200000E-5,-4.01051340E-3
5.19600000E-5,-4.00257165E-3
5.20000000E-5,-3.70022477E-3
5.20400000E-5,-4.07187861E-3
5.20800000E-5,-4.24382046E-3
5.21200000E-5,-4.07376558E-3
5.21600000E-5,-4.07182854E-3
5.22000000E-5,-4.02829402E-3
5.22400000E-5,-3.89510478E-3
5.22800000E-5,-4.13898384E-3
5.23200000E-5,-3.90858073E-3
5.23600000E-5,-4.12079879E-3
5.24000000E-5,-4.16264283E-3
5.24400000E-5,-4.11638425E-3
5.24800000E-5,-4.04645693E-3
5.25200000E-5,-3.99870269E-3
5.25600000E-5,-4.21528826E-3
5.26000000E-5,-4.10890727E-3
5.26400000E-5,-4.23331319E-3
5.26800000E-5,-3.80440873E-3
5.27200000E-5,-3.74437938E-3
5.27600000E-5,-3.71810041E-3
5.28000000E-5,-4.17626346E-3
5.28400000E-5,-4.00636512E-3
5.28800000E-5,-3.98882266E-3
5.29200000E-5,-4.25233917E-3
5.29600000E-5,-4.12665512E-3
5.30000000E-5,-4.29441639E-3
5.30400000E-5,-4.03364443E-3
5.30800000E-5,-4.05867338E-3
5.31200000E-5,-3.97010484E-3
5.31600000E-5,-3.99502002E-3
5.32000000E-5,-4.15991117E-3
5.32400000E-5,-3.81673938E-3
5.32800000E-5,-3.96212921E-3
5.33200000E-5,-4.16314055E-3
5.33600000E-5,-3.95344023E-3
5.34000000E-5,-4.37388562E-3
5.34400000E-5,-4.10204452E-3
5.34800000E-5,-3.91959048E-3
5.35200000E-5,-3.68047111E-3
5.35600000E-5,-4.13867391E-3
5.36000000E-5,-4.14099410E-3
5.36400000E-5,-4.15446172E-3
5.36800000E-5,-4.09708297E-3
5.37200000E-5,-3.94146835E-3
5.37600000E-5,-3.86929968E-3
5.38000000E-5,-3.97842724E-3
5.38400000E-5,-4.37891257E-3
5.38800000E-5,-3.95652322E-3
5.39200000E-5,-4.15682919E-3
5.39600000E-5,-3.98446686E-3
5.40000000E-5,-4.28940197E-3
5.40400000E-5,-3.99430419E-3
5.40800000E-5,-4.00070328E-3
5.41200000E-5,-3.80003866E-3
5.41600000E-5,-4.04937681E-3
5.42000000E-5,-3.77875284E-3
5.42400000E-5,-3.99909479E-3
5.42800000E-5,-3.92589951E-3
5.43200000E-5,-4.11842544E-3
5.43600000E-5,-3.85940680E-3
5.44000000E-5,-3.71457785E-3
5.44400000E-5,-3.88316984E-3
5.44800000E-5,-4.08604025E-3
5.45200000E-5,-4.08587605E-3
5.45600000E-5,-4.27250900E-3
5.46000000E-5,-4.00730625E-3
5.46400000E-5,-4.36409663E-3
5.46800000E-5,-4.40225962E-3
5.47200000E-5,-3.96612959E-3
5.47600000E-5,-3.96234381E-3
5.48000000E-5,-4.31155773E-3
5.48400000E-5,-4.12142812E-3
5.48800000E-5,-4.03638279E-3
5.49200000E-5,-4.07919274E-3
5.49600000E-5,-4.20043450E-3
5.50000000E-5,-3.97865350E-3
5.50400000E-5,-4.34498480E-3
5.50800000E-5,-4.15080724E-3
5.51200000E-5,-3.88032968E-3
5.51600000E-5,-4.20347976E-3
5.52000000E-5,-4.21734394E-3
5.52400000E-5,-4.19581171E-3
5.52800000E-5,-4.08091518E-3
5.53200000E-5,-3.94425666E-3
5.53600000E-5,-3.92840203E-3
5.54000000E-5,-4.12201730E-3
5.54400000E-5,-4.05070064E-3
5.54800000E-5,-4.01568237E-3
5.55200000E-5,-3.79924470E-3
5.55600000E-5,-3.75037186E-3
5.56000000E-5,-4.05792285E-3
5.56400000E-5,-4.12878619E-3
5.56800000E-5,-4.16168895E-3
5.57200000E-5,-3.74686730E-3
5.57600000E-5,-3.96609108E-3
5.58000000E-5,-4.03196101E-3
5.58400000E-5,-4.00306485E-3
5.58800000E-5,-4.19458780E-3
5.59200000E-5,-4.13668218E-3
5.59600000E-5,-4.16099691E-3
5.60000000E-5,-4.22228805E-3
5.60400000E-5,-3.95233899E-3
5.60800000E-5,-4.26324600E-3
5.61200000E-5,-4.10251630E-3
5.61600000E-5,-4.06376945E-3
5.62000000E-5,-4.04442218E-3
5.62400000E-5,-3.86505716E-3
5.62800000E-5,-3.97034601E-3
5.63200000E-5,-4.02299780E-3
5.63600000E-5,-3.82532279E-3
5.64000000E-5,-4.05402838E-3
5.64400000E-5,-4.22850842E-3
5.64800000E-5,-4.10788401E-3
5.65200000E-5,-3.85443845E-3
5.65600000E-5,-4.30550981E-3
5.66000000E-5,-4.00671029E-3
5.66400000E-5,-3.92681763E-3
5.66800000E-5,-3.81261612E-3
5.67200000E-5,-4.17505658E-3
5.67600000E-5,-4.23745029E-3
5.68000000E-5,-3.96178857E-3
5.68400000E-5,-4.16245061E-3
5.68800000E-5,-4.19472690E-3
5.69200000E-5,-4.05339528E-3
5.69600000E-5,-4.12465341E-3
5.70000000E-5,-3.94985707E-3
5.70400000E-5,-4.07265964E-3
5.70800000E-5,-4.04355178E-3
5.71200000E-5,-4.40152245E-3
5.71600000E-5,-4.06022657E-3
5.72000000E-5,-4.05292490E-3
5.72400000E-5,-3.97919638E-3
5.72800000E-5,-4.13489544E-3
5.73200000E-5,-4.07335304E-3
5.73600000E-5,-4.06040250E-3
5.74000000E-5,-3.88687878E-3
5.74400000E-5,-4.19566763E-3
5.74800000E-5,-3.98660710E-3
5.75200000E-5,-3.85768702E-3
5.75600000E-5,-3.94098933E-3
5.76000000E-5,-4.06431245E-3
5.76400000E-5,-3.86179420E-3
5.76800000E-5,-4.28090426E-3
5.77200000E-5,-4.10646955E-3
5.77600000E-5,-4.25172971E-3
5.78000000E-5,-3.98655779E-3
5.78400000E-5,-4.20151450E-3
5.78800000E-5,-4.07659686E-3
5.79200000E-5,-4.13284651E-3
5.79600000E-5,-4.11478086E-3
5.80000000E-5,-4.28767652E-3
5.80400000E-5,-3.98491096E-3
5.80800000E-5,-3.83935650E-3
5.81200000E-5,-4.18229622E-3
5.81600000E-5,-3.90842071E-3
5.82000000E-5,-4.22161307E-3
5.82400000E-5,-3.98803415E-3
5.82800000E-5,-3.80054047E-3
5.83200000E-5,-4.00747720E-3
5.83600000E-5,-3.80786316E-3
5.84000000E-5,-4.08864942E-3
5.84400000E-5,-3.81716642E-3
5.84800000E-5,-3.92646820E-3
5.85200000E-5,-3.92904111E-3
5.85600000E-5,-3.96434104E-3
5.86000000E-5,-4.25379690E-3
5.86400000E-5,-4.08472977E-3
5.86800000E-5,-4.37981927E-3
5.87200000E-5,-4.02302726E-3
5.87600000E-5,-3.98242318E-3
5.88000000E-5,-3.87776245E-3
5.88400000E-5,-4.25175015E-3
5.88800000E-5,-4.07509436E-3
5.89200000E-5,-4.33669893E-3
5.89600000E-5,-3.90521038E-3
5.90000000E-5,-3.92977252E-3
5.90400000E-5,-4.01742009E-3
5.90800000E-5,-4.16119928E-3
5.91200000E-5,-4.01590885E-3
5.91600000E-5,-4.13247399E-3
5.92000000E-5,-3.81920135E-3
5.92400000E-5,-4.28476749E-3
5.92800000E-5,-3.93728355E-3
5.93200000E-5,-3.75863632E-3
5.93600000E-5,-4.09757202E-3
5.94000000E-5,-4.13600866E-3
5.94400000E-5,-4.06420690E-3
5.94800000E-5,-3.82385047E-3
5.95200000E-5,-4.30726255E-3
5.95600000E-5,-4.05995026E-3
5.96000000E-5,-3.78181153E-3
5.96400000E-5,-3.95068552E-3
5.96800000E-5,-4.06489948E-3
5.97200000E-5,-4.27647658E-3
5.97600000E-5,-3.89947837E-3
5.98000000E-5,-4.01812833E-3
5.98400000E-5,-4.58532456E-3
5.98800000E-5,-4.34654487E-3
5.99200000E-5,-3.87776919E-3
5.99600000E-5,-4.22802972E-3
6.00000000E-5,-3.93412957E-3
6.00400000E-5,-4.19255903E-3
6.00800000E-5,-4.13557957E-3
6.01200000E-5,-4.20287394E-3
6.01600000E-5,-3.97290811E-3
6.02000000E-5,-4.19706171E-3
6.02400000E-5,-4.13834547E-3
6.02800000E-5,-4.08844102E-3
6.03200000E-5,-4.11855043E-3
6.03600000E-5,-4.06165706E-3
6.04000000E-5,-4.05782855E-3
6.04400000E-5,-3.97760471E-3
6.04800000E-5,-3.93672085E-3
6.05200000E-5,-4.17792490E-3
6.05600000E-5,-3.98004958E-3
6.06000000E-5,-4.16490013E-3
6.06400000E-5,-3.82345998E-3
6.06800000E-5,-3.99998593E-3
6.07200000E-5,-4.12609467E-3
6.07600000E-5,-4.04042285E-3
6.08000000E-5,-4.18407887E-3
6.08400000E-5,-4.12765608E-3
6.08800000E-5,-4.07921601E-3
6.09200000E-5,-4.29641640E-3
6.09600000E-5,-3.86630170E-3
6.10000000E-5,-3.99576719E-3
6.10400000E-5,-3.89854458E-3
6.10800000E-5,-3.96336221E-3
6.11200000E-5,-4.29461620E-3
6.11600000E-5,-3.74786311E-3
6.12000000E-5,-4.15943286E-3
6.12400000E-5,-3.94354679E-3
6.12800000E-5,-3.78869268E-3
6.13200000E-5,-4.30894814E-3
6.13600000E-5,-4.28184320E-3
6.14000000E-5,-4.05971424E-3
6.14400000E-5,-4.07266814E-3
6.14800000E-5,-3.88321456E-3
6.15200000E-5,-3.93440532E-3
6.15600000E-5,-4.32629902E-3
6.16000000E-5,-4.13882454E-3
6.16400000E-5,-3.99877380E-3
6.16800000E-5,-4.11232757E-3
6.17200000E-5,-3.92753874E-3
6.17600000E-5,-3.91357031E-3
6.18000000E-5,-4.32894905E-3
6.18400000E-5,-3.99690201E-3
6.18800000E-5,-3.85525933E-3
6.19200000E-5,-4.30506111E-3
6.19600000E-5,-3.72079876E-3
6.20000000E-5,-4.04536272E-3
6.20400000E-5,-3.81145390E-3
6.20800000E-5,-4.04645181E-3
6.21200000E-5,-4.24047583E-3
6.21600000E-5,-3.88938062E-3
6.22000000E-5,-3.57253340E-3
6.22400000E-5,-4.03837093E-3
6.22800000E-5,-4.00976158E-3
6.23200000E-5,-4.18272221E-3
6.23600000E-5,-4.17310333E-3
6.24000000E-5,-4.09070437E-3
6.24400000E-5,-4.01424095E-3
6.24800000E-5,-3.95543011E-3
6.25200000E-5,-3.93860020E-3
6.25600000E-5,-4.08126908E-3
6.26000000E-5,-3.81291718E-3
6.26400000E-5,-4.03984519E-3
6.26800000E-5,-3.96465878E-3
6.27200000E-5,-4.06774028E-3
6.27600000E-5,-3.87462106E-3
6.28000000E-5,-3.77934915E-3
6.28400000E-5,-4.19605776E-3
6.28800000E-5,-3.96456453E-3
6.29200000E-5,-4.43427084E-3
6.29600000E-5,-4.23642977E-3
6.30000000E-5,-4.04446482E-3
6.30400000E-5,-4.08164225E-3
6.30800000E-5,-3.99883609E-3
6.31200000E-5,-3.92412921E-3
6.31600000E-5,-4.05898993E-3
6.32000000E-5,-4.30138260E-3
6.32400000E-5,-3.99207920E-3
6.32800000E-5,-3.98085900E-3
6.33200000E-5,-4.16281265E-3
6.33600000E-5,-4.13745549E-3
6.34000000E-5,-4.38868359E-3
6.34400000E-5,-3.96742226E-3
6.34800000E-5,-3.94096536E-3
6.35200000E-5,-4.05373353E-3
6.35600000E-5,-4.07723020E-3
6.36000000E-5,-4.46827259E-3
6.36400000E-5,-3.67556131E-3
6.36800000E-5,-4.04544268E-3
6.37200000E-5,-3.90606653E-3
6.37600000E-5,-3.92786014E-3
6.38000000E-5,-4.36360308E-3
6.38400000E-5,-3.90423969E-3
6.38800000E-5,-3.98279692E-3
6.39200000E-5,-4.25617807E-3
6.39600000E-5,-3.60219317E-3
6.40000000E-5,-4.08996005E-3
6.40400000E-5,-3.85702069E-3
6.40800000E-5,-4.19362013E-3
6.41200000E-5,-3.82735005E-3
6.41600000E-5,-4.04416846E-3
6.42000000E-5,-3.95868007E-3
6.42400000E-5,-4.32504820E-3
6.42800000E-5,-4.23854198E-3
6.43200000E-5,-4.16306728E-3
6.43600000E-5,-4.02071303E-3
6.44000000E-5,-4.02874335E-3
6.44400000E-5,-3.72058358E-3
6.44800000E-5,-4.28661061E-3
6.45200000E-5,-4.14310174E-3
6.45600000E-5,-4.12690007E-3
6.46000000E-5,-4.18096342E-3
6.46400000E-5,-3.78808334E-3
6.46800000E-5,-3.89833725E-3
6.47200000E-5,-4.09217163E-3
6.47600000E-5,-4.13315559E-3
6.48000000E-5,-3.99198393E-3
6.48400000E-5,-3.95884550E-3
6.48800000E-5,-3.87226829E-3
6.49200000E-5,-4.29910104E-3
6.49600000E-5,-4.29761197E-3
6.50000000E-5,-4.02890159E-3
6.50400000E-5,-3.79099904E-3
6.50800000E-5,-4.05697476E-3
6.51200000E-5,-4.31248460E-3
6.51600000E-5,-3.88054505E-3
6.52000000E-5,-4.05321163E-3
6.52400000E-5,-4.04873082E-3
6.52800000E-5,-4.23918322E-3
6.53200000E-5,-4.04497921E-3
6.53600000E-5,-4.09076774E-3
6.54000000E-5,-4.04492528E-3
6.54400000E-5,-4.16139405E-3
6.54800000E-5,-4.07899947E-3
6.55200000E-5,-4.09341868E-3
6.55600000E-5,-3.94015453E-3
6.56000000E-5,-4.04389138E-3
6.56400000E-5,-4.09896550E-3
6.56800000E-5,-3.98308973E-3
6.57200000E-5,-4.33633264E-3
6.57600000E-5,-4.03068038E-3
6.58000000E-5,-3.98040627E-3
6.58400000E-5,-3.75286914E-3
6.58800000E-5,-4.06868475E-3
6.59200000E-5,-4.16160634E-3
6.59600000E-5,-4.29831134E-3
6.60000000E-5,-4.24042453E-3
6.60400000E-5,-4.21041549E-3
6.60800000E-5,-4.00641184E-3
6.61200000E-5,-3.91459607E-3
6.61600000E-5,-4.27388684E-3
6.62000000E-5,-4.11526774E-3
6.62400000E-5,-4.34446424E-3
6.62800000E-5,-4.06909790E-3
6.63200000E-5,-4.27178888E-3
6.63600000E-5,-4.13285781E-3
6.64000000E-5,-3.52679502E-3
6.64400000E-5,-4.28121851E-3
6.64800000E-5,-4.19898207E-3
6.65200000E-5,-4.01148850E-3
6.65600000E-5,-3.91449899E-3
6.66000000E-5,-4.12525478E-3
6.66400000E-5,-4.18075470E-3
6.66800000E-5,-4.10633284E-3
6.67200000E-5,-3.97906980E-3
6.67600000E-5,-4.25420444E-3
6.68000000E-5,-4.09490809E-3
6.68400000E-5,-4.27465246E-3
6.68800000E-5,-4.33654887E-3
6.69200000E-5,-4.16073388E-3
6.69600000E-5,-3.80703395E-3
6.70000000E-5,-4.08480823E-3
6.70400000E-5,-4.00089219E-3
6.70800000E-5,-4.13998776E-3
6.71200000E-5,-4.15958633E-3
6.71600000E-5,-4.18347345E-3
6.72000000E-5,-4.12765185E-3
6.72400000E-5,-4.22822832E-3
6.72800000E-5,-4.27549723E-3
6.73200000E-5,-4.08752141E-3
6.73600000E-5,-4.15656180E-3
6.74000000E-5,-3.99256457E-3
6.74400000E-5,-4.13268830E-3
6.74800000E-5,-4.25537386E-3
6.75200000E-5,-3.93664272E-3
6.75600000E-5,-4.33090163E-3
6.76000000E-5,-3.81333111E-3
6.76400000E-5,-3.94821924E-3
6.76800000E-5,-4.16025010E-3
6.77200000E-5,-4.34772298E-3
6.77600000E-5,-4.06053025E-3
6.78000000E-5,-4.21887513E-3
6.78400000E-5,-4.16382418E-3
6.78800000E-5,-3.81287012E-3
6.79200000E-5,-4.16604065E-3
6.79600000E-5,-3.92685809E-3
6.80000000E-5,-3.89692030E-3
6.80400000E-5,-3.62291688E-3
6.80800000E-5,-4.42746412E-3
6.81200000E-5,-4.23739081E-3
6.81600000E-5,-4.29764149E-3
6.82000000E-5,-3.79798694E-3
6.82400000E-5,-3.82917117E-3
6.82800000E-5,-3.95140922E-3
6.83200000E-5,-3.93976986E-3
6.83600000E-5,-4.12583941E-3
6.84000000E-5,-3.98563692E-3
6.84400000E-5,-3.93340327E-3
6.84800000E-5,-4.14565439E-3
6.85200000E-5,-3.92445957E-3
6.85600000E-5,-4.40404407E-3
6.86000000E-5,-4.17281053E-3
6.86400000E-5,-3.99397893E-3
6.86800000E-5,-4.07672570E-3
6.87200000E-5,-4.27196216E-3
6.87600000E-5,-3.93641419E-3
6.88000000E-5,-4.08198467E-3
6.88400000E-5,-3.90535826E-3
6.88800000E-5,-4.03824956E-3
6.89200000E-5,-4.16520802E-3
6.89600000E-5,-4.33407781E-3
6.90000000E-5,-4.08357170E-3
6.90400000E-5,-4.31394448E-3
6.90800000E-5,-4.11993734E-3
6.91200000E-5,-4.12208042E-3
6.91600000E-5,-4.21073217E-3
6.92000000E-5,-4.22906971E-3
6.92400000E-5,-4.06267459E-3
6.92800000E-5,-4.18043814E-3
6.93200000E-5,-4.18347663E-3
6.93600000E-5,-4.04761117E-3
6.94000000E-5,-3.99923617E-3
6.94400000E-5,-4.54810780E-3
6.94800000E-5,-4.45842824E-3
6.95200000E-5,-4.10477549E-3
6.95600000E-5,-3.87241615E-3
6.96000000E-5,-4.22605488E-3
6.96400000E-5,-4.04213263E-3
6.96800000E-5,-4.31450640E-3
6.97200000E-5,-4.38386892E-3
6.97600000E-5,-3.90570427E-3
6.98000000E-5,-3.99171416E-3
6.98400000E-5,-4.06462320E-3
6.98800000E-5,-4.25118312E-3
6.99200000E-5,-3.98727318E-3
6.99600000E-5,-4.38054395E-3
7.00000000E-5,-4.00552548E-3
7.00400000E-5,-4.34409933E-3
7.00800000E-5,-4.11241548E-3
7.01200000E-5,-4.39586034E-3
7.01600000E-5,-3.99092167E-3
7.02000000E-5,-4.16998506E-3
7.02400000E-5,-4.34069381E-3
7.02800000E-5,-4.20170798E-3
7.03200000E-5,-4.11485095E-3
7.03600000E-5,-3.81550839E-3
7.04000000E-5,-4.09971825E-3
7.04400000E-5,-4.06079401E-3
7.04800000E-5,-3.98320132E-3
7.05200000E-5,-4.14107479E-3
7.05600000E-5,-4.12925133E-3
7.06000000E-5,-3.96448058E-3
7.06400000E-5,-4.10312281E-3
7.06800000E-5,-4.14440429E-3
7.07200000E-5,-4.33440261E-3
7.07600000E-5,-3.78854465E-3
7.08000000E-5,-4.20483696E-3
7.08400000E-5,-4.15077106E-3
7.08800000E-5,-3.69732803E-3
7.09200000E-5,-4.07717966E-3
7.09600000E-5,-4.07090180E-3
7.10000000E-5,-4.05165307E-3
7.10400000E-5,-4.42811569E-3
7.10800000E-5,-3.94287260E-3
7.11200000E-5,-4.62256692E-3
7.11600000E-5,-4.25426583E-3
7.12000000E-5,-3.73146108E-3
7.12400000E-5,-4.12617971E-3
7.12800000E-5,-4.02593896E-3
7.13200000E-5,-4.14534125E-3
7.13600000E-5,-3.95115123E-3
7.14000000E-5,-4.05496266E-3
7.14400000E-5,-4.15617731E-3
7.14800000E-5,-4.35567690E-3
7.15200000E-5,-4.31420749E-3
7.15600000E-5,-4.08298873E-3
7.16000000E-5,-4.17630932E-3
7.16400000E-5,-4.21010620E-3
7.16800000E-5,-4.24060751E-3
7.17200000E-5,-4.20417796E-3
7.17600000E-5,-4.14927778E-3
7.18000000E-5,-3.87881773E-3
7.18400000E-5,-4.33129625E-3
7.18800000E-5,-3.80800055E-3
7.19200000E-5,-4.13194077E-3
7.19600000E-5,-4.00072585E-3
7.20000000E-5,-4.19233651E-3
7.20400000E-5,-4.11947076E-3
7.20800000E-5,-4.19317515E-3
7.21200000E-5,-4.25304972E-3
7.21600000E-5,-4.39875266E-3
7.22000000E-5,-4.07606570E-3
7.22400000E-5,-4.01394242E-3
7.22800000E-5,-4.33052767E-3
7.23200000E-5,-4.26015121E-3
7.23600000E-5,-3.98142471E-3
7.24000000E-5,-3.94982621E-3
7.24400000E-5,-4.14671045E-3
7.24800000E-5,-3.97571678E-3
7.25200000E-5,-4.01843433E-3
7.25600000E-5,-4.47451063E-3
7.26000000E-5,-4.39969505E-3
7.26400000E-5,-4.25532677E-3
7.26800000E-5,-4.30435716E-3
7.27200000E-5,-4.16038424E-3
7.27600000E-5,-4.21380018E-3
7.28000000E-5,-3.95297383E-3
7.28400000E-5,-4.18190353E-3
7.28800000E-5,-4.07603869E-3
7.29200000E-5,-4.13280539E-3
7.29600000E-5,-4.03585981E-3
7.30000000E-5,-4.17283339E-3
7.30400000E-5,-4.29463701E-3
7.30800000E-5,-4.07721963E-3
7.31200000E-5,-4.08969968E-3
7.31600000E-5,-4.05877799E-3
7.32000000E-5,-4.24634559E-3
7.32400000E-5,-3.71926215E-3
7.32800000E-5,-4.08718466E-3
7.33200000E-5,-4.37253863E-3
7.33600000E-5,-3.96942143E-3
7.34000000E-5,-3.76881752E-3
7.34400000E-5,-4.05964836E-3
7.34800000E-5,-4.37997146E-3
7.35200000E-5,-4.07856140E-3
7.35600000E-5,-4.33050427E-3
7.36000000E-5,-4.26108603E-3
7.36400000E-5,-3.92780880E-3
7.36800000E-5,-4.06414340E-3
7.37200000E-5,-4.13539134E-3
7.37600000E-5,-3.89978819E-3
7.38000000E-5,-4.17182512E-3
7.38400000E-5,-4.13528448E-3
7.38800000E-5,-3.92513292E-3
7.39200000E-5,-3.97790029E-3
7.39600000E-5,-4.28462462E-3
7.40000000E-5,-4.27814712E-3
7.40400000E-5,-4.37466537E-3
7.40800000E-5,-4.01902828E-3
7.41200000E-5,-4.05935130E-3
7.41600000E-5,-4.42987504E-3
7.42000000E-5,-3.94846185E-3
7.42400000E-5,-4.36128618E-3
7.42800000E-5,-4.22614699E-3
7.43200000E-5,-4.46751763E-3
7.43600000E-5,-4.39523580E-3
7.44000000E-5,-4.01150843E-3
7.44400000E-5,-4.25108280E-3
7.44800000E-5,-4.61383691E-3
7.45200000E-5,-4.14116731E-3
7.45600000E-5,-4.18271594E-3
7.46000000E-5,-3.88461823E-3
7.46400000E-5,-4.22264060E-3
7.46800000E-5,-4.05451336E-3
7.47200000E-5,-3.84628299E-3
7.47600000E-5,-4.10181281E-3
7.48000000E-5,-4.30173813E-3
7.48400000E-5,-4.31859266E-3
7.48800000E-5,-4.29475536E-3
7.49200000E-5,-4.30071842E-3
7.49600000E-5,-4.02141215E-3
7.50000000E-5,-4.05021516E-3
7.50400000E-5,-4.07367967E-3
7.50800000E-5,-4.24057978E-3
7.51200000E-5,-4.20010070E-3
7.51600000E-5,-4.25715099E-3
7.52000000E-5,-4.08426721E-3
7.52400000E-5,-4.20910152E-3
7.52800000E-5,-4.24717036E-3
7.53200000E-5,-4.26268787E-3
7.53600000E-5,-4.11809938E-3
7.54000000E-5,-4.44390782E-3
7.54400000E-5,-4.07642292E-3
7.54800000E-5,-4.22730923E-3
7.55200000E-5,-4.26671964E-3
7.55600000E-5,-4.19082759E-3
7.56000000E-5,-4.04999541E-3
7.56400000E-5,-4.27044443E-3
7.56800000E-5,-4.45359249E-3
7.57200000E-5,-4.12135962E-3
7.57600000E-5,-3.99860807E-3
7.58000000E-5,-3.94542378E-3
7.58400000E-5,-4.16070052E-3
7.58800000E-5,-4.01194832E-3
7.59200000E-5,-4.23345250E-3
7.59600000E-5,-4.29831935E-3
7.60000000E-5,-3.83097374E-3
7.60400000E-5,-4.11579374E-3
7.60800000E-5,-4.13425822E-3
7.61200000E-5,-4.06752839E-3
7.61600000E-5,-3.93318192E-3
7.62000000E-5,-3.88299609E-3
7.62400000E-5,-3.72494579E-3
7.62800000E-5,-4.35487199E-3
7.63200000E-5,-4.29793990E-3
7.63600000E-5,-4.19934499E-3
7.64000000E-5,-3.93242185E-3
7.64400000E-5,-3.94682482E-3
7.64800000E-5,-4.09866629E-3
7.65200000E-5,-4.15871620E-3
7.65600000E-5,-4.40606310E-3
7.66000000E-5,-4.17466461E-3
7.66400000E-5,-4.09793527E-3
7.66800000E-5,-4.03488197E-3
7.67200000E-5,-4.13262623E-3
7.67600000E-5,-4.02126932E-3
7.68000000E-5,-3.71098103E-3
7.68400000E-5,-4.12133517E-3
7.68800000E-5,-3.90575332E-3
7.69200000E-5,-4.19126774E-3
7.69600000E-5,-3.95440699E-3
7.70000000E-5,-3.89624961E-3
7.70400000E-5,-4.21981737E-3
7.70800000E-5,-4.23467255E-3
7.71200000E-5,-4.19404267E-3
7.71600000E-5,-4.25075821E-3
7.72000000E-5,-3.83589454E-3
7.72400000E-5,-4.03678984E-3
7.72800000E-5,-4.01167888E-3
7.73200000E-5,-4.23002806E-3
7.73600000E-5,-4.18829472E-3
7.74000000E-5,-4.07697718E-3
7.74400000E-5,-4.04204502E-3
7.74800000E-5,-4.49660264E-3
7.75200000E-5,-4.16861385E-3
7.75600000E-5,-3.90899128E-3
7.76000000E-5,-4.06018444E-3
7.76400000E-5,-4.20054551E-3
7.76800000E-5,-3.86318080E-3
7.77200000E-5,-4.20702199E-3
7.77600000E-5,-4.12548971E-3
7.78000000E-5,-3.96050198E-3
7.78400000E-5,-3.64606334E-3
7.78800000E-5,-3.98584859E-3
7.79200000E-5,-3.77247104E-3
7.79600000E-5,-4.10812893E-3
7.80000000E-5,-4.35853459E-3
7.80400000E-5,-4.42175053E-3
7.80800000E-5,-4.28958210E-3
7.81200000E-5,-4.13170254E-3
7.81600000E-5,-4.09292823E-3
7.82000000E-5,-4.22384180E-3
7.82400000E-5,-4.13600047E-3
7.82800000E-5,-3.98815713E-3
7.83200000E-5,-4.23781141E-3
7.83600000E-5,-3.98505811E-3
7.84000000E-5,-4.20418655E-3
7.84400000E-5,-4.03114402E-3
7.84800000E-5,-4.00686099E-3
7.85200000E-5,-4.35498575E-3
7.85600000E-5,-3.90472529E-3
7.86000000E-5,-3.94515317E-3
7.86400000E-5,-4.22196831E-3
7.86800000E-5,-4.09238113E-3
7.87200000E-5,-4.22084850E-3
7.87600000E-5,-4.46377405E-3
7.88000000E-5,-4.13348210E-3
7.88400000E-5,-3.84740952E-3
7.88800000E-5,-4.38018873E-3
7.89200000E-5,-4.04010053E-3
7.89600000E-5,-3.90583970E-3
7.90000000E-5,-3.91846451E-3
7.90400000E-5,-3.96154510E-3
7.90800000E-5,-3.92593776E-3
7.91200000E-5,-4.17138064E-3
7.91600000E-5,-4.34761660E-3
7.92000000E-5,-4.41078726E-3
7.92400000E-5,-4.03052079E-3
7.92800000E-5,-4.00409673E-3
7.93200000E-5,-4.19122287E-3
7.93600000E-5,-4.02606523E-3
7.94000000E-5,-3.97615264E-3
7.94400000E-5,-4.01631852E-3
7.94800000E-5,-4.42888650E-3
7.95200000E-5,-4.32933925E-3
7.95600000E-5,-4.02559338E-3
7.96000000E-5,-4.05539798E-3
7.96400000E-5,-3.94628485E-3
7.96800000E-5,-4.20951218E-3
7.97200000E-5,-4.34652883E-3
7.97600000E-5,-4.43335977E-3
7.98000000E-5,-4.03644319E-3
7.98400000E-5,-3.69929289E-3
7.98800000E-5,-3.80294071E-3
7.99200000E-5,-4.33156593E-3
7.99600000E-5,-4.36974703E-3
8.00000000E-5,-3.84210670E-3
8.00400000E-5,-4.26079003E-3
8.00800000E-5,-3.96087591E-3
8.01200000E-5,-4.10201487E-3
8.01600000E-5,-3.87341639E-3
8.02000000E-5,-4.33668296E-3
8.02400000E-5,-4.06514282E-3
8.02800000E-5,-4.40354068E-3
8.03200000E-5,-3.77935170E-3
8.03600000E-5,-4.28132906E-3
8.04000000E-5,-4.27112557E-3
8.04400000E-5,-4.10272147E-3
8.04800000E-5,-4.39457456E-3
8.05200000E-5,-3.92334060E-3
8.05600000E-5,-3.95095660E-3
8.06000000E-5,-4.25866732E-3
8.06400000E-5,-3.88603676E-3
8.06800000E-5,-4.33220570E-3
8.07200000E-5,-4.22757478E-3
8.07600000E-5,-4.02833472E-3
8.08000000E-5,-4.22466216E-3
8.08400000E-5,-4.34001765E-3
8.08800000E-5,-4.05238783E-3
8.09200000E-5,-4.08075052E-3
8.09600000E-5,-4.09166897E-3
8.10000000E-5,-4.08598014E-3
8.10400000E-5,-4.13060948E-3
8.10800000E-5,-4.11127475E-3
8.11200000E-5,-4.50637445E-3
8.11600000E-5,-3.99679074E-3
8.12000000E-5,-4.07000636E-3
8.12400000E-5,-4.08173988E-3
8.12800000E-5,-4.34153377E-3
8.13200000E-5,-4.22657417E-3
8.13600000E-5,-4.24388584E-3
8.14000000E-5,-3.85273170E-3
8.14400000E-5,-3.98619980E-3
8.14800000E-5,-4.04526789E-3
8.15200000E-5,-4.48576835E-3
8.15600000E-5,-4.24083857E-3
8.16000000E-5,-4.02229270E-3
8.16400000E-5,-4.05885758E-3
8.16800000E-5,-4.37311397E-3
8.17200000E-5,-4.13330896E-3
8.17600000E-5,-3.98820186E-3
8.18000000E-5,-3.96094143E-3
8.18400000E-5,-3.67182584E-3
8.18800000E-5,-4.36482151E-3
8.19200000E-5,-4.33457099E-3
8.19600000E-5,-3.91568631E-3
8.20000000E-5,-3.89512254E-3
8.20400000E-5,-4.19138874E-3
8.20800000E-5,-4.32995429E-3
8.21200000E-5,-4.18938728E-3
8.21600000E-5,-4.19171290E-3
8.22000000E-5,-4.01366512E-3
8.22400000E-5,-4.39661288E-3
8.22800000E-5,-4.04217371E-3
8.23200000E-5,-4.11166925E-3
8.23600000E-5,-4.18093600E-3
8.24000000E-5,-4.00429708E-3
8.24400000E-5,-4.09926600E-3
8.24800000E-5,-4.15521654E-3
8.25200000E-5,-4.46099576E-3
8.25600000E-5,-3.97757168E-3
8.26000000E-5,-3.86788482E-3
8.26400000E-5,-4.08058092E-3
8.26800000E-5,-4.19790629E-3
8.27200000E-5,-3.92606045E-3
8.27600000E-5,-3.91169687E-3
8.28000000E-5,-4.35616093E-3
8.28400000E-5,-3.95974442E-3
8.28800000E-5,-4.00037313E-3
8.29200000E-5,-3.99453114E-3
8.29600000E-5,-4.02935431E-3
8.30000000E-5,-4.07493581E-3
8.30400000E-5,-4.02780226E-3
8.30800000E-5,-4.12656242E-3
8.31200000E-5,-4.16702512E-3
8.31600000E-5,-4.48368861E-3
8.32000000E-5,-4.09702688E-3
8.32400000E-5,-4.03970359E-3
8.32800000E-5,-4.33528476E-3
8.33200000E-5,-4.24025516E-3
8.33600000E-5,-4.34355276E-3
8.34000000E-5,-4.13432607E-3
8.34400000E-5,-3.93339515E-3
8.34800000E-5,-3.81342550E-3
8.35200000E-5,-4.29705921E-3
8.35600000E-5,-4.16776894E-3
8.36000000E-5,-4.00440025E-3
8.36400000E-5,-4.33259893E-3
8.36800000E-5,-4.10485413E-3
8.37200000E-5,-4.11519681E-3
8.37600000E-5,-3.99456143E-3
8.38000000E-5,-4.36310662E-3
8.38400000E-5,-3.89338871E-3
8.38800000E-5,-3.90167088E-3
8.39200000E-5,-3.98697192E-3
8.39600000E-5,-4.33336914E-3
8.40000000E-5,-4.18948570E-3
8.40400000E-5,-4.34691761E-3
8.40800000E-5,-4.26101706E-3
8.41200000E-5,-4.36681967E-3
8.41600000E-5,-4.04088412E-3
8.42000000E-5,-4.15639426E-3
8.42400000E-5,-4.11235704E-3
8.42800000E-5,-3.97178601E-3
8.43200000E-5,-4.36436088E-3
8.43600000E-5,-4.18935729E-3
8.44000000E-5,-4.41800672E-3
8.44400000E-5,-3.88816566E-3
8.44800000E-5,-4.37672646E-3
8.45200000E-5,-4.42834896E-3
8.45600000E-5,-4.22699104E-3
8.46000000E-5,-4.07372537E-3
8.46400000E-5,-4.03752978E-3
8.46800000E-5,-3.98463843E-3
8.47200000E-5,-4.11344417E-3
8.47600000E-5,-4.09145727E-3
8.48000000E-5,-4.08374101E-3
8.48400000E-5,-3.96350622E-3
8.48800000E-5,-4.19452494E-3
8.49200000E-5,-4.04894094E-3
8.49600000E-5,-4.09889282E-3
8.50000000E-5,-3.69018436E-3
8.50400000E-5,-4.15202013E-3
8.50800000E-5,-4.18821232E-3
8.51200000E-5,-4.12218695E-3
8.51600000E-5,-4.49438347E-3
8.52000000E-5,-3.94655537E-3
8.52400000E-5,-3.84378124E-3
8.52800000E-5,-4.35446661E-3
8.53200000E-5,-4.13001793E-3
8.53600000E-5,-4.06833996E-3
8.54000000E-5,-4.08324295E-3
8.54400000E-5,-4.42457805E-3
8.54800000E-5,-4.21182952E-3
8.55200000E-5,-3.97357946E-3
8.55600000E-5,-4.24035513E-3
8.56000000E-5,-4.25418799E-3
8.56400000E-5,-3.93053569E-3
8.56800000E-5,-4.35551499E-3
8.57200000E-5,-3.92834175E-3
8.57600000E-5,-4.20517410E-3
8.58000000E-5,-3.95046956E-3
8.58400000E-5,-4.32954946E-3
8.58800000E-5,-3.88095007E-3
8.59200000E-5,-4.07299990E-3
8.59600000E-5,-4.05418570E-3
8.60000000E-5,-4.14759924E-3
8.60400000E-5,-4.28673115E-3
8.60800000E-5,-4.06777224E-3
8.61200000E-5,-3.92577346E-3
8.61600000E-5,-4.14969340E-3
8.62000000E-5,-4.13963903E-3
8.62400000E-5,-4.18840681E-3
8.62800000E-5,-3.99117052E-3
8.63200000E-5,-3.94180547E-3
8.63600000E-5,-4.28516805E-3
8.64000000E-5,-3.96392591E-3
8.64400000E-5,-3.89282037E-3
8.64800000E-5,-4.31440000E-3
8.65200000E-5,-4.30244891E-3
8.65600000E-5,-3.95738545E-3
8.66000000E-5,-4.26330573E-3
8.66400000E-5,-4.11357826E-3
8.66800000E-5,-4.07362921E-3
8.67200000E-5,-4.00855220E-3
8.67600000E-5,-3.88090973E-3
8.68000000E-5,-4.04675856E-3
8.68400000E-5,-3.89725192E-3
8.68800000E-5,-4.24150099E-3
8.69200000E-5,-3.84727753E-3
8.69600000E-5,-3.92092449E-3
8.70000000E-5,-4.40206705E-3
8.70400000E-5,-4.16229167E-3
8.70800000E-5,-4.19320100E-3
8.71200000E-5,-4.18228281E-3
8.71600000E-5,-4.14815234E-3
8.72000000E-5,-4.38071194E-3
8.72400000E-5,-4.11065720E-3
8.72800000E-5,-4.01752687E-3
8.73200000E-5,-3.88370848E-3
8.73600000E-5,-4.06353796E-3
8.74000000E-5,-4.35264721E-3
8.74400000E-5,-4.19678364E-3
8.74800000E-5,-4.17766666E-3
8.75200000E-5,-3.89116987E-3
8.75600000E-5,-4.36549695E-3
8.76000000E-5,-4.10918150E-3
8.76400000E-5,-4.26357210E-3
8.76800000E-5,-3.93606996E-3
8.77200000E-5,-4.23080232E-3
8.77600000E-5,-4.01579281E-3
8.78000000E-5,-4.16899286E-3
8.78400000E-5,-4.12993882E-3
8.78800000E-5,-4.15741494E-3
8.79200000E-5,-4.21374665E-3
8.79600000E-5,-4.24258039E-3
8.80000000E-5,-4.13023483E-3
8.80400000E-5,-4.36344643E-3
8.80800000E-5,-3.94165320E-3
8.81200000E-5,-4.48900447E-3
8.81600000E-5,-4.17354038E-3
8.82000000E-5,-4.02285781E-3
8.82400000E-5,-4.12010608E-3
8.82800000E-5,-4.41703384E-3
8.83200000E-5,-4.14473078E-3
8.83600000E-5,-4.33553963E-3
8.84000000E-5,-4.27181388E-3
8.84400000E-5,-4.45487249E-3
8.84800000E-5,-4.05556047E-3
8.85200000E-5,-3.79096020E-3
8.85600000E-5,-3.82085384E-3
8.86000000E-5,-3.59782015E-3
8.86400000E-5,-4.11864013E-3
8.86800000E-5,-3.90821478E-3
8.87200000E-5,-4.04267906E-3
8.87600000E-5,-4.01902559E-3
8.88000000E-5,-3.91493565E-3
8.88400000E-5,-4.47931101E-3
8.88800000E-5,-4.07166280E-3
8.89200000E-5,-3.64695418E-3
8.89600000E-5,-4.12224423E-3
8.90000000E-5,-4.44670790E-3
8.90400000E-5,-3.97431384E-3
8.90800000E-5,-4.28851315E-3
8.91200000E-5,-3.86080724E-3
8.91600000E-5,-4.02323189E-3
8.92000000E-5,-4.51392054E-3
8.92400000E-5,-4.21880689E-3
8.92800000E-5,-3.98397031E-3
8.93200000E-5,-4.24415737E-3
8.93600000E-5,-4.10925579E-3
8.94000000E-5,-3.86772922E-3
8.94400000E-5,-4.18342897E-3
8.94800000E-5,-3.90283084E-3
8.95200000E-5,-4.38986102E-3
8.95600000E-5,-4.07472798E-3
8.96000000E-5,-4.16054045E-3
8.96400000E-5,-3.97739900E-3
8.96800000E-5,-3.98539449E-3
8.97200000E-5,-4.21486315E-3
8.97600000E-5,-4.15833990E-3
8.98000000E-5,-4.16353743E-3
8.98400000E-5,-4.19942644E-3
8.98800000E-5,-4.34136397E-3
8.99200000E-5,-4.25041723E-3
8.99600000E-5,-4.12253605E-3
9.00000000E-5,-4.03014599E-3
9.00400000E-5,-3.74963301E-3
9.00800000E-5,-3.90982655E-3
9.01200000E-5,-3.81979010E-3
9.01600000E-5,-4.20350601E-3
9.02000000E-5,-4.23742037E-3
9.02400000E-5,-3.95950249E-3
9.02800000E-5,-4.31953734E-3
9.03200000E-5,-4.38936774E-3
9.03600000E-5,-4.32135053E-3
9.04000000E-5,-4.20301342E-3
9.04400000E-5,-3.94400427E-3
9.04800000E-5,-3.82597832E-3
9.05200000E-5,-4.19323896E-3
9.05600000E-5,-4.12790900E-3
9.06000000E-5,-3.90742234E-3
9.06400000E-5,-4.22539278E-3
9.06800000E-5,-4.12549086E-3
9.07200000E-5,-4.07151672E-3
9.07600000E-5,-3.96362993E-3
9.08000000E-5,-4.07180040E-3
9.08400000E-5,-3.99120110E-3
9.08800000E-5,-4.00963685E-3
9.09200000E-5,-3.95184573E-3
9.09600000E-5,-3.83230239E-3
9.10000000E-5,-3.90323092E-3
9.10400000E-5,-3.89799161E-3
9.10800000E-5,-4.15101842E-3
9.11200000E-5,-4.08775252E-3
9.11600000E-5,-4.21790718E-3
9.12000000E-5,-4.38689331E-3
9.12400000E-5,-3.95681498E-3
9.12800000E-5,-4.14936411E-3
9.13200000E-5,-4.01166813E-3
9.13600000E-5,-4.11753825E-3
9.14000000E-5,-4.09646914E-3
9.14400000E-5,-4.15853978E-3
9.14800000E-5,-3.82896737E-3
9.15200000E-5,-4.09414021E-3
9.15600000E-5,-3.88595900E-3
9.16000000E-5,-4.23831018E-3
9.16400000E-5,-3.98887325E-3
9.16800000E-5,-4.18906586E-3
9.17200000E-5,-3.85381307E-3
9.17600000E-5,-3.99275469E-3
9.18000000E-5,-4.22006442E-3
9.18400000E-5,-3.90912716E-3
9.18800000E-5,-3.99400139E-3
9.19200000E-5,-4.39127377E-3
9.19600000E-5,-3.97609400E-3
9.20000000E-5,-4.00313560E-3
9.20400000E-5,-4.09210461E-3
9.20800000E-5,-4.22274173E-3
9.21200000E-5,-3.77126211E-3
9.21600000E-5,-3.95053164E-3
9.22000000E-5,-3.85886165E-3
9.22400000E-5,-4.21048148E-3
9.22800000E-5,-4.16966516E-3
9.23200000E-5,-4.04355373E-3
9.23600000E-5,-4.21714112E-3
9.24000000E-5,-3.97555680E-3
9.24400000E-5,-4.14543656E-3
9.24800000E-5,-3.81327874E-3
9.25200000E-5,-4.03664512E-3
9.25600000E-5,-4.19410313E-3
9.26000000E-5,-4.04807627E-3
9.26400000E-5,-4.13472248E-3
9.26800000E-5,-4.24044408E-3
9.27200000E-5,-3.97689804E-3
9.27600000E-5,-4.19142314E-3
9.28000000E-5,-4.19013368E-3
9.28400000E-5,-4.61155736E-3
9.28800000E-5,-3.80530678E-3
9.29200000E-5,-4.24685643E-3
9.29600000E-5,-4.26211961E-3
9.30000000E-5,-3.81146920E-3
9.30400000E-5,-4.28516393E-3
9.30800000E-5,-4.22271552E-3
9.31200000E-5,-4.06445063E-3
9.31600000E-5,-4.05928080E-3
9.32000000E-5,-4.16696864E-3
9.32400000E-5,-3.92969311E-3
9.32800000E-5,-4.07629321E-3
9.33200000E-5,-4.08133850E-3
9.33600000E-5,-4.54183692E-3
9.34000000E-5,-4.26652197E-3
9.34400000E-5,-4.62758191E-3
9.34800000E-5,-4.09433554E-3
9.35200000E-5,-4.12992509E-3
9.35600000E-5,-4.30054916E-3
9.36000000E-5,-4.09973208E-3
9.36400000E-5,-4.10196750E-3
9.36800000E-5,-3.61053770E-3
9.37200000E-5,-4.00249398E-3
9.37600000E-5,-3.86600227E-3
9.38000000E-5,-4.14121119E-3
9.38400000E-5,-4.31431644E-3
9.38800000E-5,-4.29930591E-3
9.39200000E-5,-4.47975624E-3
9.39600000E-5,-4.16133472E-3
9.40000000E-5,-4.18420864E-3
9.40400000E-5,-3.92990256E-3
9.40800000E-5,-3.99269401E-3
9.41200000E-5,-3.70008642E-3
9.41600000E-5,-3.70941016E-3
9.42000000E-5,-4.11708393E-3
9.42400000E-5,-3.90916581E-3
9.42800000E-5,-4.33207441E-3
9.43200000E-5,-4.01646562E-3
9.43600000E-5,-4.00277599E-3
9.44000000E-5,-4.24442552E-3
9.44400000E-5,-4.25722942E-3
9.44800000E-5,-4.13395295E-3
9.45200000E-5,-4.20023194E-3
9.45600000E-5,-4.14348295E-3
9.46000000E-5,-4.00281252E-3
9.46400000E-5,-4.18972328E-3
9.46800000E-5,-4.03006170E-3
9.47200000E-5,-4.11787334E-3
9.47600000E-5,-3.97233170E-3
9.48000000E-5,-4.17522265E-3
9.48400000E-5,-4.33487021E-3
9.48800000E-5,-3.84509607E-3
9.49200000E-5,-4.21523056E-3
9.49600000E-5,-4.23731292E-3
9.50000000E-5,-4.27179909E-3
9.50400000E-5,-4.03235397E-3
9.50800000E-5,-3.97587014E-3
9.51200000E-5,-4.05057094E-3
9.51600000E-5,-4.37917267E-3
9.52000000E-5,-4.12055856E-3
9.52400000E-5,-4.23846843E-3
9.52800000E-5,-4.18118644E-3
9.53200000E-5,-3.91324306E-3
9.53600000E-5,-3.98091506E-3
9.54000000E-5,-4.42360349E-3
9.54400000E-5,-4.19218038E-3
9.54800000E-5,-4.45098390E-3
9.55200000E-5,-4.06701478E-3
9.55600000E-5,-4.00358432E-3
9.56000000E-5,-4.15416398E-3
9.56400000E-5,-3.86602285E-3
9.56800000E-5,-4.06914116E-3
9.57200000E-5,-4.22100307E-3
9.57600000E-5,-3.87438226E-3
9.58000000E-5,-4.08554354E-3
9.58400000E-5,-4.43284400E-3
9.58800000E-5,-4.05945272E-3
9.59200000E-5,-3.90155088E-3
9.59600000E-5,-4.08836794E-3
9.60000000E-5,-3.92983200E-3
9.60400000E-5,-3.95990124E-3
9.60800000E-5,-4.42785790E-3
9.61200000E-5,-3.93801497E-3
9.61600000E-5,-4.26905922E-3
9.62000000E-5,-4.07897033E-3
9.62400000E-5,-3.94352258E-3
9.62800000E-5,-3.91183941E-3
9.63200000E-5,-3.93523727E-3
9.63600000E-5,-4.10791720E-3
9.64000000E-5,-3.92533022E-3
9.64400000E-5,-4.08022685E-3
9.64800000E-5,-4.14736645E-3
9.65200000E-5,-4.06070861E-3
9.65600000E-5,-3.95664474E-3
9.66000000E-5,-4.21828647E-3
9.66400000E-5,-3.96600689E-3
9.66800000E-5,-4.01703509E-3
9.67200000E-5,-3.85763142E-3
9.67600000E-5,-4.03307693E-3
9.68000000E-5,-4.26535904E-3
9.68400000E-5,-3.93716283E-3
9.68800000E-5,-3.94158222E-3
9.69200000E-5,-3.91966796E-3
9.69600000E-5,-4.08439814E-3
9.70000000E-5,-4.18975668E-3
9.70400000E-5,-4.28424936E-3
9.70800000E-5,-3.82844774E-3
9.71200000E-5,-4.07163815E-3
9.71600000E-5,-4.38280949E-3
9.72000000E-5,-4.08487899E-3
9.72400000E-5,-4.16637098E-3
9.72800000E-5,-4.08433193E-3
9.73200000E-5,-3.80086384E-3
9.73600000E-5,-4.05232916E-3
9.74000000E-5,-4.14749558E-3
9.74400000E-5,-4.15687312E-3
9.74800000E-5,-4.13561043E-3
9.75200000E-5,-4.03370135E-3
9.75600000E-5,-3.95493627E-3
9.76000000E-5,-3.87641556E-3
9.76400000E-5,-4.25028809E-3
9.76800000E-5,-4.26268245E-3
9.77200000E-5,-4.15802183E-3
9.77600000E-5,-4.23641316E-3
9.78000000E-5,-3.77197585E-3
9.78400000E-5,-4.22608895E-3
9.78800000E-5,-4.43274060E-3
9.79200000E-5,-4.21508953E-3
9.79600000E-5,-3.95614748E-3
9.80000000E-5,-3.93863034E-3
9.80400000E-5,-4.29436596E-3
9.80800000E-5,-4.51596954E-3
9.81200000E-5,-4.34445655E-3
9.81600000E-5,-4.06616691E-3
9.82000000E-5,-4.16548851E-3
9.82400000E-5,-4.18509247E-3
9.82800000E-5,-4.27107317E-3
9.83200000E-5,-4.44512134E-3
9.83600000E-5,-4.27131218E-3
9.84000000E-5,-4.11054025E-3
9.84400000E-5,-4.17594263E-3
9.84800000E-5,-4.44190091E-3
9.85200000E-5,-4.19309866E-3
9.85600000E-5,-4.17330758E-3
9.86000000E-5,-4.33897347E-3
9.86400000E-5,-3.74690187E-3
9.86800000E-5,-3.98553249E-3
9.87200000E-5,-4.18881532E-3
9.87600000E-5,-4.41710732E-3
9.88000000E-5,-4.39848513E-3
9.88400000E-5,-3.89204653E-3
9.88800000E-5,-4.32613739E-3
9.89200000E-5,-3.98840219E-3
9.89600000E-5,-4.21428529E-3
9.90000000E-5,-4.24728504E-3
9.90400000E-5,-4.28060086E-3
9.90800000E-5,-4.17753242E-3
9.91200000E-5,-3.98783217E-3
9.91600000E-5,-4.07305486E-3
9.92000000E-5,-4.10645938E-3
9.92400000E-5,-3.80246972E-3
9.92800000E-5,-4.29413988E-3
9.93200000E-5,-4.11276203E-3
9.93600000E-5,-4.33487782E-3
9.94000000E-5,-3.99249392E-3
9.94400000E-5,-3.98320810E-3
9.94800000E-5,-4.19348001E-3
9.95200000E-5,-4.36530614E-3
9.95600000E-5,-4.13974200E-3
9.96000000E-5,-3.72686959E-3
9.96400000E-5,-4.44277410E-3
9.96800000E-5,-3.94159373E-3
9.97200000E-5,-4.11864288E-3
9.97600000E-5,-4.13604379E-3
9.98000000E-5,-3.95880176E-3
9.98400000E-5,-4.13220426E-3
9.98800000E-5,-4.02831899E-3
9.99200000E-5,-4.10549600E-3
9.99600000E-5,-3.96908873E-3
1.00000000E-4,-4.30845765E-3
1.00040000E-4,-3.93196502E-3
1.00080000E-4,-3.91624332E-3
1.00120000E-4,-3.85863847E-3
1.00160000E-4,-4.32595072E-3
1.00200000E-4,-4.06577561E-3
1.00240000E-4,-4.03375236E-3
1.00280000E-4,-3.71788970E-3
1.00320000E-4,-3.84948361E-3
1.00360000E-4,-3.78328099E-3
1.00400000E-4,-4.05273321E-3
1.00440000E-4,-3.79692538E-3
1.00480000E-4,-3.63727124E-3
1.00520000E-4,-3.82610811E-3
1.00560000E-4,-3.73239185E-3
1.00600000E-4,-3.56201009E-3
1.00640000E-4,-4.16888367E-3
1.00680000E-4,-3.55591108E-3
1.00720000E-4,-3.92491133E-3
1.00760000E-4,-3.59374649E-3
1.00800000E-4,-3.60570151E-3
1.00840000E-4,-3.79307875E-3
1.00880000E-4,-3.36884460E-3
1.00920000E-4,-3.61738547E-3
1.00960000E-4,-3.61116761E-3
1.01000000E-4,-3.60823540E-3
1.01040000E-4,-3.57010813E-3
1.01080000E-4,-3.53647260E-3
1.01120000E-4,-3.79784591E-3
1.01160000E-4,-3.61662318E-3
1.01200000E-4,-3.44776762E-3
1.01240000E-4,-3.52849319E-3
1.01280000E-4,-3.30585967E-3
1.01320000E-4,-3.42286516E-3
1.01360000E-4,-3.15018954E-3
1.01400000E-4,-3.27336937E-3
1.01440000E-4,-3.04143083E-3
1.01480000E-4,-3.19789417E-3
1.01520000E-4,-3.27264201E-3
1.01560000E-4,-3.25891494E-3
1.01600000E-4,-3.26310205E-3
1.01640000E-4,-3.35104490E-3
1.01680000E-4,-3.19167611E-3
1.01720000E-4,-3.19756806E-3
1.01760000E-4,-3.28925490E-3
1.01800000E-4,-3.21765885E-3
1.01840000E-4,-2.96537834E-3
1.01880000E-4,-3.37227018E-3
1.01920000E-4,-2.86810178E-3
1.01960000E-4,-3.02026988E-3
1.02000000E-4,-2.98196275E-3
1.02040000E-4,-2.66372573E-3
1.02080000E-4,-3.05600913E-3
1.02120000E-4,-2.86875111E-3
1.02160000E-4,-2.81127564E-3
1.02200000E-4,-2.86112807E-3
1.02240000E-4,-2.92544394E-3
1.02280000E-4,-3.09881059E-3
1.02320000E-4,-2.57952463E-3
1.02360000E-4,-2.68081996E-3
1.02400000E-4,-2.75310171E-3
1.02440000E-4,-2.86860260E-3
1.02480000E-4,-2.70893167E-3
1.02520000E-4,-2.62875019E-3
1.02560000E-4,-2.72184221E-3
1.02600000E-4,-2.65407805E-3
1.02640000E-4,-2.54737561E-3
1.02680000E-4,-2.56863138E-3
1.02720000E-4,-3.09275349E-3
1.02760000E-4,-2.77482409E-3
1.02800000E-4,-2.57830484E-3
1.02840000E-4,-2.61807859E-3
1.02880000E-4,-2.52355382E-3
1.02920000E-4,-2.42018723E-3
1.02960000E-4,-2.51580704E-3
1.03000000E-4,-2.58264698E-3
1.03040000E-4,-2.53286914E-3
1.03080000E-4,-2.41218914E-3
1.03120000E-4,-2.45136049E-3
1.03160000E-4,-2.47752364E-3
1.03200000E-4,-2.18700958E-3
1.03240000E-4,-2.40915012E-3
1.03280000E-4,-2.25220858E-3
1.03320000E-4,-2.14351540E-3
1.03360000E-4,-2.26150891E-3
1.03400000E-4,-2.31768510E-3
1.03440000E-4,-2.29891225E-3
1.03480000E-4,-2.21690111E-3
1.03520000E-4,-2.29827258E-3
1.03560000E-4,-2.27766267E-3
1.03600000E-4,-2.32948349E-3
1.03640000E-4,-2.15646273E-3
1.03680000E-4,-2.17858738E-3
1.03720000E-4,-2.09789043E-3
1.03760000E-4,-2.22811254E-3
1.03800000E-4,-2.01864018E-3
1.03840000E-4,-2.23200171E-3
1.03880000E-4,-2.27067196E-3
1.03920000E-4,-1.95401044E-3
1.03960000E-4,-2.37409510E-3
1.04000000E-4,-2.18078087E-3
1.04040000E-4,-1.91424403E-3
1.04080000E-4,-2.20254841E-3
1.04120000E-4,-2.26246440E-3
1.04160000E-4,-2.10884148E-3
1.04200000E-4,-2.18785332E-3
1.04240000E-4,-2.14281239E-3
1.04280000E-4,-2.19138082E-3
1.04320000E-4,-1.96632852E-3
1.04360000E-4,-1.62445267E-3
1.04400000E-4,-1.92293368E-3
1.04440000E-4,-1.96802601E-3
1.04480000E-4,-2.00553957E-3
1.04520000E-4,-1.91021190E-3
1.04560000E-4,-1.87137375E-3
1.04600000E-4,-1.87972206E-3
1.04640000E-4,-1.75875594E-3
1.04680000E-4,-1.84997960E-3
1.04720000E-4,-1.81665258E-3
1.04760000E-4,-1.77204323E-3
1.04800000E-4,-1.85508246E-3
1.04840000E-4,-1.71748104E-3
1.04880000E-4,-1.66102990E-3
1.04920000E-4,-1.79930891E-3
1.04960000E-4,-1.72720783E-3
1.05000000E-4,-1.80369204E-3
1.05040000E-4,-1.81176637E-3
1.05080000E-4,-1.70051285E-3
1.05120000E-4,-1.64646790E-3
1.05160000E-4,-1.68540056E-3
1.05200000E-4,-1.65972983E-3
1.05240000E-4,-1.73541850E-3
1.05280000E-4,-1.87368853E-3
1.05320000E-4,-1.65307593E-3
1.05360000E-4,-1.53594630E-3
1.05400000E-4,-1.52968567E-3
1.05440000E-4,-1.59294243E-3
1.05480000E-4,-1.54492832E-3
1.05520000E-4,-1.66292313E-3
1.05560000E-4,-1.54646260E-3
1.05600000E-4,-1.80202320E-3
1.05640000E-4,-1.59640665E-3
1.05680000E-4,-1.65089185E-3
1.05720000E-4,-1.45957997E-3
1.05760000E-4,-1.39086064E-3
1.05800000E-4,-1.65650482E-3
1.05840000E-4,-1.52890912E-3
1.05880000E-4,-1.68500168E-3
1.05920000E-4,-1.58398718E-3
1.05960000E-4,-1.51600524E-3
1.06000000E-4,-1.64242608E-3
1.06040000E-4,-1.67185148E-3
1.06080000E-4,-1.41906227E-3
1.06120000E-4,-1.50041722E-3
1.06160000E-4,-1.50838388E-3
1.06200000E-4,-1.55587742E-3
1.06240000E-4,-1.49608255E-3
1.06280000E-4,-1.43841444E-3
1.06320000E-4,-1.34567281E-3
1.06360000E-4,-1.41530795E-3
1.06400000E-4,-1.42554294E-3
1.06440000E-4,-1.18282803E-3
1.06480000E-4,-1.51960471E-3
1.06520000E-4,-1.32598969E-3
1.06560000E-4,-1.29467785E-3
1.06600000E-4,-1.53489798E-3
1.06640000E-4,-1.32676021E-3
1.06680000E-4,-1.44344071E-3
1.06720000E-4,-1.33890089E-3
1.06760000E-4,-1.24960066E-3
1.06800000E-4,-1.31302385E-3
1.06840000E-4,-1.33817312E-3
1.06880000E-4,-1.28558772E-3
1.06920000E-4,-1.34962120E-3
1.06960000E-4,-1.33845372E-3
1.07000000E-4,-1.16997707E-3
1.07040000E-4,-1.14914447E-3
1.07080000E-4,-1.24987299E-3
1.07120000E-4,-1.13267414E-3
1.07160000E-4,-1.32453852E-3
1.07200000E-4,-1.12663871E-3
1.07240000E-4,-1.18461304E-3
1.07280000E-4,-1.36414456E-3
1.07320000E-4,-1.22523925E-3
1.07360000E-4,-1.23076697E-3
1.07400000E-4,-1.18325634E-3
1.07440000E-4,-1.28477660E-3
1.07480000E-4,-1.05201557E-3
1.07520000E-4,-1.16678626E-3
1.07560000E-4,-1.13520534E-3
1.07600000E-4,-1.01201728E-3
1.07640000E-4,-1.06522753E-3
1.07680000E-4,-9.93983255E-4
1.07720000E-4,-1.14897532E-3
1.07760000E-4,-8.11282208E-4
1.07800000E-4,-1.24714518E-3
1.07840000E-4,-1.15522896E-3
1.07880000E-4,-1.03754024E-3
1.07920000E-4,-1.13764847E-3
1.07960000E-4,-1.05429338E-3
1.08000000E-4,-9.72062057E-4
1.08040000E-4,-1.07018989E-3
1.08080000E-4,-9.48222468E-4
1.08120000E-4,-1.02727097E-3
1.08160000E-4,-1.11854741E-3
1.08200000E-4,-9.87587886E-4
1.08240000E-4,-1.04719076E-3
1.08280000E-4,-8.92336243E-4
1.08320000E-4,-9.54322760E-4
1.08360000E-4,-1.18027819E-3
1.08400000E-4,-1.03180270E-3
1.08440000E-4,-9.98057457E-4
1.08480000E-4,-9.58889668E-4
1.08520000E-4,-7.93651067E-4
1.08560000E-4,-9.30786363E-4
1.08600000E-4,-1.11265482E-3
1.08640000E-4,-8.40139317E-4
1.08680000E-4,-9.02806338E-4
1.08720000E-4,-7.72941818E-4
1.08760000E-4,-1.01459610E-3
1.08800000E-4,-9.12536478E-4
1.08840000E-4,-8.75570314E-4
1.08880000E-4,-8.76604535E-4
1.08920000E-4,-9.68008617E-4
1.08960000E-4,-1.00456485E-3
1.09000000E-4,-9.43974954E-4
1.09040000E-4,-1.00681179E-3
1.09080000E-4,-7.99724495E-4
1.09120000E-4,-1.02926109E-3
1.09160000E-4,-7.11365953E-4
1.09200000E-4,-9.10515194E-4
1.09240000E-4,-8.70155055E-4
1.09280000E-4,-9.55144894E-4
1.09320000E-4,-8.63008019E-4
1.09360000E-4,-8.13182090E-4
1.09400000E-4,-7.96383201E-4
1.09440000E-4,-8.77507322E-4
1.09480000E-4,-7.04823547E-4
1.09520000E-4,-7.81778489E-4
1.09560000E-4,-8.13719161E-4
1.09600000E-4,-7.10278002E-4
1.09640000E-4,-8.19128927E-4
1.09680000E-4,-7.45278938E-4
1.09720000E-4,-6.82324356E-4
1.09760000E-4,-8.29962820E-4
1.09800000E-4,-7.56967648E-4
1.09840000E-4,-7.88005763E-4
1.09880000E-4,-7.89364072E-4
1.09920000E-4,-7.95588981E-4
1.09960000E-4,-7.69561901E-4
1.10000000E-4,-7.36873710E-4
1.10040000E-4,-6.89600128E-4
1.10080000E-4,-6.63071272E-4
1.10120000E-4,-6.80312837E-4
1.10160000E-4,-7.21046282E-4
1.10200000E-4,-6.53926260E-4
1.10240000E-4,-7.70576572E-4
1.10280000E-4,-7.41497190E-4
1.10320000E-4,-6.99658761E-4
1.10360000E-4,-7.46784952E-4
1.10400000E-4,-7.99827787E-4
1.10440000E-4,-8.50237499E-4
1.10480000E-4,-6.60834429E-4
1.10520000E-4,-6.93546033E-4
1.10560000E-4,-6.71287568E-4
1.10600000E-4,-6.67884181E-4
1.10640000E-4,-7.74003353E-4
1.10680000E-4,-7.13290764E-4
1.10720000E-4,-7.76968146E-4
1.10760000E-4,-5.14947855E-4
1.10800000E-4,-6.58072855E-4
1.10840000E-4,-5.61090322E-4
1.10880000E-4,-5.70203339E-4
1.10920000E-4,-6.70011933E-4
1.10960000E-4,-6.48306762E-4
1.11000000E-4,-7.33159578E-4
1.11040000E-4,-5.85908315E-4
1.11080000E-4,-5.73853012E-4
1.11120000E-4,-5.90153892E-4
1.11160000E-4,-6.26593142E-4
1.11200000E-4,-6.01481713E-4
1.11240000E-4,-4.90149060E-4
1.11280000E-4,-5.22475512E-4
1.11320000E-4,-7.02142062E-4
1.11360000E-4,-5.95230701E-4
1.11400000E-4,-5.50714249E-4
1.11440000E-4,-6.23165912E-4
1.11480000E-4,-5.49925198E-4
1.11520000E-4,-4.97582542E-4
1.11560000E-4,-5.36010412E-4
1.11600000E-4,-6.10128602E-4
1.11640000E-4,-6.10004414E-4
1.11680000E-4,-7.78371144E-4
1.11720000E-4,-5.83326118E-4
1.11760000E-4,-5.50039782E-4
1.11800000E-4,-5.77663294E-4
1.11840000E-4,-5.63746906E-4
1.11880000E-4,-5.95933588E-4
1.11920000E-4,-4.55508269E-4
1.11960000E-4,-5.38327326E-4
1.12000000E-4,-5.14164583E-4
1.12040000E-4,-5.35465101E-4
1.12080000E-4,-6.11779746E-4
1.12120000E-4,-4.84179812E-4
1.12160000E-4,-5.37163547E-4
1.12200000E-4,-4.37009732E-4
1.12240000E-4,-4.94300404E-4
1.12280000E-4,-4.50639036E-4
1.12320000E-4,-4.78981848E-4
1.12360000E-4,-4.95764972E-4
1.12400000E-4,-5.93964584E-4
1.12440000E-4,-4.80820770E-4
1.12480000E-4,-3.74160922E-4
1.12520000E-4,-5.42496447E-4
1.12560000E-4,-5.33421901E-4
1.12600000E-4,-4.42832706E-4
1.12640000E-4,-4.17465053E-4
1.12680000E-4,-4.24353643E-4
1.12720000E-4,-4.34416463E-4
1.12760000E-4,-3.73939831E-4
1.12800000E-4,-4.64837893E-4
1.12840000E-4,-4.06839833E-4
1.12880000E-4,-3.64104978E-4
1.12920000E-4,-3.75930274E-4
1.12960000E-4,-4.18827730E-4
1.13000000E-4,-4.68887271E-4
1.13040000E-4,-3.97426743E-4
1.13080000E-4,-4.09531331E-4
1.13120000E-4,-4.59651965E-4
1.13160000E-4,-3.95056137E-4
1.13200000E-4,-5.51760487E-4
1.13240000E-4,-3.91123699E-4
1.13280000E-4,-5.20296624E-4
1.13320000E-4,-3.75727322E-4
1.13360000E-4,-4.58577231E-4
1.13400000E-4,-4.76380300E-4
1.13440000E-4,-5.02389947E-4
1.13480000E-4,-4.79517679E-4
1.13520000E-4,-3.80525783E-4
1.13560000E-4,-4.17098919E-4
1.13600000E-4,-3.44904700E-4
1.13640000E-4,-3.89951128E-4
1.13680000E-4,-4.54477289E-4
1.13720000E-4,-3.40036230E-4
1.13760000E-4,-4.18787790E-4
1.13800000E-4,-3.00061052E-4
1.13840000E-4,-3.88709091E-4
1.13880000E-4,-4.01053671E-4
1.13920000E-4,-3.24886216E-4
1.13960000E-4,-3.10877169E-4
1.14000000E-4,-3.75226662E-4
1.14040000E-4,-2.41975931E-4
1.14080000E-4,-3.88029893E-4
1.14120000E-4,-3.55105220E-4
1.14160000E-4,-4.06469188E-4
1.14200000E-4,-3.94318737E-4
1.14240000E-4,-2.01005889E-4
1.14280000E-4,-4.60292576E-4
1.14320000E-4,-2.54974760E-4
1.14360000E-4,-2.95953052E-4
1.14400000E-4,-3.37778998E-4
1.14440000E-4,-2.80034052E-4
1.14480000E-4,-3.71306279E-4
1.14520000E-4,-2.56326556E-4
1.14560000E-4,-3.55308610E-4
1.14600000E-4,-3.62436630E-4
1.14640000E-4,-3.84407924E-4
1.14680000E-4,-3.27301683E-4
1.14720000E-4,-2.93465707E-4
1.14760000E-4,-3.17134656E-4
1.14800000E-4,-2.86815783E-4
1.14840000E-4,-3.30234136E-4
1.14880000E-4,-2.78421455E-4
1.14920000E-4,-2.86494052E-4
1.14960000E-4,-2.23431790E-4
1.15000000E-4,-3.57801486E-4
1.15040000E-4,-2.82129589E-4
1.15080000E-4,-3.52399675E-4
1.15120000E-4,-2.54205489E-4
1.15160000E-4,-2.56277127E-4
1.15200000E-4,-3.03355139E-4
1.15240000E-4,-2.18993446E-4
1.15280000E-4,-2.64994407E-4
1.15320000E-4,-2.82398611E-4
1.15360000E-4,-2.95249927E-4
1.15400000E-4,-2.92769906E-4
1.15440000E-4,-3.50226994E-4
1.15480000E-4,-3.44916812E-4
1.15520000E-4,-2.41268333E-4
1.15560000E-4,-2.62682118E-4
1.15600000E-4,-1.99305707E-4
1.15640000E-4,-3.12419117E-4
1.15680000E-4,-2.37667192E-4
1.15720000E-4,-2.36503738E-4
1.15760000E-4,-2.33247035E-4
1.15800000E-4,-2.39944175E-4
1.15840000E-4,-2.65457339E-4
1.15880000E-4,-3.35023699E-4
1.15920000E-4,-1.55013378E-4
1.15960000E-4,-2.07070838E-4
1.16000000E-4,-3.12271870E-4
1.16040000E-4,-2.61338191E-4
1.16080000E-4,-3.19082764E-4
1.16120000E-4,-2.49639086E-4
1.16160000E-4,-2.26451514E-4
1.16200000E-4,-2.92856576E-4
1.16240000E-4,-2.94976928E-4
1.16280000E-4,-2.86031338E-4
1.16320000E-4,-2.00612841E-4
1.16360000E-4,-1.86181163E-4
1.16400000E-4,-4.18592716E-4
1.16440000E-4,-2.50161022E-4
1.16480000E-4,-2.26068270E-4
1.16520000E-4,-2.06048280E-4
1.16560000E-4,-2.66304536E-4
1.16600000E-4,-1.57214344E-4
1.16640000E-4,-2.42973007E-4
1.16680000E-4,-1.76820630E-4
1.16720000E-4,-1.62424400E-4
1.16760000E-4,-1.83832674E-4
1.16800000E-4,-2.24811528E-4
1.16840000E-4,-2.27334263E-4
1.16880000E-4,-2.54264140E-4
1.16920000E-4,-1.89462852E-4
1.16960000E-4,-2.30742600E-4
1.17000000E-4,-1.63190363E-4
1.17040000E-4,-1.87971687E-4
1.17080000E-4,-2.50570463E-4
1.17120000E-4,-2.26904643E-4
1.17160000E-4,-1.62193192E-4
1.17200000E-4,-1.86638899E-4
1.17240000E-4,-1.87929554E-4
1.17280000E-4,-2.01193820E-4
1.17320000E-4,-2.13257734E-4
1.17360000E-4,-2.26951830E-4
1.17400000E-4,-1.86491756E-4
1.17440000E-4,-2.82975365E-4
1.17480000E-4,-2.12952272E-4
1.17520000E-4,-1.14060349E-4
1.17560000E-4,-1.92489605E-4
1.17600000E-4,-2.13263666E-4
1.17640000E-4,-2.92100207E-4
1.17680000E-4,-2.66242404E-4
1.17720000E-4,-1.58145540E-4
1.17760000E-4,-2.03261977E-4
1.17800000E-4,-2.34056704E-4
1.17840000E-4,-9.83608090E-5
1.17880000E-4,-1.85193014E-4
1.17920000E-4,-2.13868553E-4
1.17960000E-4,-1.71510905E-4
1.18000000E-4,-1.33776136E-4
1.18040000E-4,-1.47863585E-4
1.18080000E-4,-1.67983473E-4
1.18120000E-4,-8.39783980E-5
1.18160000E-4,-2.02690564E-4
1.18200000E-4,-2.32397311E-4
1.18240000E-4,-2.15324346E-4
1.18280000E-4,-1.91682196E-4
1.18320000E-4,-1.80697135E-4
1.18360000E-4,-1.99682799E-4
1.18400000E-4,-1.82327394E-4
1.18440000E-4,-1.89575491E-4
1.18480000E-4,-1.27185579E-4
1.18520000E-4,-1.09889492E-4
1.18560000E-4,-1.28640905E-4
1.18600000E-4,-1.61799019E-4
1.18640000E-4,-1.55889280E-4
1.18680000E-4,-1.64744824E-4
1.18720000E-4,-2.07071658E-4
1.18760000E-4,-1.65986317E-4
1.18800000E-4,-2.20492298E-4
1.18840000E-4,-1.40527779E-4
1.18880000E-4,-1.10344490E-4
1.18920000E-4,-1.83950233E-4
1.18960000E-4,-1.60950144E-4
1.19000000E-4,-1.15596795E-4
1.19040000E-4,-1.29545599E-4
1.19080000E-4,-2.40072091E-4
1.19120000E-4,-2.20353882E-4
1.19160000E-4,-1.22129932E-4
1.19200000E-4,-1.04981188E-4
1.19240000E-4,-1.88083057E-4
1.19280000E-4,-2.33660529E-4
1.19320000E-4,-1.46062247E-4
1.19360000E-4,-5.96708211E-5
1.19400000E-4,-5.08674911E-5
1.19440000E-4,-1.97592211E-4
1.19480000E-4,-1.51957576E-4
1.19520000E-4,-1.25197444E-4
1.19560000E-4,-1.15478453E-4
1.19600000E-4,-1.36673199E-4
1.19640000E-4,-1.58553293E-4
1.19680000E-4,-1.48604562E-4
1.19720000E-4,-1.72407712E-4
1.19760000E-4,-1.56722839E-4
1.19800000E-4,-4.47687530E-5
1.19840000E-4,-1.22934003E-4
1.19880000E-4,-6.94415871E-5
1.19920000E-4,-1.19169946E-4
1.19960000E-4,-1.22683625E-4
1.20000000E-4,-1.88615446E-4
1.20040000E-4,-9.28298409E-5
1.20080000E-4,-8.46694781E-5
1.20120000E-4,-4.56830406E-5
1.20160000E-4,-1.36010290E-4
1.20200000E-4,-1.33100620E-4
1.20240000E-4,-7.49092884E-5
1.20280000E-4,-1.26045747E-4
1.20320000E-4,-1.52548435E-4
1.20360000E-4,-1.08716339E-4
1.20400000E-4,-1.19613242E-4
1.20440000E-4,-9.31991799E-5
1.20480000E-4,-1.24901538E-4
1.20520000E-4,-6.89213196E-5
1.20560000E-4,-1.05560335E-4
1.20600000E-4,-5.48176390E-5
1.20640000E-4,-1.08061795E-4
1.20680000E-4,-1.38736855E-4
1.20720000E-4,-1.01705545E-4
1.20760000E-4,-1.17561517E-4
1.20800000E-4,-1.67883452E-4
1.20840000E-4,-1.36268421E-4
1.20880000E-4,-9.33502896E-5
1.20920000E-4,-1.32161528E-4
1.20960000E-4,-1.31280065E-4
1.21000000E-4,-7.67438146E-5
1.21040000E-4,-1.02269911E-4
1.21080000E-4,-1.15428471E-4
1.21120000E-4,-4.68588258E-5
1.21160000E-4,-2.50018011E-5
1.21200000E-4,-8.30561948E-5
1.21240000E-4,-7.93126128E-5
1.21280000E-4,-9.76298557E-5
1.21320000E-4,-6.04650507E-5
1.21360000E-4,-1.59735248E-4
1.21400000E-4,-1.31627994E-4
1.21440000E-4,-7.43549080E-5
1.21480000E-4,-1.37320143E-4
1.21520000E-4,-7.25223654E-5
1.21560000E-4,-5.92139825E-5
1.21600000E-4,-1.31094862E-4
1.21640000E-4,-1.45906503E-4
1.21680000E-4,-8.88512258E-5
1.21720000E-4,-9.16096145E-5
1.21760000E-4,-2.68461692E-5
1.21800000E-4,-9.83690582E-5
1.21840000E-4,-2.50468717E-5
1.21880000E-4,-4.89608767E-5
1.21920000E-4,-1.24683156E-4
1.21960000E-4,-6.18530189E-5
1.22000000E-4,-7.24631422E-5
1.22040000E-4,-9.95306813E-5
1.22080000E-4,-6.39031041E-5
1.22120000E-4,-9.13195354E-5
1.22160000E-4,-5.86620911E-5
1.22200000E-4,-9.48306783E-5
1.22240000E-4,-1.00921949E-4
1.22280000E-4,-1.48290002E-4
1.22320000E-4,-5.91366967E-5
1.22360000E-4,-1.18487639E-4
1.22400000E-4,-9.40298970E-5
1.22440000E-4,-2.54953180E-5
1.22480000E-4,-1.02067875E-4
1.22520000E-4,-7.67329904E-5
1.22560000E-4,-1.26343093E-4
1.22600000E-4,-1.16705956E-4
1.22640000E-4,-4.32777308E-5
1.22680000E-4,-1.40305983E-4
1.22720000E-4,-8.57517078E-5
1.22760000E-4,-8.04009270E-5
1.22800000E-4,-1.01125149E-4
1.22840000E-4,-5.50507456E-5
1.22880000E-4,-6.64735998E-5
1.22920000E-4,-4.52529239E-5
1.22960000E-4,-5.05013087E-5
1.23000000E-4,-6.20803462E-5
1.23040000E-4,-1.17752528E-4
1.23080000E-4,-9.55873617E-5
1.23120000E-4,-4.23044965E-5
1.23160000E-4,-9.48863920E-5
1.23200000E-4,-1.05271505E-4
1.23240000E-4,-7.53805848E-5
1.23280000E-4,-7.44447059E-5
1.23320000E-4,-5.09321979E-5
1.23360000E-4,-4.34666823E-5
1.23400000E-4,-1.16951566E-4
1.23440000E-4,-3.21445265E-5
1.23480000E-4,-6.34670651E-5
1.23520000E-4,-7.94948409E-5
1.23560000E-4,-6.48588861E-5
1.23600000E-4,-3.93876644E-5
1.23640000E-4,-1.21530938E-4
1.23680000E-4,-7.38272209E-5
1.23720000E-4,-3.42328064E-5
1.23760000E-4,-6.68061175E-5
1.23800000E-4,-1.85440809E-5
1.23840000E-4,-2.29035458E-5
1.23880000E-4,-5.02701190E-5
1.23920000E-4,-1.04598383E-4
1.23960000E-4,-3.82468028E-5
1.24000000E-4,-8.82812242E-5
1.24040000E-4,-6.49643529E-5
1.24080000E-4,-4.32584856E-5
1.24120000E-4,-6.43176377E-5
1.24160000E-4,-3.68597025E-5
1.24200000E-4,-2.60359274E-5
1.24240000E-4,-5.42558962E-5
1.24280000E-4,-3.05610551E-5
1.24320000E-4,-9.39263375E-5
1.24360000E-4,-2.47179304E-5
1.24400000E-4,-2.82618606E-5
1.24440000E-4,-7.22985968E-6
1.24480000E-4,-6.79962268E-5
1.24520000E-4,-1.80762845E-5
1.24560000E-4,-4.36526965E-5
1.24600000E-4,-8.22170186E-5
1.24640000E-4,-2.09529765E-5
1.24680000E-4,-3.70406813E-5
1.24720000E-4,-5.58895881E-5
1.24760000E-4,-5.33619218E-5
1.24800000E-4,-6.19828044E-5
1.24840000E-4,-3.79821963E-5
1.24880000E-4,1.91863374E-6
1.24920000E-4,-6.46750749E-5
1.24960000E-4,-6.77418723E-5
1.25000000E-4,-1.02460150E-4
1.25040000E-4,-1.84522992E-5
1.25080000E-4,-1.41326883E-5
1.25120000E-4,-6.24853908E-5
1.25160000E-4,-4.76251794E-5
1.25200000E-4,-9.80890594E-5
1.25240000E-4,-6.09617434E-5
1.25280000E-4,-3.98754402E-5
1.25320000E-4,-6.62679590E-5
1.25360000E-4,-6.41491425E-5
1.25400000E-4,-5.48112303E-5
1.25440000E-4,-1.12456793E-4
1.25480000E-4,-1.88444501E-5
1.25520000E-4,-4.81499483E-5
1.25560000E-4,-7.98045658E-5
1.25600000E-4,-3.47321598E-5
1.25640000E-4,-2.32967457E-5
1.25680000E-4,-4.29960821E-5
1.25720000E-4,-6.17098342E-5
1.25760000E-4,5.58145861E-6
1.25800000E-4,-6.12534724E-5
1.25840000E-4,-8.25972009E-5
1.25880000E-4,-3.40050308E-5
1.25920000E-4,-4.47739696E-5
1.25960000E-4,-8.52526405E-5
1.26000000E-4,-3.23854151E-5
1.26040000E-4,-6.85281482E-5
1.26080000E-4,-2.20582374E-5
1.26120000E-4,-2.92769612E-5
1.26160000E-4,-2.96637254E-6
1.26200000E-4,-5.29057889E-5
1.26240000E-4,-1.39514139E-5
1.26280000E-4,-3.50061314E-5
1.26320000E-4,-5.06162376E-6
1.26360000E-4,-5.41530233E-5
1.26400000E-4,-2.29539952E-5
1.26440000E-4,-9.46708440E-6
1.26480000E-4,-3.49191182E-5
1.26520000E-4,-4.26060404E-6
1.26560000E-4,-6.51589692E-5
1.26600000E-4,-1.88153631E-5
1.26640000E-4,-1.75045186E-5
1.26680000E-4,-3.19271460E-5
1.26720000E-4,-4.05947586E-5
1.26760000E-4,-4.30408667E-5
1.26800000E-4,-2.96511639E-5
1.26840000E-4,-2.49748884E-5
1.26880000E-4,-2.97473706E-5
1.26920000E-4,-1.09412102E-4
1.26960000E-4,-6.32387856E-6
1.27000000E-4,-3.84296222E-5
1.27040000E-4,-2.23517212E-5
1.27080000E-4,1.32280198E-5
1.27120000E-4,-1.98106558E-5
1.27160000E-4,-5.26077466E-5
1.27200000E-4,-3.63054952E-6
1.27240000E-4,-3.49067872E-5
1.27280000E-4,-5.60250018E-6
1.27320000E-4,-2.38210854E-5
1.27360000E-4,-1.51433925E-5
1.27400000E-4,-3.70080561E-5
1.27440000E-4,-8.38680021E-6
1.27480000E-4,1.78273514E-6
1.27520000E-4,-2.16603645E-5
1.27560000E-4,-4.40957831E-5
1.27600000E-4,-5.27684693E-5
1.27640000E-4,-3.64532194E-6
1.27680000E-4,-3.70835394E-5
1.27720000E-4,1.65570395E-5
1.27760000E-4,-3.76465220E-5
1.27800000E-4,-2.55998789E-5
1.27840000E-4,-7.53809677E-6
1.27880000E-4,1.87203927E-5
1.27920000E-4,-3.78244681E-5
1.27960000E-4,-1.82715303E-5
1.28000000E-4,-3.12524214E-5
1.28040000E-4,-2.60094820E-5
1.28080000E-4,-2.47277532E-5
1.28120000E-4,-4.41487883E-5
1.28160000E-4,-9.49072599E-6
1.28200000E-4,-3.64388269E-5
1.28240000E-4,-2.12238772E-5
1.28280000E-4,-3.72932905E-5
1.28320000E-4,-2.18728908E-5
1.28360000E-4,-2.36425671E-5
1.28400000E-4,-2.89135254E-5
1.28440000E-4,-1.56864814E-5
1.28480000E-4,-3.29029075E-5
1.28520000E-4,-7.08403318E-5
1.28560000E-4,-5.12950630E-6
1.28600000E-4,-1.54520873E-5
1.28640000E-4,-9.93413689E-6
1.28680000E-4,-9.10582301E-6
1.28720000E-4,-3.54480164E-5
1.28760000E-4,2.34475277E-5
1.28800000E-4,-1.33116430E-6
1.28840000E-4,-2.64871871E-5
1.28880000E-4,-5.98355985E-6
1.28920000E-4,-1.62585430E-5
1.28960000E-4,-4.86722662E-5
1.29000000E-4,-3.60314363E-5
1.29040000E-4,5.27683594E-6
1.29080000E-4,2.29154346E-5
1.29120000E-4,-1.63607006E-5
1.29160000E-4,1.72379726E-5
1.29200000E-4,-6.99345486E-7
1.29240000E-4,-7.56012818E-7
1.29280000E-4,-1.08826805E-5
1.29320000E-4,-2.09010299E-5
1.29360000E-4,8.77879349E-7
1.29400000E-4,1.55784457E-5
1.29440000E-4,-4.06259915E-5
1.29480000E-4,-1.56078128E-5
1.29520000E-4,-3.91714855E-5
1.29560000E-4,-5.69751476E-6
1.29600000E-4,-3.22484008E-5
1.29640000E-4,-1.69292908E-5
1.29680000E-4,-1.68399887E-5
1.29720000E-4,-2.14506610E-5
1.29760000E-4,-1.74422818E-5
1.29800000E-4,-1.07721973E-5
1.29840000E-4,-4.37872599E-5
1.29880000E-4,-5.88174558E-6
1.29920000E-4,1.56365626E-5
1.29960000E-4,1.05226268E-5
1.30000000E-4,-2.16774066E-5
1.30040000E-4,-8.44623320E-6
1.30080000E-4,8.88520600E-6
1.30120000E-4,-5.23723336E-6
1.30160000E-4,-3.26458922E-5
1.30200000E-4,1.57428400E-5
1.30240000E-4,3.04646256E-5
1.30280000E-4,-5.66485889E-5
1.30320000E-4,-1.16713788E-5
1.30360000E-4,-3.59819135E-6
1.30400000E-4,-5.20327668E-5
1.30440000E-4,3.19430673E-6
1.30480000E-4,1.15168514E-5
1.30520000E-4,6.27643927E-6
1.30560000E-4,-1.57385711E-5
1.30600000E-4,-2.56466375E-5
1.30640000E-4,-1.65246563E-5
1.30680000E-4,-6.22126472E-7
1.30720000E-4,-9.07066104E-6
1.30760000E-4,-3.13905325E-5
1.30800000E-4,-2.16194614E-5
1.30840000E-4,1.48259584E-5
1.30880000E-4,1.93485684E-5
1.30920000E-4,3.00189163E-5
1.30960000E-4,7.68072480E-6
1.31000000E-4,-2.50949941E-5
1.31040000E-4,8.36091397E-6
1.31080000E-4,8.33824513E-6
1.31120000E-4,-1.05141617E-5
1.31160000E-4,-3.05549341E-6
1.31200000E-4,-5.15126804E-5
1.31240000E-4,1.12427749E-5
1.31280000E-4,1.66740935E-5
1.31320000E-4,-1.68206577E-5
1.31360000E-4,1.70511668E-5
1.31400000E-4,-6.46494607E-6
1.31440000E-4,-8.56641525E-6
1.31480000E-4,2.49170922E-5
1.31520000E-4,-1.05044723E-5
1.31560000E-4,-1.36532858E-5
1.31600000E-4,4.29270803E-5
1.31640000E-4,-1.62955455E-5
1.31680000E-4,5.28904694E-5
1.31720000E-4,-8.35365049E-6
1.31760000E-4,-1.19197060E-5
1.31800000E-4,1.97767682E-5
1.31840000E-4,-1.42088392E-5
1.31880000E-4,1.89108605E-5
1.31920000E-4,-4.96042937E-6
1.31960000E-4,-2.30675412E-6
1.32000000E-4,5.42221406E-6
1.32040000E-4,-1.26245954E-5
1.32080000E-4,-3.20727912E-5
1.32120000E-4,-1.56880264E-5
1.32160000E-4,-1.72832947E-5
1.32200000E-4,-1.21478822E-5
1.32240000E-4,1.27280464E-5
1.32280000E-4,3.96865710E-5
1.32320000E-4,2.79828215E-5
1.32360000E-4,2.42997486E-6
1.32400000E-4,-9.67788459E-6
1.32440000E-4,2.79830504E-5
1.32480000E-4,1.69571441E-5
1.32520000E-4,2.60134172E-5
1.32560000E-4,-5.47178957E-6
1.32600000E-4,5.85642200E-6
1.32640000E-4,-8.13744298E-6
1.32680000E-4,1.35191480E-5
1.32720000E-4,4.79247155E-5
1.32760000E-4,-1.11599518E-5
1.32800000E-4,-1.00164390E-5
1.32840000E-4,2.66864347E-5
1.32880000E-4,7.52197616E-6
1.32920000E-4,-3.29952899E-5
1.32960000E-4,6.00365979E-6
1.33000000E-4,2.47695778E-5
1.33040000E-4,2.85747482E-5
1.33080000E-4,8.50728239E-7
1.33120000E-4,2.28949115E-5
1.33160000E-4,1.71719211E-5
1.33200000E-4,1.33167592E-5
1.33240000E-4,2.05643602E-5
1.33280000E-4,-1.14371754E-5
1.33320000E-4,-4.30834292E-5
1.33360000E-4,-3.83153640E-6
1.33400000E-4,4.35816251E-5
1.33440000E-4,3.65865189E-5
1.33480000E-4,2.02017255E-5
1.33520000E-4,3.78467886E-6
1.33560000E-4,-1.48288706E-5
1.33600000E-4,2.30661819E-5
1.33640000E-4,-1.73360138E-5
1.33680000E-4,-1.54845901E-6
1.33720000E-4,2.42851971E-5
1.33760000E-4,2.03598734E-5
1.33800000E-4,4.12936172E-5
1.33840000E-4,-1.04255748E-5
1.33880000E-4,5.38310212E-5
1.33920000E-4,4.28552003E-6
1.33960000E-4,2.47235615E-6
1.34000000E-4,-3.72286219E-5
1.34040000E-4,3.17761758E-5
1.34080000E-4,-4.77540876E-5
1.34120000E-4,5.33005875E-5
1.34160000E-4,-3.13171186E-5
1.34200000E-4,7.34512678E-6
1.34240000E-4,4.01376098E-6
1.34280000E-4,5.57232161E-5
1.34320000E-4,-7.68310296E-6
1.34360000E-4,1.79829067E-5
1.34400000E-4,4.61160037E-6
1.34440000E-4,-2.18319973E-5
1.34480000E-4,2.31325290E-5
1.34520000E-4,1.10037269E-5
1.34560000E-4,-1.59442310E-5
1.34600000E-4,2.87884666E-5
1.34640000E-4,3.70048101E-5
1.34680000E-4,1.62621825E-5
1.34720000E-4,-1.30845334E-5
1.34760000E-4,1.21931972E-5
1.34800000E-4,-2.50393282E-5
1.34840000E-4,6.42165924E-5
1.34880000E-4,1.39732686E-5
1.34920000E-4,2.51216252E-6
1.34960000E-4,6.73673021E-6
1.35000000E-4,-2.25687393E-5
1.35040000E-4,1.74903625E-5
1.35080000E-4,3.23934606E-5
1.35120000E-4,-4.40071200E-5
1.35160000E-4,1.39623300E-5
1.35200000E-4,1.19809189E-5
1.35240000E-4,-1.71774575E-6
1.35280000E-4,1.61028235E-5
1.35320000E-4,4.50072253E-5
1.35360000E-4,-6.43542031E-6
1.35400000E-4,-1.51276664E-5
1.35440000E-4,3.07686974E-7
1.35480000E-4,-4.18896402E-6
1.35520000E-4,4.26655145E-6
1.35560000E-4,9.71529372E-6
1.35600000E-4,4.43071695E-6
1.35640000E-4,2.27325771E-5
1.35680000E-4,2.83370734E-5
1.35720000E-4,-1.52108554E-5
1.35760000E-4,4.74623074E-5
1.35800000E-4,-2.62465655E-5
1.35840000E-4,1.43914834E-5
1.35880000E-4,8.71554733E-6
1.35920000E-4,3.51911598E-5
1.35960000E-4,-4.37089648E-6
1.36000000E-4,-2.34665585E-6
1.36040000E-4,3.68505818E-5
1.36080000E-4,5.13207770E-6
1.36120000E-4,2.16468188E-5
1.36160000E-4,8.16614506E-6
1.36200000E-4,2.01267000E-5
1.36240000E-4,-3.15514284E-6
1.36280000E-4,4.45660650E-5
1.36320000E-4,8.85412575E-6
1.36360000E-4,2.08182951E-5
1.36400000E-4,-3.26514918E-6
1.36440000E-4,4.72417606E-5
1.36480000E-4,1.25785866E-5
1.36520000E-4,1.44477026E-5
1.36560000E-4,4.49169409E-5
1.36600000E-4,1.40582887E-5
1.36640000E-4,2.76244021E-5
1.36680000E-4,2.80718470E-5
1.36720000E-4,1.60601275E-5
1.36760000E-4,3.16085389E-5
1.36800000E-4,1.77773788E-6
1.36840000E-4,4.47902071E-5
1.36880000E-4,-1.92946798E-5
1.36920000E-4,-1.03515602E-5
1.36960000E-4,1.86099476E-5
1.37000000E-4,-5.83347058E-6
1.37040000E-4,5.43625134E-5
1.37080000E-4,5.03438059E-5
1.37120000E-4,3.36227469E-5
1.37160000E-4,-5.50957415E-6
1.37200000E-4,1.18673076E-5
1.37240000E-4,-6.92984478E-7
1.37280000E-4,1.03149165E-5
1.37320000E-4,-1.45331648E-5
1.37360000E-4,-8.37272398E-6
1.37400000E-4,-1.36571482E-5
1.37440000E-4,2.10657736E-5
1.37480000E-4,3.02102520E-5
1.37520000E-4,2.67846426E-6
1.37560000E-4,2.71952105E-5
1.37600000E-4,-1.99343393E-6
1.37640000E-4,-8.12531224E-6
1.37680000E-4,1.60277312E-5
1.37720000E-4,5.80492359E-6
1.37760000E-4,6.63143804E-5
1.37800000E-4,4.70630802E-5
1.37840000E-4,2.04311319E-5
1.37880000E-4,3.01841786E-5
1.37920000E-4,1.15436782E-5
1.37960000E-4,2.54171514E-5
1.38000000E-4,3.06340745E-5
1.38040000E-4,2.37031601E-5
1.38080000E-4,5.08599536E-5
1.38120000E-4,3.08349660E-5
1.38160000E-4,1.09524573E-5
1.38200000E-4,2.81812526E-5
1.38240000E-4,4.43428576E-5
1.38280000E-4,3.95852145E-5
1.38320000E-4,2.22887465E-5
1.38360000E-4,3.29341463E-5
1.38400000E-4,2.09056421E-5
1.38440000E-4,1.95246930E-5
1.38480000E-4,1.96416215E-6
1.38520000E-4,3.78180463E-5
1.38560000E-4,1.08741416E-5
1.38600000E-4,2.53265141E-5
1.38640000E-4,-5.74322437E-6
1.38680000E-4,4.44762194E-5
1.38720000E-4,3.54911095E-5
1.38760000E-4,1.85835022E-5
1.38800000E-4,3.10383164E-6
1.38840000E-4,1.19068565E-5
1.38880000E-4,4.55770457E-5
1.38920000E-4,-1.18805482E-5
1.38960000E-4,4.15682659E-5
1.39000000E-4,2.88999225E-5
1.39040000E-4,2.07353159E-5
1.39080000E-4,3.89957198E-5
1.39120000E-4,2.11947867E-5
1.39160000E-4,5.16280509E-6
1.39200000E-4,3.23106245E-5
1.39240000E-4,-4.58767620E-6
1.39280000E-4,1.48622076E-5
1.39320000E-4,3.06778386E-5
1.39360000E-4,4.09377918E-5
1.39400000E-4,2.92675544E-5
1.39440000E-4,3.71302468E-5
1.39480000E-4,2.08533449E-7
1.39520000E-4,-2.91722970E-6
1.39560000E-4,3.74645574E-5
1.39600000E-4,-5.89167485E-7
1.39640000E-4,-2.89653496E-6
1.39680000E-4,-1.51821799E-6
1.39720000E-4,3.77019079E-5
1.39760000E-4,5.25590484E-5
1.39800000E-4,-2.57031157E-6
1.39840000E-4,1.11842574E-5
1.39880000E-4,7.44202811E-7
1.39920000E-4,1.79932827E-5
1.39960000E-4,5.94907639E-5
1.40000000E-4,1.96017976E-5
1.40040000E-4,2.02798204E-6
1.40080000E-4,4.04068241E-5
1.40120000E-4,1.75239795E-5
1.40160000E-4,4.12780819E-5
1.40200000E-4,2.10084482E-5
1.40240000E-4,9.89009269E-6
1.40280000E-4,4.85349336E-5
1.40320000E-4,4.44656717E-5
1.40360000E-4,-2.52204611E-6
1.40400000E-4,-1.18226410E-5
1.40440000E-4,4.65062679E-5
1.40480000E-4,-3.60720357E-6
1.40520000E-4,4.06753883E-5
1.40560000E-4,2.56974267E-5
1.40600000E-4,5.64638968E-5
1.40640000E-4,5.90912411E-5
1.40680000E-4,-8.18068410E-7
1.40720000E-4,-4.36871256E-6
1.40760000E-4,5.12121535E-6
1.40800000E-4,-1.83605367E-5
1.40840000E-4,-3.40204914E-6
1.40880000E-4,-2.71027934E-5
1.40920000E-4,-5.12883873E-6
1.40960000E-4,2.85405208E-5
1.41000000E-4,3.08380368E-5
1.41040000E-4,-1.27531984E-5
1.41080000E-4,6.55300484E-6
1.41120000E-4,2.78464461E-5
1.41160000E-4,-1.46730403E-5
1.41200000E-4,2.41014336E-5
1.41240000E-4,2.52661275E-5
1.41280000E-4,2.77036620E-5
1.41320000E-4,-8.64551300E-6
1.41360000E-4,1.04630889E-5
1.41400000E-4,1.87922139E-5
1.41440000E-4,-1.30768182E-5
1.41480000E-4,2.34271190E-5
1.41520000E-4,1.17877426E-5
1.41560000E-4,1.95861096E-5
1.41600000E-4,1.32668057E-5
1.41640000E-4,1.59178584E-5
1.41680000E-4,2.53599881E-5
1.41720000E-4,-5.18647881E-6
1.41760000E-4,3.88551863E-5
1.41800000E-4,1.33893243E-5
1.41840000E-4,4.05691585E-5
1.41880000E-4,2.81841804E-5
1.41920000E-4,4.26116525E-5
1.41960000E-4,2.39023636E-5
1.42000000E-4,2.55325174E-5
1.42040000E-4,7.68370232E-5
1.42080000E-4,3.12262776E-5
1.42120000E-4,5.22287719E-5
1.42160000E-4,2.24740645E-5
1.42200000E-4,-3.45204075E-6
1.42240000E-4,2.61216688E-5
1.42280000E-4,2.56464910E-5
1.42320000E-4,8.67722717E-7
1.42360000E-4,4.25199948E-5
1.42400000E-4,3.81768854E-5
1.42440000E-4,3.01395275E-5
1.42480000E-4,-7.38903747E-6
1.42520000E-4,2.53852033E-5
1.42560000E-4,5.04654265E-6
1.42600000E-4,1.53123896E-5
1.42640000E-4,3.13176778E-5
1.42680000E-4,2.44157170E-5
1.42720000E-4,3.43233733E-5
1.42760000E-4,-5.85863805E-6
1.42800000E-4,2.10243841E-5
1.42840000E-4,7.24637380E-6
1.42880000E-4,3.20969347E-5
1.42920000E-4,1.62160056E-5
1.42960000E-4,-2.57619463E-5
1.43000000E-4,2.38898418E-5
1.43040000E-4,9.53506833E-6
1.43080000E-4,-5.65729831E-6
1.43120000E-4,3.43164973E-5
1.43160000E-4,4.00189456E-5
1.43200000E-4,2.27799365E-5
1.43240000E-4,2.64367723E-5
1.43280000E-4,5.38893082E-6
1.43320000E-4,8.57017874E-6
1.43360000E-4,3.36475138E-5
1.43400000E-4,3.72212369E-5
1.43440000E-4,4.09613666E-5
1.43480000E-4,1.86712021E-5
1.43520000E-4,2.20523307E-5
1.43560000E-4,-2.46940328E-6
1.43600000E-4,3.28533796E-5
1.43640000E-4,3.31841044E-5
1.43680000E-4,4.42212435E-6
1.43720000E-4,3.16258100E-5
1.43760000E-4,2.29074237E-5
1.43800000E-4,4.48284876E-5
1.43840000E-4,5.12494422E-6
1.43880000E-4,2.82109309E-5
1.43920000E-4,2.50487660E-5
1.43960000E-4,1.47117464E-5
1.44000000E-4,3.19125989E-5
1.44040000E-4,1.86858506E-5
1.44080000E-4,1.87064484E-6
1.44120000E-4,4.26019997E-6
1.44160000E-4,3.43143707E-5
1.44200000E-4,2.50079869E-5
1.44240000E-4,2.40404556E-5
1.44280000E-4,3.40253501E-5
1.44320000E-4,2.70727968E-5
1.44360000E-4,1.45766679E-5
1.44400000E-4,1.62624972E-5
1.44440000E-4,-1.48114279E-5
1.44480000E-4,-1.85024625E-5
1.44520000E-4,2.40465496E-5
1.44560000E-4,2.89800693E-5
1.44600000E-4,2.06376692E-5
1.44640000E-4,1.84916920E-5
1.44680000E-4,-5.19072266E-6
1.44720000E-4,1.98399682E-5
1.44760000E-4,6.92444194E-6
1.44800000E-4,-5.00824660E-6
1.44840000E-4,3.23240999E-5
1.44880000E-4,3.52577534E-6
1.44920000E-4,1.29548382E-6
1.44960000E-4,2.20723578E-5
1.45000000E-4,5.28441780E-5
1.45040000E-4,2.05815931E-5
1.45080000E-4,1.95281343E-6
1.45120000E-4,2.59543371E-5
1.45160000E-4,3.62420422E-5
1.45200000E-4,5.78628036E-5
1.45240000E-4,5.80689498E-5
1.45280000E-4,6.99517597E-6
1.45320000E-4,3.95942363E-5
1.45360000E-4,2.46438454E-5
1.45400000E-4,3.65663678E-5
1.45440000E-4,4.40100443E-5
1.45480000E-4,2.69579077E-5
1.45520000E-4,9.59360487E-6
1.45560000E-4,-4.99235991E-7
1.45600000E-4,8.06472003E-5
1.45640000E-4,4.21398888E-5
1.45680000E-4,2.49746465E-5
1.45720000E-4,-3.38651378E-6
1.45760000E-4,1.97057290E-5
1.45800000E-4,1.06909980E-5
1.45840000E-4,-7.78643511E-7
1.45880000E-4,1.86798615E-5
1.45920000E-4,4.60051692E-5
1.45960000E-4,7.87242288E-6
1.46000000E-4,5.32484024E-5
1.46040000E-4,4.04526084E-6
1.46080000E-4,2.04824300E-5
1.46120000E-4,4.01099929E-5
1.46160000E-4,-3.62568578E-6
1.46200000E-4,1.50283377E-5
1.46240000E-4,8.04962512E-6
1.46280000E-4,1.71080726E-5
1.46320000E-4,2.10483500E-5
1.46360000E-4,3.60367146E-6
1.46400000E-4,1.81190628E-5
1.46440000E-4,-6.28965118E-6
1.46480000E-4,4.23518334E-5
1.46520000E-4,6.17946013E-6
1.46560000E-4,1.67487376E-5
1.46600000E-4,1.62676947E-5
1.46640000E-4,3.50784832E-5
1.46680000E-4,2.94722225E-5
1.46720000E-4,-1.24340989E-5
1.46760000E-4,1.76247257E-5
1.46800000E-4,2.79572058E-5
1.46840000E-4,3.33054022E-5
1.46880000E-4,4.34848939E-5
1.46920000E-4,2.73620558E-5
1.46960000E-4,3.42117362E-5
1.47000000E-4,2.77839709E-5
1.47040000E-4,2.34029815E-5
1.47080000E-4,3.78923662E-5
1.47120000E-4,1.25494614E-5
1.47160000E-4,4.87798181E-5
1.47200000E-4,-3.94328796E-6
1.47240000E-4,-2.50263773E-5
1.47280000E-4,3.90541419E-5
1.47320000E-4,2.56356668E-5
1.47360000E-4,3.17902044E-5
1.47400000E-4,2.24486300E-5
1.47440000E-4,3.27006868E-5
1.47480000E-4,2.64810228E-5
1.47520000E-4,3.15098909E-5
1.47560000E-4,-5.87050176E-6
1.47600000E-4,1.13833179E-5
1.47640000E-4,8.10553062E-5
1.47680000E-4,2.19863745E-5
1.47720000E-4,1.72374195E-5
1.47760000E-4,2.20872828E-5
1.47800000E-4,5.50717611E-5
1.47840000E-4,6.40864715E-6
1.47880000E-4,3.64538533E-5
1.47920000E-4,2.77075720E-5
1.47960000E-4,3.37257724E-5
1.48000000E-4,3.77553709E-5
1.48040000E-4,9.31142063E-7
1.48080000E-4,3.17061094E-5
1.48120000E-4,2.28986690E-5
1.48160000E-4,-4.93097990E-6
1.48200000E-4,5.30318134E-5
1.48240000E-4,2.38211105E-5
1.48280000E-4,5.03367869E-5
1.48320000E-4,2.90101673E-5
1.48360000E-4,5.31761044E-5
1.48400000E-4,2.63569879E-5
1.48440000E-4,1.30038682E-5
1.48480000E-4,3.10063508E-5
1.48520000E-4,3.00214054E-5
1.48560000E-4,2.11096045E-5
1.48600000E-4,1.77548546E-5
1.48640000E-4,1.84658379E-5
1.48680000E-4,1.92500539E-5
1.48720000E-4,6.91280250E-5
1.48760000E-4,3.16309980E-5
1.48800000E-4,3.15066484E-5
1.48840000E-4,4.49814856E-5
1.48880000E-4,2.15875288E-5
1.48920000E-4,2.81971122E-5
1.48960000E-4,-4.24641108E-8
1.49000000E-4,2.22441989E-6
1.49040000E-4,-2.26794895E-5
1.49080000E-4,2.17773005E-5
1.49120000E-4,3.00697281E-5
1.49160000E-4,2.94590809E-5
1.49200000E-4,7.34555990E-5
1.49240000E-4,4.51873076E-5
1.49280000E-4,5.27667492E-5
1.49320000E-4,2.37451599E-5
1.49360000E-4,2.01170282E-6
1.49400000E-4,1.01839007E-5
1.49440000E-4,4.40093672E-5
1.49480000E-4,1.70226711E-5
1.49520000E-4,2.32036350E-5
1.49560000E-4,4.07313308E-5
1.49600000E-4,2.08576246E-5
1.49640000E-4,2.74655390E-5
1.49680000E-4,2.67541552E-5
1.49720000E-4,3.63920361E-5
1.49760000E-4,4.64733184E-5
1.49800000E-4,3.14788392E-5
1.49840000E-4,1.90065808E-5
1.49880000E-4,5.24836223E-5
1.49920000E-4,-9.28999661E-6
1.49960000E-4,2.64188051E-5
1.50000000E-4,2.29299304E-5
1.50040000E-4,-5.43773386E-6
1.50080000E-4,3.52179676E-5
1.50120000E-4,1.37859765E-5
1.50160000E-4,-5.32149049E-6
1.50200000E-4,4.20469819E-5
1.50240000E-4,1.08216132E-5
1.50280000E-4,4.48754656E-5
1.50320000E-4,6.15604742E-6
1.50360000E-4,2.12144514E-5
1.50400000E-4,3.90577658E-5
1.50440000E-4,3.00086548E-5
1.50480000E-4,6.80140379E-5
1.50520000E-4,-2.46981988E-5
1.50560000E-4,5.12481070E-6
1.50600000E-4,2.62277460E-5
1.50640000E-4,2.67279673E-5
1.50680000E-4,6.41440273E-5
1.50720000E-4,3.58117348E-5
1.50760000E-4,1.94146581E-5
1.50800000E-4,4.19052754E-5
1.50840000E-4,2.38576458E-5
1.50880000E-4,2.88863613E-5
1.50920000E-4,3.94828185E-5
1.50960000E-4,-8.08127155E-6
1.51000000E-4,3.18900445E-5
1.51040000E-4,-4.62561337E-6
1.51080000E-4,3.64814130E-6
1.51120000E-4,5.64634104E-5
1.51160000E-4,4.82996812E-5
1.51200000E-4,8.62972537E-5
1.51240000E-4,4.70594372E-5
1.51280000E-4,2.17860934E-5
1.51320000E-4,3.48159938E-5
1.51360000E-4,3.83052214E-5
1.51400000E-4,1.61879199E-5
1.51440000E-4,2.20514342E-5
1.51480000E-4,5.92500565E-5
1.51520000E-4,3.28382544E-5
1.51560000E-4,3.65384537E-5
1.51600000E-4,2.40895317E-5
1.51640000E-4,4.64755024E-5
1.51680000E-4,2.72219992E-5
1.51720000E-4,5.99902795E-5
1.51760000E-4,5.34950322E-5
1.51800000E-4,3.60054165E-5
1.51840000E-4,3.33775286E-5
1.51880000E-4,7.48129638E-5
1.51920000E-4,3.41580634E-5
1.51960000E-4,3.20778993E-5
1.52000000E-4,1.81103081E-5
1.52040000E-4,2.84755946E-5
1.52080000E-4,5.32209557E-5
1.52120000E-4,4.68179573E-5
1.52160000E-4,4.16396961E-5
1.52200000E-4,3.49953991E-5
1.52240000E-4,3.20025781E-5
1.52280000E-4,1.28834000E-5
1.52320000E-4,4.39765703E-5
1.52360000E-4,1.89890618E-5
1.52400000E-4,1.82118076E-5
1.52440000E-4,5.29776543E-5
1.52480000E-4,1.81015152E-5
1.52520000E-4,2.56075620E-5
1.52560000E-4,2.59932565E-5
1.52600000E-4,3.99141845E-5
1.52640000E-4,5.32165863E-6
1.52680000E-4,5.09570948E-5
1.52720000E-4,4.86803498E-5
1.52760000E-4,1.52788393E-5
1.52800000E-4,2.49162148E-5
1.52840000E-4,2.13633200E-5
1.52880000E-4,6.46987511E-5
1.52920000E-4,4.67605747E-5
1.52960000E-4,5.14968841E-5
1.53000000E-4,3.11573174E-5
1.53040000E-4,4.07583484E-5
1.53080000E-4,5.45566339E-5
1.53120000E-4,2.60031175E-5
1.53160000E-4,2.59318208E-5
1.53200000E-4,2.33305404E-5
1.53240000E-4,5.02916018E-5
1.53280000E-4,3.68055875E-5
1.53320000E-4,5.61119147E-5
1.53360000E-4,3.05485585E-5
1.53400000E-4,-3.10751787E-7
1.53440000E-4,5.64324923E-5
1.53480000E-4,3.29176859E-5
1.53520000E-4,4.36447584E-5
1.53560000E-4,3.85091169E-5
1.53600000E-4,2.24652812E-5
1.53640000E-4,1.46509878E-5
1.53680000E-4,4.23336945E-5
1.53720000E-4,8.32656262E-6
1.53760000E-4,1.05812873E-5
1.53800000E-4,5.07045905E-5
1.53840000E-4,3.10611489E-5
1.53880000E-4,4.88440290E-5
1.53920000E-4,4.19512711E-5
1.53960000E-4,3.06254342E-5
1.54000000E-4,2.03604551E-5
1.54040000E-4,5.72641917E-5
1.54080000E-4,2.90683223E-5
1.54120000E-4,2.67040682E-5
1.54160000E-4,8.25816620E-5
1.54200000E-4,5.92588398E-5
1.54240000E-4,1.52549307E-5
1.54280000E-4,4.00383147E-5
1.54320000E-4,5.69823619E-5
1.54360000E-4,4.82177033E-5
1.54400000E-4,6.42076946E-5
1.54440000E-4,1.15794887E-5
1.54480000E-4,1.44370691E-5
1.54520000E-4,3.34558539E-5
1.54560000E-4,2.25005576E-5
1.54600000E-4,3.36832671E-5
1.54640000E-4,5.35883110E-5
1.54680000E-4,4.66616882E-5
1.54720000E-4,5.07209746E-5
1.54760000E-4,4.43169176E-5
1.54800000E-4,5.59526033E-5
1.54840000E-4,2.74771834E-5
1.54880000E-4,2.95678188E-5
1.54920000E-4,1.78795570E-5
1.54960000E-4,5.24494713E-5
1.55000000E-4,5.28848236E-5
1.55040000E-4,1.08117808E-5
1.55080000E-4,9.53898793E-6
1.55120000E-4,3.71085317E-5
1.55160000E-4,3.80030592E-5
1.55200000E-4,9.85033401E-6
1.55240000E-4,4.07082996E-5
1.55280000E-4,2.41042088E-5
1.55320000E-4,2.25514648E-5
1.55360000E-4,-5.77514385E-6
1.55400000E-4,1.02731455E-5
1.55440000E-4,1.81645245E-5
1.55480000E-4,2.78836680E-5
1.55520000E-4,2.56121015E-5
1.55560000E-4,3.60167080E-5
1.55600000E-4,1.19843807E-5
1.55640000E-4,2.42710541E-5
1.55680000E-4,6.32024646E-5
1.55720000E-4,2.40547798E-5
1.55760000E-4,1.44438974E-5
1.55800000E-4,1.48713247E-5
1.55840000E-4,3.35382704E-5
1.55880000E-4,3.08192780E-5
1.55920000E-4,3.98369845E-5
1.55960000E-4,5.75482341E-5
1.56000000E-4,2.79100657E-5
1.56040000E-4,5.40467042E-5
1.56080000E-4,1.51374094E-5
1.56120000E-4,5.34316986E-5
1.56160000E-4,3.58453327E-5
1.56200000E-4,4.17722378E-5
1.56240000E-4,3.63755948E-5
1.56280000E-4,4.50228068E-6
1.56320000E-4,2.44685791E-5
1.56360000E-4,3.19075826E-5
1.56400000E-4,2.74695254E-5
1.56440000E-4,2.21387812E-5
1.56480000E-4,7.89310442E-5
1.56520000E-4,1.30286637E-5
1.56560000E-4,4.87194505E-5
1.56600000E-4,7.76778573E-6
1.56640000E-4,2.79083110E-5
1.56680000E-4,4.94244909E-6
1.56720000E-4,2.10797354E-5
1.56760000E-4,2.16246840E-5
1.56800000E-4,9.17785640E-5
1.56840000E-4,1.34726834E-6
1.56880000E-4,4.15119705E-5
1.56920000E-4,6.70989229E-7
1.56960000E-4,4.88431230E-5
1.57000000E-4,-7.67642724E-6
1.57040000E-4,5.00767294E-5
1.57080000E-4,1.06365909E-5
1.57120000E-4,3.64628369E-5
1.57160000E-4,3.43935065E-5
1.57200000E-4,2.83030559E-5
1.57240000E-4,3.90499838E-5
1.57280000E-4,-1.16522496E-6
1.57320000E-4,3.99229583E-5
1.57360000E-4,3.91816195E-5
1.57400000E-4,1.91722722E-5
1.57440000E-4,1.15762844E-5
1.57480000E-4,6.06969903E-5
1.57520000E-4,4.10962925E-5
1.57560000E-4,6.58412324E-6
1.57600000E-4,2.22417304E-5
1.57640000E-4,1.50393907E-5
1.57680000E-4,5.05657736E-5
1.57720000E-4,3.56981140E-5
1.57760000E-4,3.75806482E-5
1.57800000E-4,3.01570370E-5
1.57840000E-4,2.19271418E-5
1.57880000E-4,1.94912667E-5
1.57920000E-4,-3.47874363E-6
1.57960000E-4,6.30058265E-5
1.58000000E-4,2.97966530E-5
1.58040000E-4,8.59741774E-5
1.58080000E-4,5.39513463E-5
1.58120000E-4,4.92291608E-5
1.58160000E-4,3.26194910E-5
1.58200000E-4,2.79544116E-5
1.58240000E-4,4.33116685E-5
1.58280000E-4,2.63787698E-5
1.58320000E-4,3.56590325E-5
1.58360000E-4,2.79398394E-5
1.58400000E-4,5.23732250E-5
1.58440000E-4,5.41649598E-5
1.58480000E-4,4.73888268E-5
1.58520000E-4,1.61195319E-5
1.58560000E-4,6.84281233E-5
1.58600000E-4,9.39904305E-5
1.58640000E-4,3.16431096E-5
1.58680000E-4,4.16024170E-5
1.58720000E-4,5.51538152E-5
1.58760000E-4,6.93654231E-5
1.58800000E-4,2.02304597E-5
1.58840000E-4,3.02019741E-5
1.58880000E-4,3.16578630E-5
1.58920000E-4,6.66221216E-5
1.58960000E-4,6.11719488E-5
1.59000000E-4,3.01979687E-5
1.59040000E-4,6.75551680E-5
1.59080000E-4,9.50477010E-6
1.59120000E-4,3.95944365E-5
1.59160000E-4,3.41840606E-5
1.59200000E-4,2.26350352E-5
1.59240000E-4,6.56836678E-5
1.59280000E-4,6.09952711E-5
1.59320000E-4,2.28378532E-5
1.59360000E-4,3.62009293E-5
1.59400000E-4,5.96919415E-5
1.59440000E-4,2.44135426E-5
1.59480000E-4,2.37773464E-5
1.59520000E-4,3.87533530E-5
1.59560000E-4,3.52656895E-5
1.59600000E-4,4.08282814E-5
1.59640000E-4,3.12622216E-5
1.59680000E-4,1.11776199E-5
1.59720000E-4,5.20747726E-5
1.59760000E-4,5.64171095E-5
1.59800000E-4,6.67239263E-5
1.59840000E-4,4.63445343E-5
1.59880000E-4,2.54863404E-5
1.59920000E-4,4.99806944E-5
1.59960000E-4,7.13344174E-5
1.60000000E-4,3.08925298E-5
1.60040000E-4,5.00709024E-5
1.60080000E-4,7.38295443E-5
1.60120000E-4,2.94279148E-5
1.60160000E-4,2.16107890E-5
1.60200000E-4,2.33242271E-5
1.60240000E-4,6.30408168E-5
1.60280000E-4,3.91577204E-5
1.60320000E-4,2.06802984E-5
1.60360000E-4,4.96035162E-5
1.60400000E-4,5.88976738E-5
1.60440000E-4,1.62182658E-5
1.60480000E-4,4.64823116E-5
1.60520000E-4,3.26747183E-5
1.60560000E-4,2.93186332E-5
1.60600000E-4,6.36912418E-5
1.60640000E-4,2.75373221E-5
1.60680000E-4,5.10199992E-5
1.60720000E-4,7.02131538E-5
1.60760000E-4,1.79492325E-5
1.60800000E-4,6.19782805E-5
1.60840000E-4,6.59273698E-5
1.60880000E-4,2.81858493E-5
1.60920000E-4,3.24801306E-5
1.60960000E-4,4.17896519E-5
1.61000000E-4,4.15584526E-5
1.61040000E-4,3.82311876E-5
1.61080000E-4,6.45877338E-5
1.61120000E-4,5.83206531E-5
1.61160000E-4,3.78023775E-5
1.61200000E-4,3.60195977E-5
1.61240000E-4,3.33494334E-5
1.61280000E-4,5.00079313E-5
1.61320000E-4,8.10959804E-5
1.61360000E-4,3.81070478E-5
1.61400000E-4,4.81239667E-5
1.61440000E-4,1.70348304E-5
1.61480000E-4,3.77405412E-5
1.61520000E-4,3.16842512E-5
1.61560000E-4,4.09338436E-5
1.61600000E-4,5.51969785E-5
1.61640000E-4,2.64863157E-5
1.61680000E-4,5.01521078E-5
1.61720000E-4,3.06990388E-5
1.61760000E-4,2.71898222E-5
1.61800000E-4,4.14020214E-5
1.61840000E-4,4.10261482E-6
1.61880000E-4,6.92450980E-5
1.61920000E-4,3.74141557E-5
1.61960000E-4,2.59807252E-5
1.62000000E-4,3.39345508E-5
1.62040000E-4,2.90983917E-5
1.62080000E-4,7.20997983E-5
1.62120000E-4,1.73453468E-5
1.62160000E-4,1.80732292E-5
1.62200000E-4,4.60494197E-5
1.62240000E-4,2.02893014E-5
1.62280000E-4,4.24028359E-5
1.62320000E-4,1.68344539E-5
1.62360000E-4,4.85256528E-6
1.62400000E-4,2.11236330E-5
1.62440000E-4,4.30244981E-5
1.62480000E-4,-4.70471112E-6
1.62520000E-4,3.91556891E-5
1.62560000E-4,2.60337877E-5
1.62600000E-4,5.58130903E-5
1.62640000E-4,3.17514471E-5
1.62680000E-4,-2.07503985E-6
1.62720000E-4,4.44550669E-5
1.62760000E-4,3.90256461E-5
1.62800000E-4,2.76583052E-5
1.62840000E-4,2.00951047E-5
1.62880000E-4,3.00531533E-5
1.62920000E-4,6.55285050E-5
1.62960000E-4,5.41089696E-5
1.63000000E-4,4.11855659E-5
1.63040000E-4,4.87692609E-5
1.63080000E-4,3.33264784E-5
1.63120000E-4,4.96048704E-5
1.63160000E-4,3.61833149E-5
1.63200000E-4,3.00726559E-5
1.63240000E-4,4.76501717E-5
1.63280000E-4,2.42667435E-5
1.63320000E-4,5.05608145E-5
1.63360000E-4,6.70021036E-5
1.63400000E-4,2.85589744E-5
1.63440000E-4,3.45855766E-5
1.63480000E-4,5.53036279E-5
1.63520000E-4,3.95487365E-5
1.63560000E-4,2.90875103E-5
1.63600000E-4,4.34507333E-5
1.63640000E-4,3.73881490E-5
1.63680000E-4,1.83101219E-5
1.63720000E-4,1.20028725E-5
1.63760000E-4,4.02849540E-5
1.63800000E-4,2.21226546E-5
1.63840000E-4,4.93482271E-5
1.63880000E-4,2.31053207E-5
1.63920000E-4,3.50239711E-5
1.63960000E-4,4.16093407E-5
1.64000000E-4,3.63145405E-5
1.64040000E-4,4.92464128E-5
1.64080000E-4,1.26968041E-5
1.64120000E-4,3.53383404E-5
1.64160000E-4,5.62077303E-5
1.64200000E-4,3.75869424E-5
1.64240000E-4,1.65762656E-5
1.64280000E-4,4.26783238E-5
1.64320000E-4,3.56317574E-5
1.64360000E-4,6.15207266E-5
1.64400000E-4,3.40383868E-5
1.64440000E-4,2.00772996E-5
1.64480000E-4,1.89591069E-5
1.64520000E-4,1.45109693E-5
1.64560000E-4,3.26562647E-5
1.64600000E-4,3.08789494E-5
1.64640000E-4,7.90307508E-5
1.64680000E-4,5.39007348E-5
1.64720000E-4,4.83234277E-5
1.64760000E-4,4.08047352E-5
1.64800000E-4,5.91996453E-5
1.64840000E-4,3.53522736E-5
1.64880000E-4,4.18542157E-5
1.64920000E-4,3.63257844E-5
1.64960000E-4,1.10682239E-5
1.65000000E-4,2.07136675E-5
1.65040000E-4,1.85481400E-5
1.65080000E-4,2.93458034E-5
1.65120000E-4,3.59078080E-5
1.65160000E-4,1.09033145E-5
1.65200000E-4,3.52548366E-5
1.65240000E-4,3.93168791E-5
1.65280000E-4,5.40171960E-6
1.65320000E-4,6.20287489E-5
1.65360000E-4,2.71769285E-5
1.65400000E-4,5.53364248E-5
1.65440000E-4,3.47259956E-5
1.65480000E-4,2.99483158E-5
1.65520000E-4,2.41720722E-5
1.65560000E-4,1.24592056E-5
1.65600000E-4,3.33980135E-5
1.65640000E-4,2.38301323E-5
1.65680000E-4,5.55997724E-5
1.65720000E-4,4.31916200E-5
1.65760000E-4,1.56922572E-5
1.65800000E-4,1.92719788E-5
1.65840000E-4,3.89344542E-6
1.65880000E-4,2.71846342E-5
1.65920000E-4,8.93418672E-6
1.65960000E-4,1.01331843E-5
1.66000000E-4,2.09489962E-5
1.66040000E-4,-1.26853650E-6
1.66080000E-4,1.87745408E-6
1.66120000E-4,1.53128950E-5
1.66160000E-4,6.98717956E-5
1.66200000E-4,2.95326282E-5
1.66240000E-4,1.62366526E-5
1.66280000E-4,8.08402416E-6
1.66320000E-4,1.32542554E-5
1.66360000E-4,2.80699397E-5
1.66400000E-4,3.31970553E-5
1.66440000E-4,1.26517605E-6
1.66480000E-4,1.90149541E-5
1.66520000E-4,3.74018724E-5
1.66560000E-4,1.91597123E-5
1.66600000E-4,3.05531670E-7
1.66640000E-4,1.42894212E-5
1.66680000E-4,2.40998028E-5
1.66720000E-4,2.11776014E-5
1.66760000E-4,3.47316699E-5
1.66800000E-4,2.34827564E-5
1.66840000E-4,3.54437500E-5
1.66880000E-4,9.10056322E-7
1.66920000E-4,-2.13012393E-5
1.66960000E-4,4.42711603E-5
1.67000000E-4,1.83093685E-5
1.67040000E-4,3.78673132E-5
1.67080000E-4,1.06197665E-6
1.67120000E-4,1.06239833E-5
1.67160000E-4,1.23110523E-5
1.67200000E-4,1.25962486E-5
1.67240000E-4,2.02735467E-5
1.67280000E-4,2.24917934E-5
1.67320000E-4,-7.26826415E-6
1.67360000E-4,1.80590958E-5
1.67400000E-4,5.08988635E-5
1.67440000E-4,2.26687572E-5
1.67480000E-4,-3.39855869E-6
1.67520000E-4,2.27998969E-5
1.67560000E-4,-2.00299818E-5
1.67600000E-4,-2.85783486E-6
1.67640000E-4,1.70934909E-5
1.67680000E-4,2.43031834E-5
1.67720000E-4,1.85656018E-5
1.67760000E-4,6.56920777E-6
1.67800000E-4,3.66636044E-5
1.67840000E-4,9.78739951E-7
1.67880000E-4,8.11761257E-6
1.67920000E-4,1.53583662E-5
1.67960000E-4,4.33356248E-5
1.68000000E-4,6.91388477E-6
1.68040000E-4,5.27668335E-6
1.68080000E-4,2.38726280E-5
1.68120000E-4,4.97346559E-5
1.68160000E-4,3.49815422E-5
1.68200000E-4,-9.76979973E-6
1.68240000E-4,1.34201375E-5
1.68280000E-4,-4.59256855E-6
1.68320000E-4,6.42716751E-6
1.68360000E-4,1.23138737E-6
1.68400000E-4,-2.61152937E-6
1.68440000E-4,8.48374723E-6
1.68480000E-4,3.60078484E-5
1.68520000E-4,1.23261490E-5
1.68560000E-4,4.37767660E-5
1.68600000E-4,4.37065088E-5
1.68640000E-4,-1.69317909E-6
1.68680000E-4,8.97272470E-6
1.68720000E-4,3.72516114E-5
1.68760000E-4,1.87492699E-5
1.68800000E-4,9.65453512E-6
1.68840000E-4,1.83923477E-5
1.68880000E-4,-1.68357639E-5
1.68920000E-4,9.03948191E-6
1.68960000E-4,2.63163885E-6
1.69000000E-4,1.82407040E-5
1.69040000E-4,9.34835796E-6
1.69080000E-4,2.48398350E-5
1.69120000E-4,1.02848471E-5
1.69160000E-4,8.67392898E-6
1.69200000E-4,1.30815259E-5
1.69240000E-4,-3.11309519E-5
1.69280000E-4,3.64648968E-5
1.69320000E-4,2.03619237E-5
1.69360000E-4,2.42822979E-5
1.69400000E-4,4.16738758E-5
1.69440000E-4,5.31424858E-6
1.69480000E-4,6.80121767E-6
1.69520000E-4,9.69793684E-6
1.69560000E-4,8.80239193E-5
1.69600000E-4,-1.41770071E-6
1.69640000E-4,1.62293093E-5
1.69680000E-4,3.60454884E-6
1.69720000E-4,1.61634391E-5
1.69760000E-4,3.83790071E-5
1.69800000E-4,1.31103554E-5
1.69840000E-4,3.14475015E-5
1.69880000E-4,2.19795748E-5
1.69920000E-4,1.17273178E-5
1.69960000E-4,3.76817472E-5
1.70000000E-4,3.96131762E-5
1.70040000E-4,3.40146117E-5
1.70080000E-4,2.58759641E-5
1.70120000E-4,1.76921695E-5
1.70160000E-4,5.42076844E-5
1.70200000E-4,2.42651890E-5
1.70240000E-4,4.82043599E-6
1.70280000E-4,1.01094855E-5
1.70320000E-4,3.17406038E-5
1.70360000E-4,6.88404429E-6
1.70400000E-4,3.61652714E-5
1.70440000E-4,2.83478881E-5
1.70480000E-4,5.13639037E-5
1.70520000E-4,1.82170719E-5
1.70560000E-4,1.21950855E-5
1.70600000E-4,4.53623832E-5
1.70640000E-4,1.16164341E-5
1.70680000E-4,3.40643554E-5
1.70720000E-4,3.88861029E-6
1.70760000E-4,2.36485432E-5
1.70800000E-4,1.93486924E-5
1.70840000E-4,2.40412377E-5
1.70880000E-4,6.53815438E-5
1.70920000E-4,3.26619772E-5
1.70960000E-4,1.66899531E-5
1.71000000E-4,3.77441938E-5
1.71040000E-4,7.08367997E-5
1.71080000E-4,1.17585125E-5
1.71120000E-4,4.01606616E-5
1.71160000E-4,4.97193685E-5
1.71200000E-4,5.06718031E-5
1.71240000E-4,3.28343443E-5
1.71280000E-4,2.90139438E-5
1.71320000E-4,5.90553829E-5
1.71360000E-4,3.42776065E-5
1.71400000E-4,2.13385245E-5
1.71440000E-4,3.35654216E-5
1.71480000E-4,3.34934382E-5
1.71520000E-4,3.44431739E-5
1.71560000E-4,3.48424202E-5
1.71600000E-4,4.29404508E-5
1.71640000E-4,1.93083711E-5
1.71680000E-4,3.20250562E-5
1.71720000E-4,3.37236838E-5
1.71760000E-4,1.34815255E-5
1.71800000E-4,4.54392970E-5
1.71840000E-4,3.18587625E-6
1.71880000E-4,4.98264089E-5
1.71920000E-4,1.21977653E-5
1.71960000E-4,1.03995972E-4
1.72000000E-4,4.23327599E-5
1.72040000E-4,3.59427315E-5
1.72080000E-4,2.36281441E-5
1.72120000E-4,2.62242269E-5
1.72160000E-4,1.97043462E-5
1.72200000E-4,2.72740221E-5
1.72240000E-4,1.80962986E-5
1.72280000E-4,4.09325084E-5
1.72320000E-4,2.82356597E-5
1.72360000E-4,3.46120887E-5
1.72400000E-4,1.59395831E-5
1.72440000E-4,4.18438969E-5
1.72480000E-4,3.71090467E-5
1.72520000E-4,9.84254249E-6
1.72560000E-4,2.03981062E-5
1.72600000E-4,2.15568110E-5
1.72640000E-4,-8.91390558E-6
1.72680000E-4,1.10367526E-5
1.72720000E-4,7.39226691E-6
1.72760000E-4,1.15565910E-5
1.72800000E-4,4.76749386E-5
1.72840000E-4,4.12555943E-5
1.72880000E-4,3.08494141E-5
1.72920000E-4,3.74099786E-5
1.72960000E-4,1.10774268E-5
1.73000000E-4,2.99854996E-5
1.73040000E-4,2.55988454E-5
1.73080000E-4,3.66548592E-5
1.73120000E-4,3.62922913E-5
1.73160000E-4,1.06460894E-5
1.73200000E-4,-1.44443015E-5
1.73240000E-4,3.54818970E-5
1.73280000E-4,2.93849136E-5
1.73320000E-4,5.35173752E-6
1.73360000E-4,-1.04602520E-6
1.73400000E-4,2.81944594E-6
1.73440000E-4,5.65691062E-5
1.73480000E-4,5.27949493E-5
1.73520000E-4,5.67894526E-5
1.73560000E-4,-2.15379428E-6
1.73600000E-4,2.41848992E-5
1.73640000E-4,3.46439128E-5
1.73680000E-4,2.23406264E-5
1.73720000E-4,5.16937034E-5
1.73760000E-4,2.85539199E-5
1.73800000E-4,2.41022919E-5
1.73840000E-4,3.08515599E-5
1.73880000E-4,4.28124295E-5
1.73920000E-4,3.51730877E-5
1.73960000E-4,1.67542770E-6
1.74000000E-4,4.68205894E-5
1.74040000E-4,3.63497502E-5
1.74080000E-4,3.54178291E-5
1.74120000E-4,2.81584979E-5
1.74160000E-4,2.71970114E-6
1.74200000E-4,3.00990155E-5
1.74240000E-4,2.01031824E-5
1.74280000E-4,1.96339364E-5
1.74320000E-4,1.52791731E-5
1.74360000E-4,1.09549369E-5
1.74400000E-4,4.32042657E-5
1.74440000E-4,1.73607677E-5
1.74480000E-4,5.64470629E-6
1.74520000E-4,5.06321780E-5
1.74560000E-4,1.21330395E-5
1.74600000E-4,-7.73950327E-6
1.74640000E-4,4.28185712E-5
1.74680000E-4,3.35751109E-5
1.74720000E-4,2.39616440E-5
1.74760000E-4,4.40739881E-5
1.74800000E-4,1.01279772E-5
1.74840000E-4,3.69830567E-5
1.74880000E-4,3.39139991E-5
1.74920000E-4,1.52071898E-5
1.74960000E-4,1.69174808E-5
1.75000000E-4,5.26493805E-5
1.75040000E-4,4.09376869E-5
1.75080000E-4,3.99213275E-5
1.75120000E-4,-1.89663679E-5
1.75160000E-4,3.13965562E-5
1.75200000E-4,4.60974658E-5
1.75240000E-4,3.47300853E-6
1.75280000E-4,1.83696121E-5
1.75320000E-4,2.37675045E-5
1.75360000E-4,4.28662931E-5
1.75400000E-4,3.65527493E-5
1.75440000E-4,5.34399670E-5
1.75480000E-4,1.10168018E-5
1.75520000E-4,3.75224740E-5
1.75560000E-4,3.33927207E-5
1.75600000E-4,4.43501627E-5
1.75640000E-4,3.17777017E-5
1.75680000E-4,2.91323043E-5
1.75720000E-4,4.38626253E-5
1.75760000E-4,5.10549418E-5
1.75800000E-4,3.86423453E-5
1.75840000E-4,4.71341194E-5
1.75880000E-4,4.70352997E-5
1.75920000E-4,5.02759997E-5
1.75960000E-4,8.74853493E-6
1.76000000E-4,2.10167261E-5
1.76040000E-4,6.46797730E-5
1.76080000E-4,2.87198688E-5
1.76120000E-4,2.26559207E-5
1.76160000E-4,5.38770741E-5
1.76200000E-4,2.51583527E-5
1.76240000E-4,3.47394710E-5
1.76280000E-4,1.03283236E-6
1.76320000E-4,3.15948346E-5
1.76360000E-4,2.41972969E-5
1.76400000E-4,3.44978957E-5
1.76440000E-4,3.73000200E-5
1.76480000E-4,2.51384114E-5
1.76520000E-4,2.90868522E-5
1.76560000E-4,3.19743112E-5
1.76600000E-4,1.76083702E-5
1.76640000E-4,5.71155139E-5
1.76680000E-4,4.78423657E-5
1.76720000E-4,-6.16570212E-6
1.76760000E-4,2.30287311E-5
1.76800000E-4,2.17187640E-5
1.76840000E-4,2.01911397E-5
1.76880000E-4,2.19824454E-5
1.76920000E-4,3.49231105E-5
1.76960000E-4,3.01889374E-5
1.77000000E-4,-2.60476782E-6
1.77040000E-4,3.69498403E-5
1.77080000E-4,5.28253143E-5
1.77120000E-4,1.60214465E-5
1.77160000E-4,3.56788880E-5
1.77200000E-4,3.00191834E-5
1.77240000E-4,2.96633675E-5
1.77280000E-4,1.72176307E-5
1.77320000E-4,6.59695317E-5
1.77360000E-4,2.95334007E-5
1.77400000E-4,5.40384549E-5
1.77440000E-4,2.47446393E-5
1.77480000E-4,2.14931437E-5
1.77520000E-4,2.90896846E-5
1.77560000E-4,3.15039590E-5
1.77600000E-4,2.77123786E-5
1.77640000E-4,2.42832516E-5
1.77680000E-4,2.81965686E-5
1.77720000E-4,2.28226421E-5
1.77760000E-4,4.71754326E-5
1.77800000E-4,3.67609078E-5
1.77840000E-4,-6.82489139E-6
1.77880000E-4,6.92442016E-5
1.77920000E-4,2.07323500E-5
1.77960000E-4,1.19433822E-5
1.78000000E-4,3.88266524E-5
1.78040000E-4,3.29031805E-5
1.78080000E-4,2.13326308E-5
1.78120000E-4,4.38463175E-5
1.78160000E-4,1.95378251E-5
1.78200000E-4,3.79111631E-5
1.78240000E-4,3.50462871E-5
1.78280000E-4,9.55546590E-7
1.78320000E-4,1.84986252E-5
1.78360000E-4,4.62281288E-5
1.78400000E-4,1.81518120E-5
1.78440000E-4,3.11825707E-5
1.78480000E-4,4.84788194E-5
1.78520000E-4,3.15841535E-5
1.78560000E-4,3.42306953E-5
1.78600000E-4,3.90222510E-5
1.78640000E-4,4.13782654E-5
1.78680000E-4,1.69295543E-5
1.78720000E-4,2.56909036E-5
1.78760000E-4,3.03315117E-5
1.78800000E-4,3.13469937E-5
1.78840000E-4,1.06231059E-5
1.78880000E-4,4.19532166E-5
1.78920000E-4,1.35164300E-5
1.78960000E-4,1.47447817E-5
1.79000000E-4,4.52630389E-5
1.79040000E-4,1.92287774E-5
1.79080000E-4,1.52546827E-5
1.79120000E-4,-1.19746869E-6
1.79160000E-4,1.47450605E-7
1.79200000E-4,3.66848904E-5
1.79240000E-4,5.04096857E-5
1.79280000E-4,5.06511465E-5
1.79320000E-4,2.57579088E-5
1.79360000E-4,2.67039537E-5
1.79400000E-4,2.03186365E-5
1.79440000E-4,1.00599612E-5
1.79480000E-4,3.42762714E-5
1.79520000E-4,-1.20365803E-6
1.79560000E-4,2.89171268E-5
1.79600000E-4,4.26986070E-6
1.79640000E-4,1.81842369E-5
1.79680000E-4,3.95786612E-6
1.79720000E-4,2.90452529E-5
1.79760000E-4,2.77146483E-5
1.79800000E-4,3.90470561E-5
1.79840000E-4,-1.29329564E-5
1.79880000E-4,2.08980509E-5
1.79920000E-4,2.99186089E-5
1.79960000E-4,9.36800366E-6
1.80000000E-4,1.61094325E-5
1.80040000E-4,3.41032081E-5
1.80080000E-4,2.38470505E-5
1.80120000E-4,5.23842113E-5
1.80160000E-4,6.40679241E-5
1.80200000E-4,1.15826168E-5
1.80240000E-4,3.51267963E-5
1.80280000E-4,1.86823601E-5
1.80320000E-4,8.54415297E-6
1.80360000E-4,3.75785882E-5
1.80400000E-4,2.49024342E-5
1.80440000E-4,4.03219852E-5
1.80480000E-4,6.09647058E-5
1.80520000E-4,4.90840307E-5
1.80560000E-4,4.05993137E-5
1.80600000E-4,7.77547235E-6
1.80640000E-4,2.02153249E-5
1.80680000E-4,2.93505813E-5
1.80720000E-4,2.94860889E-5
1.80760000E-4,4.68322052E-5
1.80800000E-4,6.21032214E-5
1.80840000E-4,3.65936143E-5
1.80880000E-4,1.00370062E-5
1.80920000E-4,3.68014867E-5
1.80960000E-4,4.56050265E-5
1.81000000E-4,2.28746364E-5
1.81040000E-4,5.21904914E-5
1.81080000E-4,1.40815679E-5
1.81120000E-4,4.20205651E-5
1.81160000E-4,2.62282800E-5
1.81200000E-4,-8.20705167E-6
1.81240000E-4,1.22377052E-5
1.81280000E-4,6.83409003E-5
1.81320000E-4,1.77040046E-5
1.81360000E-4,2.86994220E-5
1.81400000E-4,3.16282323E-5
1.81440000E-4,2.69998598E-5
1.81480000E-4,5.22573726E-5
1.81520000E-4,6.12652849E-5
1.81560000E-4,3.47078948E-5
1.81600000E-4,4.11390839E-5
1.81640000E-4,2.22227332E-5
1.81680000E-4,1.45948640E-5
1.81720000E-4,4.28497659E-5
1.81760000E-4,1.62400191E-5
1.81800000E-4,5.54828520E-5
1.81840000E-4,3.84678515E-5
1.81880000E-4,5.24652816E-6
1.81920000E-4,4.69502510E-5
1.81960000E-4,1.70542186E-5
1.82000000E-4,8.20442761E-5
1.82040000E-4,5.69090529E-5
1.82080000E-4,4.13189850E-5
1.82120000E-4,5.39459103E-5
1.82160000E-4,8.77653591E-5
1.82200000E-4,9.56081754E-6
1.82240000E-4,2.01417299E-5
1.82280000E-4,4.28201352E-5
1.82320000E-4,4.73155369E-5
1.82360000E-4,2.33839557E-5
1.82400000E-4,2.62531614E-5
1.82440000E-4,5.34340065E-5
1.82480000E-4,2.12560698E-5
1.82520000E-4,3.37616114E-5
1.82560000E-4,3.85811861E-5
1.82600000E-4,4.56331981E-5
1.82640000E-4,4.58128131E-5
1.82680000E-4,4.69011940E-5
1.82720000E-4,3.21374468E-5
1.82760000E-4,3.58254486E-5
1.82800000E-4,5.91760800E-5
1.82840000E-4,1.97012277E-5
1.82880000E-4,1.57917334E-6
1.82920000E-4,8.77271057E-6
1.82960000E-4,2.96072723E-5
1.83000000E-4,2.18212077E-5
1.83040000E-4,3.62225205E-5
1.83080000E-4,3.02598908E-5
1.83120000E-4,1.64714187E-5
1.83160000E-4,5.17117946E-5
1.83200000E-4,5.27603691E-5
1.83240000E-4,7.35290701E-5
1.83280000E-4,4.17225323E-5
1.83320000E-4,2.17741915E-5
1.83360000E-4,3.02898838E-5
1.83400000E-4,2.95528732E-6
1.83440000E-4,2.06587263E-5
1.83480000E-4,-7.52331482E-6
1.83520000E-4,2.28057430E-5
1.83560000E-4,2.96632721E-5
1.83600000E-4,3.27343897E-5
1.83640000E-4,6.02691815E-5
1.83680000E-4,2.94624569E-5
1.83720000E-4,2.21133086E-5
1.83760000E-4,2.19150206E-5
1.83800000E-4,4.86656537E-5
1.83840000E-4,5.30241745E-5
1.83880000E-4,4.09359894E-5
1.83920000E-4,4.08936844E-5
1.83960000E-4,1.37061921E-5
1.84000000E-4,2.17447135E-5
1.84040000E-4,2.53924512E-5
1.84080000E-4,3.81895597E-5
1.84120000E-4,3.90444907E-5
1.84160000E-4,2.55302476E-5
1.84200000E-4,1.72702831E-5
1.84240000E-4,4.09700546E-5
1.84280000E-4,3.31413130E-5
1.84320000E-4,7.81591768E-6
1.84360000E-4,2.88753368E-5
1.84400000E-4,5.79621097E-5
1.84440000E-4,-3.48619183E-6
1.84480000E-4,1.67697280E-5
1.84520000E-4,3.92983611E-7
1.84560000E-4,4.97972074E-5
1.84600000E-4,-8.66593117E-6
1.84640000E-4,2.24439666E-5
1.84680000E-4,3.15492776E-5
1.84720000E-4,5.13895766E-5
1.84760000E-4,4.26924287E-5
1.84800000E-4,6.20101713E-5
1.84840000E-4,1.53668921E-5
1.84880000E-4,1.50691931E-5
1.84920000E-4,6.92029346E-6
1.84960000E-4,3.45789867E-5
1.85000000E-4,2.63347006E-5
1.85040000E-4,1.38479749E-5
1.85080000E-4,3.34158949E-5
1.85120000E-4,5.29223507E-5
1.85160000E-4,5.55800600E-5
1.85200000E-4,3.79089887E-5
1.85240000E-4,1.18066539E-5
1.85280000E-4,5.34102219E-5
1.85320000E-4,2.12334963E-5
1.85360000E-4,9.66488249E-6
1.85400000E-4,5.34549683E-5
1.85440000E-4,1.00778521E-5
1.85480000E-4,3.84675177E-5
1.85520000E-4,4.47530806E-5
1.85560000E-4,2.58631181E-5
1.85600000E-4,3.32605128E-5
1.85640000E-4,1.31297246E-5
1.85680000E-4,4.64520515E-5
1.85720000E-4,3.96181163E-5
1.85760000E-4,3.22774366E-5
1.85800000E-4,-3.42256268E-6
1.85840000E-4,-1.07638908E-5
1.85880000E-4,2.33129642E-5
1.85920000E-4,1.28461781E-5
1.85960000E-4,2.74254084E-5
1.86000000E-4,6.71737078E-5
1.86040000E-4,4.56469310E-5
1.86080000E-4,4.67666401E-5
1.86120000E-4,4.99025789E-5
1.86160000E-4,7.96535670E-5
1.86200000E-4,2.19188162E-5
1.86240000E-4,3.68619496E-5
1.86280000E-4,3.36824851E-5
1.86320000E-4,6.43388153E-5
1.86360000E-4,5.06498877E-5
1.86400000E-4,2.26041934E-5
1.86440000E-4,1.42681257E-5
1.86480000E-4,6.47758366E-5
1.86520000E-4,6.13277792E-5
1.86560000E-4,3.07693055E-5
1.86600000E-4,5.80663082E-5
1.86640000E-4,3.89167078E-5
1.86680000E-4,3.65783841E-5
1.86720000E-4,3.83162649E-5
1.86760000E-4,3.53151375E-5
1.86800000E-4,4.50365412E-5
1.86840000E-4,2.14902731E-5
1.86880000E-4,4.56987346E-5
1.86920000E-4,6.71281030E-5
1.86960000E-4,6.17856287E-5
1.87000000E-4,3.21151975E-5
1.87040000E-4,5.59169550E-5
1.87080000E-4,3.33894019E-5
1.87120000E-4,9.37342053E-6
1.87160000E-4,6.58605649E-5
1.87200000E-4,2.87506629E-5
1.87240000E-4,5.44709367E-5
1.87280000E-4,2.26184222E-5
1.87320000E-4,2.46682309E-5
1.87360000E-4,1.93387074E-5
1.87400000E-4,1.64187663E-5
1.87440000E-4,4.83953919E-5
1.87480000E-4,6.97247963E-5
1.87520000E-4,-5.33404084E-6
1.87560000E-4,4.46501982E-5
1.87600000E-4,2.54175233E-5
1.87640000E-4,5.31080597E-5
1.87680000E-4,5.20348804E-5
1.87720000E-4,1.60493987E-5
1.87760000E-4,6.41464306E-5
1.87800000E-4,2.09816595E-5
1.87840000E-4,4.32975923E-5
1.87880000E-4,4.29434358E-5
1.87920000E-4,4.04376945E-5
1.87960000E-4,5.03701750E-5
1.88000000E-4,6.39147354E-5
1.88040000E-4,1.23585358E-5
1.88080000E-4,2.28563640E-5
1.88120000E-4,5.19815414E-5
1.88160000E-4,2.18062827E-5
1.88200000E-4,3.18072847E-5
1.88240000E-4,2.58241891E-5
1.88280000E-4,2.91778709E-5
1.88320000E-4,9.76842292E-6
1.88360000E-4,7.45036681E-5
1.88400000E-4,1.31424752E-5
1.88440000E-4,4.61247775E-6
1.88480000E-4,2.43908356E-5
1.88520000E-4,1.20133152E-5
1.88560000E-4,4.95004049E-5
1.88600000E-4,4.40061151E-5
1.88640000E-4,1.19675293E-5
1.88680000E-4,4.37244093E-5
1.88720000E-4,4.38761102E-5
1.88760000E-4,2.42177628E-5
1.88800000E-4,4.56924689E-5
1.88840000E-4,3.83420332E-5
1.88880000E-4,1.43773977E-5
1.88920000E-4,3.37749343E-5
1.88960000E-4,5.44000215E-5
1.89000000E-4,3.90940531E-5
1.89040000E-4,5.27928799E-5
1.89080000E-4,4.01018104E-5
1.89120000E-4,6.88545875E-5
1.89160000E-4,2.52113198E-5
1.89200000E-4,1.92946191E-5
1.89240000E-4,5.48209733E-5
1.89280000E-4,5.75524017E-5
1.89320000E-4,3.45813899E-5
1.89360000E-4,1.84231323E-5
1.89400000E-4,4.40463411E-5
1.89440000E-4,3.91083106E-5
1.89480000E-4,5.09117953E-5
1.89520000E-4,3.46036773E-5
1.89560000E-4,5.04929415E-5
1.89600000E-4,4.90590349E-5
1.89640000E-4,5.54709501E-5
1.89680000E-4,2.66367388E-5
1.89720000E-4,4.91703763E-5
1.89760000E-4,3.73076970E-5
1.89800000E-4,1.91383977E-5
1.89840000E-4,6.81176531E-6
1.89880000E-4,6.64030244E-5
1.89920000E-4,1.82035202E-5
1.89960000E-4,3.21005777E-5
1.90000000E-4,3.12193349E-5
1.90040000E-4,4.01251945E-5
1.90080000E-4,-4.95556563E-6
1.90120000E-4,2.02962919E-5
1.90160000E-4,3.21376947E-5
1.90200000E-4,-9.88249543E-6
1.90240000E-4,1.48756925E-5
1.90280000E-4,1.95665784E-5
1.90320000E-4,3.94331607E-5
1.90360000E-4,1.66460174E-5
1.90400000E-4,4.63927425E-5
1.90440000E-4,9.99521622E-6
1.90480000E-4,3.22722200E-5
1.90520000E-4,2.80729915E-5
1.90560000E-4,5.67455264E-5
1.90600000E-4,4.77519192E-5
1.90640000E-4,1.40130178E-5
1.90680000E-4,6.22582220E-5
1.90720000E-4,4.46170485E-5
1.90760000E-4,3.48177009E-5
1.90800000E-4,1.57784407E-5
1.90840000E-4,5.81023475E-5
1.90880000E-4,3.22359136E-5
1.90920000E-4,2.43396233E-5
1.90960000E-4,3.63729436E-5
1.91000000E-4,5.19429176E-5
1.91040000E-4,-4.66531483E-6
1.91080000E-4,2.56193589E-5
1.91120000E-4,3.38873820E-5
1.91160000E-4,3.11307672E-5
1.91200000E-4,4.79767766E-5
1.91240000E-4,3.74221666E-5
1.91280000E-4,1.32490769E-5
1.91320000E-4,3.13993409E-5
1.91360000E-4,5.28932541E-5
1.91400000E-4,1.53528826E-5
1.91440000E-4,1.51082365E-5
1.91480000E-4,5.42797059E-5
1.91520000E-4,4.65309490E-5
1.91560000E-4,4.58358062E-5
1.91600000E-4,3.74561269E-5
1.91640000E-4,7.22089940E-5
1.91680000E-4,5.42329854E-5
1.91720000E-4,1.19761123E-5
1.91760000E-4,5.45606107E-5
1.91800000E-4,4.31465303E-5
1.91840000E-4,1.46080438E-5
1.91880000E-4,4.50001872E-5
1.91920000E-4,1.09819450E-5
1.91960000E-4,2.55370187E-5
1.92000000E-4,6.33443046E-5
1.92040000E-4,1.29658928E-5
1.92080000E-4,1.53300707E-5
1.92120000E-4,3.91850527E-5
1.92160000E-4,6.76195601E-5
1.92200000E-4,1.56462233E-5
1.92240000E-4,5.32759541E-5
1.92280000E-4,2.52720117E-5
1.92320000E-4,1.32136288E-5
1.92360000E-4,4.65003646E-5
1.92400000E-4,4.42016851E-5
1.92440000E-4,4.80193200E-5
1.92480000E-4,4.53161395E-5
1.92520000E-4,2.27793452E-5
1.92560000E-4,2.70327616E-5
1.92600000E-4,5.87674877E-5
1.92640000E-4,4.42439425E-5
1.92680000E-4,1.79422420E-5
1.92720000E-4,3.90508803E-5
1.92760000E-4,5.93483803E-5
1.92800000E-4,7.36671335E-5
1.92840000E-4,6.67023828E-5
1.92880000E-4,3.82684477E-5
1.92920000E-4,2.29420230E-5
1.92960000E-4,8.00880133E-5
1.93000000E-4,4.45468867E-5
1.93040000E-4,2.36154507E-5
1.93080000E-4,4.93945089E-5
1.93120000E-4,2.70809698E-5
1.93160000E-4,7.72884545E-5
1.93200000E-4,3.39226775E-5
1.93240000E-4,2.90128089E-5
1.93280000E-4,4.61914886E-5
1.93320000E-4,3.23363832E-5
1.93360000E-4,3.72483880E-5
1.93400000E-4,1.00016726E-5
1.93440000E-4,4.21845399E-5
1.93480000E-4,6.23140311E-5
1.93520000E-4,6.25245356E-5
1.93560000E-4,4.62927307E-5
1.93600000E-4,2.36071823E-5
1.93640000E-4,2.78128195E-5
1.93680000E-4,3.35603766E-5
1.93720000E-4,1.47516195E-5
1.93760000E-4,3.98000010E-5
1.93800000E-4,5.07645003E-5
1.93840000E-4,6.38688922E-5
1.93880000E-4,7.75937432E-6
1.93920000E-4,3.67107827E-5
1.93960000E-4,2.02658983E-5
1.94000000E-4,3.65226323E-5
1.94040000E-4,8.16847694E-5
1.94080000E-4,4.46220934E-5
1.94120000E-4,3.72431714E-5
1.94160000E-4,2.00622888E-5
1.94200000E-4,2.54409265E-5
1.94240000E-4,3.04708531E-5
1.94280000E-4,3.24024443E-5
1.94320000E-4,3.80395468E-5
1.94360000E-4,5.33329838E-5
1.94400000E-4,4.81164994E-5
1.94440000E-4,3.81529959E-5
1.94480000E-4,2.07879301E-5
1.94520000E-4,2.31138751E-5
1.94560000E-4,4.98648802E-5
1.94600000E-4,3.45145183E-5
1.94640000E-4,3.72364099E-5
1.94680000E-4,-9.82064011E-6
1.94720000E-4,1.01052321E-5
1.94760000E-4,1.93239255E-5
1.94800000E-4,1.46472398E-5
1.94840000E-4,4.03935203E-5
1.94880000E-4,2.33655975E-5
1.94920000E-4,1.02660121E-5
1.94960000E-4,4.81443738E-6
1.95000000E-4,9.29997806E-6
1.95040000E-4,2.76617003E-5
1.95080000E-4,2.98977043E-5
1.95120000E-4,3.22206739E-5
1.95160000E-4,4.13975296E-5
1.95200000E-4,4.34158002E-5
1.95240000E-4,2.83974029E-5
1.95280000E-4,6.95622615E-5
1.95320000E-4,8.14526912E-6
1.95360000E-4,6.69563638E-6
1.95400000E-4,2.02357145E-5
1.95440000E-4,2.38958691E-5
1.95480000E-4,1.14895381E-5
1.95520000E-4,9.62684996E-6
1.95560000E-4,7.85958643E-6
1.95600000E-4,2.89675380E-5
1.95640000E-4,2.74536849E-5
1.95680000E-4,2.17300730E-6
1.95720000E-4,3.11937001E-5
1.95760000E-4,1.11392329E-6
1.95800000E-4,3.72186906E-5
1.95840000E-4,3.55208736E-5
1.95880000E-4,-1.03628326E-5
1.95920000E-4,2.07304315E-6
1.95960000E-4,-4.35252871E-6
1.96000000E-4,3.04928830E-5
1.96040000E-4,4.20397530E-5
1.96080000E-4,1.87894181E-6
1.96120000E-4,2.75023127E-5
1.96160000E-4,3.29274992E-5
1.96200000E-4,-1.68211250E-5
1.96240000E-4,2.24245387E-6
1.96280000E-4,9.66034300E-6
1.96320000E-4,3.47041183E-5
1.96360000E-4,4.57938159E-5
1.96400000E-4,1.20849552E-5
1.96440000E-4,3.01817276E-5
1.96480000E-4,2.40542362E-5
1.96520000E-4,1.33325234E-5
1.96560000E-4,9.50786000E-6
1.96600000E-4,5.07632987E-5
1.96640000E-4,5.37469643E-5
1.96680000E-4,1.57904761E-5
1.96720000E-4,2.97365334E-5
1.96760000E-4,4.25282807E-6
1.96800000E-4,3.05055668E-5
1.96840000E-4,2.48692273E-5
1.96880000E-4,3.45397621E-5
1.96920000E-4,3.20360902E-5
1.96960000E-4,2.57568216E-5
1.97000000E-4,9.17672518E-6
1.97040000E-4,2.55238294E-5
1.97080000E-4,3.94092711E-5
1.97120000E-4,5.17196243E-5
1.97160000E-4,5.58560343E-5
1.97200000E-4,2.23570392E-5
1.97240000E-4,3.65124947E-5
1.97280000E-4,2.72682238E-5
1.97320000E-4,5.03114096E-5
1.97360000E-4,3.80395563E-5
1.97400000E-4,4.71989502E-5
1.97440000E-4,7.13757783E-5
1.97480000E-4,3.62185341E-5
1.97520000E-4,5.42651338E-5
1.97560000E-4,7.13653832E-5
1.97600000E-4,4.62790073E-5
1.97640000E-4,4.21966324E-5
1.97680000E-4,1.14161624E-5
1.97720000E-4,3.90299662E-5
1.97760000E-4,1.44621603E-5
1.97800000E-4,1.42298452E-5
1.97840000E-4,2.81863833E-5
1.97880000E-4,1.69330734E-5
1.97920000E-4,3.95145377E-5
1.97960000E-4,1.05224074E-5
1.98000000E-4,2.68350649E-5
1.98040000E-4,4.71122120E-6
1.98080000E-4,2.90371086E-5
1.98120000E-4,4.57249511E-5
1.98160000E-4,3.64323765E-5
1.98200000E-4,1.55182196E-6
1.98240000E-4,1.57206862E-5
1.98280000E-4,-4.13036073E-6
1.98320000E-4,2.14105936E-5
1.98360000E-4,2.97480633E-5
1.98400000E-4,1.92291573E-6
1.98440000E-4,2.07058760E-5
1.98480000E-4,2.83874656E-5
1.98520000E-4,3.65251023E-5
1.98560000E-4,1.34771100E-5
1.98600000E-4,1.78247684E-5
1.98640000E-4,5.07865778E-5
1.98680000E-4,1.33991376E-5
1.98720000E-4,3.12860253E-5
1.98760000E-4,4.73063648E-7
1.98800000E-4,8.29533932E-6
1.98840000E-4,2.50879144E-5
1.98880000E-4,5.79095432E-5
1.98920000E-4,3.40274100E-5
1.98960000E-4,3.42753272E-5
1.99000000E-4,3.82093008E-5
1.99040000E-4,2.11073919E-5
1.99080000E-4,5.07627741E-5
1.99120000E-4,2.15919444E-5
1.99160000E-4,2.32004116E-5
1.99200000E-4,1.78236717E-5
1.99240000E-4,1.51681559E-5
1.99280000E-4,6.41547657E-5
1.99320000E-4,3.09540894E-5
1.99360000E-4,4.36176836E-5
1.99400000E-4,3.43085914E-5
1.99440000E-4,5.11087767E-5
1.99480000E-4,7.70468110E-6
1.99520000E-4,3.43344646E-5
1.99560000E-4,3.22493128E-5
1.99600000E-4,3.93487796E-5
1.99640000E-4,1.44161931E-5
1.99680000E-4,2.44921063E-5
1.99720000E-4,2.72434950E-5
1.99760000E-4,8.14056751E-6
1.99800000E-4,4.85086312E-5
1.99840000E-4,-2.76577461E-5
1.99880000E-4,4.99178266E-6
1.99920000E-4,6.40897155E-5
1.99960000E-4,3.20202402E-5
2.00000000E-4,3.55181938E-5
2.00040000E-4,3.34175829E-5
2.00080000E-4,3.37823634E-5
2.00120000E-4,1.03128470E-5
2.00160000E-4,1.57512038E-5
2.00200000E-4,1.14140262E-5
2.00240000E-4,1.84854821E-6
2.00280000E-4,4.00881538E-5
2.00320000E-4,3.73592813E-5
2.00360000E-4,4.02354678E-5
2.00400000E-4,1.11945308E-7
2.00440000E-4,3.64405591E-5
2.00480000E-4,3.71971566E-5
2.00520000E-4,2.48493050E-5
2.00560000E-4,3.21570543E-5
2.00600000E-4,5.67798014E-5
2.00640000E-4,1.05922450E-5
2.00680000E-4,3.07075265E-5
2.00720000E-4,4.29929109E-6
2.00760000E-4,3.07380345E-5
2.00800000E-4,1.24465218E-5
2.00840000E-4,5.89044067E-5
2.00880000E-4,2.52513741E-5
2.00920000E-4,1.69638770E-5
2.00960000E-4,2.68074274E-5
2.01000000E-4,2.39837692E-5
2.01040000E-4,-4.33206286E-6
2.01080000E-4,4.33199464E-5
2.01120000E-4,4.28974591E-5
2.01160000E-4,2.81172229E-5
2.01200000E-4,-1.72150322E-6
2.01240000E-4,4.49269473E-7
2.01280000E-4,3.08264020E-5
2.01320000E-4,1.13762226E-5
2.01360000E-4,5.81867191E-5
2.01400000E-4,2.51800107E-5
2.01440000E-4,-1.35808161E-5
2.01480000E-4,3.08960393E-5
2.01520000E-4,1.42975179E-5
2.01560000E-4,3.52244335E-5
2.01600000E-4,2.89776756E-5
2.01640000E-4,2.10503622E-5
2.01680000E-4,1.81195873E-5
2.01720000E-4,8.98249032E-6
2.01760000E-4,2.43377636E-5
2.01800000E-4,3.04772904E-5
2.01840000E-4,3.42127853E-5
2.01880000E-4,1.40193692E-5
2.01920000E-4,1.13846530E-5
2.01960000E-4,3.23788217E-5
2.02000000E-4,1.26871720E-5
2.02040000E-4,7.85930986E-6
2.02080000E-4,1.12743415E-5
2.02120000E-4,1.31415677E-6
2.02160000E-4,1.44856874E-5
2.02200000E-4,1.02662409E-5
2.02240000E-4,3.06779053E-5
2.02280000E-4,-3.37099750E-6
2.02320000E-4,1.53273146E-5
2.02360000E-4,-7.42318054E-7
2.02400000E-4,2.15262648E-5
2.02440000E-4,5.52798051E-5
2.02480000E-4,-1.53488425E-5
2.02520000E-4,2.10363909E-5
2.02560000E-4,5.80945846E-5
2.02600000E-4,2.58502530E-5
2.02640000E-4,1.74645275E-5
2.02680000E-4,1.40567437E-5
2.02720000E-4,2.36950157E-5
2.02760000E-4,1.14623775E-5
2.02800000E-4,2.09832426E-5
2.02840000E-4,4.31565534E-5
2.02880000E-4,-5.60995944E-7
2.02920000E-4,3.03348782E-5
2.02960000E-4,1.84929127E-5
2.03000000E-4,3.10899308E-5
2.03040000E-4,2.62039327E-5
2.03080000E-4,2.64499521E-5
2.03120000E-4,1.02761401E-5
2.03160000E-4,3.29180960E-5
2.03200000E-4,8.92571809E-6
2.03240000E-4,5.79886600E-5
2.03280000E-4,9.48109036E-6
2.03320000E-4,5.68908187E-5
2.03360000E-4,2.58334112E-5
2.03400000E-4,4.06325588E-5
2.03440000E-4,3.79474123E-5
2.03480000E-4,7.56359466E-5
2.03520000E-4,1.28007244E-6
2.03560000E-4,2.96552025E-6
2.03600000E-4,5.11962954E-5
2.03640000E-4,4.86734357E-5
2.03680000E-4,3.21267275E-5
2.03720000E-4,4.91624418E-5
2.03760000E-4,3.22485403E-5
2.03800000E-4,3.50474792E-5
2.03840000E-4,2.17748019E-5
2.03880000E-4,4.11444721E-5
2.03920000E-4,-9.81099045E-7
2.03960000E-4,3.92865618E-5
2.04000000E-4,1.59893935E-5
2.04040000E-4,6.22541880E-5
2.04080000E-4,-1.25038808E-6
2.04120000E-4,2.47433613E-5
2.04160000E-4,5.15517013E-5
2.04200000E-4,2.92936374E-5
2.04240000E-4,4.99601046E-5
2.04280000E-4,3.79501589E-5
2.04320000E-4,2.42470120E-5
2.04360000E-4,-5.05844802E-6
2.04400000E-4,1.47352640E-5
2.04440000E-4,1.91031689E-5
2.04480000E-4,3.92579516E-5
2.04520000E-4,5.42626065E-5
2.04560000E-4,1.19201317E-5
2.04600000E-4,1.84651608E-5
2.04640000E-4,5.72319098E-5
2.04680000E-4,3.24183325E-5
2.04720000E-4,3.75847871E-5
2.04760000E-4,3.99142322E-5
2.04800000E-4,5.91741726E-5
2.04840000E-4,3.47845321E-5
2.04880000E-4,3.36885028E-5
2.04920000E-4,1.57007639E-5
2.04960000E-4,4.24163781E-5
2.05000000E-4,2.99609997E-5
2.05040000E-4,2.35793445E-5
2.05080000E-4,1.73264736E-5
2.05120000E-4,6.02542565E-5
2.05160000E-4,4.15957413E-5
2.05200000E-4,2.01066442E-5
2.05240000E-4,3.48911052E-5
2.05280000E-4,1.33974385E-6
2.05320000E-4,-1.24594548E-7
2.05360000E-4,2.68984461E-5
2.05400000E-4,1.61968749E-5
2.05440000E-4,2.68125963E-5
2.05480000E-4,3.14708379E-5
2.05520000E-4,3.50086837E-5
2.05560000E-4,1.71822112E-5
2.05600000E-4,3.06404164E-5
2.05640000E-4,2.98995449E-5
2.05680000E-4,1.76917022E-5
2.05720000E-4,3.16876176E-5
2.05760000E-4,3.44805579E-5
2.05800000E-4,6.40598640E-6
2.05840000E-4,5.61313601E-5
2.05880000E-4,4.74345650E-5
2.05920000E-4,3.59528786E-5
2.05960000E-4,6.92090587E-5
2.06000000E-4,3.10216477E-5
2.06040000E-4,2.06963201E-5
2.06080000E-4,1.17267933E-5
2.06120000E-4,1.03829611E-5
2.06160000E-4,5.07378069E-5
2.06200000E-4,-1.31436803E-5
2.06240000E-4,1.00488318E-5
2.06280000E-4,3.00579979E-5
2.06320000E-4,3.13074449E-5
2.06360000E-4,4.43875643E-6
2.06400000E-4,1.95077462E-5
2.06440000E-4,1.77539772E-5
2.06480000E-4,2.27055785E-5
2.06520000E-4,2.24618274E-6
2.06560000E-4,-1.86255166E-6
2.06600000E-4,2.67270613E-5
2.06640000E-4,2.84164573E-5
2.06680000E-4,2.16019484E-5
2.06720000E-4,5.44172448E-5
2.06760000E-4,3.93063506E-5
2.06800000E-4,4.17857323E-5
2.06840000E-4,4.44448912E-5
2.06880000E-4,4.77187600E-5
2.06920000E-4,3.71058995E-5
2.06960000E-4,5.54558916E-5
2.07000000E-4,8.85798447E-5
2.07040000E-4,6.02386163E-5
2.07080000E-4,5.93762562E-5
2.07120000E-4,3.89512213E-5
2.07160000E-4,7.74613080E-5
2.07200000E-4,1.42200128E-5
2.07240000E-4,2.77823878E-5
2.07280000E-4,7.94266974E-5
2.07320000E-4,5.98181508E-5
2.07360000E-4,3.65672166E-5
2.07400000E-4,2.19825217E-5
2.07440000E-4,7.12844544E-5
2.07480000E-4,4.53918517E-5
2.07520000E-4,2.72897005E-5
2.07560000E-4,6.76089075E-5
2.07600000E-4,4.93167081E-5
2.07640000E-4,6.01046346E-5
2.07680000E-4,5.57837076E-5
2.07720000E-4,5.23003261E-5
2.07760000E-4,3.05055478E-5
2.07800000E-4,3.25919107E-5
2.07840000E-4,7.29097730E-5
2.07880000E-4,2.89125396E-5
2.07920000E-4,8.02976008E-6
2.07960000E-4,4.89360776E-5
2.08000000E-4,3.32402281E-5
2.08040000E-4,-6.99619992E-6
2.08080000E-4,6.01632665E-5
2.08120000E-4,2.99772789E-5
2.08160000E-4,7.39685614E-5
2.08200000E-4,7.52522071E-5
2.08240000E-4,4.42172682E-5
2.08280000E-4,5.80405304E-5
2.08320000E-4,3.51665073E-5
2.08360000E-4,3.30985121E-5
2.08400000E-4,4.56268943E-5
2.08440000E-4,3.85933455E-5
2.08480000E-4,3.39444022E-5
2.08520000E-4,5.41531152E-5
2.08560000E-4,5.22966831E-5
2.08600000E-4,4.36493456E-5
2.08640000E-4,3.37283187E-5
2.08680000E-4,5.31445091E-5
2.08720000E-4,6.30472732E-5
2.08760000E-4,3.70017678E-5
2.08800000E-4,4.91279664E-5
2.08840000E-4,3.11863568E-5
2.08880000E-4,4.07943020E-5
2.08920000E-4,3.17065576E-5
2.08960000E-4,2.11501738E-5
2.09000000E-4,3.81242330E-5
2.09040000E-4,2.90798904E-5
2.09080000E-4,7.32748873E-5
2.09120000E-4,2.09406610E-5
2.09160000E-4,2.59980535E-5
2.09200000E-4,2.79123355E-5
2.09240000E-4,3.79166277E-5
2.09280000E-4,2.53389024E-5
2.09320000E-4,2.62600469E-5
2.09360000E-4,8.53683272E-5
2.09400000E-4,6.83238391E-5
2.09440000E-4,2.67099905E-5
2.09480000E-4,5.09402053E-5
2.09520000E-4,7.04176502E-5
2.09560000E-4,4.55594027E-5
2.09600000E-4,5.09614627E-5
2.09640000E-4,4.87539258E-5
2.09680000E-4,1.90071435E-5
2.09720000E-4,3.03751805E-5
2.09760000E-4,5.67933913E-5
2.09800000E-4,4.14181099E-5
2.09840000E-4,4.63028778E-5
2.09880000E-4,3.74215562E-5
2.09920000E-4,5.29328030E-5
2.09960000E-4,6.25477862E-5
2.10000000E-4,2.40607689E-5
2.10040000E-4,4.70443596E-5
2.10080000E-4,7.29202539E-5
2.10120000E-4,8.61481849E-5
2.10160000E-4,3.83293398E-5
2.10200000E-4,3.70189340E-5
2.10240000E-4,4.64470638E-5
2.10280000E-4,5.99485562E-5
2.10320000E-4,4.08547554E-5
2.10360000E-4,5.51773996E-5
2.10400000E-4,4.56925071E-5
2.10440000E-4,4.90051713E-5
2.10480000E-4,3.93586978E-5
2.10520000E-4,4.42814219E-5
2.10560000E-4,3.40839248E-5
2.10600000E-4,5.13829581E-5
2.10640000E-4,3.24652532E-5
2.10680000E-4,6.40229965E-5
2.10720000E-4,3.11997655E-5
2.10760000E-4,4.58612121E-5
2.10800000E-4,2.54797410E-5
2.10840000E-4,9.79114898E-6
2.10880000E-4,3.80406912E-5
2.10920000E-4,5.66730185E-5
2.10960000E-4,3.49849277E-5
2.11000000E-4,2.94953396E-5
2.11040000E-4,7.01806431E-5
2.11080000E-4,4.04038486E-5
2.11120000E-4,7.41449053E-5
2.11160000E-4,5.42200440E-5
2.11200000E-4,4.76038327E-5
2.11240000E-4,4.57010615E-5
2.11280000E-4,4.29762994E-5
2.11320000E-4,6.31514335E-5
2.11360000E-4,5.83332035E-5
2.11400000E-4,5.64720507E-5
2.11440000E-4,5.23501270E-5
2.11480000E-4,6.46868301E-5
2.11520000E-4,5.09294001E-5
2.11560000E-4,4.96866003E-5
2.11600000E-4,2.88530303E-5
2.11640000E-4,4.26676618E-5
2.11680000E-4,3.54863983E-5
2.11720000E-4,6.66705968E-5
2.11760000E-4,5.91258404E-5
2.11800000E-4,7.28288347E-5
2.11840000E-4,4.42436087E-5
2.11880000E-4,8.02403533E-5
2.11920000E-4,3.89629801E-5
2.11960000E-4,3.45479923E-5
2.12000000E-4,4.65700782E-5
2.12040000E-4,6.06011556E-5
2.12080000E-4,2.74459792E-5
2.12120000E-4,5.53349657E-5
2.12160000E-4,6.62031343E-5
2.12200000E-4,2.54748773E-5
2.12240000E-4,5.65879794E-5
2.12280000E-4,5.59958429E-5
2.12320000E-4,3.75125558E-5
2.12360000E-4,3.97542151E-5
2.12400000E-4,2.81113101E-5
2.12440000E-4,7.28282625E-5
2.12480000E-4,2.55581521E-5
2.12520000E-4,1.22326984E-5
2.12560000E-4,6.52964951E-5
2.12600000E-4,4.19230423E-5
2.12640000E-4,4.79362835E-5
2.12680000E-4,4.68893875E-5
2.12720000E-4,5.74680015E-5
2.12760000E-4,6.16744398E-5
2.12800000E-4,6.83751181E-5
2.12840000E-4,4.88776555E-5
2.12880000E-4,2.65343237E-5
2.12920000E-4,2.91029216E-5
2.12960000E-4,3.56149632E-5
2.13000000E-4,4.97125212E-5
2.13040000E-4,3.65198476E-5
2.13080000E-4,4.62485660E-5
2.13120000E-4,4.99324179E-6
2.13160000E-4,6.20102572E-5
2.13200000E-4,4.56358493E-5
2.13240000E-4,4.03702983E-5
2.13280000E-4,3.53771454E-5
2.13320000E-4,6.40425087E-5
2.13360000E-4,4.91832319E-5
2.13400000E-4,1.85407109E-5
2.13440000E-4,6.77479819E-5
2.13480000E-4,4.15924893E-5
2.13520000E-4,3.16526941E-5
2.13560000E-4,3.77287824E-5
2.13600000E-4,4.87085977E-5
2.13640000E-4,5.04414717E-5
2.13680000E-4,3.49961048E-5
2.13720000E-4,3.66314275E-5
2.13760000E-4,5.31736820E-5
2.13800000E-4,1.04465808E-5
2.13840000E-4,3.08631184E-5
2.13880000E-4,7.23486883E-5
2.13920000E-4,4.62156547E-5
2.13960000E-4,3.46617561E-5
2.14000000E-4,4.39971029E-5
2.14040000E-4,6.52400757E-5
2.14080000E-4,6.04038499E-5
2.14120000E-4,4.79367699E-5
2.14160000E-4,1.76470131E-5
2.14200000E-4,1.58294337E-5
2.14240000E-4,2.70561552E-5
2.14280000E-4,7.99194228E-5
2.14320000E-4,3.67759282E-5
2.14360000E-4,2.63273000E-5
2.14400000E-4,3.70390374E-5
2.14440000E-4,3.77267416E-5
2.14480000E-4,3.76086004E-5
2.14520000E-4,4.67915691E-5
2.14560000E-4,1.18273773E-5
2.14600000E-4,5.05288187E-5
2.14640000E-4,4.81960835E-5
2.14680000E-4,5.70472785E-5
2.14720000E-4,7.81785856E-5
2.14760000E-4,3.30132918E-5
2.14800000E-4,6.51557805E-5
2.14840000E-4,3.62676388E-5
2.14880000E-4,5.22852295E-5
2.14920000E-4,3.85995443E-5
2.14960000E-4,3.74695070E-5
2.15000000E-4,5.59277029E-5
2.15040000E-4,4.14491520E-5
2.15080000E-4,1.22350254E-5
2.15120000E-4,3.60923439E-5
2.15160000E-4,4.46552622E-5
2.15200000E-4,2.35799167E-5
2.15240000E-4,2.99670746E-5
2.15280000E-4,3.75096948E-5
2.15320000E-4,5.00763670E-5
2.15360000E-4,1.26993218E-5
2.15400000E-4,4.95014730E-5
2.15440000E-4,7.75979218E-5
2.15480000E-4,5.30244225E-5
2.15520000E-4,2.69044924E-5
2.15560000E-4,3.19785074E-5
2.15600000E-4,2.65980291E-5
2.15640000E-4,2.59495019E-5
2.15680000E-4,3.25952581E-5
2.15720000E-4,4.37616026E-5
2.15760000E-4,2.22564074E-5
2.15800000E-4,1.83641190E-5
2.15840000E-4,5.77509265E-6
2.15880000E-4,4.42988646E-5
2.15920000E-4,1.70605033E-5
2.15960000E-4,4.42982637E-5
2.16000000E-4,3.69187028E-5
2.16040000E-4,7.43942912E-5
2.16080000E-4,2.14452978E-5
2.16120000E-4,1.96867509E-5
2.16160000E-4,6.31422210E-5
2.16200000E-4,1.43704645E-5
2.16240000E-4,8.17064083E-5
2.16280000E-4,5.14204089E-5
2.16320000E-4,6.21093153E-5
2.16360000E-4,3.38725619E-5
2.16400000E-4,5.45722360E-5
2.16440000E-4,4.78787961E-5
2.16480000E-4,5.63042899E-5
2.16520000E-4,3.66468007E-5
2.16560000E-4,4.99465815E-5
2.16600000E-4,4.24835645E-5
2.16640000E-4,4.25098477E-5
2.16680000E-4,5.44803876E-5
2.16720000E-4,3.09797337E-5
2.16760000E-4,5.27044552E-5
2.16800000E-4,5.36349648E-5
2.16840000E-4,3.34982543E-5
2.16880000E-4,3.80819757E-5
2.16920000E-4,8.81359284E-5
2.16960000E-4,2.95746662E-5
2.17000000E-4,5.27576702E-5
2.17040000E-4,4.30520688E-5
2.17080000E-4,3.04595330E-5
2.17120000E-4,2.93343593E-5
2.17160000E-4,4.69375576E-5
2.17200000E-4,2.19289443E-5
2.17240000E-4,3.91097601E-5
2.17280000E-4,4.43875563E-5
2.17320000E-4,4.89068094E-5
2.17360000E-4,4.53517020E-5
2.17400000E-4,2.49933289E-5
2.17440000E-4,3.88838728E-5
2.17480000E-4,1.67135566E-5
2.17520000E-4,3.95960864E-5
2.17560000E-4,2.82610942E-5
2.17600000E-4,5.40017766E-5
2.17640000E-4,6.02376531E-5
2.17680000E-4,3.43316417E-5
2.17720000E-4,1.63097995E-5
2.17760000E-4,4.41114294E-5
2.17800000E-4,4.34321462E-5
2.17840000E-4,5.47963590E-5
2.17880000E-4,1.69644492E-5
2.17920000E-4,5.54570074E-5
2.17960000E-4,3.85336741E-5
2.18000000E-4,3.65552289E-5
2.18040000E-4,6.64891984E-5
2.18080000E-4,4.09345493E-5
2.18120000E-4,2.91535045E-5
2.18160000E-4,6.62402608E-5
2.18200000E-4,1.28066769E-5
2.18240000E-4,3.31042246E-5
2.18280000E-4,4.55636275E-5
2.18320000E-4,7.15162640E-5
2.18360000E-4,7.16456300E-5
2.18400000E-4,5.36754101E-5
2.18440000E-4,6.56596528E-6
2.18480000E-4,2.94229461E-5
2.18520000E-4,5.39313000E-5
2.18560000E-4,3.57814938E-5
2.18600000E-4,1.05434264E-5
2.18640000E-4,3.45212226E-5
2.18680000E-4,2.28128669E-5
2.18720000E-4,5.29766911E-5
2.18760000E-4,1.83564228E-5
2.18800000E-4,3.64105660E-5
2.18840000E-4,2.21142241E-5
2.18880000E-4,4.77125039E-5
2.18920000E-4,3.59962803E-5
2.18960000E-4,3.62006814E-5
2.19000000E-4,3.80219896E-5
2.19040000E-4,4.61322177E-5
2.19080000E-4,7.48177989E-5
2.19120000E-4,3.17315820E-5
2.19160000E-4,6.63163450E-5
2.19200000E-4,3.18088392E-5
2.19240000E-4,5.57751627E-5
2.19280000E-4,4.89074102E-5
2.19320000E-4,2.94195320E-5
2.19360000E-4,1.60665839E-5
2.19400000E-4,7.20844918E-5
2.19440000E-4,2.58569097E-5
2.19480000E-4,3.52303367E-5
2.19520000E-4,6.11730074E-5
2.19560000E-4,3.52217155E-5
2.19600000E-4,5.28579491E-5
2.19640000E-4,2.90159751E-5
2.19680000E-4,6.29049086E-5
2.19720000E-4,4.83897843E-5
2.19760000E-4,4.47665846E-5
2.19800000E-4,3.08766702E-5
2.19840000E-4,4.18504296E-5
2.19880000E-4,4.56179202E-5
2.19920000E-4,1.93994088E-5
2.19960000E-4,7.10451870E-5
2.20000000E-4,3.23065523E-5
2.20040000E-4,3.63750512E-5
2.20080000E-4,2.04101034E-5
2.20120000E-4,1.01854361E-5
2.20160000E-4,5.53750868E-5
2.20200000E-4,3.21931413E-5
2.20240000E-4,8.57973456E-6
2.20280000E-4,3.24812273E-5
2.20320000E-4,4.19861565E-5
2.20360000E-4,4.33216630E-5
2.20400000E-4,3.14504579E-5
2.20440000E-4,6.80816996E-6
2.20480000E-4,3.23492769E-5
2.20520000E-4,3.30204443E-5
2.20560000E-4,8.02091952E-6
2.20600000E-4,6.18632197E-5
2.20640000E-4,5.59874888E-5
2.20680000E-4,7.63870606E-5
2.20720000E-4,2.21397921E-5
2.20760000E-4,4.25459538E-5
2.20800000E-4,2.99030449E-5
2.20840000E-4,1.48172228E-5
2.20880000E-4,2.58595991E-5
2.20920000E-4,3.38913207E-5
2.20960000E-4,2.57226609E-5
2.21000000E-4,3.03011563E-5
2.21040000E-4,3.74160535E-5
2.21080000E-4,7.11279263E-6
2.21120000E-4,2.62487840E-5
2.21160000E-4,4.97112242E-5
2.21200000E-4,4.09637413E-5
2.21240000E-4,3.31439356E-5
2.21280000E-4,9.23922900E-6
2.21320000E-4,6.02935384E-5
2.21360000E-4,4.64432300E-5
2.21400000E-4,2.79372168E-5
2.21440000E-4,2.84590198E-5
2.21480000E-4,3.49882274E-5
2.21520000E-4,4.38972151E-5
2.21560000E-4,5.85426590E-5
2.21600000E-4,5.38159913E-5
2.21640000E-4,3.23450521E-5
2.21680000E-4,4.95170084E-5
2.21720000E-4,1.11934699E-5
2.21760000E-4,6.41411377E-5
2.21800000E-4,3.89328059E-5
2.21840000E-4,5.97951863E-5
2.21880000E-4,4.33558427E-5
2.21920000E-4,3.89411314E-5
2.21960000E-4,8.72300140E-5
2.22000000E-4,8.50249647E-6
2.22040000E-4,6.19828390E-5
2.22080000E-4,4.85549703E-5
2.22120000E-4,2.33208320E-5
2.22160000E-4,4.00245246E-5
2.22200000E-4,4.75806488E-5
2.22240000E-4,1.56131594E-5
2.22280000E-4,3.84567316E-5
2.22320000E-4,3.36663489E-5
2.22360000E-4,5.12401740E-5
2.22400000E-4,4.31699907E-5
2.22440000E-4,3.10986760E-5
2.22480000E-4,4.45286905E-5
2.22520000E-4,5.47450322E-5
2.22560000E-4,1.44595853E-5
2.22600000E-4,6.19752287E-5
2.22640000E-4,2.91283275E-5
2.22680000E-4,4.47098601E-5
2.22720000E-4,3.28300814E-5
2.22760000E-4,7.05684834E-5
2.22800000E-4,4.36046468E-5
2.22840000E-4,1.69809860E-5
2.22880000E-4,3.33998255E-5
2.22920000E-4,1.67446559E-5
2.22960000E-4,4.26481114E-5
2.23000000E-4,5.35729855E-5
2.23040000E-4,4.19392548E-5
2.23080000E-4,1.09895648E-5
2.23120000E-4,5.17985694E-5
2.23160000E-4,4.40644037E-5
2.23200000E-4,3.68701894E-5
2.23240000E-4,4.54161799E-5
2.23280000E-4,2.00733705E-5
2.23320000E-4,3.81709822E-5
2.23360000E-4,5.17740028E-5
2.23400000E-4,4.50535739E-5
2.23440000E-4,3.16647962E-5
2.23480000E-4,4.45770514E-5
2.23520000E-4,6.64686467E-5
2.23560000E-4,5.22276466E-5
2.23600000E-4,5.55193872E-5
2.23640000E-4,4.39679491E-5
2.23680000E-4,3.29921393E-5
2.23720000E-4,2.68442011E-5
2.23760000E-4,6.04455445E-5
2.23800000E-4,6.35056186E-5
2.23840000E-4,4.48097670E-5
2.23880000E-4,3.68092782E-5
2.23920000E-4,2.06355520E-5
2.23960000E-4,3.66255719E-5
2.24000000E-4,6.55927254E-5
2.24040000E-4,4.26443540E-5
2.24080000E-4,8.24654782E-7
2.24120000E-4,2.35107181E-5
2.24160000E-4,4.16013489E-5
2.24200000E-4,4.09922752E-5
2.24240000E-4,2.66557074E-5
2.24280000E-4,2.33906410E-5
2.24320000E-4,3.50096660E-5
2.24360000E-4,3.32342009E-5
2.24400000E-4,4.70936932E-5
2.24440000E-4,3.49629169E-5
2.24480000E-4,4.19322644E-5
2.24520000E-4,1.40300695E-5
2.24560000E-4,5.43295640E-5
2.24600000E-4,2.46868466E-5
2.24640000E-4,4.35200273E-5
2.24680000E-4,2.80453048E-6
2.24720000E-4,5.16122501E-5
2.24760000E-4,6.81737139E-7
2.24800000E-4,1.58507006E-5
2.24840000E-4,2.63610029E-5
2.24880000E-4,1.73366111E-5
2.24920000E-4,6.01589368E-5
2.24960000E-4,5.34026974E-5
2.25000000E-4,3.80515917E-5
2.25040000E-4,4.66867779E-6
2.25080000E-4,6.16416319E-6
2.25120000E-4,3.00102665E-5
2.25160000E-4,2.12773462E-5
2.25200000E-4,4.54721702E-5
2.25240000E-4,2.74454165E-5
2.25280000E-4,8.63326430E-6
2.25320000E-4,7.89035402E-5
2.25360000E-4,2.93281986E-5
2.25400000E-4,7.09202160E-6
2.25440000E-4,1.69097274E-5
2.25480000E-4,1.33042756E-5
2.25520000E-4,2.18897959E-5
