-1.43600000E-5,1.24811402E-5
-1.43200000E-5,2.16871020E-5
-1.42800000E-5,2.13606688E-5
-1.42400000E-5,4.45314276E-5
-1.42000000E-5,5.37253541E-5
-1.41600000E-5,2.43092297E-5
-1.41200000E-5,2.38175056E-5
-1.40800000E-5,3.34412722E-5
-1.40400000E-5,5.67646285E-5
-1.40000000E-5,1.95296044E-5
-1.39600000E-5,4.85573258E-5
-1.39200000E-5,4.46605360E-5
-1.38800000E-5,3.77969320E-5
-1.38400000E-5,3.66153676E-5
-1.38000000E-5,2.01349397E-5
-1.37600000E-5,-5.07200927E-6
-1.37200000E-5,5.58493490E-5
-1.36800000E-5,3.84530123E-5
-1.36400000E-5,6.93194751E-5
-1.36000000E-5,2.19089839E-5
-1.35600000E-5,6.59116055E-5
-1.35200000E-5,3.95871505E-5
-1.34800000E-5,3.33226374E-7
-1.34400000E-5,-1.31294324E-5
-1.34000000E-5,7.56855282E-5
-1.33600000E-5,2.39661072E-5
-1.33200000E-5,6.57699929E-6
-1.32800000E-5,2.68813562E-5
-1.32400000E-5,8.12148845E-5
-1.32000000E-5,1.91933961E-5
-1.31600000E-5,1.21167126E-5
-1.31200000E-5,4.22149144E-5
-1.30800000E-5,2.62258196E-5
-1.30400000E-5,2.03846498E-5
-1.30000000E-5,6.17597937E-5
-1.29600000E-5,3.12982133E-5
-1.29200000E-5,2.41987084E-5
-1.28800000E-5,3.60636956E-5
-1.28400000E-5,5.56603212E-5
-1.28000000E-5,4.18553681E-6
-1.27600000E-5,4.66489853E-5
-1.27200000E-5,3.30428271E-5
-1.26800000E-5,2.14703032E-5
-1.26400000E-5,5.14336936E-5
-1.26000000E-5,-2.38100324E-5
-1.25600000E-5,2.51310109E-5
-1.25200000E-5,-2.81770599E-5
-1.24800000E-5,4.18970452E-5
-1.24400000E-5,2.51666306E-5
-1.24000000E-5,1.60084097E-5
-1.23600000E-5,2.00630136E-5
-1.23200000E-5,2.62778902E-5
-1.22800000E-5,4.67607464E-5
-1.22400000E-5,2.00106950E-5
-1.22000000E-5,3.30547957E-5
-1.21600000E-5,3.27049975E-5
-1.21200000E-5,2.68392038E-5
-1.20800000E-5,1.12613033E-6
-1.20400000E-5,2.46255349E-5
-1.20000000E-5,1.77162880E-5
-1.19600000E-5,6.18507170E-5
-1.19200000E-5,-1.90043527E-5
-1.18800000E-5,9.83232864E-6
-1.18400000E-5,2.29810378E-5
-1.18000000E-5,5.27704971E-5
-1.17600000E-5,1.62933581E-5
-1.17200000E-5,2.57936525E-5
-1.16800000E-5,3.13694432E-5
-1.16400000E-5,2.48526620E-5
-1.16000000E-5,3.17387727E-5
-1.15600000E-5,4.61296142E-5
-1.15200000E-5,2.19495532E-5
-1.14800000E-5,3.83472498E-5
-1.14400000E-5,1.19581928E-5
-1.14000000E-5,2.71535635E-5
-1.13600000E-5,4.52950919E-5
-1.13200000E-5,3.71415288E-5
-1.12800000E-5,3.39480643E-5
-1.12400000E-5,3.12282884E-6
-1.12000000E-5,3.50677353E-5
-1.11600000E-5,4.03870448E-5
-1.11200000E-5,1.26623669E-5
-1.10800000E-5,9.48689671E-7
-1.10400000E-5,3.96717605E-5
-1.10000000E-5,3.22559408E-5
-1.09600000E-5,2.80869628E-5
-1.09200000E-5,6.68337610E-5
-1.08800000E-5,3.20367960E-5
-1.08400000E-5,5.22065418E-5
-1.08000000E-5,6.52717377E-5
-1.07600000E-5,2.95565559E-5
-1.07200000E-5,4.31178342E-5
-1.06800000E-5,1.51609365E-5
-1.06400000E-5,-8.47562545E-6
-1.06000000E-5,3.51423221E-5
-1.05600000E-5,5.06077544E-5
-1.05200000E-5,2.32814739E-5
-1.04800000E-5,5.95265729E-6
-1.04400000E-5,1.62139743E-5
-1.04000000E-5,3.13845002E-6
-1.03600000E-5,-9.47986364E-6
-1.03200000E-5,2.72772074E-5
-1.02800000E-5,3.16186479E-5
-1.02400000E-5,2.82994891E-5
-1.02000000E-5,7.11838116E-6
-1.01600000E-5,5.39121598E-5
-1.01200000E-5,2.11120459E-5
-1.00800000E-5,2.10194918E-5
-1.00400000E-5,2.98780300E-5
-1.00000000E-5,6.06645368E-5
-9.96000000E-6,1.99022718E-5
-9.92000000E-6,2.02718969E-5
-9.88000000E-6,2.60372591E-5
-9.84000000E-6,4.84133305E-5
-9.80000000E-6,5.99569772E-5
-9.76000000E-6,1.74887985E-5
-9.72000000E-6,5.35373848E-5
-9.68000000E-6,3.01238777E-5
-9.64000000E-6,6.13152845E-6
-9.60000000E-6,9.64873526E-7
-9.56000000E-6,3.40207725E-5
-9.52000000E-6,3.70189912E-5
-9.48000000E-6,5.14813296E-5
-9.44000000E-6,2.98089268E-5
-9.40000000E-6,5.36373776E-5
-9.36000000E-6,4.57949985E-5
-9.32000000E-6,2.38112114E-5
-9.28000000E-6,-4.51496807E-6
-9.24000000E-6,1.44877759E-5
-9.20000000E-6,3.13940957E-5
-9.16000000E-6,4.61033500E-5
-9.12000000E-6,6.09394414E-6
-9.08000000E-6,4.90047612E-5
-9.04000000E-6,8.30545796E-5
-9.00000000E-6,3.09731820E-5
-8.96000000E-6,2.55963277E-5
-8.92000000E-6,2.67306948E-5
-8.88000000E-6,1.55919115E-5
-8.84000000E-6,3.08164361E-5
-8.80000000E-6,7.04751663E-5
-8.76000000E-6,9.26054950E-5
-8.72000000E-6,3.91811904E-5
-8.68000000E-6,5.62006350E-5
-8.64000000E-6,2.98386528E-5
-8.60000000E-6,3.85756071E-5
-8.56000000E-6,4.39075529E-5
-8.52000000E-6,3.75694997E-5
-8.48000000E-6,3.57020336E-5
-8.44000000E-6,5.22630088E-5
-8.40000000E-6,6.48972775E-5
-8.36000000E-6,7.38912470E-5
-8.32000000E-6,3.67141873E-5
-8.28000000E-6,2.62996626E-5
-8.24000000E-6,2.92748691E-5
-8.20000000E-6,1.91059727E-5
-8.16000000E-6,3.60775429E-5
-8.12000000E-6,5.02777449E-5
-8.08000000E-6,4.21422921E-5
-8.04000000E-6,3.68288571E-5
-8.00000000E-6,1.42410127E-5
-7.96000000E-6,3.01330426E-5
-7.92000000E-6,1.30192509E-5
-7.88000000E-6,2.56706952E-5
-7.84000000E-6,6.65970781E-5
-7.80000000E-6,2.92726566E-5
-7.76000000E-6,1.91611523E-5
-7.72000000E-6,5.61026259E-5
-7.68000000E-6,3.49910694E-5
-7.64000000E-6,8.80583470E-5
-7.60000000E-6,1.78039593E-5
-7.56000000E-6,3.16339448E-5
-7.52000000E-6,2.09041925E-5
-7.48000000E-6,3.51874595E-5
-7.44000000E-6,2.74032641E-5
-7.40000000E-6,3.69150502E-5
-7.36000000E-6,3.12882188E-5
-7.32000000E-6,2.04770704E-5
-7.28000000E-6,2.90273525E-5
-7.24000000E-6,4.75772633E-5
-7.20000000E-6,4.58548892E-5
-7.16000000E-6,3.64535290E-5
-7.12000000E-6,1.11879577E-5
-7.08000000E-6,6.73059156E-5
-7.04000000E-6,4.31231080E-5
-7.00000000E-6,4.96906153E-5
-6.96000000E-6,3.96774348E-5
-6.92000000E-6,2.33292339E-5
-6.88000000E-6,2.77022124E-5
-6.84000000E-6,3.78519876E-5
-6.80000000E-6,4.79115819E-6
-6.76000000E-6,3.35936980E-5
-6.72000000E-6,2.06125112E-5
-6.68000000E-6,3.72564084E-5
-6.64000000E-6,2.72318602E-5
-6.60000000E-6,2.48997353E-5
-6.56000000E-6,-4.67289654E-6
-6.52000000E-6,2.13339945E-5
-6.48000000E-6,2.81660987E-5
-6.44000000E-6,5.45032758E-5
-6.40000000E-6,4.96719518E-5
-6.36000000E-6,2.60999822E-5
-6.32000000E-6,3.56310612E-5
-6.28000000E-6,4.55987132E-5
-6.24000000E-6,2.42629956E-5
-6.20000000E-6,5.05455271E-5
-6.16000000E-6,6.61072900E-5
-6.12000000E-6,5.61675997E-5
-6.08000000E-6,9.15915850E-6
-6.04000000E-6,2.50349091E-5
-6.00000000E-6,4.15239868E-5
-5.96000000E-6,2.51810883E-5
-5.92000000E-6,3.96753844E-5
-5.88000000E-6,2.94369747E-5
-5.84000000E-6,2.48784970E-5
-5.80000000E-6,3.41294246E-5
-5.76000000E-6,2.19654128E-5
-5.72000000E-6,8.11424610E-6
-5.68000000E-6,2.01920457E-5
-5.64000000E-6,3.94857558E-5
-5.60000000E-6,7.17592603E-5
-5.56000000E-6,2.52890538E-5
-5.52000000E-6,3.06126931E-5
-5.48000000E-6,4.56396831E-5
-5.44000000E-6,2.93436958E-5
-5.40000000E-6,7.63968819E-6
-5.36000000E-6,7.09751492E-5
-5.32000000E-6,9.35864063E-5
-5.28000000E-6,3.58228451E-5
-5.24000000E-6,2.41749127E-6
-5.20000000E-6,8.24886692E-5
-5.16000000E-6,3.48457962E-5
-5.12000000E-6,5.41504830E-5
-5.08000000E-6,-2.41048528E-6
-5.04000000E-6,6.43557621E-5
-5.00000000E-6,4.63788665E-5
-4.96000000E-6,3.18717054E-5
-4.92000000E-6,2.99497273E-5
-4.88000000E-6,1.77158397E-5
-4.84000000E-6,1.57140200E-5
-4.80000000E-6,5.77755519E-5
-4.76000000E-6,3.15235284E-5
-4.72000000E-6,1.11752738E-5
-4.68000000E-6,2.26444194E-5
-4.64000000E-6,3.19351915E-5
-4.60000000E-6,4.89799562E-5
-4.56000000E-6,5.09574954E-5
-4.52000000E-6,4.47530901E-5
-4.48000000E-6,4.22620831E-5
-4.44000000E-6,2.48651360E-5
-4.40000000E-6,4.71724762E-5
-4.36000000E-6,1.73255390E-5
-4.32000000E-6,4.23555909E-5
-4.28000000E-6,2.75779295E-5
-4.24000000E-6,4.83413663E-5
-4.20000000E-6,3.21226457E-5
-4.16000000E-6,2.46136425E-5
-4.12000000E-6,3.05521729E-5
-4.08000000E-6,4.94741121E-5
-4.04000000E-6,1.40065232E-5
-4.00000000E-6,4.17827950E-5
-3.96000000E-6,2.61656141E-5
-3.92000000E-6,2.34577511E-5
-3.88000000E-6,4.85739865E-5
-3.84000000E-6,1.94879479E-5
-3.80000000E-6,1.61732428E-5
-3.76000000E-6,4.65496887E-5
-3.72000000E-6,3.03248646E-5
-3.68000000E-6,-1.13120533E-5
-3.64000000E-6,3.10896161E-5
-3.60000000E-6,1.65550082E-5
-3.56000000E-6,2.72874594E-5
-3.52000000E-6,6.28256186E-6
-3.48000000E-6,1.50973741E-5
-3.44000000E-6,5.08352248E-5
-3.40000000E-6,2.14075705E-5
-3.36000000E-6,2.81365920E-5
-3.32000000E-6,3.85152205E-5
-3.28000000E-6,5.52261991E-5
-3.24000000E-6,1.92977757E-5
-3.20000000E-6,2.23685214E-5
-3.16000000E-6,2.20355269E-5
-3.12000000E-6,4.12814007E-5
-3.08000000E-6,1.46996061E-5
-3.04000000E-6,5.52049799E-5
-3.00000000E-6,3.07396558E-5
-2.96000000E-6,1.40616552E-5
-2.92000000E-6,3.33927779E-5
-2.88000000E-6,4.68283237E-5
-2.84000000E-6,3.89030608E-5
-2.80000000E-6,3.70478208E-5
-2.76000000E-6,-1.46437354E-6
-2.72000000E-6,7.94293757E-6
-2.68000000E-6,2.27185294E-5
-2.64000000E-6,7.92183672E-5
-2.60000000E-6,4.97109762E-5
-2.56000000E-6,1.40081445E-5
-2.52000000E-6,2.79558993E-5
-2.48000000E-6,3.47887092E-5
-2.44000000E-6,4.08549080E-5
-2.40000000E-6,6.18033575E-5
-2.36000000E-6,2.59375047E-5
-2.32000000E-6,6.11537431E-5
-2.28000000E-6,4.07030544E-5
-2.24000000E-6,6.14670442E-5
-2.20000000E-6,4.91008058E-5
-2.16000000E-6,8.58366370E-6
-2.12000000E-6,4.30677949E-5
-2.08000000E-6,1.04245986E-5
-2.04000000E-6,4.45045801E-6
-2.00000000E-6,2.88009311E-5
-1.96000000E-6,1.12031879E-5
-1.92000000E-6,4.34407293E-5
-1.88000000E-6,5.78577205E-5
-1.84000000E-6,3.22790006E-5
-1.80000000E-6,5.08199851E-5
-1.76000000E-6,6.38711429E-5
-1.72000000E-6,2.39912460E-5
-1.68000000E-6,2.28367946E-5
-1.64000000E-6,3.33130507E-5
-1.60000000E-6,2.75479270E-5
-1.56000000E-6,-3.05945268E-7
-1.52000000E-6,1.83905167E-5
-1.48000000E-6,2.04683252E-5
-1.44000000E-6,1.17171802E-5
-1.40000000E-6,3.06610634E-5
-1.36000000E-6,2.18283412E-5
-1.32000000E-6,2.92802669E-5
-1.28000000E-6,1.57519953E-5
-1.24000000E-6,-9.89792588E-6
-1.20000000E-6,1.03492869E-5
-1.16000000E-6,1.45080797E-5
-1.12000000E-6,4.70398201E-5
-1.08000000E-6,6.70931318E-5
-1.04000000E-6,1.08246173E-5
-1.00000000E-6,4.14213333E-5
-9.60000000E-7,9.61173422E-6
-9.20000000E-7,6.34681201E-5
-8.80000000E-7,1.16693725E-5
-8.40000000E-7,2.07578798E-5
-8.00000000E-7,4.19135914E-5
-7.60000000E-7,5.53754682E-5
-7.20000000E-7,3.36367087E-5
-6.80000000E-7,1.73987430E-5
-6.40000000E-7,2.62537908E-5
-6.00000000E-7,5.41101998E-5
-5.60000000E-7,7.14066701E-7
-5.20000000E-7,5.61388083E-5
-4.80000000E-7,4.89904847E-5
-4.40000000E-7,2.96286728E-5
-4.00000000E-7,8.23017475E-6
-3.60000000E-7,4.71567215E-5
-3.20000000E-7,4.83543839E-5
-2.80000000E-7,3.41727309E-5
-2.40000000E-7,2.57350873E-5
-2.00000000E-7,2.64057111E-5
-1.60000000E-7,6.87964992E-5
-1.20000000E-7,3.61961895E-5
-8.00000000E-8,8.14648029E-6
-4.00000000E-8,4.45792544E-5
0.00000000E+0,3.45793395E-5
4.00000000E-8,3.09256795E-5
8.00000000E-8,1.52427237E-5
1.20000000E-7,2.15927439E-6
1.60000000E-7,1.08903827E-5
2.00000000E-7,2.49231766E-5
2.40000000E-7,6.62400224E-5
2.80000000E-7,1.86386055E-5
3.20000000E-7,2.11557146E-5
3.60000000E-7,-1.63173385E-6
4.00000000E-7,-2.17462047E-5
4.40000000E-7,3.68605287E-5
4.80000000E-7,-3.21446601E-5
5.20000000E-7,-3.22478858E-5
5.60000000E-7,-1.14911999E-4
6.00000000E-7,-1.21920190E-4
6.40000000E-7,-5.07030681E-5
6.80000000E-7,-1.27842346E-4
7.20000000E-7,-1.18635783E-4
7.60000000E-7,-1.10877985E-4
8.00000000E-7,-2.39941209E-4
8.40000000E-7,-2.51530546E-4
8.80000000E-7,-1.36126801E-4
9.20000000E-7,-2.59737696E-4
9.60000000E-7,-2.59080109E-4
1.00000000E-6,-2.06044627E-4
1.04000000E-6,-3.23267497E-4
1.08000000E-6,-3.13364829E-4
1.12000000E-6,-3.13658141E-4
1.16000000E-6,-2.91394946E-4
1.20000000E-6,-2.69582096E-4
1.24000000E-6,-3.28036136E-4
1.28000000E-6,-3.89759391E-4
1.32000000E-6,-3.61805135E-4
1.36000000E-6,-4.65425033E-4
1.40000000E-6,-3.81135696E-4
1.44000000E-6,-4.99107505E-4
1.48000000E-6,-4.00383248E-4
1.52000000E-6,-4.77644758E-4
1.56000000E-6,-4.91118909E-4
1.60000000E-6,-5.78485018E-4
1.64000000E-6,-5.22582915E-4
1.68000000E-6,-5.57837062E-4
1.72000000E-6,-5.83745744E-4
1.76000000E-6,-5.54209132E-4
1.80000000E-6,-5.74864155E-4
1.84000000E-6,-5.53935914E-4
1.88000000E-6,-5.78236205E-4
1.92000000E-6,-5.27149995E-4
1.96000000E-6,-6.57642166E-4
2.00000000E-6,-6.76943620E-4
2.04000000E-6,-6.65829747E-4
2.08000000E-6,-6.94325719E-4
2.12000000E-6,-7.89524575E-4
2.16000000E-6,-6.57077295E-4
2.20000000E-6,-8.47103191E-4
2.24000000E-6,-6.89543490E-4
2.28000000E-6,-7.20622155E-4
2.32000000E-6,-7.00401168E-4
2.36000000E-6,-7.35315444E-4
2.40000000E-6,-8.24391645E-4
2.44000000E-6,-7.68381414E-4
2.48000000E-6,-7.97534811E-4
2.52000000E-6,-7.40207403E-4
2.56000000E-6,-6.71790393E-4
2.60000000E-6,-9.62042459E-4
2.64000000E-6,-9.48450691E-4
2.68000000E-6,-9.51605694E-4
2.72000000E-6,-9.21133986E-4
2.76000000E-6,-7.80203105E-4
2.80000000E-6,-9.18393240E-4
2.84000000E-6,-9.26347895E-4
2.88000000E-6,-9.02419738E-4
2.92000000E-6,-1.08182677E-3
2.96000000E-6,-9.46257612E-4
3.00000000E-6,-1.02730668E-3
3.04000000E-6,-1.08817390E-3
3.08000000E-6,-1.06665961E-3
3.12000000E-6,-1.19148909E-3
3.16000000E-6,-1.06815035E-3
3.20000000E-6,-9.93260656E-4
3.24000000E-6,-1.09547421E-3
3.28000000E-6,-1.08306049E-3
3.32000000E-6,-1.09037104E-3
3.36000000E-6,-1.16933085E-3
3.40000000E-6,-1.23504744E-3
3.44000000E-6,-1.07735316E-3
3.48000000E-6,-9.70422977E-4
3.52000000E-6,-1.08680766E-3
3.56000000E-6,-1.14939458E-3
3.60000000E-6,-1.18771126E-3
3.64000000E-6,-1.22803326E-3
3.68000000E-6,-1.22285764E-3
3.72000000E-6,-1.16667781E-3
3.76000000E-6,-1.25988930E-3
3.80000000E-6,-1.08444624E-3
3.84000000E-6,-1.26185856E-3
3.88000000E-6,-1.39021092E-3
3.92000000E-6,-1.36626805E-3
3.96000000E-6,-1.26452643E-3
4.00000000E-6,-1.36124231E-3
4.04000000E-6,-1.24617987E-3
4.08000000E-6,-1.29347159E-3
4.12000000E-6,-1.20927023E-3
4.16000000E-6,-1.39798935E-3
4.20000000E-6,-1.18747829E-3
4.24000000E-6,-1.38971883E-3
4.28000000E-6,-1.20562748E-3
4.32000000E-6,-1.47505828E-3
4.36000000E-6,-1.47522661E-3
4.40000000E-6,-1.50923158E-3
4.44000000E-6,-1.30255906E-3
4.48000000E-6,-1.31137174E-3
4.52000000E-6,-1.53745727E-3
4.56000000E-6,-1.40769911E-3
4.60000000E-6,-1.42695961E-3
4.64000000E-6,-1.46587515E-3
4.68000000E-6,-1.43465698E-3
4.72000000E-6,-1.48481862E-3
4.76000000E-6,-1.52393168E-3
4.80000000E-6,-1.54776666E-3
4.84000000E-6,-1.58335188E-3
4.88000000E-6,-1.64263007E-3
4.92000000E-6,-1.65369254E-3
4.96000000E-6,-1.69140626E-3
5.00000000E-6,-1.64575480E-3
5.04000000E-6,-1.54450491E-3
5.08000000E-6,-1.55574613E-3
5.12000000E-6,-1.51778578E-3
5.16000000E-6,-1.58693139E-3
5.20000000E-6,-1.54137762E-3
5.24000000E-6,-1.67240393E-3
5.28000000E-6,-1.60161036E-3
5.32000000E-6,-1.57027625E-3
5.36000000E-6,-1.77263733E-3
5.40000000E-6,-1.51154416E-3
5.44000000E-6,-1.76289128E-3
5.48000000E-6,-1.69122047E-3
5.52000000E-6,-1.76119877E-3
5.56000000E-6,-1.65473635E-3
5.60000000E-6,-1.87608053E-3
5.64000000E-6,-1.69392346E-3
5.68000000E-6,-1.88799369E-3
5.72000000E-6,-1.92038186E-3
5.76000000E-6,-1.63896062E-3
5.80000000E-6,-1.77331992E-3
5.84000000E-6,-1.82945554E-3
5.88000000E-6,-1.60637818E-3
5.92000000E-6,-1.84466556E-3
5.96000000E-6,-1.87254066E-3
6.00000000E-6,-1.90096780E-3
6.04000000E-6,-1.84311160E-3
6.08000000E-6,-1.76819349E-3
6.12000000E-6,-1.85880916E-3
6.16000000E-6,-1.84417067E-3
6.20000000E-6,-1.71006595E-3
6.24000000E-6,-1.91291409E-3
6.28000000E-6,-1.92017209E-3
6.32000000E-6,-1.81492795E-3
6.36000000E-6,-1.93190649E-3
6.40000000E-6,-1.85596435E-3
6.44000000E-6,-2.03476417E-3
6.48000000E-6,-2.02975237E-3
6.52000000E-6,-1.89508627E-3
6.56000000E-6,-1.91911179E-3
6.60000000E-6,-2.18763821E-3
6.64000000E-6,-2.02727380E-3
6.68000000E-6,-1.78974309E-3
6.72000000E-6,-1.84545461E-3
6.76000000E-6,-1.98308829E-3
6.80000000E-6,-1.94794044E-3
6.84000000E-6,-1.93181592E-3
6.88000000E-6,-1.89512856E-3
6.92000000E-6,-2.13302551E-3
6.96000000E-6,-2.09438325E-3
7.00000000E-6,-2.16928627E-3
7.04000000E-6,-2.07393750E-3
7.08000000E-6,-2.03046751E-3
7.12000000E-6,-2.15405235E-3
7.16000000E-6,-2.10933150E-3
7.20000000E-6,-2.20509878E-3
7.24000000E-6,-2.29977570E-3
7.28000000E-6,-1.95532634E-3
7.32000000E-6,-2.16790613E-3
7.36000000E-6,-2.18683635E-3
7.40000000E-6,-2.09760014E-3
7.44000000E-6,-2.09386385E-3
7.48000000E-6,-2.00429864E-3
7.52000000E-6,-2.10705515E-3
7.56000000E-6,-2.27693431E-3
7.60000000E-6,-2.36350788E-3
7.64000000E-6,-2.12142139E-3
7.68000000E-6,-2.31332556E-3
7.72000000E-6,-2.24781801E-3
7.76000000E-6,-2.07223586E-3
7.80000000E-6,-2.11450069E-3
7.84000000E-6,-2.23836388E-3
7.88000000E-6,-2.17635479E-3
7.92000000E-6,-2.41997870E-3
7.96000000E-6,-2.42432913E-3
8.00000000E-6,-2.14328242E-3
8.04000000E-6,-2.31252405E-3
8.08000000E-6,-2.39184667E-3
8.12000000E-6,-2.13361275E-3
8.16000000E-6,-2.05699247E-3
8.20000000E-6,-2.51861043E-3
8.24000000E-6,-2.21703126E-3
8.28000000E-6,-2.27419956E-3
8.32000000E-6,-2.44726532E-3
8.36000000E-6,-2.38572070E-3
8.40000000E-6,-2.59871278E-3
8.44000000E-6,-2.54671260E-3
8.48000000E-6,-2.31922612E-3
8.52000000E-6,-2.54660908E-3
8.56000000E-6,-2.38587205E-3
8.60000000E-6,-2.30798938E-3
8.64000000E-6,-2.32367755E-3
8.68000000E-6,-2.48567550E-3
8.72000000E-6,-2.31778364E-3
8.76000000E-6,-2.46646258E-3
8.80000000E-6,-2.32495929E-3
8.84000000E-6,-2.46067553E-3
8.88000000E-6,-2.39629046E-3
8.92000000E-6,-2.59613830E-3
8.96000000E-6,-2.32344908E-3
9.00000000E-6,-2.32978964E-3
9.04000000E-6,-2.38871492E-3
9.08000000E-6,-2.55806135E-3
9.12000000E-6,-2.62199713E-3
9.16000000E-6,-2.31918522E-3
9.20000000E-6,-2.49134443E-3
9.24000000E-6,-2.66163719E-3
9.28000000E-6,-2.73557746E-3
9.32000000E-6,-2.49710470E-3
9.36000000E-6,-2.41943079E-3
9.40000000E-6,-2.49397219E-3
9.44000000E-6,-2.63169504E-3
9.48000000E-6,-2.50165853E-3
9.52000000E-6,-2.68269863E-3
9.56000000E-6,-2.72686892E-3
9.60000000E-6,-2.55639024E-3
9.64000000E-6,-2.70192638E-3
9.68000000E-6,-2.60373614E-3
9.72000000E-6,-2.60262801E-3
9.76000000E-6,-2.48194465E-3
9.80000000E-6,-2.64995228E-3
9.84000000E-6,-2.64297932E-3
9.88000000E-6,-2.50745477E-3
9.92000000E-6,-2.67748706E-3
9.96000000E-6,-2.67550111E-3
1.00000000E-5,-2.72243161E-3
1.00400000E-5,-2.62597768E-3
1.00800000E-5,-2.82465972E-3
1.01200000E-5,-2.65889840E-3
1.01600000E-5,-2.71349793E-3
1.02000000E-5,-2.59469309E-3
1.02400000E-5,-2.58978029E-3
1.02800000E-5,-2.82100918E-3
1.03200000E-5,-2.77728333E-3
1.03600000E-5,-2.52199042E-3
1.04000000E-5,-2.83633693E-3
1.04400000E-5,-2.70853701E-3
1.04800000E-5,-2.98474646E-3
1.05200000E-5,-2.62346435E-3
1.05600000E-5,-2.72067472E-3
1.06000000E-5,-2.63761179E-3
1.06400000E-5,-2.88164892E-3
1.06800000E-5,-2.60491491E-3
1.07200000E-5,-2.72299511E-3
1.07600000E-5,-2.94222450E-3
1.08000000E-5,-2.77667302E-3
1.08400000E-5,-2.89264775E-3
1.08800000E-5,-3.01044413E-3
1.09200000E-5,-2.74939483E-3
1.09600000E-5,-2.60722343E-3
1.10000000E-5,-2.68066576E-3
1.10400000E-5,-2.82704195E-3
1.10800000E-5,-2.76178720E-3
1.11200000E-5,-2.76687694E-3
1.11600000E-5,-2.82880797E-3
1.12000000E-5,-2.80659551E-3
1.12400000E-5,-2.81955836E-3
1.12800000E-5,-2.90474626E-3
1.13200000E-5,-2.83877687E-3
1.13600000E-5,-2.83891678E-3
1.14000000E-5,-2.63586977E-3
1.14400000E-5,-3.02290715E-3
1.14800000E-5,-2.97504443E-3
1.15200000E-5,-2.99737734E-3
1.15600000E-5,-2.84907773E-3
1.16000000E-5,-3.01511542E-3
1.16400000E-5,-3.10336677E-3
1.16800000E-5,-2.74189680E-3
1.17200000E-5,-2.89554170E-3
1.17600000E-5,-3.09820027E-3
1.18000000E-5,-3.14123452E-3
1.18400000E-5,-2.98876422E-3
1.18800000E-5,-2.94964505E-3
1.19200000E-5,-2.64877034E-3
1.19600000E-5,-2.73461277E-3
1.20000000E-5,-2.99399220E-3
1.20400000E-5,-3.00765168E-3
1.20800000E-5,-3.05393227E-3
1.21200000E-5,-2.88048209E-3
1.21600000E-5,-2.98151496E-3
1.22000000E-5,-3.15408570E-3
1.22400000E-5,-2.86604688E-3
1.22800000E-5,-3.17148057E-3
1.23200000E-5,-3.02478493E-3
1.23600000E-5,-2.85749131E-3
1.24000000E-5,-3.16657194E-3
1.24400000E-5,-3.17881662E-3
1.24800000E-5,-2.99564391E-3
1.25200000E-5,-3.17284550E-3
1.25600000E-5,-3.10309189E-3
1.26000000E-5,-3.17642312E-3
1.26400000E-5,-3.06410167E-3
1.26800000E-5,-2.90511104E-3
1.27200000E-5,-3.12905804E-3
1.27600000E-5,-2.90598396E-3
1.28000000E-5,-2.85522165E-3
1.28400000E-5,-2.99821278E-3
1.28800000E-5,-3.09814536E-3
1.29200000E-5,-3.04526181E-3
1.29600000E-5,-2.94864806E-3
1.30000000E-5,-3.06377787E-3
1.30400000E-5,-3.11200313E-3
1.30800000E-5,-3.21060928E-3
1.31200000E-5,-3.01505496E-3
1.31600000E-5,-2.99804209E-3
1.32000000E-5,-3.05537393E-3
1.32400000E-5,-2.97201548E-3
1.32800000E-5,-3.10892067E-3
1.33200000E-5,-3.03615198E-3
1.33600000E-5,-3.04310981E-3
1.34000000E-5,-3.23293712E-3
1.34400000E-5,-3.05677345E-3
1.34800000E-5,-3.08008283E-3
1.35200000E-5,-3.19270160E-3
1.35600000E-5,-3.01095167E-3
1.36000000E-5,-3.36904225E-3
1.36400000E-5,-3.22553914E-3
1.36800000E-5,-3.25813219E-3
1.37200000E-5,-3.13696345E-3
1.37600000E-5,-3.03424203E-3
1.38000000E-5,-3.17336733E-3
1.38400000E-5,-3.20038393E-3
1.38800000E-5,-2.99521771E-3
1.39200000E-5,-2.96100301E-3
1.39600000E-5,-3.18490917E-3
1.40000000E-5,-3.10056590E-3
1.40400000E-5,-3.17024504E-3
1.40800000E-5,-3.26830425E-3
1.41200000E-5,-3.18520329E-3
1.41600000E-5,-3.06209658E-3
1.42000000E-5,-3.29494260E-3
1.42400000E-5,-3.49968042E-3
1.42800000E-5,-3.22091060E-3
1.43200000E-5,-3.23259091E-3
1.43600000E-5,-3.26387000E-3
1.44000000E-5,-3.48187858E-3
1.44400000E-5,-3.20098133E-3
1.44800000E-5,-3.19891044E-3
1.45200000E-5,-3.10322743E-3
1.45600000E-5,-3.36340445E-3
1.46000000E-5,-3.30508421E-3
1.46400000E-5,-3.19477309E-3
1.46800000E-5,-3.23328974E-3
1.47200000E-5,-3.17364863E-3
1.47600000E-5,-3.28053183E-3
1.48000000E-5,-3.40848056E-3
1.48400000E-5,-3.17166093E-3
1.48800000E-5,-3.36123124E-3
1.49200000E-5,-3.06332398E-3
1.49600000E-5,-3.25879449E-3
1.50000000E-5,-3.09507340E-3
1.50400000E-5,-3.49398169E-3
1.50800000E-5,-3.43559077E-3
1.51200000E-5,-3.16808226E-3
1.51600000E-5,-3.11453481E-3
1.52000000E-5,-3.31862391E-3
1.52400000E-5,-3.10910053E-3
1.52800000E-5,-3.28098775E-3
1.53200000E-5,-3.27740117E-3
1.53600000E-5,-3.36000456E-3
1.54000000E-5,-3.27767466E-3
1.54400000E-5,-3.07828281E-3
1.54800000E-5,-3.38447401E-3
1.55200000E-5,-3.36309601E-3
1.55600000E-5,-3.28714894E-3
1.56000000E-5,-3.51091297E-3
1.56400000E-5,-3.35585005E-3
1.56800000E-5,-3.16244510E-3
1.57200000E-5,-3.39069454E-3
1.57600000E-5,-3.22356250E-3
1.58000000E-5,-3.49278960E-3
1.58400000E-5,-3.31543258E-3
1.58800000E-5,-3.09633027E-3
1.59200000E-5,-3.31968764E-3
1.59600000E-5,-3.31426675E-3
1.60000000E-5,-3.41659897E-3
1.60400000E-5,-3.38197654E-3
1.60800000E-5,-3.46152835E-3
1.61200000E-5,-3.43195475E-3
1.61600000E-5,-3.29321892E-3
1.62000000E-5,-3.35655973E-3
1.62400000E-5,-3.33462300E-3
1.62800000E-5,-3.27664611E-3
1.63200000E-5,-3.32982070E-3
1.63600000E-5,-3.41438608E-3
1.64000000E-5,-3.12890640E-3
1.64400000E-5,-3.24219001E-3
1.64800000E-5,-3.43604049E-3
1.65200000E-5,-3.34926828E-3
1.65600000E-5,-3.29053485E-3
1.66000000E-5,-3.55236822E-3
1.66400000E-5,-3.66173777E-3
1.66800000E-5,-3.42773525E-3
1.67200000E-5,-3.52536710E-3
1.67600000E-5,-3.25407573E-3
1.68000000E-5,-3.42103058E-3
1.68400000E-5,-3.40380334E-3
1.68800000E-5,-3.41480308E-3
1.69200000E-5,-3.41239098E-3
1.69600000E-5,-3.48651365E-3
1.70000000E-5,-3.36593623E-3
1.70400000E-5,-3.64407828E-3
1.70800000E-5,-3.36668717E-3
1.71200000E-5,-3.39611142E-3
1.71600000E-5,-3.30383198E-3
1.72000000E-5,-3.52911578E-3
1.72400000E-5,-3.63489405E-3
1.72800000E-5,-3.45750925E-3
1.73200000E-5,-3.24273223E-3
1.73600000E-5,-3.25437137E-3
1.74000000E-5,-3.58404912E-3
1.74400000E-5,-3.47797469E-3
1.74800000E-5,-3.37268207E-3
1.75200000E-5,-3.49323445E-3
1.75600000E-5,-3.53050506E-3
1.76000000E-5,-3.47695230E-3
1.76400000E-5,-3.62944171E-3
1.76800000E-5,-3.58240655E-3
1.77200000E-5,-3.45042088E-3
1.77600000E-5,-3.45349492E-3
1.78000000E-5,-3.76295804E-3
1.78400000E-5,-3.40208764E-3
1.78800000E-5,-3.38865096E-3
1.79200000E-5,-3.51077746E-3
1.79600000E-5,-3.27837613E-3
1.80000000E-5,-3.53057021E-3
1.80400000E-5,-3.38601918E-3
1.80800000E-5,-3.37863481E-3
1.81200000E-5,-3.53772111E-3
1.81600000E-5,-3.68114903E-3
1.82000000E-5,-3.40420893E-3
1.82400000E-5,-3.61918159E-3
1.82800000E-5,-3.56823179E-3
1.83200000E-5,-3.56586746E-3
1.83600000E-5,-3.51662889E-3
1.84000000E-5,-3.43722838E-3
1.84400000E-5,-3.66679673E-3
1.84800000E-5,-3.55260491E-3
1.85200000E-5,-3.42147185E-3
1.85600000E-5,-3.63017582E-3
1.86000000E-5,-3.69086224E-3
1.86400000E-5,-3.64311339E-3
1.86800000E-5,-3.63442397E-3
1.87200000E-5,-3.73859323E-3
1.87600000E-5,-3.49724303E-3
1.88000000E-5,-3.56121701E-3
1.88400000E-5,-3.53251040E-3
1.88800000E-5,-3.48612805E-3
1.89200000E-5,-3.50983516E-3
1.89600000E-5,-3.52414348E-3
1.90000000E-5,-3.60653046E-3
1.90400000E-5,-3.58278006E-3
1.90800000E-5,-3.75465328E-3
1.91200000E-5,-3.49945185E-3
1.91600000E-5,-3.46137401E-3
1.92000000E-5,-3.57191307E-3
1.92400000E-5,-3.41510785E-3
1.92800000E-5,-3.50984936E-3
1.93200000E-5,-3.53025943E-3
1.93600000E-5,-3.63035734E-3
1.94000000E-5,-3.57853942E-3
1.94400000E-5,-3.75757407E-3
1.94800000E-5,-3.62113281E-3
1.95200000E-5,-3.64223330E-3
1.95600000E-5,-3.70549988E-3
1.96000000E-5,-3.59287643E-3
1.96400000E-5,-3.56178504E-3
1.96800000E-5,-3.68552452E-3
1.97200000E-5,-3.56572355E-3
1.97600000E-5,-3.41961879E-3
1.98000000E-5,-3.61848060E-3
1.98400000E-5,-3.91729780E-3
1.98800000E-5,-3.39379422E-3
1.99200000E-5,-3.40055640E-3
1.99600000E-5,-3.34063127E-3
2.00000000E-5,-3.57977545E-3
2.00400000E-5,-3.51257866E-3
2.00800000E-5,-3.54321199E-3
2.01200000E-5,-3.60345570E-3
2.01600000E-5,-3.55520547E-3
2.02000000E-5,-3.44941476E-3
2.02400000E-5,-3.72013574E-3
2.02800000E-5,-3.55548351E-3
2.03200000E-5,-3.65734721E-3
2.03600000E-5,-3.57798857E-3
2.04000000E-5,-3.73390474E-3
2.04400000E-5,-3.67446465E-3
2.04800000E-5,-3.56220616E-3
2.05200000E-5,-3.48437132E-3
2.05600000E-5,-3.97693006E-3
2.06000000E-5,-3.83440025E-3
2.06400000E-5,-3.46522914E-3
2.06800000E-5,-3.55016736E-3
2.07200000E-5,-3.60884415E-3
2.07600000E-5,-3.79814990E-3
2.08000000E-5,-3.67842817E-3
2.08400000E-5,-3.78830009E-3
2.08800000E-5,-3.68938768E-3
2.09200000E-5,-3.94562139E-3
2.09600000E-5,-3.45437631E-3
2.10000000E-5,-3.62864519E-3
2.10400000E-5,-3.49435759E-3
2.10800000E-5,-3.66174652E-3
2.11200000E-5,-3.71228497E-3
2.11600000E-5,-3.58312208E-3
2.12000000E-5,-3.69025405E-3
2.12400000E-5,-3.77093847E-3
2.12800000E-5,-3.59675719E-3
2.13200000E-5,-3.59314993E-3
2.13600000E-5,-3.86340456E-3
2.14000000E-5,-3.52352205E-3
2.14400000E-5,-3.52587439E-3
2.14800000E-5,-3.99144623E-3
2.15200000E-5,-3.79531669E-3
2.15600000E-5,-3.70145928E-3
2.16000000E-5,-3.64570426E-3
2.16400000E-5,-3.80505424E-3
2.16800000E-5,-3.91822312E-3
2.17200000E-5,-3.47900195E-3
2.17600000E-5,-3.67752522E-3
2.18000000E-5,-3.72105717E-3
2.18400000E-5,-3.48896856E-3
2.18800000E-5,-3.48779976E-3
2.19200000E-5,-3.62694697E-3
2.19600000E-5,-3.50405715E-3
2.20000000E-5,-3.55485121E-3
2.20400000E-5,-3.78490018E-3
2.20800000E-5,-3.49658150E-3
2.21200000E-5,-3.79116221E-3
2.21600000E-5,-3.84237516E-3
2.22000000E-5,-3.62308124E-3
2.22400000E-5,-3.57947275E-3
2.22800000E-5,-3.64344867E-3
2.23200000E-5,-3.84210478E-3
2.23600000E-5,-3.87652899E-3
2.24000000E-5,-3.65282302E-3
2.24400000E-5,-3.66919183E-3
2.24800000E-5,-3.78409512E-3
2.25200000E-5,-3.71664686E-3
2.25600000E-5,-3.80096680E-3
2.26000000E-5,-3.72058783E-3
2.26400000E-5,-3.75930652E-3
2.26800000E-5,-3.81922255E-3
2.27200000E-5,-3.65858617E-3
2.27600000E-5,-3.71158900E-3
2.28000000E-5,-3.82822444E-3
2.28400000E-5,-3.42689715E-3
2.28800000E-5,-3.67845483E-3
2.29200000E-5,-3.67850014E-3
2.29600000E-5,-3.72800079E-3
2.30000000E-5,-3.66593017E-3
2.30400000E-5,-3.87659746E-3
2.30800000E-5,-3.78504814E-3
2.31200000E-5,-3.87097148E-3
2.31600000E-5,-3.74337744E-3
2.32000000E-5,-3.74208922E-3
2.32400000E-5,-3.64303497E-3
2.32800000E-5,-3.55431391E-3
2.33200000E-5,-3.88609762E-3
2.33600000E-5,-3.96328535E-3
2.34000000E-5,-3.50539495E-3
2.34400000E-5,-3.76729534E-3
2.34800000E-5,-3.56059280E-3
2.35200000E-5,-3.84277558E-3
2.35600000E-5,-3.88999239E-3
2.36000000E-5,-3.85055474E-3
2.36400000E-5,-3.70001068E-3
2.36800000E-5,-4.00502054E-3
2.37200000E-5,-3.79540657E-3
2.37600000E-5,-3.90934361E-3
2.38000000E-5,-3.89259531E-3
2.38400000E-5,-3.86022637E-3
2.38800000E-5,-3.98342316E-3
2.39200000E-5,-3.69175680E-3
2.39600000E-5,-3.76788232E-3
2.40000000E-5,-3.90220437E-3
2.40400000E-5,-3.59546243E-3
2.40800000E-5,-3.83113193E-3
2.41200000E-5,-4.03971495E-3
2.41600000E-5,-3.78738836E-3
2.42000000E-5,-3.73700746E-3
2.42400000E-5,-3.78777390E-3
2.42800000E-5,-3.78443051E-3
2.43200000E-5,-3.72769047E-3
2.43600000E-5,-3.84351880E-3
2.44000000E-5,-3.59194567E-3
2.44400000E-5,-3.54018470E-3
2.44800000E-5,-3.83961127E-3
2.45200000E-5,-3.88105649E-3
2.45600000E-5,-3.88916242E-3
2.46000000E-5,-3.77862954E-3
2.46400000E-5,-3.52812233E-3
2.46800000E-5,-3.76056053E-3
2.47200000E-5,-3.77784124E-3
2.47600000E-5,-3.56522840E-3
2.48000000E-5,-4.06605851E-3
2.48400000E-5,-3.83782802E-3
2.48800000E-5,-3.76734352E-3
2.49200000E-5,-3.66919817E-3
2.49600000E-5,-4.01271820E-3
2.50000000E-5,-3.79671000E-3
2.50400000E-5,-3.64738416E-3
2.50800000E-5,-3.80444636E-3
2.51200000E-5,-3.84446175E-3
2.51600000E-5,-3.83143505E-3
2.52000000E-5,-3.72929369E-3
2.52400000E-5,-3.68651361E-3
2.52800000E-5,-3.71657689E-3
2.53200000E-5,-3.63665632E-3
2.53600000E-5,-3.93035281E-3
2.54000000E-5,-3.84652676E-3
2.54400000E-5,-3.61388308E-3
2.54800000E-5,-3.64380997E-3
2.55200000E-5,-3.69759387E-3
2.55600000E-5,-3.70535969E-3
2.56000000E-5,-4.07471562E-3
2.56400000E-5,-3.94233650E-3
2.56800000E-5,-4.22385434E-3
2.57200000E-5,-3.70756874E-3
2.57600000E-5,-3.50310397E-3
2.58000000E-5,-3.89699100E-3
2.58400000E-5,-3.85143134E-3
2.58800000E-5,-3.90587984E-3
2.59200000E-5,-3.85469783E-3
2.59600000E-5,-3.97436921E-3
2.60000000E-5,-3.77006443E-3
2.60400000E-5,-4.00397739E-3
2.60800000E-5,-3.88533163E-3
2.61200000E-5,-3.99382023E-3
2.61600000E-5,-3.63578410E-3
2.62000000E-5,-3.63867347E-3
2.62400000E-5,-3.89867608E-3
2.62800000E-5,-3.75454814E-3
2.63200000E-5,-3.62562063E-3
2.63600000E-5,-3.54943258E-3
2.64000000E-5,-4.10653381E-3
2.64400000E-5,-3.76634151E-3
2.64800000E-5,-3.95549230E-3
2.65200000E-5,-3.79992493E-3
2.65600000E-5,-3.83614946E-3
2.66000000E-5,-3.74560924E-3
2.66400000E-5,-4.01717758E-3
2.66800000E-5,-3.99805997E-3
2.67200000E-5,-3.88597559E-3
2.67600000E-5,-4.03508303E-3
2.68000000E-5,-3.73306447E-3
2.68400000E-5,-3.96038450E-3
2.68800000E-5,-3.95271026E-3
2.69200000E-5,-3.85727611E-3
2.69600000E-5,-3.85991954E-3
2.70000000E-5,-3.71560036E-3
2.70400000E-5,-3.87952437E-3
2.70800000E-5,-3.81921225E-3
2.71200000E-5,-3.85669955E-3
2.71600000E-5,-4.05199991E-3
2.72000000E-5,-3.72525719E-3
2.72400000E-5,-4.00615130E-3
2.72800000E-5,-3.91075554E-3
2.73200000E-5,-3.84708666E-3
2.73600000E-5,-3.88196962E-3
2.74000000E-5,-3.96042092E-3
2.74400000E-5,-3.83801288E-3
2.74800000E-5,-4.03478088E-3
2.75200000E-5,-4.14849122E-3
2.75600000E-5,-3.90984809E-3
2.76000000E-5,-4.00971273E-3
2.76400000E-5,-4.04923282E-3
2.76800000E-5,-3.94112107E-3
2.77200000E-5,-3.89404487E-3
2.77600000E-5,-3.97449283E-3
2.78000000E-5,-3.75963970E-3
2.78400000E-5,-3.84822210E-3
2.78800000E-5,-4.20446278E-3
2.79200000E-5,-3.91266667E-3
2.79600000E-5,-4.06853687E-3
2.80000000E-5,-3.59401324E-3
2.80400000E-5,-4.02420116E-3
2.80800000E-5,-3.84588316E-3
2.81200000E-5,-3.76123643E-3
2.81600000E-5,-3.98727419E-3
2.82000000E-5,-3.97965530E-3
2.82400000E-5,-3.66829766E-3
2.82800000E-5,-4.00596671E-3
2.83200000E-5,-3.91606002E-3
2.83600000E-5,-4.04763535E-3
2.84000000E-5,-3.81685561E-3
2.84400000E-5,-3.82306557E-3
2.84800000E-5,-3.65981016E-3
2.85200000E-5,-3.78668632E-3
2.85600000E-5,-4.09945329E-3
2.86000000E-5,-3.94391043E-3
2.86400000E-5,-3.88966679E-3
2.86800000E-5,-3.93444779E-3
2.87200000E-5,-4.17280143E-3
2.87600000E-5,-3.72814333E-3
2.88000000E-5,-3.90689500E-3
2.88400000E-5,-3.88671256E-3
2.88800000E-5,-3.96023166E-3
2.89200000E-5,-3.77561668E-3
2.89600000E-5,-3.99707520E-3
2.90000000E-5,-3.89710467E-3
2.90400000E-5,-3.99755058E-3
2.90800000E-5,-3.94298408E-3
2.91200000E-5,-3.99523506E-3
2.91600000E-5,-3.92330821E-3
2.92000000E-5,-3.72069805E-3
2.92400000E-5,-4.13994936E-3
2.92800000E-5,-3.76525112E-3
2.93200000E-5,-3.97831816E-3
2.93600000E-5,-3.99357138E-3
2.94000000E-5,-4.43206231E-3
2.94400000E-5,-4.21565426E-3
2.94800000E-5,-4.00486998E-3
2.95200000E-5,-4.13088097E-3
2.95600000E-5,-4.01426584E-3
2.96000000E-5,-4.09267166E-3
2.96400000E-5,-4.02078457E-3
2.96800000E-5,-4.06233432E-3
2.97200000E-5,-3.83835480E-3
2.97600000E-5,-3.94825970E-3
2.98000000E-5,-4.05064438E-3
2.98400000E-5,-4.00978058E-3
2.98800000E-5,-4.07727388E-3
2.99200000E-5,-3.90785891E-3
2.99600000E-5,-3.93789279E-3
3.00000000E-5,-3.67472158E-3
3.00400000E-5,-4.04003218E-3
3.00800000E-5,-3.97819812E-3
3.01200000E-5,-4.06956385E-3
3.01600000E-5,-3.95543307E-3
3.02000000E-5,-4.00220087E-3
3.02400000E-5,-3.77242008E-3
3.02800000E-5,-4.15190470E-3
3.03200000E-5,-4.06207053E-3
3.03600000E-5,-3.79587521E-3
3.04000000E-5,-3.92092869E-3
3.04400000E-5,-4.29743850E-3
3.04800000E-5,-4.25145495E-3
3.05200000E-5,-3.90287434E-3
3.05600000E-5,-4.12416621E-3
3.06000000E-5,-4.09436105E-3
3.06400000E-5,-4.00769258E-3
3.06800000E-5,-4.15698747E-3
3.07200000E-5,-4.01706930E-3
3.07600000E-5,-4.05051911E-3
3.08000000E-5,-3.75947613E-3
3.08400000E-5,-3.90939038E-3
3.08800000E-5,-4.08160675E-3
3.09200000E-5,-3.94021104E-3
3.09600000E-5,-4.04338652E-3
3.10000000E-5,-4.00573689E-3
3.10400000E-5,-3.97386296E-3
3.10800000E-5,-4.01719976E-3
3.11200000E-5,-4.09102031E-3
3.11600000E-5,-3.89801755E-3
3.12000000E-5,-4.03698767E-3
3.12400000E-5,-4.03046406E-3
3.12800000E-5,-3.96329372E-3
3.13200000E-5,-4.17654190E-3
3.13600000E-5,-4.04810134E-3
3.14000000E-5,-3.90527345E-3
3.14400000E-5,-4.02859436E-3
3.14800000E-5,-3.93120396E-3
3.15200000E-5,-4.09569311E-3
3.15600000E-5,-4.05039814E-3
3.16000000E-5,-3.86856442E-3
3.16400000E-5,-3.75941185E-3
3.16800000E-5,-4.07818991E-3
3.17200000E-5,-3.98743476E-3
3.17600000E-5,-3.81213795E-3
3.18000000E-5,-3.98784403E-3
3.18400000E-5,-4.08250249E-3
3.18800000E-5,-3.98139468E-3
3.19200000E-5,-4.15342077E-3
3.19600000E-5,-4.11487954E-3
3.20000000E-5,-4.25521390E-3
3.20400000E-5,-4.25374191E-3
3.20800000E-5,-3.97976080E-3
3.21200000E-5,-4.03443254E-3
3.21600000E-5,-4.00126080E-3
3.22000000E-5,-4.20515553E-3
3.22400000E-5,-4.09620858E-3
3.22800000E-5,-3.95938239E-3
3.23200000E-5,-3.93671450E-3
3.23600000E-5,-4.26593702E-3
3.24000000E-5,-4.11050625E-3
3.24400000E-5,-3.92799673E-3
3.24800000E-5,-3.85798063E-3
3.25200000E-5,-3.91416523E-3
3.25600000E-5,-4.06429214E-3
3.26000000E-5,-3.88727928E-3
3.26400000E-5,-4.11075225E-3
3.26800000E-5,-3.91560939E-3
3.27200000E-5,-4.03942340E-3
3.27600000E-5,-4.06035067E-3
3.28000000E-5,-4.12124325E-3
3.28400000E-5,-4.15884768E-3
3.28800000E-5,-4.13619963E-3
3.29200000E-5,-3.91015212E-3
3.29600000E-5,-4.16260177E-3
3.30000000E-5,-3.89112526E-3
3.30400000E-5,-4.36689268E-3
3.30800000E-5,-4.13802884E-3
3.31200000E-5,-4.01147431E-3
3.31600000E-5,-3.80172308E-3
3.32000000E-5,-4.04014715E-3
3.32400000E-5,-3.89614643E-3
3.32800000E-5,-3.92739306E-3
3.33200000E-5,-4.19424175E-3
3.33600000E-5,-4.22764243E-3
3.34000000E-5,-3.87728109E-3
3.34400000E-5,-3.68780051E-3
3.34800000E-5,-4.00831888E-3
3.35200000E-5,-4.06655243E-3
3.35600000E-5,-3.97433095E-3
3.36000000E-5,-4.11481736E-3
3.36400000E-5,-4.03965537E-3
3.36800000E-5,-3.96841633E-3
3.37200000E-5,-4.11361135E-3
3.37600000E-5,-4.12180551E-3
3.38000000E-5,-3.72592009E-3
3.38400000E-5,-3.92374523E-3
3.38800000E-5,-3.92791529E-3
3.39200000E-5,-3.85623354E-3
3.39600000E-5,-3.99471591E-3
3.40000000E-5,-4.05135230E-3
3.40400000E-5,-3.92988680E-3
3.40800000E-5,-4.12907865E-3
3.41200000E-5,-3.96920135E-3
3.41600000E-5,-3.80984020E-3
3.42000000E-5,-3.76408088E-3
3.42400000E-5,-4.15205264E-3
3.42800000E-5,-4.38792243E-3
3.43200000E-5,-3.94960118E-3
3.43600000E-5,-3.89159286E-3
3.44000000E-5,-4.25674832E-3
3.44400000E-5,-4.08956227E-3
3.44800000E-5,-4.06585765E-3
3.45200000E-5,-4.06375844E-3
3.45600000E-5,-4.05718782E-3
3.46000000E-5,-4.03579721E-3
3.46400000E-5,-4.16717628E-3
3.46800000E-5,-4.02289409E-3
3.47200000E-5,-4.10243346E-3
3.47600000E-5,-4.14482686E-3
3.48000000E-5,-4.19046512E-3
3.48400000E-5,-3.76441413E-3
3.48800000E-5,-4.13758886E-3
3.49200000E-5,-4.16425971E-3
3.49600000E-5,-4.02647705E-3
3.50000000E-5,-3.95264381E-3
3.50400000E-5,-4.16708640E-3
3.50800000E-5,-3.89837335E-3
3.51200000E-5,-3.92387751E-3
3.51600000E-5,-3.92920997E-3
3.52000000E-5,-4.25778821E-3
3.52400000E-5,-4.22558894E-3
3.52800000E-5,-4.19025355E-3
3.53200000E-5,-3.94479865E-3
3.53600000E-5,-4.00890623E-3
3.54000000E-5,-3.98990384E-3
3.54400000E-5,-3.90471704E-3
3.54800000E-5,-4.34051549E-3
3.55200000E-5,-4.13356881E-3
3.55600000E-5,-3.73359373E-3
3.56000000E-5,-4.08259217E-3
3.56400000E-5,-3.89760655E-3
3.56800000E-5,-4.22528687E-3
3.57200000E-5,-3.88451977E-3
3.57600000E-5,-3.93540665E-3
3.58000000E-5,-3.94632716E-3
3.58400000E-5,-3.94260341E-3
3.58800000E-5,-4.02047773E-3
3.59200000E-5,-4.19050585E-3
3.59600000E-5,-4.08958742E-3
3.60000000E-5,-3.86531904E-3
3.60400000E-5,-3.98038919E-3
3.60800000E-5,-4.06891811E-3
3.61200000E-5,-4.28826452E-3
3.61600000E-5,-4.35474914E-3
3.62000000E-5,-3.84394312E-3
3.62400000E-5,-4.09675227E-3
3.62800000E-5,-4.34791451E-3
3.63200000E-5,-4.09646431E-3
3.63600000E-5,-4.10873046E-3
3.64000000E-5,-3.89728582E-3
3.64400000E-5,-4.02251257E-3
3.64800000E-5,-4.28494913E-3
3.65200000E-5,-4.01622912E-3
3.65600000E-5,-3.91838094E-3
3.66000000E-5,-4.31451184E-3
3.66400000E-5,-3.91763960E-3
3.66800000E-5,-3.93317418E-3
3.67200000E-5,-4.16690654E-3
3.67600000E-5,-3.90026887E-3
3.68000000E-5,-4.04958389E-3
3.68400000E-5,-4.11655140E-3
3.68800000E-5,-4.11883925E-3
3.69200000E-5,-4.07485814E-3
3.69600000E-5,-4.05462834E-3
3.70000000E-5,-4.23883024E-3
3.70400000E-5,-3.88718234E-3
3.70800000E-5,-3.92887859E-3
3.71200000E-5,-4.10492914E-3
3.71600000E-5,-4.13230116E-3
3.72000000E-5,-3.91287471E-3
3.72400000E-5,-4.09462430E-3
3.72800000E-5,-3.83243180E-3
3.73200000E-5,-4.00639764E-3
3.73600000E-5,-4.37298979E-3
3.74000000E-5,-4.21245553E-3
3.74400000E-5,-4.12710047E-3
3.74800000E-5,-3.98985605E-3
3.75200000E-5,-4.12665645E-3
3.75600000E-5,-4.09629280E-3
3.76000000E-5,-3.96801511E-3
3.76400000E-5,-4.09069995E-3
3.76800000E-5,-4.30957212E-3
3.77200000E-5,-3.87708911E-3
3.77600000E-5,-4.00505473E-3
3.78000000E-5,-4.22156853E-3
3.78400000E-5,-4.19891368E-3
3.78800000E-5,-4.27888662E-3
3.79200000E-5,-4.21030430E-3
3.79600000E-5,-3.96937625E-3
3.80000000E-5,-4.40734682E-3
3.80400000E-5,-4.20764231E-3
3.80800000E-5,-4.02416305E-3
3.81200000E-5,-3.91017436E-3
3.81600000E-5,-3.88941113E-3
3.82000000E-5,-4.14634734E-3
3.82400000E-5,-4.12748032E-3
3.82800000E-5,-4.07617500E-3
3.83200000E-5,-4.16595327E-3
3.83600000E-5,-4.20344932E-3
3.84000000E-5,-4.30535546E-3
3.84400000E-5,-4.06166904E-3
3.84800000E-5,-4.19494245E-3
3.85200000E-5,-3.93021976E-3
3.85600000E-5,-3.89052043E-3
3.86000000E-5,-4.28606363E-3
3.86400000E-5,-4.33148545E-3
3.86800000E-5,-3.89301340E-3
3.87200000E-5,-3.99845492E-3
3.87600000E-5,-4.30193314E-3
3.88000000E-5,-3.99854879E-3
3.88400000E-5,-4.03010963E-3
3.88800000E-5,-4.18534127E-3
3.89200000E-5,-3.95737401E-3
3.89600000E-5,-4.32939232E-3
3.90000000E-5,-4.05515423E-3
3.90400000E-5,-4.18007645E-3
3.90800000E-5,-3.92310654E-3
3.91200000E-5,-4.23869990E-3
3.91600000E-5,-4.09853362E-3
3.92000000E-5,-4.33910148E-3
3.92400000E-5,-4.01397236E-3
3.92800000E-5,-4.24959380E-3
3.93200000E-5,-4.18465015E-3
3.93600000E-5,-3.92486867E-3
3.94000000E-5,-4.05492756E-3
3.94400000E-5,-4.05331123E-3
3.94800000E-5,-3.94967914E-3
3.95200000E-5,-4.13114514E-3
3.95600000E-5,-4.10797570E-3
3.96000000E-5,-4.20277333E-3
3.96400000E-5,-4.01868359E-3
3.96800000E-5,-4.14367344E-3
3.97200000E-5,-4.05042310E-3
3.97600000E-5,-4.25209546E-3
3.98000000E-5,-4.21111932E-3
3.98400000E-5,-4.21678916E-3
3.98800000E-5,-4.30185304E-3
3.99200000E-5,-4.19186554E-3
3.99600000E-5,-3.86341180E-3
4.00000000E-5,-4.14643646E-3
4.00400000E-5,-3.94794555E-3
4.00800000E-5,-4.14878992E-3
4.01200000E-5,-3.78155127E-3
4.01600000E-5,-4.28927528E-3
4.02000000E-5,-4.27743840E-3
4.02400000E-5,-3.97412349E-3
4.02800000E-5,-4.11882670E-3
4.03200000E-5,-4.10588659E-3
4.03600000E-5,-4.00165232E-3
4.04000000E-5,-3.87177978E-3
4.04400000E-5,-4.41201959E-3
4.04800000E-5,-4.14197403E-3
4.05200000E-5,-4.14283043E-3
4.05600000E-5,-4.40347140E-3
4.06000000E-5,-4.15787932E-3
4.06400000E-5,-3.98263889E-3
4.06800000E-5,-4.18177742E-3
4.07200000E-5,-3.84686863E-3
4.07600000E-5,-4.16244337E-3
4.08000000E-5,-4.30780425E-3
4.08400000E-5,-4.28498793E-3
4.08800000E-5,-4.20959101E-3
4.09200000E-5,-4.23233447E-3
4.09600000E-5,-4.34442848E-3
4.10000000E-5,-4.24723632E-3
4.10400000E-5,-4.23341042E-3
4.10800000E-5,-4.04119926E-3
4.11200000E-5,-4.19277000E-3
4.11600000E-5,-4.20062362E-3
4.12000000E-5,-4.06250567E-3
4.12400000E-5,-4.10714573E-3
4.12800000E-5,-4.19484574E-3
4.13200000E-5,-4.10746407E-3
4.13600000E-5,-4.13986298E-3
4.14000000E-5,-4.19590036E-3
4.14400000E-5,-4.29779454E-3
4.14800000E-5,-4.23365964E-3
4.15200000E-5,-4.24063612E-3
4.15600000E-5,-4.01975112E-3
4.16000000E-5,-4.34399520E-3
4.16400000E-5,-4.03567274E-3
4.16800000E-5,-4.29981059E-3
4.17200000E-5,-4.25327346E-3
4.17600000E-5,-4.33765460E-3
4.18000000E-5,-3.89843991E-3
4.18400000E-5,-4.25000380E-3
4.18800000E-5,-3.93831086E-3
4.19200000E-5,-4.37001357E-3
4.19600000E-5,-4.30800716E-3
4.20000000E-5,-4.09507763E-3
4.20400000E-5,-3.95640901E-3
4.20800000E-5,-4.19074682E-3
4.21200000E-5,-4.03869833E-3
4.21600000E-5,-4.06292036E-3
4.22000000E-5,-3.97449327E-3
4.22400000E-5,-4.02140422E-3
4.22800000E-5,-4.57246030E-3
4.23200000E-5,-4.28782622E-3
4.23600000E-5,-4.03840870E-3
4.24000000E-5,-4.25164954E-3
4.24400000E-5,-4.47760035E-3
4.24800000E-5,-3.96256151E-3
4.25200000E-5,-4.05224884E-3
4.25600000E-5,-3.83121607E-3
4.26000000E-5,-3.96991202E-3
4.26400000E-5,-4.14283897E-3
4.26800000E-5,-4.04410865E-3
4.27200000E-5,-3.95677361E-3
4.27600000E-5,-3.94226924E-3
4.28000000E-5,-3.94093427E-3
4.28400000E-5,-4.06973575E-3
4.28800000E-5,-4.04618020E-3
4.29200000E-5,-4.24167684E-3
4.29600000E-5,-4.01175206E-3
4.30000000E-5,-4.30877097E-3
4.30400000E-5,-4.13304765E-3
4.30800000E-5,-4.41042859E-3
4.31200000E-5,-4.13515169E-3
4.31600000E-5,-4.06668947E-3
4.32000000E-5,-4.13640680E-3
4.32400000E-5,-4.30692285E-3
4.32800000E-5,-4.28999318E-3
4.33200000E-5,-4.10050050E-3
4.33600000E-5,-4.24225720E-3
4.34000000E-5,-3.97436135E-3
4.34400000E-5,-4.14143745E-3
4.34800000E-5,-4.23101374E-3
4.35200000E-5,-4.08137336E-3
4.35600000E-5,-3.98989510E-3
4.36000000E-5,-3.95102088E-3
4.36400000E-5,-4.21680923E-3
4.36800000E-5,-4.18237226E-3
4.37200000E-5,-3.96387011E-3
4.37600000E-5,-4.19908108E-3
4.38000000E-5,-3.98133009E-3
4.38400000E-5,-4.11167850E-3
4.38800000E-5,-4.20212643E-3
4.39200000E-5,-4.21300818E-3
4.39600000E-5,-4.19609202E-3
4.40000000E-5,-4.14739106E-3
4.40400000E-5,-4.23308209E-3
4.40800000E-5,-4.19788352E-3
4.41200000E-5,-4.07560879E-3
4.41600000E-5,-4.40997952E-3
4.42000000E-5,-4.17687971E-3
4.42400000E-5,-4.12210121E-3
4.42800000E-5,-4.35045215E-3
4.43200000E-5,-4.19263373E-3
4.43600000E-5,-4.14904097E-3
4.44000000E-5,-3.97321927E-3
4.44400000E-5,-4.05952475E-3
4.44800000E-5,-3.88411639E-3
4.45200000E-5,-4.35385491E-3
4.45600000E-5,-4.13252448E-3
4.46000000E-5,-4.29247493E-3
4.46400000E-5,-4.38648964E-3
4.46800000E-5,-4.30571886E-3
4.47200000E-5,-4.37723160E-3
4.47600000E-5,-4.66420884E-3
4.48000000E-5,-4.33826086E-3
4.48400000E-5,-4.22008483E-3
4.48800000E-5,-3.87355234E-3
4.49200000E-5,-4.20862332E-3
4.49600000E-5,-3.98350065E-3
4.50000000E-5,-4.09563778E-3
4.50400000E-5,-3.96815497E-3
4.50800000E-5,-4.08480893E-3
4.51200000E-5,-4.15274416E-3
4.51600000E-5,-3.95525237E-3
4.52000000E-5,-3.96829402E-3
4.52400000E-5,-4.03324734E-3
4.52800000E-5,-4.17709535E-3
4.53200000E-5,-4.01068761E-3
4.53600000E-5,-4.19603607E-3
4.54000000E-5,-4.09139102E-3
4.54400000E-5,-3.93928757E-3
4.54800000E-5,-4.10030065E-3
4.55200000E-5,-4.18387498E-3
4.55600000E-5,-4.07253354E-3
4.56000000E-5,-4.00438038E-3
4.56400000E-5,-4.26488338E-3
4.56800000E-5,-4.05277094E-3
4.57200000E-5,-4.22239657E-3
4.57600000E-5,-3.84326725E-3
4.58000000E-5,-4.15514151E-3
4.58400000E-5,-4.23415011E-3
4.58800000E-5,-4.37030589E-3
4.59200000E-5,-3.91866905E-3
4.59600000E-5,-3.97356831E-3
4.60000000E-5,-4.37428723E-3
4.60400000E-5,-4.05028915E-3
4.60800000E-5,-4.05377153E-3
4.61200000E-5,-4.01368406E-3
4.61600000E-5,-4.02083402E-3
4.62000000E-5,-4.09112785E-3
4.62400000E-5,-4.24583864E-3
4.62800000E-5,-4.11421871E-3
4.63200000E-5,-4.37245959E-3
4.63600000E-5,-4.30326019E-3
4.64000000E-5,-4.09290364E-3
4.64400000E-5,-4.11689462E-3
4.64800000E-5,-3.91906768E-3
4.65200000E-5,-4.07523890E-3
4.65600000E-5,-4.00108588E-3
4.66000000E-5,-4.00041245E-3
4.66400000E-5,-4.36017770E-3
4.66800000E-5,-4.18359019E-3
4.67200000E-5,-4.47019567E-3
4.67600000E-5,-4.06657302E-3
4.68000000E-5,-3.99840440E-3
4.68400000E-5,-4.10695528E-3
4.68800000E-5,-4.11055204E-3
4.69200000E-5,-4.13349205E-3
4.69600000E-5,-4.15771023E-3
4.70000000E-5,-3.95943639E-3
4.70400000E-5,-4.22021816E-3
4.70800000E-5,-4.21526338E-3
4.71200000E-5,-4.18528998E-3
4.71600000E-5,-3.92964082E-3
4.72000000E-5,-4.17048882E-3
4.72400000E-5,-4.12976745E-3
4.72800000E-5,-4.17621136E-3
4.73200000E-5,-4.14099958E-3
4.73600000E-5,-4.15940099E-3
4.74000000E-5,-4.17757421E-3
4.74400000E-5,-4.30889159E-3
4.74800000E-5,-4.17446257E-3
4.75200000E-5,-4.09496763E-3
4.75600000E-5,-4.24624793E-3
4.76000000E-5,-3.94066068E-3
4.76400000E-5,-4.08980509E-3
4.76800000E-5,-4.17170262E-3
4.77200000E-5,-4.48261259E-3
4.77600000E-5,-4.11197231E-3
4.78000000E-5,-4.01827807E-3
4.78400000E-5,-4.26689185E-3
4.78800000E-5,-4.00449179E-3
4.79200000E-5,-4.24417890E-3
4.79600000E-5,-4.24382004E-3
4.80000000E-5,-3.78360736E-3
4.80400000E-5,-4.04525058E-3
4.80800000E-5,-4.23788037E-3
4.81200000E-5,-4.36575655E-3
4.81600000E-5,-4.02903201E-3
4.82000000E-5,-3.94043290E-3
4.82400000E-5,-3.91866226E-3
4.82800000E-5,-4.04426547E-3
4.83200000E-5,-4.18017840E-3
4.83600000E-5,-3.93231428E-3
4.84000000E-5,-4.15734982E-3
4.84400000E-5,-4.00520997E-3
4.84800000E-5,-4.22843828E-3
4.85200000E-5,-4.10715400E-3
4.85600000E-5,-4.35871265E-3
4.86000000E-5,-3.92713851E-3
4.86400000E-5,-3.91389157E-3
4.86800000E-5,-4.25839932E-3
4.87200000E-5,-4.02504934E-3
4.87600000E-5,-4.10039187E-3
4.88000000E-5,-4.09277171E-3
4.88400000E-5,-4.26021965E-3
4.88800000E-5,-4.07052147E-3
4.89200000E-5,-3.90370284E-3
4.89600000E-5,-4.22187085E-3
4.90000000E-5,-4.09746235E-3
4.90400000E-5,-3.84339031E-3
4.90800000E-5,-4.15084643E-3
4.91200000E-5,-4.07220228E-3
4.91600000E-5,-3.93550854E-3
4.92000000E-5,-4.03162444E-3
4.92400000E-5,-4.03689736E-3
4.92800000E-5,-3.79490940E-3
4.93200000E-5,-4.05136926E-3
4.93600000E-5,-4.07201367E-3
4.94000000E-5,-4.36965221E-3
4.94400000E-5,-4.20498628E-3
4.94800000E-5,-3.93822953E-3
4.95200000E-5,-3.86675618E-3
4.95600000E-5,-3.97901030E-3
4.96000000E-5,-4.08933937E-3
4.96400000E-5,-4.31904869E-3
4.96800000E-5,-4.02837843E-3
4.97200000E-5,-4.16620974E-3
4.97600000E-5,-4.05554601E-3
4.98000000E-5,-4.15170612E-3
4.98400000E-5,-4.08640585E-3
4.98800000E-5,-4.10220475E-3
4.99200000E-5,-4.24572373E-3
4.99600000E-5,-4.03763845E-3
5.00000000E-5,-4.33566724E-3
5.00400000E-5,-4.28466881E-3
5.00800000E-5,-4.07486830E-3
5.01200000E-5,-4.26302934E-3
5.01600000E-5,-4.00719114E-3
5.02000000E-5,-3.74466064E-3
5.02400000E-5,-4.11529982E-3
5.02800000E-5,-4.06969635E-3
5.03200000E-5,-4.23829791E-3
5.03600000E-5,-4.19858278E-3
5.04000000E-5,-4.15154573E-3
5.04400000E-5,-4.13005811E-3
5.04800000E-5,-4.08458736E-3
5.05200000E-5,-4.15116618E-3
5.05600000E-5,-4.07089324E-3
5.06000000E-5,-4.24391604E-3
5.06400000E-5,-4.20590034E-3
5.06800000E-5,-4.16248976E-3
5.07200000E-5,-4.12596601E-3
5.07600000E-5,-4.08386354E-3
5.08000000E-5,-3.90947003E-3
5.08400000E-5,-4.15200409E-3
5.08800000E-5,-3.98405530E-3
5.09200000E-5,-4.45762010E-3
5.09600000E-5,-3.99653177E-3
5.10000000E-5,-3.97646604E-3
5.10400000E-5,-4.28411496E-3
5.10800000E-5,-4.09681089E-3
5.11200000E-5,-4.24156056E-3
5.11600000E-5,-4.41012951E-3
5.12000000E-5,-4.07985422E-3
5.12400000E-5,-4.09422037E-3
5.12800000E-5,-4.23438489E-3
5.13200000E-5,-4.10370673E-3
5.13600000E-5,-4.21948820E-3
5.14000000E-5,-3.90016975E-3
5.14400000E-5,-4.44579441E-3
5.14800000E-5,-4.06971837E-3
5.15200000E-5,-4.15221419E-3
5.15600000E-5,-4.20455466E-3
5.16000000E-5,-4.32988540E-3
5.16400000E-5,-4.06551619E-3
5.16800000E-5,-4.09484409E-3
5.17200000E-5,-3.93292331E-3
5.17600000E-5,-4.35244567E-3
5.18000000E-5,-4.16158356E-3
5.18400000E-5,-4.40295287E-3
5.18800000E-5,-4.27427789E-3
5.19200000E-5,-4.06101539E-3
5.19600000E-5,-4.24986721E-3
5.20000000E-5,-4.16821909E-3
5.20400000E-5,-3.89735322E-3
5.20800000E-5,-4.44305833E-3
5.21200000E-5,-4.05342972E-3
5.21600000E-5,-4.17278682E-3
5.22000000E-5,-4.30159293E-3
5.22400000E-5,-4.30754702E-3
5.22800000E-5,-4.17815564E-3
5.23200000E-5,-4.31983136E-3
5.23600000E-5,-4.12560404E-3
5.24000000E-5,-4.29590291E-3
5.24400000E-5,-4.23979379E-3
5.24800000E-5,-4.12881033E-3
5.25200000E-5,-4.10108558E-3
5.25600000E-5,-4.16577468E-3
5.26000000E-5,-4.33177753E-3
5.26400000E-5,-4.42698036E-3
5.26800000E-5,-4.09891935E-3
5.27200000E-5,-4.20288696E-3
5.27600000E-5,-4.15508659E-3
5.28000000E-5,-4.30763023E-3
5.28400000E-5,-4.09863571E-3
5.28800000E-5,-4.19811027E-3
5.29200000E-5,-4.04723470E-3
5.29600000E-5,-4.31342359E-3
5.30000000E-5,-4.21866938E-3
5.30400000E-5,-4.23728967E-3
5.30800000E-5,-4.24651631E-3
5.31200000E-5,-3.96812902E-3
5.31600000E-5,-4.17517250E-3
5.32000000E-5,-4.24060225E-3
5.32400000E-5,-4.22564444E-3
5.32800000E-5,-4.22157309E-3
5.33200000E-5,-4.44752898E-3
5.33600000E-5,-4.40448237E-3
5.34000000E-5,-4.19417879E-3
5.34400000E-5,-4.11963994E-3
5.34800000E-5,-3.92147615E-3
5.35200000E-5,-4.26531865E-3
5.35600000E-5,-4.13002947E-3
5.36000000E-5,-4.38620781E-3
5.36400000E-5,-4.39950420E-3
5.36800000E-5,-4.39271014E-3
5.37200000E-5,-4.25257780E-3
5.37600000E-5,-4.02368467E-3
5.38000000E-5,-4.03638051E-3
5.38400000E-5,-4.29953585E-3
5.38800000E-5,-4.41719124E-3
5.39200000E-5,-4.18786101E-3
5.39600000E-5,-4.25945184E-3
5.40000000E-5,-4.44983689E-3
5.40400000E-5,-4.07331609E-3
5.40800000E-5,-4.33909390E-3
5.41200000E-5,-4.44998258E-3
5.41600000E-5,-4.17097780E-3
5.42000000E-5,-4.23964207E-3
5.42400000E-5,-4.27366098E-3
5.42800000E-5,-4.19347281E-3
5.43200000E-5,-4.28341219E-3
5.43600000E-5,-4.24947252E-3
5.44000000E-5,-4.17565753E-3
5.44400000E-5,-4.10643217E-3
5.44800000E-5,-4.11073392E-3
5.45200000E-5,-4.15428495E-3
5.45600000E-5,-4.12973101E-3
5.46000000E-5,-4.06658763E-3
5.46400000E-5,-4.40667377E-3
5.46800000E-5,-4.47658545E-3
5.47200000E-5,-4.32635746E-3
5.47600000E-5,-4.32802540E-3
5.48000000E-5,-4.12900532E-3
5.48400000E-5,-3.97360896E-3
5.48800000E-5,-4.33271062E-3
5.49200000E-5,-4.31322911E-3
5.49600000E-5,-4.06692625E-3
5.50000000E-5,-4.25758363E-3
5.50400000E-5,-3.92314914E-3
5.50800000E-5,-4.23284512E-3
5.51200000E-5,-4.11912872E-3
5.51600000E-5,-4.38490981E-3
5.52000000E-5,-3.83252795E-3
5.52400000E-5,-4.31841079E-3
5.52800000E-5,-4.00867622E-3
5.53200000E-5,-4.08663718E-3
5.53600000E-5,-4.39493697E-3
5.54000000E-5,-4.09619092E-3
5.54400000E-5,-4.20149248E-3
5.54800000E-5,-4.30087282E-3
5.55200000E-5,-4.30894954E-3
5.55600000E-5,-4.25255334E-3
5.56000000E-5,-4.13099212E-3
5.56400000E-5,-4.39360650E-3
5.56800000E-5,-4.10256162E-3
5.57200000E-5,-3.96956278E-3
5.57600000E-5,-4.13004235E-3
5.58000000E-5,-4.16697255E-3
5.58400000E-5,-4.27081515E-3
5.58800000E-5,-4.40007280E-3
5.59200000E-5,-4.18796736E-3
5.59600000E-5,-4.30103088E-3
5.60000000E-5,-4.29902091E-3
5.60400000E-5,-4.32217176E-3
5.60800000E-5,-4.05823807E-3
5.61200000E-5,-4.26569143E-3
5.61600000E-5,-4.33722423E-3
5.62000000E-5,-4.28833163E-3
5.62400000E-5,-4.36458932E-3
5.62800000E-5,-4.19341402E-3
5.63200000E-5,-4.15189158E-3
5.63600000E-5,-4.25845942E-3
5.64000000E-5,-4.32333183E-3
5.64400000E-5,-4.29181679E-3
5.64800000E-5,-4.07694418E-3
5.65200000E-5,-3.97423696E-3
5.65600000E-5,-4.22892185E-3
5.66000000E-5,-4.09746216E-3
5.66400000E-5,-4.39917157E-3
5.66800000E-5,-4.46355543E-3
5.67200000E-5,-4.23535326E-3
5.67600000E-5,-4.31625801E-3
5.68000000E-5,-4.46965239E-3
5.68400000E-5,-4.19335618E-3
5.68800000E-5,-4.30351011E-3
5.69200000E-5,-4.09451458E-3
5.69600000E-5,-3.93576834E-3
5.70000000E-5,-4.20426053E-3
5.70400000E-5,-4.14873090E-3
5.70800000E-5,-4.27915412E-3
5.71200000E-5,-4.30479455E-3
5.71600000E-5,-4.23423577E-3
5.72000000E-5,-4.11222583E-3
5.72400000E-5,-4.33309672E-3
5.72800000E-5,-4.41020082E-3
5.73200000E-5,-4.18837997E-3
5.73600000E-5,-4.51412879E-3
5.74000000E-5,-4.19141081E-3
5.74400000E-5,-4.25005082E-3
5.74800000E-5,-4.56307275E-3
5.75200000E-5,-4.23427740E-3
5.75600000E-5,-4.29480956E-3
5.76000000E-5,-4.26308577E-3
5.76400000E-5,-4.24182633E-3
5.76800000E-5,-4.02510071E-3
5.77200000E-5,-4.16500800E-3
5.77600000E-5,-4.31635042E-3
5.78000000E-5,-4.32728719E-3
5.78400000E-5,-4.23433835E-3
5.78800000E-5,-4.53279936E-3
5.79200000E-5,-4.16400231E-3
5.79600000E-5,-4.06792892E-3
5.80000000E-5,-4.50600358E-3
5.80400000E-5,-4.03645712E-3
5.80800000E-5,-4.04192274E-3
5.81200000E-5,-3.96135263E-3
5.81600000E-5,-4.10825351E-3
5.82000000E-5,-4.18003503E-3
5.82400000E-5,-3.93516483E-3
5.82800000E-5,-4.28149050E-3
5.83200000E-5,-4.15793645E-3
5.83600000E-5,-4.24703425E-3
5.84000000E-5,-4.04267577E-3
5.84400000E-5,-4.15930531E-3
5.84800000E-5,-4.14490730E-3
5.85200000E-5,-4.18054764E-3
5.85600000E-5,-4.02512317E-3
5.86000000E-5,-3.98461184E-3
5.86400000E-5,-4.03443801E-3
5.86800000E-5,-4.19983017E-3
5.87200000E-5,-3.80433648E-3
5.87600000E-5,-4.06694260E-3
5.88000000E-5,-3.89783282E-3
5.88400000E-5,-4.08190470E-3
5.88800000E-5,-4.29810729E-3
5.89200000E-5,-4.01738288E-3
5.89600000E-5,-4.23521088E-3
5.90000000E-5,-4.15727367E-3
5.90400000E-5,-3.86030141E-3
5.90800000E-5,-3.97471308E-3
5.91200000E-5,-4.08101129E-3
5.91600000E-5,-3.96984440E-3
5.92000000E-5,-4.02175347E-3
5.92400000E-5,-4.05315745E-3
5.92800000E-5,-4.18011566E-3
5.93200000E-5,-4.32635155E-3
5.93600000E-5,-4.50759945E-3
5.94000000E-5,-4.01246481E-3
5.94400000E-5,-4.18127344E-3
5.94800000E-5,-4.40301859E-3
5.95200000E-5,-4.04153987E-3
5.95600000E-5,-4.32443957E-3
5.96000000E-5,-4.39134977E-3
5.96400000E-5,-4.46823802E-3
5.96800000E-5,-4.03221220E-3
5.97200000E-5,-4.19531472E-3
5.97600000E-5,-4.25882042E-3
5.98000000E-5,-4.12661363E-3
5.98400000E-5,-4.07651551E-3
5.98800000E-5,-4.11129170E-3
5.99200000E-5,-3.89940081E-3
5.99600000E-5,-4.19173120E-3
6.00000000E-5,-4.10566550E-3
6.00400000E-5,-4.13935267E-3
6.00800000E-5,-3.97472615E-3
6.01200000E-5,-4.33074070E-3
6.01600000E-5,-4.35579767E-3
6.02000000E-5,-4.19220637E-3
6.02400000E-5,-4.12310691E-3
6.02800000E-5,-4.41149873E-3
6.03200000E-5,-4.25314260E-3
6.03600000E-5,-4.29939673E-3
6.04000000E-5,-4.13705329E-3
6.04400000E-5,-4.16732561E-3
6.04800000E-5,-4.11483774E-3
6.05200000E-5,-3.94144857E-3
6.05600000E-5,-4.22872052E-3
6.06000000E-5,-4.39352444E-3
6.06400000E-5,-4.34472491E-3
6.06800000E-5,-4.17420391E-3
6.07200000E-5,-4.20473101E-3
6.07600000E-5,-4.17705619E-3
6.08000000E-5,-4.10396045E-3
6.08400000E-5,-4.15150254E-3
6.08800000E-5,-3.91862817E-3
6.09200000E-5,-4.25678374E-3
6.09600000E-5,-4.05902760E-3
6.10000000E-5,-4.47970857E-3
6.10400000E-5,-4.26700910E-3
6.10800000E-5,-3.98647254E-3
6.11200000E-5,-4.19168912E-3
6.11600000E-5,-3.98110724E-3
6.12000000E-5,-4.20460582E-3
6.12400000E-5,-4.30840774E-3
6.12800000E-5,-3.96065351E-3
6.13200000E-5,-3.94616048E-3
6.13600000E-5,-4.26771150E-3
6.14000000E-5,-4.40587193E-3
6.14400000E-5,-4.08386028E-3
6.14800000E-5,-4.11187770E-3
6.15200000E-5,-4.09424114E-3
6.15600000E-5,-4.14253507E-3
6.16000000E-5,-3.91521360E-3
6.16400000E-5,-4.60988376E-3
6.16800000E-5,-4.27019034E-3
6.17200000E-5,-4.11340936E-3
6.17600000E-5,-4.21789221E-3
6.18000000E-5,-4.03550128E-3
6.18400000E-5,-4.20373640E-3
6.18800000E-5,-4.13999156E-3
6.19200000E-5,-4.00405057E-3
6.19600000E-5,-4.19852679E-3
6.20000000E-5,-3.99487950E-3
6.20400000E-5,-3.92537643E-3
6.20800000E-5,-4.24701927E-3
6.21200000E-5,-4.34163485E-3
6.21600000E-5,-4.02061620E-3
6.22000000E-5,-3.98994224E-3
6.22400000E-5,-3.91282529E-3
6.22800000E-5,-4.01720795E-3
6.23200000E-5,-4.36971013E-3
6.23600000E-5,-4.07560794E-3
6.24000000E-5,-3.87980823E-3
6.24400000E-5,-4.34080094E-3
6.24800000E-5,-4.02208735E-3
6.25200000E-5,-4.15557212E-3
6.25600000E-5,-3.99974991E-3
6.26000000E-5,-4.44697069E-3
6.26400000E-5,-4.11617672E-3
6.26800000E-5,-4.16443054E-3
6.27200000E-5,-4.17834771E-3
6.27600000E-5,-4.22709507E-3
6.28000000E-5,-3.93628197E-3
6.28400000E-5,-4.12547846E-3
6.28800000E-5,-4.19982479E-3
6.29200000E-5,-4.19309914E-3
6.29600000E-5,-4.41527122E-3
6.30000000E-5,-4.18371657E-3
6.30400000E-5,-3.95739119E-3
6.30800000E-5,-4.04838990E-3
6.31200000E-5,-4.06346098E-3
6.31600000E-5,-3.90382297E-3
6.32000000E-5,-4.02885338E-3
6.32400000E-5,-4.28347482E-3
6.32800000E-5,-4.25399073E-3
6.33200000E-5,-3.96495831E-3
6.33600000E-5,-4.27048011E-3
6.34000000E-5,-3.97448344E-3
6.34400000E-5,-4.07763299E-3
6.34800000E-5,-4.19520588E-3
6.35200000E-5,-4.15922955E-3
6.35600000E-5,-4.18743862E-3
6.36000000E-5,-4.31417424E-3
6.36400000E-5,-4.17434407E-3
6.36800000E-5,-4.12124765E-3
6.37200000E-5,-3.87408072E-3
6.37600000E-5,-4.17573647E-3
6.38000000E-5,-4.22550881E-3
6.38400000E-5,-4.26644269E-3
6.38800000E-5,-4.41550938E-3
6.39200000E-5,-4.25849473E-3
6.39600000E-5,-4.35525581E-3
6.40000000E-5,-4.09844294E-3
6.40400000E-5,-4.14307844E-3
6.40800000E-5,-4.23181415E-3
6.41200000E-5,-4.03887180E-3
6.41600000E-5,-4.19730288E-3
6.42000000E-5,-4.18660304E-3
6.42400000E-5,-4.30321583E-3
6.42800000E-5,-4.20551088E-3
6.43200000E-5,-4.22738649E-3
6.43600000E-5,-3.86681782E-3
6.44000000E-5,-4.08675322E-3
6.44400000E-5,-4.15424944E-3
6.44800000E-5,-4.06079632E-3
6.45200000E-5,-4.33484946E-3
6.45600000E-5,-4.23522471E-3
6.46000000E-5,-4.28538379E-3
6.46400000E-5,-4.28847248E-3
6.46800000E-5,-4.21124405E-3
6.47200000E-5,-3.88657304E-3
6.47600000E-5,-4.13910649E-3
6.48000000E-5,-4.19911844E-3
6.48400000E-5,-4.20513006E-3
6.48800000E-5,-4.24434529E-3
6.49200000E-5,-4.51765051E-3
6.49600000E-5,-4.08407068E-3
6.50000000E-5,-4.50291452E-3
6.50400000E-5,-3.82057769E-3
6.50800000E-5,-4.23710955E-3
6.51200000E-5,-4.10407045E-3
6.51600000E-5,-4.20863266E-3
6.52000000E-5,-3.97693537E-3
6.52400000E-5,-4.02858919E-3
6.52800000E-5,-4.30266256E-3
6.53200000E-5,-4.09236781E-3
6.53600000E-5,-4.19428919E-3
6.54000000E-5,-4.11269272E-3
6.54400000E-5,-4.33721625E-3
6.54800000E-5,-4.18606764E-3
6.55200000E-5,-4.21655750E-3
6.55600000E-5,-4.24059786E-3
6.56000000E-5,-4.23940539E-3
6.56400000E-5,-4.29764382E-3
6.56800000E-5,-4.29927561E-3
6.57200000E-5,-4.26568539E-3
6.57600000E-5,-4.00394665E-3
6.58000000E-5,-4.17730238E-3
6.58400000E-5,-4.03922466E-3
6.58800000E-5,-4.25582394E-3
6.59200000E-5,-3.95130561E-3
6.59600000E-5,-4.07210193E-3
6.60000000E-5,-4.19456670E-3
6.60400000E-5,-4.09310561E-3
6.60800000E-5,-4.44982544E-3
6.61200000E-5,-4.07639789E-3
6.61600000E-5,-4.09963530E-3
6.62000000E-5,-4.26413044E-3
6.62400000E-5,-4.17942826E-3
6.62800000E-5,-4.00035518E-3
6.63200000E-5,-4.11826892E-3
6.63600000E-5,-4.04760612E-3
6.64000000E-5,-4.26790701E-3
6.64400000E-5,-4.46682551E-3
6.64800000E-5,-4.16822594E-3
6.65200000E-5,-4.26371141E-3
6.65600000E-5,-4.06742191E-3
6.66000000E-5,-4.07074764E-3
6.66400000E-5,-4.14889427E-3
6.66800000E-5,-4.15843797E-3
6.67200000E-5,-4.24079993E-3
6.67600000E-5,-4.15862108E-3
6.68000000E-5,-4.34576306E-3
6.68400000E-5,-4.17704586E-3
6.68800000E-5,-4.19919604E-3
6.69200000E-5,-4.24094244E-3
6.69600000E-5,-4.33039423E-3
6.70000000E-5,-4.15141758E-3
6.70400000E-5,-3.81456496E-3
6.70800000E-5,-4.20316118E-3
6.71200000E-5,-4.14211762E-3
6.71600000E-5,-4.14809943E-3
6.72000000E-5,-4.05988803E-3
6.72400000E-5,-3.87862911E-3
6.72800000E-5,-4.46119060E-3
6.73200000E-5,-4.06841177E-3
6.73600000E-5,-3.94401166E-3
6.74000000E-5,-4.24240640E-3
6.74400000E-5,-4.29550706E-3
6.74800000E-5,-4.33466528E-3
6.75200000E-5,-4.33870486E-3
6.75600000E-5,-4.42292114E-3
6.76000000E-5,-4.32889349E-3
6.76400000E-5,-4.16573208E-3
6.76800000E-5,-3.99914718E-3
6.77200000E-5,-3.88614089E-3
6.77600000E-5,-4.01173397E-3
6.78000000E-5,-3.93006369E-3
6.78400000E-5,-4.36972972E-3
6.78800000E-5,-4.36468645E-3
6.79200000E-5,-4.34229050E-3
6.79600000E-5,-4.00818431E-3
6.80000000E-5,-4.31068215E-3
6.80400000E-5,-4.15169810E-3
6.80800000E-5,-4.13230822E-3
6.81200000E-5,-4.37326504E-3
6.81600000E-5,-4.24485220E-3
6.82000000E-5,-4.08182253E-3
6.82400000E-5,-4.11598872E-3
6.82800000E-5,-4.08619658E-3
6.83200000E-5,-4.36654623E-3
6.83600000E-5,-3.99442876E-3
6.84000000E-5,-4.24965795E-3
6.84400000E-5,-4.36233075E-3
6.84800000E-5,-4.25482300E-3
6.85200000E-5,-4.03161888E-3
6.85600000E-5,-4.12998654E-3
6.86000000E-5,-4.26149045E-3
6.86400000E-5,-4.17932507E-3
6.86800000E-5,-4.01459088E-3
6.87200000E-5,-4.26136918E-3
6.87600000E-5,-3.96932506E-3
6.88000000E-5,-4.28124309E-3
6.88400000E-5,-4.05849041E-3
6.88800000E-5,-4.43152342E-3
6.89200000E-5,-4.12228321E-3
6.89600000E-5,-4.02196668E-3
6.90000000E-5,-4.40500897E-3
6.90400000E-5,-4.22394778E-3
6.90800000E-5,-4.09884430E-3
6.91200000E-5,-4.17758047E-3
6.91600000E-5,-4.32905848E-3
6.92000000E-5,-4.21808491E-3
6.92400000E-5,-4.07731837E-3
6.92800000E-5,-3.92604170E-3
6.93200000E-5,-4.67720533E-3
6.93600000E-5,-4.35660453E-3
6.94000000E-5,-4.39080933E-3
6.94400000E-5,-4.29009188E-3
6.94800000E-5,-4.36028143E-3
6.95200000E-5,-4.09147539E-3
6.95600000E-5,-3.97197384E-3
6.96000000E-5,-4.07088386E-3
6.96400000E-5,-4.19485260E-3
6.96800000E-5,-4.34705280E-3
6.97200000E-5,-4.30079583E-3
6.97600000E-5,-4.30085163E-3
6.98000000E-5,-4.18500888E-3
6.98400000E-5,-4.09535949E-3
6.98800000E-5,-4.30618412E-3
6.99200000E-5,-4.12591765E-3
6.99600000E-5,-4.22122705E-3
7.00000000E-5,-4.24245873E-3
7.00400000E-5,-4.31656767E-3
7.00800000E-5,-4.36136493E-3
7.01200000E-5,-4.23733339E-3
7.01600000E-5,-4.01519133E-3
7.02000000E-5,-4.28853223E-3
7.02400000E-5,-4.16175178E-3
7.02800000E-5,-4.13336885E-3
7.03200000E-5,-4.15945000E-3
7.03600000E-5,-4.09919341E-3
7.04000000E-5,-4.22656564E-3
7.04400000E-5,-4.09888156E-3
7.04800000E-5,-4.30714475E-3
7.05200000E-5,-4.36144256E-3
7.05600000E-5,-4.13466182E-3
7.06000000E-5,-4.14938196E-3
7.06400000E-5,-4.24900260E-3
7.06800000E-5,-4.28042744E-3
7.07200000E-5,-4.34550060E-3
7.07600000E-5,-4.12229590E-3
7.08000000E-5,-4.28115570E-3
7.08400000E-5,-4.34311093E-3
7.08800000E-5,-4.06303139E-3
7.09200000E-5,-4.24277405E-3
7.09600000E-5,-4.09599463E-3
7.10000000E-5,-4.17662403E-3
7.10400000E-5,-4.15218963E-3
7.10800000E-5,-4.29246473E-3
7.11200000E-5,-3.86105199E-3
7.11600000E-5,-4.33313066E-3
7.12000000E-5,-3.97167252E-3
7.12400000E-5,-4.19098727E-3
7.12800000E-5,-4.38962933E-3
7.13200000E-5,-4.54175581E-3
7.13600000E-5,-3.88713954E-3
7.14000000E-5,-4.21699230E-3
7.14400000E-5,-4.39263229E-3
7.14800000E-5,-4.23242972E-3
7.15200000E-5,-4.20088244E-3
7.15600000E-5,-4.23256853E-3
7.16000000E-5,-3.94298209E-3
7.16400000E-5,-4.28075566E-3
7.16800000E-5,-4.08867578E-3
7.17200000E-5,-4.24258889E-3
7.17600000E-5,-4.27456634E-3
7.18000000E-5,-4.20108289E-3
7.18400000E-5,-4.53889177E-3
7.18800000E-5,-4.31630012E-3
7.19200000E-5,-4.24024212E-3
7.19600000E-5,-4.07970670E-3
7.20000000E-5,-4.17339946E-3
7.20400000E-5,-4.28323279E-3
7.20800000E-5,-4.20037623E-3
7.21200000E-5,-4.41399890E-3
7.21600000E-5,-4.37158834E-3
7.22000000E-5,-4.20081678E-3
7.22400000E-5,-4.41826938E-3
7.22800000E-5,-4.47590954E-3
7.23200000E-5,-4.30032754E-3
7.23600000E-5,-4.08623756E-3
7.24000000E-5,-4.32750496E-3
7.24400000E-5,-4.17229775E-3
7.24800000E-5,-4.36958796E-3
7.25200000E-5,-4.17327417E-3
7.25600000E-5,-3.97869536E-3
7.26000000E-5,-4.26061283E-3
7.26400000E-5,-4.29869714E-3
7.26800000E-5,-4.23189381E-3
7.27200000E-5,-4.04648974E-3
7.27600000E-5,-4.27634847E-3
7.28000000E-5,-4.16976846E-3
7.28400000E-5,-4.28416333E-3
7.28800000E-5,-4.14249284E-3
7.29200000E-5,-4.19612283E-3
7.29600000E-5,-4.42117285E-3
7.30000000E-5,-4.14395148E-3
7.30400000E-5,-4.19726155E-3
7.30800000E-5,-4.33208091E-3
7.31200000E-5,-4.38866115E-3
7.31600000E-5,-4.13188072E-3
7.32000000E-5,-4.52486998E-3
7.32400000E-5,-4.24539731E-3
7.32800000E-5,-4.14427331E-3
7.33200000E-5,-4.37917478E-3
7.33600000E-5,-3.89013255E-3
7.34000000E-5,-4.23343826E-3
7.34400000E-5,-4.24354088E-3
7.34800000E-5,-4.39018725E-3
7.35200000E-5,-4.37675851E-3
7.35600000E-5,-4.19403314E-3
7.36000000E-5,-4.10037491E-3
7.36400000E-5,-4.25411356E-3
7.36800000E-5,-4.36768544E-3
7.37200000E-5,-4.32737435E-3
7.37600000E-5,-4.12920620E-3
7.38000000E-5,-4.06659722E-3
7.38400000E-5,-4.26315037E-3
7.38800000E-5,-4.31788387E-3
7.39200000E-5,-4.08295651E-3
7.39600000E-5,-4.41747494E-3
7.40000000E-5,-4.38372536E-3
7.40400000E-5,-4.11802256E-3
7.40800000E-5,-4.26313500E-3
7.41200000E-5,-4.22679045E-3
7.41600000E-5,-4.34455489E-3
7.42000000E-5,-4.23749726E-3
7.42400000E-5,-4.27605916E-3
7.42800000E-5,-4.08936945E-3
7.43200000E-5,-4.16249650E-3
7.43600000E-5,-4.27296579E-3
7.44000000E-5,-4.22736610E-3
7.44400000E-5,-4.27818122E-3
7.44800000E-5,-4.17880228E-3
7.45200000E-5,-4.17392065E-3
7.45600000E-5,-4.13307967E-3
7.46000000E-5,-4.37283866E-3
7.46400000E-5,-4.40857372E-3
7.46800000E-5,-4.15397889E-3
7.47200000E-5,-4.17075869E-3
7.47600000E-5,-4.21984651E-3
7.48000000E-5,-4.19021788E-3
7.48400000E-5,-4.11052342E-3
7.48800000E-5,-4.34526516E-3
7.49200000E-5,-4.23033606E-3
7.49600000E-5,-4.43016196E-3
7.50000000E-5,-4.28316487E-3
7.50400000E-5,-4.12201909E-3
7.50800000E-5,-4.22863785E-3
7.51200000E-5,-4.35789317E-3
7.51600000E-5,-4.23446783E-3
7.52000000E-5,-4.10228834E-3
7.52400000E-5,-4.30526448E-3
7.52800000E-5,-4.46978678E-3
7.53200000E-5,-4.08069667E-3
7.53600000E-5,-4.32904200E-3
7.54000000E-5,-4.21471550E-3
7.54400000E-5,-4.13313517E-3
7.54800000E-5,-4.21105859E-3
7.55200000E-5,-3.92326197E-3
7.55600000E-5,-4.32895251E-3
7.56000000E-5,-4.55865451E-3
7.56400000E-5,-4.27709088E-3
7.56800000E-5,-4.20021856E-3
7.57200000E-5,-4.13941024E-3
7.57600000E-5,-3.98878597E-3
7.58000000E-5,-4.23728451E-3
7.58400000E-5,-3.95943166E-3
7.58800000E-5,-4.35798278E-3
7.59200000E-5,-4.20715089E-3
7.59600000E-5,-4.13488032E-3
7.60000000E-5,-4.23219728E-3
7.60400000E-5,-4.27531090E-3
7.60800000E-5,-4.43660056E-3
7.61200000E-5,-4.06854349E-3
7.61600000E-5,-4.29730187E-3
7.62000000E-5,-4.43319605E-3
7.62400000E-5,-4.11700818E-3
7.62800000E-5,-4.21974900E-3
7.63200000E-5,-4.16887883E-3
7.63600000E-5,-4.31805199E-3
7.64000000E-5,-4.29688265E-3
7.64400000E-5,-4.29407492E-3
7.64800000E-5,-4.20699451E-3
7.65200000E-5,-4.13361401E-3
7.65600000E-5,-4.16970225E-3
7.66000000E-5,-4.19753725E-3
7.66400000E-5,-4.23631368E-3
7.66800000E-5,-4.35557237E-3
7.67200000E-5,-4.46622815E-3
7.67600000E-5,-4.20275892E-3
7.68000000E-5,-4.37696410E-3
7.68400000E-5,-4.36748333E-3
7.68800000E-5,-3.99148682E-3
7.69200000E-5,-3.94556919E-3
7.69600000E-5,-4.11001943E-3
7.70000000E-5,-4.47202437E-3
7.70400000E-5,-4.06281337E-3
7.70800000E-5,-3.93355249E-3
7.71200000E-5,-4.10148565E-3
7.71600000E-5,-4.25109609E-3
7.72000000E-5,-4.07198528E-3
7.72400000E-5,-4.17579983E-3
7.72800000E-5,-4.09808042E-3
7.73200000E-5,-4.63511198E-3
7.73600000E-5,-4.31363017E-3
7.74000000E-5,-4.17478816E-3
7.74400000E-5,-4.17116071E-3
7.74800000E-5,-4.17727342E-3
7.75200000E-5,-4.15421068E-3
7.75600000E-5,-3.99088613E-3
7.76000000E-5,-4.08404519E-3
7.76400000E-5,-4.67846657E-3
7.76800000E-5,-4.36457983E-3
7.77200000E-5,-4.53463193E-3
7.77600000E-5,-4.23159584E-3
7.78000000E-5,-4.46289858E-3
7.78400000E-5,-4.25956140E-3
7.78800000E-5,-4.34133205E-3
7.79200000E-5,-4.00677695E-3
7.79600000E-5,-4.08150895E-3
7.80000000E-5,-4.32439768E-3
7.80400000E-5,-4.29200772E-3
7.80800000E-5,-4.16406497E-3
7.81200000E-5,-4.28377758E-3
7.81600000E-5,-4.15847227E-3
7.82000000E-5,-4.26420025E-3
7.82400000E-5,-4.25436365E-3
7.82800000E-5,-4.02011218E-3
7.83200000E-5,-4.31686440E-3
7.83600000E-5,-4.22054493E-3
7.84000000E-5,-3.88467753E-3
7.84400000E-5,-4.16403098E-3
7.84800000E-5,-4.49656998E-3
7.85200000E-5,-4.32237870E-3
7.85600000E-5,-4.15206763E-3
7.86000000E-5,-4.19655457E-3
7.86400000E-5,-4.33937784E-3
7.86800000E-5,-4.44746049E-3
7.87200000E-5,-4.40393073E-3
7.87600000E-5,-4.18095343E-3
7.88000000E-5,-4.25658979E-3
7.88400000E-5,-4.03966734E-3
7.88800000E-5,-4.20778671E-3
7.89200000E-5,-4.49150078E-3
7.89600000E-5,-4.26979140E-3
7.90000000E-5,-4.16163704E-3
7.90400000E-5,-4.12649767E-3
7.90800000E-5,-4.34685304E-3
7.91200000E-5,-4.54865334E-3
7.91600000E-5,-4.12419102E-3
7.92000000E-5,-4.40266073E-3
7.92400000E-5,-4.51037602E-3
7.92800000E-5,-4.30213699E-3
7.93200000E-5,-4.29355509E-3
7.93600000E-5,-4.45167207E-3
7.94000000E-5,-4.50328683E-3
7.94400000E-5,-4.33488241E-3
7.94800000E-5,-4.03994177E-3
7.95200000E-5,-4.38769184E-3
7.95600000E-5,-4.20393820E-3
7.96000000E-5,-4.33232656E-3
7.96400000E-5,-4.23805616E-3
7.96800000E-5,-4.12820748E-3
7.97200000E-5,-4.47454258E-3
7.97600000E-5,-4.29713009E-3
7.98000000E-5,-4.25012891E-3
7.98400000E-5,-4.12113219E-3
7.98800000E-5,-4.14750656E-3
7.99200000E-5,-4.02971967E-3
7.99600000E-5,-4.21750166E-3
8.00000000E-5,-4.25727915E-3
8.00400000E-5,-4.53147351E-3
8.00800000E-5,-3.98821407E-3
8.01200000E-5,-4.07495811E-3
8.01600000E-5,-4.20097458E-3
8.02000000E-5,-3.98770746E-3
8.02400000E-5,-4.39407202E-3
8.02800000E-5,-4.18038207E-3
8.03200000E-5,-4.21016165E-3
8.03600000E-5,-4.32724980E-3
8.04000000E-5,-3.97535206E-3
8.04400000E-5,-4.80576197E-3
8.04800000E-5,-4.42439770E-3
8.05200000E-5,-4.47231433E-3
8.05600000E-5,-4.45689986E-3
8.06000000E-5,-4.04085257E-3
8.06400000E-5,-4.45810021E-3
8.06800000E-5,-3.83496962E-3
8.07200000E-5,-4.29368664E-3
8.07600000E-5,-4.57451000E-3
8.08000000E-5,-4.44031338E-3
8.08400000E-5,-4.13989881E-3
8.08800000E-5,-4.40429745E-3
8.09200000E-5,-4.43617698E-3
8.09600000E-5,-4.11404700E-3
8.10000000E-5,-4.18139812E-3
8.10400000E-5,-4.37090737E-3
8.10800000E-5,-4.32785586E-3
8.11200000E-5,-4.26855902E-3
8.11600000E-5,-4.21639975E-3
8.12000000E-5,-4.09460118E-3
8.12400000E-5,-4.30279507E-3
8.12800000E-5,-4.22929934E-3
8.13200000E-5,-4.18832310E-3
8.13600000E-5,-4.35240313E-3
8.14000000E-5,-4.26555523E-3
8.14400000E-5,-4.27635771E-3
8.14800000E-5,-4.22046725E-3
8.15200000E-5,-4.14532683E-3
8.15600000E-5,-4.06022547E-3
8.16000000E-5,-4.20592358E-3
8.16400000E-5,-4.17934143E-3
8.16800000E-5,-4.03232562E-3
8.17200000E-5,-4.26696247E-3
8.17600000E-5,-4.30640003E-3
8.18000000E-5,-4.28871265E-3
8.18400000E-5,-4.23763027E-3
8.18800000E-5,-4.01662688E-3
8.19200000E-5,-4.43913183E-3
8.19600000E-5,-4.52783949E-3
8.20000000E-5,-4.28974243E-3
8.20400000E-5,-4.55709391E-3
8.20800000E-5,-4.01339797E-3
8.21200000E-5,-4.09210560E-3
8.21600000E-5,-4.12453287E-3
8.22000000E-5,-4.46479326E-3
8.22400000E-5,-4.23919574E-3
8.22800000E-5,-4.25089180E-3
8.23200000E-5,-4.46215063E-3
8.23600000E-5,-4.20351856E-3
8.24000000E-5,-4.42733839E-3
8.24400000E-5,-4.32012357E-3
8.24800000E-5,-4.26244982E-3
8.25200000E-5,-4.29299402E-3
8.25600000E-5,-4.16086299E-3
8.26000000E-5,-4.24132572E-3
8.26400000E-5,-4.27140455E-3
8.26800000E-5,-4.03464451E-3
8.27200000E-5,-4.43316663E-3
8.27600000E-5,-4.38224861E-3
8.28000000E-5,-4.10288828E-3
8.28400000E-5,-4.04237081E-3
8.28800000E-5,-4.08992824E-3
8.29200000E-5,-4.35257086E-3
8.29600000E-5,-4.23389666E-3
8.30000000E-5,-4.34706962E-3
8.30400000E-5,-4.17297296E-3
8.30800000E-5,-4.10952125E-3
8.31200000E-5,-4.16958802E-3
8.31600000E-5,-4.28913324E-3
8.32000000E-5,-4.33997176E-3
8.32400000E-5,-4.27272577E-3
8.32800000E-5,-4.12340413E-3
8.33200000E-5,-4.26423966E-3
8.33600000E-5,-4.36959324E-3
8.34000000E-5,-4.38628215E-3
8.34400000E-5,-4.33889746E-3
8.34800000E-5,-3.96897234E-3
8.35200000E-5,-4.20387423E-3
8.35600000E-5,-3.90859796E-3
8.36000000E-5,-4.40456846E-3
8.36400000E-5,-4.43692458E-3
8.36800000E-5,-4.50373830E-3
8.37200000E-5,-4.58299201E-3
8.37600000E-5,-4.32056345E-3
8.38000000E-5,-4.04415001E-3
8.38400000E-5,-4.26943800E-3
8.38800000E-5,-4.17414959E-3
8.39200000E-5,-4.03987040E-3
8.39600000E-5,-4.19109408E-3
8.40000000E-5,-4.40936361E-3
8.40400000E-5,-4.40851862E-3
8.40800000E-5,-4.24153854E-3
8.41200000E-5,-4.46455471E-3
8.41600000E-5,-4.22601066E-3
8.42000000E-5,-4.14178273E-3
8.42400000E-5,-4.38620351E-3
8.42800000E-5,-4.30340873E-3
8.43200000E-5,-4.30747031E-3
8.43600000E-5,-4.33199538E-3
8.44000000E-5,-4.18429309E-3
8.44400000E-5,-4.17601132E-3
8.44800000E-5,-4.16483379E-3
8.45200000E-5,-4.27491505E-3
8.45600000E-5,-4.30782725E-3
8.46000000E-5,-4.21707568E-3
8.46400000E-5,-4.05119081E-3
8.46800000E-5,-4.18698576E-3
8.47200000E-5,-4.09145363E-3
8.47600000E-5,-4.21751811E-3
8.48000000E-5,-4.23207975E-3
8.48400000E-5,-4.35784765E-3
8.48800000E-5,-4.24037148E-3
8.49200000E-5,-4.09362597E-3
8.49600000E-5,-4.22233139E-3
8.50000000E-5,-4.47334303E-3
8.50400000E-5,-4.41584497E-3
8.50800000E-5,-4.25348446E-3
8.51200000E-5,-4.51102679E-3
8.51600000E-5,-4.01900249E-3
8.52000000E-5,-4.14390444E-3
8.52400000E-5,-4.15863681E-3
8.52800000E-5,-4.07849974E-3
8.53200000E-5,-4.38685794E-3
8.53600000E-5,-4.41504936E-3
8.54000000E-5,-4.31487595E-3
8.54400000E-5,-4.06193344E-3
8.54800000E-5,-4.10676033E-3
8.55200000E-5,-4.29534422E-3
8.55600000E-5,-4.52698043E-3
8.56000000E-5,-4.30348525E-3
8.56400000E-5,-4.23535623E-3
8.56800000E-5,-4.21159939E-3
8.57200000E-5,-4.28528892E-3
8.57600000E-5,-4.20557277E-3
8.58000000E-5,-4.24601809E-3
8.58400000E-5,-4.46084553E-3
8.58800000E-5,-4.24150097E-3
8.59200000E-5,-4.22864753E-3
8.59600000E-5,-4.45500182E-3
8.60000000E-5,-4.63516882E-3
8.60400000E-5,-4.51315563E-3
8.60800000E-5,-4.20050152E-3
8.61200000E-5,-4.16036736E-3
8.61600000E-5,-4.16827650E-3
8.62000000E-5,-4.44402668E-3
8.62400000E-5,-4.23135160E-3
8.62800000E-5,-4.12707041E-3
8.63200000E-5,-4.03452081E-3
8.63600000E-5,-4.23158374E-3
8.64000000E-5,-3.97597928E-3
8.64400000E-5,-4.19184550E-3
8.64800000E-5,-4.26196919E-3
8.65200000E-5,-4.11339303E-3
8.65600000E-5,-4.33251742E-3
8.66000000E-5,-4.55853629E-3
8.66400000E-5,-4.30851637E-3
8.66800000E-5,-4.03676357E-3
8.67200000E-5,-4.07416522E-3
8.67600000E-5,-4.33183394E-3
8.68000000E-5,-4.33576017E-3
8.68400000E-5,-3.88430153E-3
8.68800000E-5,-4.13543798E-3
8.69200000E-5,-4.29764513E-3
8.69600000E-5,-4.38653379E-3
8.70000000E-5,-4.28533003E-3
8.70400000E-5,-4.16939312E-3
8.70800000E-5,-4.17452448E-3
8.71200000E-5,-4.27582635E-3
8.71600000E-5,-4.28415862E-3
8.72000000E-5,-4.19182643E-3
8.72400000E-5,-4.11723763E-3
8.72800000E-5,-4.23632033E-3
8.73200000E-5,-4.25941694E-3
8.73600000E-5,-4.30890585E-3
8.74000000E-5,-4.47555916E-3
8.74400000E-5,-4.38047109E-3
8.74800000E-5,-4.26896381E-3
8.75200000E-5,-4.27190829E-3
8.75600000E-5,-4.27896197E-3
8.76000000E-5,-4.34699297E-3
8.76400000E-5,-4.22906102E-3
8.76800000E-5,-4.17199855E-3
8.77200000E-5,-4.15407795E-3
8.77600000E-5,-4.12655927E-3
8.78000000E-5,-4.13598476E-3
8.78400000E-5,-4.31689345E-3
8.78800000E-5,-4.02164691E-3
8.79200000E-5,-4.37211909E-3
8.79600000E-5,-4.26139219E-3
8.80000000E-5,-4.18808231E-3
8.80400000E-5,-4.20892616E-3
8.80800000E-5,-4.29082669E-3
8.81200000E-5,-4.46083630E-3
8.81600000E-5,-4.29266955E-3
8.82000000E-5,-4.02640342E-3
8.82400000E-5,-3.82833275E-3
8.82800000E-5,-4.06905666E-3
8.83200000E-5,-4.29836772E-3
8.83600000E-5,-4.21939700E-3
8.84000000E-5,-4.31453136E-3
8.84400000E-5,-4.45730412E-3
8.84800000E-5,-4.05795838E-3
8.85200000E-5,-4.34605422E-3
8.85600000E-5,-4.30565578E-3
8.86000000E-5,-4.58343406E-3
8.86400000E-5,-4.22333323E-3
8.86800000E-5,-4.08099625E-3
8.87200000E-5,-4.23334557E-3
8.87600000E-5,-4.23486701E-3
8.88000000E-5,-4.46591976E-3
8.88400000E-5,-4.15178104E-3
8.88800000E-5,-4.44583460E-3
8.89200000E-5,-4.18639373E-3
8.89600000E-5,-4.29495718E-3
8.90000000E-5,-4.38572895E-3
8.90400000E-5,-4.13917579E-3
8.90800000E-5,-3.96821711E-3
8.91200000E-5,-4.13411714E-3
8.91600000E-5,-4.04791622E-3
8.92000000E-5,-4.39346125E-3
8.92400000E-5,-4.47314941E-3
8.92800000E-5,-4.25009694E-3
8.93200000E-5,-4.29464043E-3
8.93600000E-5,-4.26595559E-3
8.94000000E-5,-4.38123479E-3
8.94400000E-5,-4.56295476E-3
8.94800000E-5,-4.36403589E-3
8.95200000E-5,-4.20827683E-3
8.95600000E-5,-3.87732721E-3
8.96000000E-5,-4.17150982E-3
8.96400000E-5,-4.32356119E-3
8.96800000E-5,-4.28765296E-3
8.97200000E-5,-4.27017316E-3
8.97600000E-5,-4.24031011E-3
8.98000000E-5,-4.20251116E-3
8.98400000E-5,-4.44083587E-3
8.98800000E-5,-4.33038461E-3
8.99200000E-5,-4.39677303E-3
8.99600000E-5,-4.05921310E-3
9.00000000E-5,-4.05590876E-3
9.00400000E-5,-4.61137932E-3
9.00800000E-5,-4.07259269E-3
9.01200000E-5,-4.27302240E-3
9.01600000E-5,-4.24470933E-3
9.02000000E-5,-4.21524313E-3
9.02400000E-5,-4.23982963E-3
9.02800000E-5,-4.18501362E-3
9.03200000E-5,-4.39264056E-3
9.03600000E-5,-4.08797026E-3
9.04000000E-5,-4.13351427E-3
9.04400000E-5,-4.26063838E-3
9.04800000E-5,-4.47132863E-3
9.05200000E-5,-4.41805325E-3
9.05600000E-5,-4.26138730E-3
9.06000000E-5,-3.84010083E-3
9.06400000E-5,-4.35135263E-3
9.06800000E-5,-4.04413681E-3
9.07200000E-5,-4.35615112E-3
9.07600000E-5,-4.31313905E-3
9.08000000E-5,-4.25243249E-3
9.08400000E-5,-4.33369334E-3
9.08800000E-5,-4.33814697E-3
9.09200000E-5,-4.44912831E-3
9.09600000E-5,-4.21779779E-3
9.10000000E-5,-4.36175185E-3
9.10400000E-5,-4.28442052E-3
9.10800000E-5,-4.46130216E-3
9.11200000E-5,-4.33808738E-3
9.11600000E-5,-3.97436174E-3
9.12000000E-5,-4.22546005E-3
9.12400000E-5,-4.26514457E-3
9.12800000E-5,-4.23687077E-3
9.13200000E-5,-4.08709470E-3
9.13600000E-5,-3.96787301E-3
9.14000000E-5,-4.22149943E-3
9.14400000E-5,-4.33164654E-3
9.14800000E-5,-4.19689905E-3
9.15200000E-5,-4.30324935E-3
9.15600000E-5,-4.29348037E-3
9.16000000E-5,-4.11578467E-3
9.16400000E-5,-4.03444208E-3
9.16800000E-5,-4.42951192E-3
9.17200000E-5,-4.07757298E-3
9.17600000E-5,-4.13483122E-3
9.18000000E-5,-4.29210064E-3
9.18400000E-5,-4.27885400E-3
9.18800000E-5,-4.13995366E-3
9.19200000E-5,-4.20627528E-3
9.19600000E-5,-4.41387043E-3
9.20000000E-5,-4.23998436E-3
9.20400000E-5,-4.11004848E-3
9.20800000E-5,-4.25874626E-3
9.21200000E-5,-4.27194099E-3
9.21600000E-5,-4.00200524E-3
9.22000000E-5,-4.05567536E-3
9.22400000E-5,-4.40813086E-3
9.22800000E-5,-4.35506307E-3
9.23200000E-5,-4.10086606E-3
9.23600000E-5,-4.26081649E-3
9.24000000E-5,-4.11956402E-3
9.24400000E-5,-4.05900038E-3
9.24800000E-5,-4.02336036E-3
9.25200000E-5,-4.25742967E-3
9.25600000E-5,-4.15753223E-3
9.26000000E-5,-4.16125449E-3
9.26400000E-5,-4.36263555E-3
9.26800000E-5,-4.27899521E-3
9.27200000E-5,-4.28372935E-3
9.27600000E-5,-4.46654755E-3
9.28000000E-5,-4.32138537E-3
9.28400000E-5,-4.29827742E-3
9.28800000E-5,-4.33565281E-3
9.29200000E-5,-4.03509239E-3
9.29600000E-5,-3.84927732E-3
9.30000000E-5,-4.28168892E-3
9.30400000E-5,-4.21157160E-3
9.30800000E-5,-4.39634067E-3
9.31200000E-5,-4.26204171E-3
9.31600000E-5,-4.39418472E-3
9.32000000E-5,-4.16661419E-3
9.32400000E-5,-4.42136191E-3
9.32800000E-5,-4.15645751E-3
9.33200000E-5,-4.40687950E-3
9.33600000E-5,-4.34732782E-3
9.34000000E-5,-4.30737576E-3
9.34400000E-5,-4.39942031E-3
9.34800000E-5,-4.27287012E-3
9.35200000E-5,-4.21429174E-3
9.35600000E-5,-4.05889048E-3
9.36000000E-5,-4.01106232E-3
9.36400000E-5,-4.22544133E-3
9.36800000E-5,-4.18492410E-3
9.37200000E-5,-4.27029222E-3
9.37600000E-5,-4.34615084E-3
9.38000000E-5,-4.33118423E-3
9.38400000E-5,-4.24044021E-3
9.38800000E-5,-4.54525203E-3
9.39200000E-5,-4.19674927E-3
9.39600000E-5,-4.44399793E-3
9.40000000E-5,-4.21419838E-3
9.40400000E-5,-4.39507843E-3
9.40800000E-5,-4.11865797E-3
9.41200000E-5,-4.40641222E-3
9.41600000E-5,-4.27807731E-3
9.42000000E-5,-4.21454403E-3
9.42400000E-5,-4.02958015E-3
9.42800000E-5,-4.43399611E-3
9.43200000E-5,-4.40103061E-3
9.43600000E-5,-4.16256554E-3
9.44000000E-5,-4.12693300E-3
9.44400000E-5,-4.07098789E-3
9.44800000E-5,-4.19182252E-3
9.45200000E-5,-4.18761740E-3
9.45600000E-5,-4.26240760E-3
9.46000000E-5,-4.28998395E-3
9.46400000E-5,-4.38937659E-3
9.46800000E-5,-4.12596962E-3
9.47200000E-5,-4.35652026E-3
9.47600000E-5,-4.02346304E-3
9.48000000E-5,-4.13337735E-3
9.48400000E-5,-4.58635864E-3
9.48800000E-5,-4.51997566E-3
9.49200000E-5,-4.10144556E-3
9.49600000E-5,-4.00686406E-3
9.50000000E-5,-4.37649395E-3
9.50400000E-5,-4.03196331E-3
9.50800000E-5,-4.27013290E-3
9.51200000E-5,-4.39970717E-3
9.51600000E-5,-4.05067136E-3
9.52000000E-5,-4.02153814E-3
9.52400000E-5,-4.28110427E-3
9.52800000E-5,-4.25320973E-3
9.53200000E-5,-4.33476577E-3
9.53600000E-5,-4.10733314E-3
9.54000000E-5,-4.37133610E-3
9.54400000E-5,-4.01861068E-3
9.54800000E-5,-4.39246212E-3
9.55200000E-5,-4.25282847E-3
9.55600000E-5,-4.20227820E-3
9.56000000E-5,-4.26478782E-3
9.56400000E-5,-4.22925819E-3
9.56800000E-5,-4.30248386E-3
9.57200000E-5,-4.38459711E-3
9.57600000E-5,-4.11339190E-3
9.58000000E-5,-4.10450437E-3
9.58400000E-5,-3.76373239E-3
9.58800000E-5,-4.19021536E-3
9.59200000E-5,-4.12675199E-3
9.59600000E-5,-4.27420889E-3
9.60000000E-5,-4.32393980E-3
9.60400000E-5,-4.39618355E-3
9.60800000E-5,-4.06734441E-3
9.61200000E-5,-4.27802268E-3
9.61600000E-5,-4.11736163E-3
9.62000000E-5,-4.46046473E-3
9.62400000E-5,-4.03342093E-3
9.62800000E-5,-4.20643778E-3
9.63200000E-5,-4.54458311E-3
9.63600000E-5,-4.31483923E-3
9.64000000E-5,-4.36126260E-3
9.64400000E-5,-4.14205317E-3
9.64800000E-5,-4.37760466E-3
9.65200000E-5,-4.17300706E-3
9.65600000E-5,-4.35136121E-3
9.66000000E-5,-4.13467117E-3
9.66400000E-5,-4.34728110E-3
9.66800000E-5,-4.05797248E-3
9.67200000E-5,-4.19955769E-3
9.67600000E-5,-3.97525275E-3
9.68000000E-5,-4.28175840E-3
9.68400000E-5,-4.29882233E-3
9.68800000E-5,-4.61640038E-3
9.69200000E-5,-4.18566504E-3
9.69600000E-5,-4.43935256E-3
9.70000000E-5,-4.37073466E-3
9.70400000E-5,-4.28624823E-3
9.70800000E-5,-4.42345131E-3
9.71200000E-5,-3.99651134E-3
9.71600000E-5,-4.29430761E-3
9.72000000E-5,-4.28340043E-3
9.72400000E-5,-4.37499776E-3
9.72800000E-5,-4.24986349E-3
9.73200000E-5,-4.20125488E-3
9.73600000E-5,-4.24717704E-3
9.74000000E-5,-4.54478194E-3
9.74400000E-5,-4.20925468E-3
9.74800000E-5,-4.32545630E-3
9.75200000E-5,-4.35855787E-3
9.75600000E-5,-4.45496813E-3
9.76000000E-5,-4.21775373E-3
9.76400000E-5,-4.42786714E-3
9.76800000E-5,-4.21409301E-3
9.77200000E-5,-4.42886211E-3
9.77600000E-5,-4.37208820E-3
9.78000000E-5,-4.18769011E-3
9.78400000E-5,-4.23662832E-3
9.78800000E-5,-4.14328850E-3
9.79200000E-5,-4.10029456E-3
9.79600000E-5,-4.21430787E-3
9.80000000E-5,-4.16276305E-3
9.80400000E-5,-4.27562884E-3
9.80800000E-5,-4.21491134E-3
9.81200000E-5,-4.32458976E-3
9.81600000E-5,-4.24643379E-3
9.82000000E-5,-4.44453614E-3
9.82400000E-5,-4.33971448E-3
9.82800000E-5,-4.39690480E-3
9.83200000E-5,-4.36303255E-3
9.83600000E-5,-4.23008806E-3
9.84000000E-5,-4.16946359E-3
9.84400000E-5,-4.15434806E-3
9.84800000E-5,-4.50125781E-3
9.85200000E-5,-4.09311570E-3
9.85600000E-5,-3.96947633E-3
9.86000000E-5,-4.52456385E-3
9.86400000E-5,-4.44412925E-3
9.86800000E-5,-4.17353376E-3
9.87200000E-5,-4.37485752E-3
9.87600000E-5,-4.15011338E-3
9.88000000E-5,-4.23871143E-3
9.88400000E-5,-4.52751247E-3
9.88800000E-5,-4.34839134E-3
9.89200000E-5,-4.18298789E-3
9.89600000E-5,-4.44869379E-3
9.90000000E-5,-4.38218773E-3
9.90400000E-5,-4.26621960E-3
9.90800000E-5,-4.23891485E-3
9.91200000E-5,-4.45358995E-3
9.91600000E-5,-4.32196214E-3
9.92000000E-5,-4.33102667E-3
9.92400000E-5,-4.22084118E-3
9.92800000E-5,-4.11153844E-3
9.93200000E-5,-4.34174529E-3
9.93600000E-5,-4.65648015E-3
9.94000000E-5,-4.44780857E-3
9.94400000E-5,-4.48469595E-3
9.94800000E-5,-4.08731187E-3
9.95200000E-5,-4.19643977E-3
9.95600000E-5,-4.30193704E-3
9.96000000E-5,-3.94644481E-3
9.96400000E-5,-4.27161352E-3
9.96800000E-5,-4.38785342E-3
9.97200000E-5,-4.34486601E-3
9.97600000E-5,-4.22255857E-3
9.98000000E-5,-4.42995918E-3
9.98400000E-5,-4.46677253E-3
9.98800000E-5,-4.23066280E-3
9.99200000E-5,-4.15802342E-3
9.99600000E-5,-4.20301378E-3
1.00000000E-4,-4.28090153E-3
1.00040000E-4,-4.24610254E-3
1.00080000E-4,-3.98098603E-3
1.00120000E-4,-4.35055409E-3
1.00160000E-4,-4.19395364E-3
1.00200000E-4,-4.11691069E-3
1.00240000E-4,-3.93246434E-3
1.00280000E-4,-4.16693297E-3
1.00320000E-4,-3.99854709E-3
1.00360000E-4,-3.92391168E-3
1.00400000E-4,-4.25170329E-3
1.00440000E-4,-3.98515928E-3
1.00480000E-4,-4.07252818E-3
1.00520000E-4,-4.16300489E-3
1.00560000E-4,-3.84894641E-3
1.00600000E-4,-4.12238113E-3
1.00640000E-4,-4.19295963E-3
1.00680000E-4,-3.99737882E-3
1.00720000E-4,-4.05102121E-3
1.00760000E-4,-3.86805920E-3
1.00800000E-4,-3.91016907E-3
1.00840000E-4,-3.86976911E-3
1.00880000E-4,-3.74019776E-3
1.00920000E-4,-3.83604674E-3
1.00960000E-4,-4.00405294E-3
1.01000000E-4,-3.84500960E-3
1.01040000E-4,-3.82301510E-3
1.01080000E-4,-3.84536922E-3
1.01120000E-4,-3.69275860E-3
1.01160000E-4,-3.92141606E-3
1.01200000E-4,-3.72670046E-3
1.01240000E-4,-3.80574083E-3
1.01280000E-4,-3.53658938E-3
1.01320000E-4,-3.78238046E-3
1.01360000E-4,-3.83951794E-3
1.01400000E-4,-3.63962493E-3
1.01440000E-4,-3.88063437E-3
1.01480000E-4,-3.72725438E-3
1.01520000E-4,-3.55968708E-3
1.01560000E-4,-3.76125695E-3
1.01600000E-4,-3.64934293E-3
1.01640000E-4,-3.71844451E-3
1.01680000E-4,-3.52242096E-3
1.01720000E-4,-3.38263527E-3
1.01760000E-4,-3.61582985E-3
1.01800000E-4,-3.58476472E-3
1.01840000E-4,-3.56218799E-3
1.01880000E-4,-3.15142430E-3
1.01920000E-4,-3.62163026E-3
1.01960000E-4,-3.38481106E-3
1.02000000E-4,-3.25986323E-3
1.02040000E-4,-3.42220486E-3
1.02080000E-4,-3.50210260E-3
1.02120000E-4,-3.48088696E-3
1.02160000E-4,-3.29294236E-3
1.02200000E-4,-3.44319456E-3
1.02240000E-4,-3.34551874E-3
1.02280000E-4,-3.21373874E-3
1.02320000E-4,-3.39308841E-3
1.02360000E-4,-3.16643681E-3
1.02400000E-4,-3.41100942E-3
1.02440000E-4,-3.40281132E-3
1.02480000E-4,-3.40852880E-3
1.02520000E-4,-3.64212909E-3
1.02560000E-4,-3.33423803E-3
1.02600000E-4,-3.28500204E-3
1.02640000E-4,-3.04927841E-3
1.02680000E-4,-3.19664865E-3
1.02720000E-4,-3.43753889E-3
1.02760000E-4,-3.26931348E-3
1.02800000E-4,-3.25635935E-3
1.02840000E-4,-3.23833985E-3
1.02880000E-4,-3.20175105E-3
1.02920000E-4,-2.78773931E-3
1.02960000E-4,-3.25778865E-3
1.03000000E-4,-3.17152104E-3
1.03040000E-4,-3.21530462E-3
1.03080000E-4,-2.71399486E-3
1.03120000E-4,-3.20863710E-3
1.03160000E-4,-3.10279547E-3
1.03200000E-4,-3.18099317E-3
1.03240000E-4,-2.91207479E-3
1.03280000E-4,-3.18378076E-3
1.03320000E-4,-2.98115012E-3
1.03360000E-4,-2.79910523E-3
1.03400000E-4,-3.18142480E-3
1.03440000E-4,-2.97157164E-3
1.03480000E-4,-3.18735415E-3
1.03520000E-4,-3.13899381E-3
1.03560000E-4,-2.99237115E-3
1.03600000E-4,-2.92412148E-3
1.03640000E-4,-3.08111818E-3
1.03680000E-4,-2.93839579E-3
1.03720000E-4,-2.99246772E-3
1.03760000E-4,-2.86691300E-3
1.03800000E-4,-2.81107587E-3
1.03840000E-4,-2.79746517E-3
1.03880000E-4,-2.68858134E-3
1.03920000E-4,-2.87137383E-3
1.03960000E-4,-2.91231007E-3
1.04000000E-4,-2.81725857E-3
1.04040000E-4,-2.54601313E-3
1.04080000E-4,-2.76804534E-3
1.04120000E-4,-2.68773014E-3
1.04160000E-4,-2.69755397E-3
1.04200000E-4,-2.88215757E-3
1.04240000E-4,-2.88273745E-3
1.04280000E-4,-2.49994076E-3
1.04320000E-4,-2.77739313E-3
1.04360000E-4,-2.55415792E-3
1.04400000E-4,-2.71370653E-3
1.04440000E-4,-2.61098150E-3
1.04480000E-4,-2.66882844E-3
1.04520000E-4,-2.63745191E-3
1.04560000E-4,-2.69376085E-3
1.04600000E-4,-2.72578254E-3
1.04640000E-4,-2.68445038E-3
1.04680000E-4,-2.76828188E-3
1.04720000E-4,-2.67164252E-3
1.04760000E-4,-2.33610404E-3
1.04800000E-4,-2.55644458E-3
1.04840000E-4,-2.39975185E-3
1.04880000E-4,-2.51101667E-3
1.04920000E-4,-2.45100483E-3
1.04960000E-4,-2.51058562E-3
1.05000000E-4,-2.79959114E-3
1.05040000E-4,-2.36659320E-3
1.05080000E-4,-2.26775812E-3
1.05120000E-4,-2.65016454E-3
1.05160000E-4,-2.58743649E-3
1.05200000E-4,-2.32123515E-3
1.05240000E-4,-2.31777332E-3
1.05280000E-4,-2.45951598E-3
1.05320000E-4,-2.51406366E-3
1.05360000E-4,-2.41374393E-3
1.05400000E-4,-2.44337712E-3
1.05440000E-4,-2.30336109E-3
1.05480000E-4,-2.53948968E-3
1.05520000E-4,-2.33292688E-3
1.05560000E-4,-2.34154801E-3
1.05600000E-4,-2.14865319E-3
1.05640000E-4,-2.44052907E-3
1.05680000E-4,-2.30765308E-3
1.05720000E-4,-2.25747665E-3
1.05760000E-4,-2.22836923E-3
1.05800000E-4,-2.32472539E-3
1.05840000E-4,-2.18023372E-3
1.05880000E-4,-2.55510528E-3
1.05920000E-4,-2.22634439E-3
1.05960000E-4,-2.21517904E-3
1.06000000E-4,-2.42854084E-3
1.06040000E-4,-2.26530740E-3
1.06080000E-4,-2.50598277E-3
1.06120000E-4,-2.34699461E-3
1.06160000E-4,-2.31850684E-3
1.06200000E-4,-2.20925162E-3
1.06240000E-4,-2.35169959E-3
1.06280000E-4,-2.08335856E-3
1.06320000E-4,-1.98603115E-3
1.06360000E-4,-2.05795945E-3
1.06400000E-4,-2.06923609E-3
1.06440000E-4,-2.19579290E-3
1.06480000E-4,-2.25918499E-3
1.06520000E-4,-2.13994681E-3
1.06560000E-4,-2.04285244E-3
1.06600000E-4,-2.04602600E-3
1.06640000E-4,-2.04446620E-3
1.06680000E-4,-2.24304032E-3
1.06720000E-4,-2.12659305E-3
1.06760000E-4,-1.99400951E-3
1.06800000E-4,-2.11801063E-3
1.06840000E-4,-2.05239968E-3
1.06880000E-4,-1.94751351E-3
1.06920000E-4,-2.03883527E-3
1.06960000E-4,-2.05965462E-3
1.07000000E-4,-1.88728886E-3
1.07040000E-4,-1.88084283E-3
1.07080000E-4,-1.74980689E-3
1.07120000E-4,-2.09180953E-3
1.07160000E-4,-2.15882395E-3
1.07200000E-4,-1.99317704E-3
1.07240000E-4,-2.12184091E-3
1.07280000E-4,-2.02141817E-3
1.07320000E-4,-2.06316762E-3
1.07360000E-4,-1.79745574E-3
1.07400000E-4,-1.96763164E-3
1.07440000E-4,-2.04859857E-3
1.07480000E-4,-1.91875767E-3
1.07520000E-4,-1.87275579E-3
1.07560000E-4,-1.87270329E-3
1.07600000E-4,-2.00200978E-3
1.07640000E-4,-1.82073359E-3
1.07680000E-4,-1.71394534E-3
1.07720000E-4,-1.75486651E-3
1.07760000E-4,-1.86604958E-3
1.07800000E-4,-1.88570487E-3
1.07840000E-4,-1.77968103E-3
1.07880000E-4,-2.08487774E-3
1.07920000E-4,-1.93305016E-3
1.07960000E-4,-1.98452725E-3
1.08000000E-4,-1.94514973E-3
1.08040000E-4,-1.71013093E-3
1.08080000E-4,-1.94269348E-3
1.08120000E-4,-1.72970017E-3
1.08160000E-4,-1.77256366E-3
1.08200000E-4,-1.83681079E-3
1.08240000E-4,-1.73683714E-3
1.08280000E-4,-1.81014193E-3
1.08320000E-4,-1.79572184E-3
1.08360000E-4,-1.76354204E-3
1.08400000E-4,-1.74881530E-3
1.08440000E-4,-1.63391114E-3
1.08480000E-4,-1.56412320E-3
1.08520000E-4,-1.62001873E-3
1.08560000E-4,-1.65674064E-3
1.08600000E-4,-1.66729462E-3
1.08640000E-4,-1.61491044E-3
1.08680000E-4,-1.75132866E-3
1.08720000E-4,-1.68727442E-3
1.08760000E-4,-1.67976400E-3
1.08800000E-4,-1.66800382E-3
1.08840000E-4,-1.61725811E-3
1.08880000E-4,-1.58146982E-3
1.08920000E-4,-1.61001745E-3
1.08960000E-4,-1.45839859E-3
1.09000000E-4,-1.45089522E-3
1.09040000E-4,-1.47134866E-3
1.09080000E-4,-1.80475795E-3
1.09120000E-4,-1.64933604E-3
1.09160000E-4,-1.53137532E-3
1.09200000E-4,-1.56103246E-3
1.09240000E-4,-1.61027618E-3
1.09280000E-4,-1.57346049E-3
1.09320000E-4,-1.51445943E-3
1.09360000E-4,-1.44960938E-3
1.09400000E-4,-1.45818305E-3
1.09440000E-4,-1.59008600E-3
1.09480000E-4,-1.54525364E-3
1.09520000E-4,-1.57003250E-3
1.09560000E-4,-1.37669458E-3
1.09600000E-4,-1.50558989E-3
1.09640000E-4,-1.46758359E-3
1.09680000E-4,-1.45233037E-3
1.09720000E-4,-1.45779920E-3
1.09760000E-4,-1.43860009E-3
1.09800000E-4,-1.36005937E-3
1.09840000E-4,-1.54088791E-3
1.09880000E-4,-1.49453200E-3
1.09920000E-4,-1.37202873E-3
1.09960000E-4,-1.58205998E-3
1.10000000E-4,-1.42870886E-3
1.10040000E-4,-1.46086179E-3
1.10080000E-4,-1.54643683E-3
1.10120000E-4,-1.50666810E-3
1.10160000E-4,-1.37356509E-3
1.10200000E-4,-1.45032842E-3
1.10240000E-4,-1.25844112E-3
1.10280000E-4,-1.33001172E-3
1.10320000E-4,-1.33751024E-3
1.10360000E-4,-1.47749666E-3
1.10400000E-4,-1.43362703E-3
1.10440000E-4,-1.25465147E-3
1.10480000E-4,-1.51039016E-3
1.10520000E-4,-1.33734065E-3
1.10560000E-4,-1.30470772E-3
1.10600000E-4,-1.45351378E-3
1.10640000E-4,-1.26111583E-3
1.10680000E-4,-1.43185582E-3
1.10720000E-4,-1.25512560E-3
1.10760000E-4,-1.31151849E-3
1.10800000E-4,-1.33275260E-3
1.10840000E-4,-1.23946563E-3
1.10880000E-4,-1.26535182E-3
1.10920000E-4,-1.26008329E-3
1.10960000E-4,-1.30567712E-3
1.11000000E-4,-1.29085867E-3
1.11040000E-4,-1.36303519E-3
1.11080000E-4,-1.27148084E-3
1.11120000E-4,-1.32081681E-3
1.11160000E-4,-1.31354492E-3
1.11200000E-4,-1.33633452E-3
1.11240000E-4,-1.27600246E-3
1.11280000E-4,-1.13691139E-3
1.11320000E-4,-1.10826562E-3
1.11360000E-4,-1.20689374E-3
1.11400000E-4,-1.11740297E-3
1.11440000E-4,-1.21391155E-3
1.11480000E-4,-1.31614601E-3
1.11520000E-4,-1.22523920E-3
1.11560000E-4,-1.21163848E-3
1.11600000E-4,-9.74954962E-4
1.11640000E-4,-1.24081747E-3
1.11680000E-4,-1.09781985E-3
1.11720000E-4,-1.09012469E-3
1.11760000E-4,-1.19082149E-3
1.11800000E-4,-1.14819537E-3
1.11840000E-4,-1.16698121E-3
1.11880000E-4,-1.07017354E-3
1.11920000E-4,-1.19042570E-3
1.11960000E-4,-1.24229380E-3
1.12000000E-4,-1.17676125E-3
1.12040000E-4,-1.17595505E-3
1.12080000E-4,-1.01825006E-3
1.12120000E-4,-1.01213227E-3
1.12160000E-4,-1.07839688E-3
1.12200000E-4,-1.02377570E-3
1.12240000E-4,-1.14231862E-3
1.12280000E-4,-1.07019548E-3
1.12320000E-4,-1.07197934E-3
1.12360000E-4,-1.05040769E-3
1.12400000E-4,-1.06873259E-3
1.12440000E-4,-1.16479148E-3
1.12480000E-4,-1.04533239E-3
1.12520000E-4,-1.11499644E-3
1.12560000E-4,-1.12430475E-3
1.12600000E-4,-1.02293903E-3
1.12640000E-4,-1.03693624E-3
1.12680000E-4,-8.66983916E-4
1.12720000E-4,-9.01778172E-4
1.12760000E-4,-1.06382299E-3
1.12800000E-4,-1.03192627E-3
1.12840000E-4,-8.96718882E-4
1.12880000E-4,-1.03088785E-3
1.12920000E-4,-1.03146402E-3
1.12960000E-4,-1.07992488E-3
1.13000000E-4,-1.10776340E-3
1.13040000E-4,-9.05156650E-4
1.13080000E-4,-8.86372106E-4
1.13120000E-4,-9.09183292E-4
1.13160000E-4,-9.66801675E-4
1.13200000E-4,-8.55395380E-4
1.13240000E-4,-9.42250559E-4
1.13280000E-4,-9.48443873E-4
1.13320000E-4,-9.58641761E-4
1.13360000E-4,-9.41701805E-4
1.13400000E-4,-9.75703701E-4
1.13440000E-4,-9.52051489E-4
1.13480000E-4,-9.88070617E-4
1.13520000E-4,-9.70394500E-4
1.13560000E-4,-8.29577421E-4
1.13600000E-4,-1.00357249E-3
1.13640000E-4,-8.79701555E-4
1.13680000E-4,-7.68021993E-4
1.13720000E-4,-8.25862344E-4
1.13760000E-4,-8.81282432E-4
1.13800000E-4,-9.47902233E-4
1.13840000E-4,-8.74756381E-4
1.13880000E-4,-7.62352151E-4
1.13920000E-4,-8.87235125E-4
1.13960000E-4,-8.74105479E-4
1.14000000E-4,-7.38958585E-4
1.14040000E-4,-8.97145299E-4
1.14080000E-4,-8.92003649E-4
1.14120000E-4,-9.03129920E-4
1.14160000E-4,-9.16572275E-4
1.14200000E-4,-7.98662779E-4
1.14240000E-4,-9.58764260E-4
1.14280000E-4,-8.57744709E-4
1.14320000E-4,-8.15024417E-4
1.14360000E-4,-7.55086707E-4
1.14400000E-4,-1.02751335E-3
1.14440000E-4,-8.58438440E-4
1.14480000E-4,-7.28085372E-4
1.14520000E-4,-7.93207303E-4
1.14560000E-4,-8.55607153E-4
1.14600000E-4,-7.97193043E-4
1.14640000E-4,-8.14159997E-4
1.14680000E-4,-9.46040804E-4
1.14720000E-4,-7.38045614E-4
1.14760000E-4,-8.60449492E-4
1.14800000E-4,-7.50441845E-4
1.14840000E-4,-8.46983257E-4
1.14880000E-4,-7.68816213E-4
1.14920000E-4,-8.77274291E-4
1.14960000E-4,-7.21893612E-4
1.15000000E-4,-7.96692135E-4
1.15040000E-4,-8.34826722E-4
1.15080000E-4,-6.87166838E-4
1.15120000E-4,-7.47607163E-4
1.15160000E-4,-8.00595114E-4
1.15200000E-4,-6.84557623E-4
1.15240000E-4,-6.51225177E-4
1.15280000E-4,-7.07076908E-4
1.15320000E-4,-7.72641001E-4
1.15360000E-4,-7.88103830E-4
1.15400000E-4,-7.37839449E-4
1.15440000E-4,-7.48530596E-4
1.15480000E-4,-6.69402879E-4
1.15520000E-4,-7.70265226E-4
1.15560000E-4,-6.64372800E-4
1.15600000E-4,-6.39742433E-4
1.15640000E-4,-6.62325633E-4
1.15680000E-4,-7.42131727E-4
1.15720000E-4,-7.37939336E-4
1.15760000E-4,-7.96352760E-4
1.15800000E-4,-6.08484792E-4
1.15840000E-4,-6.82043957E-4
1.15880000E-4,-7.36914375E-4
1.15920000E-4,-7.88147918E-4
1.15960000E-4,-7.31469342E-4
1.16000000E-4,-6.77028402E-4
1.16040000E-4,-7.39939163E-4
1.16080000E-4,-7.26293122E-4
1.16120000E-4,-6.21770858E-4
1.16160000E-4,-6.02426003E-4
1.16200000E-4,-7.35405662E-4
1.16240000E-4,-7.38549793E-4
1.16280000E-4,-6.76002067E-4
1.16320000E-4,-7.63446531E-4
1.16360000E-4,-6.28524971E-4
1.16400000E-4,-7.43723553E-4
1.16440000E-4,-6.01353739E-4
1.16480000E-4,-6.66324103E-4
1.16520000E-4,-5.35783972E-4
1.16560000E-4,-7.27238252E-4
1.16600000E-4,-5.97101019E-4
1.16640000E-4,-6.82009710E-4
1.16680000E-4,-6.69810517E-4
1.16720000E-4,-5.55334125E-4
1.16760000E-4,-6.84414639E-4
1.16800000E-4,-5.83100736E-4
1.16840000E-4,-6.16067714E-4
1.16880000E-4,-5.86696775E-4
1.16920000E-4,-5.70028568E-4
1.16960000E-4,-6.99955268E-4
1.17000000E-4,-5.95836218E-4
1.17040000E-4,-6.26822605E-4
1.17080000E-4,-6.17523755E-4
1.17120000E-4,-6.77202495E-4
1.17160000E-4,-5.54001212E-4
1.17200000E-4,-5.49853997E-4
1.17240000E-4,-6.22541389E-4
1.17280000E-4,-6.54344446E-4
1.17320000E-4,-5.97948845E-4
1.17360000E-4,-5.73432251E-4
1.17400000E-4,-5.56230245E-4
1.17440000E-4,-5.98036993E-4
1.17480000E-4,-6.12283248E-4
1.17520000E-4,-6.12380656E-4
1.17560000E-4,-5.89338558E-4
1.17600000E-4,-4.85534916E-4
1.17640000E-4,-6.42184983E-4
1.17680000E-4,-5.24271882E-4
1.17720000E-4,-6.18966932E-4
1.17760000E-4,-5.93909137E-4
1.17800000E-4,-5.77439171E-4
1.17840000E-4,-4.76768427E-4
1.17880000E-4,-6.09984273E-4
1.17920000E-4,-5.44339108E-4
1.17960000E-4,-5.67165333E-4
1.18000000E-4,-5.40807718E-4
1.18040000E-4,-5.27065490E-4
1.18080000E-4,-5.61173959E-4
1.18120000E-4,-5.11549694E-4
1.18160000E-4,-5.89590843E-4
1.18200000E-4,-5.81090028E-4
1.18240000E-4,-5.47540602E-4
1.18280000E-4,-4.85846329E-4
1.18320000E-4,-5.18802350E-4
1.18360000E-4,-5.37207998E-4
1.18400000E-4,-6.02582816E-4
1.18440000E-4,-5.99712399E-4
1.18480000E-4,-5.90219781E-4
1.18520000E-4,-5.03970176E-4
1.18560000E-4,-6.63067276E-4
1.18600000E-4,-6.50525648E-4
1.18640000E-4,-5.90579546E-4
1.18680000E-4,-6.06467665E-4
1.18720000E-4,-5.46394171E-4
1.18760000E-4,-4.49737480E-4
1.18800000E-4,-5.06512691E-4
1.18840000E-4,-5.03929731E-4
1.18880000E-4,-5.26576417E-4
1.18920000E-4,-5.23502562E-4
1.18960000E-4,-5.08087103E-4
1.19000000E-4,-4.75765190E-4
1.19040000E-4,-5.15780461E-4
1.19080000E-4,-5.53080554E-4
1.19120000E-4,-4.91179467E-4
1.19160000E-4,-4.74095487E-4
1.19200000E-4,-4.59052247E-4
1.19240000E-4,-5.47807126E-4
1.19280000E-4,-5.09037973E-4
1.19320000E-4,-4.35214392E-4
1.19360000E-4,-5.25288709E-4
1.19400000E-4,-4.25971457E-4
1.19440000E-4,-4.70552940E-4
1.19480000E-4,-3.89071830E-4
1.19520000E-4,-4.33577754E-4
1.19560000E-4,-4.54520014E-4
1.19600000E-4,-5.05159513E-4
1.19640000E-4,-5.89270961E-4
1.19680000E-4,-5.69507319E-4
1.19720000E-4,-5.03966915E-4
1.19760000E-4,-3.95719399E-4
1.19800000E-4,-5.25837310E-4
1.19840000E-4,-3.90341686E-4
1.19880000E-4,-4.46219003E-4
1.19920000E-4,-4.77914066E-4
1.19960000E-4,-4.84556065E-4
1.20000000E-4,-4.00692992E-4
1.20040000E-4,-4.88807736E-4
1.20080000E-4,-4.94846421E-4
1.20120000E-4,-3.96230826E-4
1.20160000E-4,-4.01786789E-4
1.20200000E-4,-4.64041518E-4
1.20240000E-4,-4.25992714E-4
1.20280000E-4,-5.52145305E-4
1.20320000E-4,-4.32375504E-4
1.20360000E-4,-4.67691831E-4
1.20400000E-4,-4.49211891E-4
1.20440000E-4,-4.21691528E-4
1.20480000E-4,-4.21123520E-4
1.20520000E-4,-3.96055636E-4
1.20560000E-4,-4.49289539E-4
1.20600000E-4,-4.18020378E-4
1.20640000E-4,-4.84644137E-4
1.20680000E-4,-3.56019107E-4
1.20720000E-4,-4.28658520E-4
1.20760000E-4,-4.08198094E-4
1.20800000E-4,-4.80450392E-4
1.20840000E-4,-4.26039768E-4
1.20880000E-4,-4.56967848E-4
1.20920000E-4,-3.81389497E-4
1.20960000E-4,-3.78833363E-4
1.21000000E-4,-4.71372470E-4
1.21040000E-4,-3.44008828E-4
1.21080000E-4,-4.08438773E-4
1.21120000E-4,-3.68600628E-4
1.21160000E-4,-4.71091537E-4
1.21200000E-4,-4.38978669E-4
1.21240000E-4,-4.01286950E-4
1.21280000E-4,-3.91150278E-4
1.21320000E-4,-4.07644057E-4
1.21360000E-4,-3.89338707E-4
1.21400000E-4,-3.50161124E-4
1.21440000E-4,-3.83508132E-4
1.21480000E-4,-3.63075516E-4
1.21520000E-4,-3.43183289E-4
1.21560000E-4,-3.78751290E-4
1.21600000E-4,-3.81476386E-4
1.21640000E-4,-3.58660251E-4
1.21680000E-4,-3.58248340E-4
1.21720000E-4,-3.80680621E-4
1.21760000E-4,-3.66687023E-4
1.21800000E-4,-4.51421154E-4
1.21840000E-4,-4.57554930E-4
1.21880000E-4,-2.93229253E-4
1.21920000E-4,-3.21632728E-4
1.21960000E-4,-3.56947128E-4
1.22000000E-4,-3.53719331E-4
1.22040000E-4,-4.12701812E-4
1.22080000E-4,-3.32986746E-4
1.22120000E-4,-3.51951505E-4
1.22160000E-4,-3.53918954E-4
1.22200000E-4,-5.24557260E-4
1.22240000E-4,-3.05912140E-4
1.22280000E-4,-2.22466805E-4
1.22320000E-4,-2.98117006E-4
1.22360000E-4,-3.95201601E-4
1.22400000E-4,-3.65182201E-4
1.22440000E-4,-3.02625787E-4
1.22480000E-4,-2.92117936E-4
1.22520000E-4,-2.88731105E-4
1.22560000E-4,-3.39180222E-4
1.22600000E-4,-3.05485542E-4
1.22640000E-4,-3.80650132E-4
1.22680000E-4,-4.08316751E-4
1.22720000E-4,-2.88330504E-4
1.22760000E-4,-3.33762836E-4
1.22800000E-4,-3.65223171E-4
1.22840000E-4,-3.32691726E-4
1.22880000E-4,-2.93847701E-4
1.22920000E-4,-3.15171984E-4
1.22960000E-4,-2.85277859E-4
1.23000000E-4,-3.07171228E-4
1.23040000E-4,-3.10360354E-4
1.23080000E-4,-3.09981220E-4
1.23120000E-4,-3.40310974E-4
1.23160000E-4,-4.09524179E-4
1.23200000E-4,-3.56732236E-4
1.23240000E-4,-3.20700358E-4
1.23280000E-4,-2.54416565E-4
1.23320000E-4,-2.91522242E-4
1.23360000E-4,-3.98435511E-4
1.23400000E-4,-3.29812336E-4
1.23440000E-4,-3.29264764E-4
1.23480000E-4,-2.68663555E-4
1.23520000E-4,-3.45598469E-4
1.23560000E-4,-3.20803670E-4
1.23600000E-4,-3.81152804E-4
1.23640000E-4,-3.07825134E-4
1.23680000E-4,-3.70292122E-4
1.23720000E-4,-3.58772155E-4
1.23760000E-4,-3.48048755E-4
1.23800000E-4,-3.00814979E-4
1.23840000E-4,-4.38909452E-4
1.23880000E-4,-2.56016316E-4
1.23920000E-4,-2.77371040E-4
1.23960000E-4,-3.21839875E-4
1.24000000E-4,-2.81142317E-4
1.24040000E-4,-3.07557476E-4
1.24080000E-4,-2.46043657E-4
1.24120000E-4,-2.75828014E-4
1.24160000E-4,-3.42541809E-4
1.24200000E-4,-2.36218522E-4
1.24240000E-4,-2.99930875E-4
1.24280000E-4,-2.55940012E-4
1.24320000E-4,-2.93906762E-4
1.24360000E-4,-2.44349292E-4
1.24400000E-4,-2.40942882E-4
1.24440000E-4,-2.29213727E-4
1.24480000E-4,-3.17520045E-4
1.24520000E-4,-2.94011104E-4
1.24560000E-4,-3.27582054E-4
1.24600000E-4,-2.80050512E-4
1.24640000E-4,-2.95921733E-4
1.24680000E-4,-2.53805661E-4
1.24720000E-4,-3.16101454E-4
1.24760000E-4,-2.53077702E-4
1.24800000E-4,-3.12009972E-4
1.24840000E-4,-1.91756468E-4
1.24880000E-4,-2.64895930E-4
1.24920000E-4,-2.23830435E-4
1.24960000E-4,-2.31549561E-4
1.25000000E-4,-3.30403242E-4
1.25040000E-4,-2.65338330E-4
1.25080000E-4,-3.05607384E-4
1.25120000E-4,-2.43362802E-4
1.25160000E-4,-2.46437753E-4
1.25200000E-4,-2.04773618E-4
1.25240000E-4,-1.80408038E-4
1.25280000E-4,-2.94229886E-4
1.25320000E-4,-2.46263794E-4
1.25360000E-4,-2.40213416E-4
1.25400000E-4,-2.56221041E-4
1.25440000E-4,-1.93044548E-4
1.25480000E-4,-1.95255394E-4
1.25520000E-4,-2.84195048E-4
1.25560000E-4,-2.57024693E-4
1.25600000E-4,-1.87262735E-4
1.25640000E-4,-2.22554047E-4
1.25680000E-4,-2.16008398E-4
1.25720000E-4,-2.58620658E-4
1.25760000E-4,-2.79251553E-4
1.25800000E-4,-2.16259538E-4
1.25840000E-4,-2.59885430E-4
1.25880000E-4,-2.17966272E-4
1.25920000E-4,-2.99799430E-4
1.25960000E-4,-1.87901001E-4
1.26000000E-4,-2.11042987E-4
1.26040000E-4,-2.62512345E-4
1.26080000E-4,-2.02542039E-4
1.26120000E-4,-2.51410145E-4
1.26160000E-4,-2.27314255E-4
1.26200000E-4,-1.99625378E-4
1.26240000E-4,-2.13448249E-4
1.26280000E-4,-2.16652490E-4
1.26320000E-4,-1.95381136E-4
1.26360000E-4,-2.79380289E-4
1.26400000E-4,-2.26380017E-4
1.26440000E-4,-3.09422348E-4
1.26480000E-4,-2.51469320E-4
1.26520000E-4,-1.60449531E-4
1.26560000E-4,-2.32451680E-4
1.26600000E-4,-1.97748280E-4
1.26640000E-4,-2.55181689E-4
1.26680000E-4,-2.17768051E-4
1.26720000E-4,-2.39319547E-4
1.26760000E-4,-2.50354561E-4
1.26800000E-4,-1.97733422E-4
1.26840000E-4,-2.24454710E-4
1.26880000E-4,-2.59921622E-4
1.26920000E-4,-2.28977168E-4
1.26960000E-4,-1.95210724E-4
1.27000000E-4,-1.62041739E-4
1.27040000E-4,-1.20835748E-4
1.27080000E-4,-3.19722890E-4
1.27120000E-4,-2.02791978E-4
1.27160000E-4,-1.77067250E-4
1.27200000E-4,-1.75394200E-4
1.27240000E-4,-2.09311706E-4
1.27280000E-4,-1.62765368E-4
1.27320000E-4,-2.66240602E-4
1.27360000E-4,-2.21194641E-4
1.27400000E-4,-1.68111552E-4
1.27440000E-4,-1.43828036E-4
1.27480000E-4,-2.02632027E-4
1.27520000E-4,-2.13544799E-4
1.27560000E-4,-2.07824393E-4
1.27600000E-4,-2.23840067E-4
1.27640000E-4,-2.13645336E-4
1.27680000E-4,-2.60424285E-4
1.27720000E-4,-1.96731387E-4
1.27760000E-4,-2.02850304E-4
1.27800000E-4,-1.67203205E-4
1.27840000E-4,-1.69086941E-4
1.27880000E-4,-2.58924384E-4
1.27920000E-4,-2.65720792E-4
1.27960000E-4,-1.93860111E-4
1.28000000E-4,-2.13180467E-4
1.28040000E-4,-2.29903157E-4
1.28080000E-4,-1.99541646E-4
1.28120000E-4,-2.42347625E-4
1.28160000E-4,-1.88187389E-4
1.28200000E-4,-2.10732643E-4
1.28240000E-4,-2.38850692E-4
1.28280000E-4,-2.01774674E-4
1.28320000E-4,-2.08876430E-4
1.28360000E-4,-2.43530468E-4
1.28400000E-4,-2.19923679E-4
1.28440000E-4,-1.41014077E-4
1.28480000E-4,-2.34312108E-4
1.28520000E-4,-1.32364641E-4
1.28560000E-4,-1.29323889E-4
1.28600000E-4,-1.44653336E-4
1.28640000E-4,-1.82223024E-4
1.28680000E-4,-2.18724520E-4
1.28720000E-4,-8.92530851E-5
1.28760000E-4,-1.65284746E-4
1.28800000E-4,-2.14147283E-4
1.28840000E-4,-1.49707124E-4
1.28880000E-4,-1.87652387E-4
1.28920000E-4,-1.89644709E-4
1.28960000E-4,-2.01522990E-4
1.29000000E-4,-1.38027951E-4
1.29040000E-4,-1.95780688E-4
1.29080000E-4,-9.28072388E-5
1.29120000E-4,-1.28498684E-4
1.29160000E-4,-1.95265293E-4
1.29200000E-4,-2.04384747E-4
1.29240000E-4,-1.71641930E-4
1.29280000E-4,-1.72410125E-4
1.29320000E-4,-1.12235846E-4
1.29360000E-4,-1.44959905E-4
1.29400000E-4,-1.63492783E-4
1.29440000E-4,-1.42123543E-4
1.29480000E-4,-1.65005940E-4
1.29520000E-4,-1.76120576E-4
1.29560000E-4,-1.05798344E-4
1.29600000E-4,-1.62899387E-4
1.29640000E-4,-1.12370772E-4
1.29680000E-4,-1.58436811E-4
1.29720000E-4,-1.82243938E-4
1.29760000E-4,-1.33317362E-4
1.29800000E-4,-1.55529249E-4
1.29840000E-4,-1.33751999E-4
1.29880000E-4,-1.20045982E-4
1.29920000E-4,-2.23918440E-4
1.29960000E-4,-1.56903446E-4
1.30000000E-4,-1.44098584E-4
1.30040000E-4,-1.27785221E-4
1.30080000E-4,-1.21105237E-4
1.30120000E-4,-1.34560801E-4
1.30160000E-4,-2.03245297E-4
1.30200000E-4,-4.76259137E-5
1.30240000E-4,-1.33403612E-4
1.30280000E-4,-1.11488547E-4
1.30320000E-4,-1.39658247E-4
1.30360000E-4,-1.41675898E-4
1.30400000E-4,-4.68783284E-5
1.30440000E-4,-1.47416636E-4
1.30480000E-4,-1.25542875E-4
1.30520000E-4,-1.36781136E-4
1.30560000E-4,-8.54191901E-5
1.30600000E-4,-1.78102044E-4
1.30640000E-4,-1.29178873E-4
1.30680000E-4,-1.79789542E-4
1.30720000E-4,-8.54872444E-5
1.30760000E-4,-1.47931840E-4
1.30800000E-4,-1.42499663E-4
1.30840000E-4,-1.20400958E-4
1.30880000E-4,-1.11263899E-4
1.30920000E-4,-1.05093168E-4
1.30960000E-4,-1.11610693E-4
1.31000000E-4,-1.18978372E-4
1.31040000E-4,-1.41234366E-4
1.31080000E-4,-1.10500578E-4
1.31120000E-4,-1.11615929E-4
1.31160000E-4,-8.11930966E-5
1.31200000E-4,-1.30614515E-4
1.31240000E-4,-1.38460442E-4
1.31280000E-4,-1.30170074E-4
1.31320000E-4,-1.52425821E-4
1.31360000E-4,-1.12259183E-4
1.31400000E-4,-6.75928035E-5
1.31440000E-4,-9.87741982E-5
1.31480000E-4,-1.49894235E-4
1.31520000E-4,-1.31267696E-4
1.31560000E-4,-1.48456904E-4
1.31600000E-4,-1.21925130E-4
1.31640000E-4,-8.19578481E-5
1.31680000E-4,-9.84654938E-5
1.31720000E-4,-6.79167667E-5
1.31760000E-4,-8.07869743E-5
1.31800000E-4,-1.07598051E-4
1.31840000E-4,-1.26350532E-4
1.31880000E-4,-8.25942731E-5
1.31920000E-4,-1.17213216E-4
1.31960000E-4,-9.80214630E-5
1.32000000E-4,-1.20110240E-4
1.32040000E-4,-1.01592907E-4
1.32080000E-4,-1.70692614E-4
1.32120000E-4,-8.95900755E-5
1.32160000E-4,-1.13365922E-4
1.32200000E-4,-8.07407307E-5
1.32240000E-4,-1.04985365E-4
1.32280000E-4,-3.99581905E-5
1.32320000E-4,-8.68067291E-5
1.32360000E-4,-7.79908297E-5
1.32400000E-4,-1.48591840E-4
1.32440000E-4,-1.17399831E-4
1.32480000E-4,-1.02953619E-4
1.32520000E-4,-1.37337090E-4
1.32560000E-4,-8.21651483E-5
1.32600000E-4,-1.16979403E-4
1.32640000E-4,-1.22942643E-4
1.32680000E-4,-1.06727537E-4
1.32720000E-4,-7.65821382E-5
1.32760000E-4,-1.48460843E-4
1.32800000E-4,-8.52228381E-5
1.32840000E-4,-1.08285946E-4
1.32880000E-4,-9.40763124E-5
1.32920000E-4,-8.40274264E-5
1.32960000E-4,-1.89028158E-4
1.33000000E-4,-1.18665042E-4
1.33040000E-4,-7.30338019E-5
1.33080000E-4,-8.46619059E-5
1.33120000E-4,-5.37433820E-5
1.33160000E-4,-7.47308369E-5
1.33200000E-4,-6.64865221E-5
1.33240000E-4,-8.15694928E-5
1.33280000E-4,-1.20740199E-4
1.33320000E-4,-1.13713021E-4
1.33360000E-4,-9.98784768E-5
1.33400000E-4,-5.92489824E-5
1.33440000E-4,-1.38287369E-4
1.33480000E-4,-5.31221124E-6
1.33520000E-4,-1.13801255E-4
1.33560000E-4,-5.16835884E-5
1.33600000E-4,-1.01213697E-4
1.33640000E-4,-6.00276384E-5
1.33680000E-4,-7.41054744E-5
1.33720000E-4,-6.27744018E-5
1.33760000E-4,-1.13314652E-4
1.33800000E-4,-9.17846615E-5
1.33840000E-4,-9.04830008E-5
1.33880000E-4,-1.60192669E-4
1.33920000E-4,-1.02930693E-4
1.33960000E-4,-1.19616428E-4
1.34000000E-4,-6.55397333E-5
1.34040000E-4,-7.45234699E-5
1.34080000E-4,-1.12768969E-4
1.34120000E-4,-6.26939880E-5
1.34160000E-4,-7.23947352E-5
1.34200000E-4,-5.46344572E-5
1.34240000E-4,-3.26317206E-5
1.34280000E-4,-7.17952459E-5
1.34320000E-4,-8.39116694E-5
1.34360000E-4,-4.77857305E-5
1.34400000E-4,-1.92362482E-5
1.34440000E-4,-1.09503245E-4
1.34480000E-4,-6.27024280E-5
1.34520000E-4,-4.94320872E-5
1.34560000E-4,-5.54412467E-5
1.34600000E-4,-4.22851465E-5
1.34640000E-4,-5.57951552E-5
1.34680000E-4,-1.25862861E-4
1.34720000E-4,-7.17946737E-5
1.34760000E-4,-1.19490419E-4
1.34800000E-4,-5.45144468E-5
1.34840000E-4,-4.61415959E-5
1.34880000E-4,-5.02224830E-5
1.34920000E-4,-1.39244191E-4
1.34960000E-4,-7.91246818E-5
1.35000000E-4,-1.05826736E-5
1.35040000E-4,-4.18681810E-5
1.35080000E-4,-7.33476275E-5
1.35120000E-4,-9.71062789E-5
1.35160000E-4,-8.09417271E-5
1.35200000E-4,-4.46037769E-5
1.35240000E-4,-5.33030992E-5
1.35280000E-4,-1.12872719E-4
1.35320000E-4,-6.84492794E-5
1.35360000E-4,-4.68846989E-5
1.35400000E-4,-1.32398258E-4
1.35440000E-4,-7.09228341E-5
1.35480000E-4,-8.20461202E-5
1.35520000E-4,-6.46258271E-5
1.35560000E-4,-6.59050669E-5
1.35600000E-4,-7.89212249E-5
1.35640000E-4,-8.59437587E-5
1.35680000E-4,-5.64986141E-5
1.35720000E-4,-3.35118969E-6
1.35760000E-4,-3.34566013E-5
1.35800000E-4,-7.64673921E-5
1.35840000E-4,-5.05780128E-5
1.35880000E-4,-1.04096416E-4
1.35920000E-4,-4.89580443E-5
1.35960000E-4,-6.08804999E-5
1.36000000E-4,-6.90772167E-5
1.36040000E-4,-2.68140780E-5
1.36080000E-4,-3.78730769E-5
1.36120000E-4,-7.69021913E-5
1.36160000E-4,-1.15202021E-4
1.36200000E-4,-6.05603228E-5
1.36240000E-4,-8.97505980E-5
1.36280000E-4,-5.22431473E-5
1.36320000E-4,-5.05270690E-6
1.36360000E-4,-8.50239684E-5
1.36400000E-4,-7.16172235E-5
1.36440000E-4,-5.30407243E-5
1.36480000E-4,-6.78748431E-5
1.36520000E-4,-7.86247943E-5
1.36560000E-4,-7.61605283E-5
1.36600000E-4,-1.06112818E-4
1.36640000E-4,-4.37593554E-5
1.36680000E-4,-8.61200741E-5
1.36720000E-4,-8.68666294E-5
1.36760000E-4,-2.49477563E-5
1.36800000E-4,-4.86072065E-5
1.36840000E-4,-6.30181515E-5
1.36880000E-4,3.38253344E-6
1.36920000E-4,-8.42483275E-6
1.36960000E-4,-5.48124415E-5
1.37000000E-4,-1.84047204E-5
1.37040000E-4,-6.58190168E-5
1.37080000E-4,-6.50151933E-5
1.37120000E-4,-8.29653383E-5
1.37160000E-4,-2.45634065E-5
1.37200000E-4,-1.54386882E-5
1.37240000E-4,-3.01585187E-5
1.37280000E-4,-7.89391921E-5
1.37320000E-4,-4.81888391E-5
1.37360000E-4,-4.51183033E-5
1.37400000E-4,-3.58918866E-6
1.37440000E-4,-4.52564525E-5
1.37480000E-4,-5.65108306E-5
1.37520000E-4,-1.27335163E-4
1.37560000E-4,-5.48247534E-5
1.37600000E-4,-1.02259878E-4
1.37640000E-4,-6.65753092E-5
1.37680000E-4,-7.22190302E-5
1.37720000E-4,-4.20055196E-5
1.37760000E-4,-5.37330728E-5
1.37800000E-4,-4.68174077E-5
1.37840000E-4,-7.51299687E-5
1.37880000E-4,-1.00628217E-4
1.37920000E-4,-7.29021281E-5
1.37960000E-4,-3.22213545E-5
1.38000000E-4,-2.86137951E-5
1.38040000E-4,-6.33705055E-5
1.38080000E-4,-5.77112110E-5
1.38120000E-4,-2.47603689E-5
1.38160000E-4,-7.07898538E-5
1.38200000E-4,-8.24596158E-6
1.38240000E-4,-5.31093030E-5
1.38280000E-4,-2.73833549E-5
1.38320000E-4,-5.85294923E-5
1.38360000E-4,-1.23402200E-4
1.38400000E-4,-4.01285740E-5
1.38440000E-4,-3.29403106E-5
1.38480000E-4,-4.72689439E-5
1.38520000E-4,-3.99524399E-5
1.38560000E-4,-1.42576102E-5
1.38600000E-4,-1.29914548E-5
1.38640000E-4,4.68339298E-6
1.38680000E-4,-6.20642959E-5
1.38720000E-4,-5.84856328E-5
1.38760000E-4,-3.77148528E-5
1.38800000E-4,-4.23626802E-5
1.38840000E-4,-4.01533981E-5
1.38880000E-4,-1.63176613E-5
1.38920000E-4,-6.80799213E-5
1.38960000E-4,-9.01295420E-6
1.39000000E-4,-1.23991046E-4
1.39040000E-4,-2.14026435E-5
1.39080000E-4,-7.03071229E-5
1.39120000E-4,-2.69991592E-6
1.39160000E-4,-3.98151871E-5
1.39200000E-4,-6.26116191E-5
1.39240000E-4,-4.65056324E-5
1.39280000E-4,-4.16431424E-5
1.39320000E-4,-6.85815254E-5
1.39360000E-4,-5.09145168E-5
1.39400000E-4,-6.13525687E-5
1.39440000E-4,-7.94392799E-5
1.39480000E-4,-6.03592596E-5
1.39520000E-4,-1.89626962E-5
1.39560000E-4,3.67740003E-6
1.39600000E-4,-7.80207750E-5
1.39640000E-4,-5.73405956E-6
1.39680000E-4,-2.77283084E-5
1.39720000E-4,-4.42210864E-5
1.39760000E-4,-2.40715489E-5
1.39800000E-4,-1.66166382E-5
1.39840000E-4,-1.15470196E-5
1.39880000E-4,-1.39082983E-5
1.39920000E-4,-2.59480177E-5
1.39960000E-4,-5.39400201E-5
1.40000000E-4,-3.62345880E-5
1.40040000E-4,-4.74218751E-5
1.40080000E-4,-3.31117049E-5
1.40120000E-4,-6.55576448E-6
1.40160000E-4,-9.94800508E-5
1.40200000E-4,9.11527041E-6
1.40240000E-4,-4.90289595E-5
1.40280000E-4,-2.39199719E-5
1.40320000E-4,-3.14374628E-5
1.40360000E-4,-4.32490919E-5
1.40400000E-4,-2.18768867E-5
1.40440000E-4,-3.36802284E-5
1.40480000E-4,-9.30576085E-6
1.40520000E-4,-7.59923955E-5
1.40560000E-4,-9.53982100E-5
1.40600000E-4,-5.32170983E-6
1.40640000E-4,-3.77933306E-5
1.40680000E-4,-4.87008955E-5
1.40720000E-4,-4.94184210E-5
1.40760000E-4,-2.54731642E-5
1.40800000E-4,-2.38586888E-5
1.40840000E-4,-4.07702324E-7
1.40880000E-4,-1.00603763E-6
1.40920000E-4,-4.87112906E-5
1.40960000E-4,-1.97498114E-5
1.41000000E-4,-1.64713363E-5
1.41040000E-4,-1.10810940E-6
1.41080000E-4,-2.95082940E-5
1.41120000E-4,-6.84225193E-5
1.41160000E-4,-4.34102534E-5
1.41200000E-4,-1.64427738E-5
1.41240000E-4,-2.70578372E-5
1.41280000E-4,2.12102251E-6
1.41320000E-4,-4.18143174E-5
1.41360000E-4,-4.29904268E-5
1.41400000E-4,-3.96004959E-5
1.41440000E-4,-1.92595560E-5
1.41480000E-4,1.22413292E-5
1.41520000E-4,1.18910446E-5
1.41560000E-4,-2.62919127E-5
1.41600000E-4,2.64394808E-5
1.41640000E-4,1.41796151E-5
1.41680000E-4,-3.75022311E-5
1.41720000E-4,-1.60292129E-5
1.41760000E-4,2.51783418E-5
1.41800000E-4,-2.10226615E-5
1.41840000E-4,-1.73637753E-5
1.41880000E-4,-2.34347996E-5
1.41920000E-4,6.97081760E-7
1.41960000E-4,1.52032511E-5
1.42000000E-4,-2.75875843E-5
1.42040000E-4,-2.33763489E-5
1.42080000E-4,-2.62148177E-5
1.42120000E-4,-6.29592636E-6
1.42160000E-4,-1.25554635E-5
1.42200000E-4,8.55611052E-7
1.42240000E-4,3.50143772E-5
1.42280000E-4,2.25380752E-5
1.42320000E-4,-7.60868775E-6
1.42360000E-4,-1.32995107E-5
1.42400000E-4,2.40513943E-5
1.42440000E-4,6.72467577E-6
1.42480000E-4,-1.32996061E-5
1.42520000E-4,-8.78176446E-6
1.42560000E-4,-1.78779965E-5
1.42600000E-4,4.95624876E-6
1.42640000E-4,1.30964413E-5
1.42680000E-4,-1.28641202E-5
1.42720000E-4,-5.36271783E-6
1.42760000E-4,3.15814832E-5
1.42800000E-4,2.06014948E-6
1.42840000E-4,1.27586117E-5
1.42880000E-4,-7.73155916E-6
1.42920000E-4,-3.14564219E-5
1.42960000E-4,-2.54240690E-5
1.43000000E-4,3.94884436E-6
1.43040000E-4,3.78357847E-5
1.43080000E-4,2.01890417E-5
1.43120000E-4,1.52934115E-5
1.43160000E-4,-8.50674384E-6
1.43200000E-4,-2.90558327E-5
1.43240000E-4,-1.74733811E-5
1.43280000E-4,-1.32583215E-5
1.43320000E-4,5.12546874E-6
1.43360000E-4,1.52068369E-5
1.43400000E-4,1.46377317E-5
1.43440000E-4,-1.45335654E-5
1.43480000E-4,-3.72046942E-5
1.43520000E-4,1.19227733E-5
1.43560000E-4,-2.72476867E-6
1.43600000E-4,8.45630049E-6
1.43640000E-4,1.88747735E-5
1.43680000E-4,3.37465625E-5
1.43720000E-4,7.13206639E-6
1.43760000E-4,-9.02518984E-6
1.43800000E-4,5.76833110E-6
1.43840000E-4,2.75205756E-5
1.43880000E-4,4.61206115E-5
1.43920000E-4,2.05973287E-5
1.43960000E-4,-5.00537604E-6
1.44000000E-4,-1.32228162E-5
1.44040000E-4,-2.14198478E-5
1.44080000E-4,-1.12042595E-5
1.44120000E-4,-4.45580211E-6
1.44160000E-4,-7.04896672E-6
1.44200000E-4,1.21316265E-6
1.44240000E-4,-1.47210291E-5
1.44280000E-4,1.77923530E-5
1.44320000E-4,1.05922068E-5
1.44360000E-4,1.94121976E-5
1.44400000E-4,-2.18817981E-5
1.44440000E-4,-1.79913121E-5
1.44480000E-4,-3.23157111E-5
1.44520000E-4,-2.44483663E-6
1.44560000E-4,1.96188287E-6
1.44600000E-4,1.41052556E-6
1.44640000E-4,-2.49456121E-6
1.44680000E-4,6.62710534E-6
1.44720000E-4,4.04511699E-5
1.44760000E-4,-1.66306953E-5
1.44800000E-4,1.49771253E-5
1.44840000E-4,4.59692332E-6
1.44880000E-4,8.37779401E-6
1.44920000E-4,-4.21111009E-5
1.44960000E-4,1.42815725E-5
1.45000000E-4,2.98980572E-5
1.45040000E-4,2.25505492E-5
1.45080000E-4,-1.39157179E-5
1.45120000E-4,-3.99554535E-5
1.45160000E-4,1.93265576E-5
1.45200000E-4,3.78209360E-5
1.45240000E-4,1.20390549E-5
1.45280000E-4,1.55959647E-5
1.45320000E-4,-7.31724258E-8
1.45360000E-4,2.78299952E-5
1.45400000E-4,2.36314438E-5
1.45440000E-4,7.89945002E-6
1.45480000E-4,2.31467483E-5
1.45520000E-4,2.68386602E-5
1.45560000E-4,-1.10207344E-5
1.45600000E-4,3.57314736E-5
1.45640000E-4,-6.14831363E-5
1.45680000E-4,-7.44763122E-6
1.45720000E-4,1.73638504E-7
1.45760000E-4,2.13904330E-5
1.45800000E-4,4.25282822E-5
1.45840000E-4,-1.62887172E-5
1.45880000E-4,-5.79033589E-6
1.45920000E-4,4.86078595E-6
1.45960000E-4,-2.97578229E-5
1.46000000E-4,-3.54943952E-6
1.46040000E-4,4.09997806E-5
1.46080000E-4,1.51889650E-5
1.46120000E-4,2.24018809E-5
1.46160000E-4,4.99779764E-5
1.46200000E-4,1.22973957E-5
1.46240000E-4,-1.92664812E-6
1.46280000E-4,-2.51434980E-5
1.46320000E-4,-1.28450181E-5
1.46360000E-4,1.11778487E-5
1.46400000E-4,2.25464866E-5
1.46440000E-4,1.86460919E-5
1.46480000E-4,1.17137851E-5
1.46520000E-4,1.53411715E-5
1.46560000E-4,3.84610502E-6
1.46600000E-4,1.34971562E-5
1.46640000E-4,2.28081176E-5
1.46680000E-4,-1.78297501E-5
1.46720000E-4,-2.48085199E-5
1.46760000E-4,-1.37876585E-5
1.46800000E-4,-1.24418046E-5
1.46840000E-4,2.19676634E-5
1.46880000E-4,8.15268871E-6
1.46920000E-4,3.31593836E-6
1.46960000E-4,5.48119882E-6
1.47000000E-4,9.24360637E-6
1.47040000E-4,2.37107704E-5
1.47080000E-4,-1.22503941E-6
1.47120000E-4,8.17171451E-6
1.47160000E-4,7.96334620E-6
1.47200000E-4,1.55785872E-6
1.47240000E-4,1.44029928E-6
1.47280000E-4,1.42481367E-5
1.47320000E-4,7.24267354E-6
1.47360000E-4,2.75966788E-5
1.47400000E-4,-4.44521632E-6
1.47440000E-4,2.55182504E-5
1.47480000E-4,2.87784912E-5
1.47520000E-4,1.95815988E-5
1.47560000E-4,2.54745626E-5
1.47600000E-4,2.67093897E-5
1.47640000E-4,1.18227138E-5
1.47680000E-4,-7.69831407E-6
1.47720000E-4,4.31096612E-5
1.47760000E-4,-1.66373424E-5
1.47800000E-4,9.29619197E-6
1.47840000E-4,4.89990773E-5
1.47880000E-4,1.31703606E-5
1.47920000E-4,3.25452665E-5
1.47960000E-4,2.78976203E-5
1.48000000E-4,3.18944314E-5
1.48040000E-4,-8.37498419E-6
1.48080000E-4,-2.47589780E-6
1.48120000E-4,9.57222349E-6
1.48160000E-4,2.79577018E-5
1.48200000E-4,1.12933769E-5
1.48240000E-4,2.71642828E-5
1.48280000E-4,6.73511850E-6
1.48320000E-4,-9.63600875E-6
1.48360000E-4,-1.42986086E-5
1.48400000E-4,2.48397015E-5
1.48440000E-4,7.18287816E-6
1.48480000E-4,2.10121294E-5
1.48520000E-4,3.05152943E-5
1.48560000E-4,6.15436170E-8
1.48600000E-4,-1.09025932E-5
1.48640000E-4,1.69654983E-5
1.48680000E-4,-2.00499995E-5
1.48720000E-4,1.69116634E-5
1.48760000E-4,4.59990180E-5
1.48800000E-4,-1.91223985E-5
1.48840000E-4,-1.59556751E-5
1.48880000E-4,-3.16488734E-5
1.48920000E-4,3.38646273E-5
1.48960000E-4,3.78696592E-5
1.49000000E-4,2.35800106E-6
1.49040000E-4,4.75500931E-5
1.49080000E-4,-2.41364194E-6
1.49120000E-4,-6.18763663E-6
1.49160000E-4,1.21738090E-5
1.49200000E-4,3.32759146E-5
1.49240000E-4,5.08040762E-6
1.49280000E-4,-1.65904884E-5
1.49320000E-4,4.68412731E-6
1.49360000E-4,1.78053325E-5
1.49400000E-4,-1.17767994E-6
1.49440000E-4,3.74036176E-5
1.49480000E-4,-2.88863854E-6
1.49520000E-4,2.25356910E-5
1.49560000E-4,2.57991647E-5
1.49600000E-4,-3.23632914E-6
1.49640000E-4,2.34816501E-5
1.49680000E-4,-5.66803821E-7
1.49720000E-4,8.62950683E-6
1.49760000E-4,-2.96709733E-6
1.49800000E-4,9.76074584E-6
1.49840000E-4,3.74324949E-5
1.49880000E-4,2.08490988E-5
1.49920000E-4,2.58222055E-5
1.49960000E-4,5.48373575E-5
1.50000000E-4,-3.15273005E-6
1.50040000E-4,3.07450440E-5
1.50080000E-4,-1.57288436E-5
1.50120000E-4,3.89703123E-6
1.50160000E-4,2.85737945E-5
1.50200000E-4,2.83725215E-5
1.50240000E-4,1.81692547E-5
1.50280000E-4,4.39140474E-5
1.50320000E-4,-1.46480269E-6
1.50360000E-4,-2.60109618E-6
1.50400000E-4,9.34132938E-6
1.50440000E-4,1.88702721E-5
1.50480000E-4,3.86408178E-6
1.50520000E-4,3.81209333E-5
1.50560000E-4,3.00779393E-5
1.50600000E-4,-9.25194653E-7
1.50640000E-4,-8.48250144E-6
1.50680000E-4,3.11666539E-5
1.50720000E-4,1.30602112E-5
1.50760000E-4,3.44386424E-6
1.50800000E-4,1.27281498E-6
1.50840000E-4,3.06854584E-5
1.50880000E-4,4.69030918E-5
1.50920000E-4,3.37228350E-5
1.50960000E-4,1.59976523E-5
1.51000000E-4,2.61664915E-5
1.51040000E-4,-3.04025369E-6
1.51080000E-4,-1.03984237E-5
1.51120000E-4,3.58194691E-5
1.51160000E-4,7.26000181E-6
1.51200000E-4,1.10440101E-5
1.51240000E-4,3.20949606E-5
1.51280000E-4,3.89432200E-5
1.51320000E-4,2.79570056E-5
1.51360000E-4,4.91986432E-5
1.51400000E-4,9.38262348E-6
1.51440000E-4,1.89529748E-5
1.51480000E-4,4.97689977E-5
1.51520000E-4,4.37722360E-5
1.51560000E-4,5.19922130E-5
1.51600000E-4,1.37873307E-5
1.51640000E-4,3.19238985E-6
1.51680000E-4,3.01562455E-5
1.51720000E-4,3.27688460E-5
1.51760000E-4,3.94453677E-5
1.51800000E-4,1.46993868E-5
1.51840000E-4,-1.39771917E-5
1.51880000E-4,1.57151167E-5
1.51920000E-4,-1.19140126E-5
1.51960000E-4,3.95291098E-5
1.52000000E-4,4.25139008E-5
1.52040000E-4,2.58062791E-5
1.52080000E-4,-1.32208532E-6
1.52120000E-4,1.88619275E-5
1.52160000E-4,-1.43836192E-5
1.52200000E-4,1.92592377E-5
1.52240000E-4,1.99063154E-5
1.52280000E-4,2.82613326E-5
1.52320000E-4,9.13847331E-6
1.52360000E-4,1.95481820E-5
1.52400000E-4,5.54048414E-5
1.52440000E-4,3.05764344E-5
1.52480000E-4,2.55032586E-5
1.52520000E-4,1.20256367E-5
1.52560000E-4,3.42098384E-5
1.52600000E-4,5.11597411E-5
1.52640000E-4,1.85092205E-5
1.52680000E-4,7.15870934E-5
1.52720000E-4,5.45608586E-5
1.52760000E-4,1.71634986E-6
1.52800000E-4,2.81155539E-5
1.52840000E-4,3.39982562E-5
1.52880000E-4,3.98811873E-5
1.52920000E-4,4.29532109E-5
1.52960000E-4,2.47096966E-5
1.53000000E-4,2.39758347E-5
1.53040000E-4,9.63561422E-6
1.53080000E-4,4.47662699E-5
1.53120000E-4,3.05282548E-5
1.53160000E-4,5.52902670E-5
1.53200000E-4,4.18707428E-5
1.53240000E-4,2.05950876E-5
1.53280000E-4,1.59054129E-5
1.53320000E-4,4.46078360E-5
1.53360000E-4,1.84524483E-5
1.53400000E-4,9.48907262E-6
1.53440000E-4,2.58079194E-5
1.53480000E-4,4.34236776E-5
1.53520000E-4,3.04462101E-5
1.53560000E-4,1.11904182E-5
1.53600000E-4,1.50153677E-5
1.53640000E-4,6.69783762E-5
1.53680000E-4,4.92921987E-5
1.53720000E-4,2.86140777E-5
1.53760000E-4,1.46987192E-5
1.53800000E-4,1.55914633E-5
1.53840000E-4,3.32698683E-5
1.53880000E-4,5.04300085E-5
1.53920000E-4,4.69298042E-5
1.53960000E-4,2.14624640E-5
1.54000000E-4,3.47832065E-5
1.54040000E-4,4.26793538E-5
1.54080000E-4,4.13617382E-5
1.54120000E-4,1.11335887E-5
1.54160000E-4,1.87487359E-5
1.54200000E-4,3.00029232E-5
1.54240000E-4,5.17615001E-5
1.54280000E-4,5.95954106E-5
1.54320000E-4,4.66523040E-5
1.54360000E-4,4.62836517E-5
1.54400000E-4,3.65473801E-5
1.54440000E-4,5.02475802E-5
1.54480000E-4,2.50858926E-5
1.54520000E-4,4.46823275E-5
1.54560000E-4,2.93427803E-5
1.54600000E-4,1.48718206E-5
1.54640000E-4,-8.00665607E-6
1.54680000E-4,5.15524245E-6
1.54720000E-4,2.34075020E-5
1.54760000E-4,1.15607395E-5
1.54800000E-4,-2.19130230E-6
1.54840000E-4,8.63568664E-6
1.54880000E-4,1.34718743E-5
1.54920000E-4,3.33247714E-5
1.54960000E-4,2.66611624E-5
1.55000000E-4,-7.83884753E-6
1.55040000E-4,7.32670179E-6
1.55080000E-4,3.31759123E-5
1.55120000E-4,8.09359905E-6
1.55160000E-4,4.19573174E-5
1.55200000E-4,4.94314542E-5
1.55240000E-4,5.19084804E-5
1.55280000E-4,5.57160921E-5
1.55320000E-4,4.63038776E-6
1.55360000E-4,3.21894792E-5
1.55400000E-4,3.42353206E-5
1.55440000E-4,2.21646354E-5
1.55480000E-4,3.63717991E-5
1.55520000E-4,5.15532844E-5
1.55560000E-4,3.26908259E-5
1.55600000E-4,6.54397084E-5
1.55640000E-4,6.54049183E-5
1.55680000E-4,4.15977249E-5
1.55720000E-4,1.96999974E-5
1.55760000E-4,3.72340448E-5
1.55800000E-4,3.30845885E-5
1.55840000E-4,8.88889783E-5
1.55880000E-4,-4.23942293E-6
1.55920000E-4,5.11963431E-5
1.55960000E-4,4.38164007E-5
1.56000000E-4,6.64387300E-5
1.56040000E-4,3.02166512E-5
1.56080000E-4,3.41224055E-5
1.56120000E-4,1.43230573E-5
1.56160000E-4,1.51801149E-5
1.56200000E-4,2.87123729E-5
1.56240000E-4,1.20394077E-5
1.56280000E-4,2.18895098E-5
1.56320000E-4,4.06452426E-5
1.56360000E-4,3.90980490E-5
1.56400000E-4,1.22710266E-5
1.56440000E-4,5.37353009E-5
1.56480000E-4,1.25717774E-5
1.56520000E-4,2.02508398E-5
1.56560000E-4,3.98402366E-5
1.56600000E-4,7.32822767E-6
1.56640000E-4,3.60634381E-5
1.56680000E-4,4.55848277E-5
1.56720000E-4,-7.88331736E-6
1.56760000E-4,3.76287897E-5
1.56800000E-4,-2.35324559E-5
1.56840000E-4,4.38518202E-5
1.56880000E-4,-5.41509363E-6
1.56920000E-4,1.12734069E-5
1.56960000E-4,2.14219042E-5
1.57000000E-4,1.11507930E-5
1.57040000E-4,7.64100441E-5
1.57080000E-4,1.90153165E-5
1.57120000E-4,3.58315617E-5
1.57160000E-4,3.37791209E-5
1.57200000E-4,1.46521608E-5
1.57240000E-4,3.82468946E-5
1.57280000E-4,4.24699937E-5
1.57320000E-4,3.18171361E-5
1.57360000E-4,-2.06515391E-5
1.57400000E-4,5.16381709E-5
1.57440000E-4,1.91186265E-6
1.57480000E-4,6.15398191E-5
1.57520000E-4,1.32349625E-5
1.57560000E-4,3.61663872E-5
1.57600000E-4,1.27680134E-6
1.57640000E-4,2.08351370E-5
1.57680000E-4,2.76232100E-5
1.57720000E-4,1.45503465E-5
1.57760000E-4,3.94575652E-5
1.57800000E-4,5.16772620E-5
1.57840000E-4,3.75943811E-5
1.57880000E-4,1.38091222E-5
1.57920000E-4,1.22784653E-5
1.57960000E-4,1.75989193E-5
1.58000000E-4,4.13053379E-5
1.58040000E-4,5.18782871E-5
1.58080000E-4,3.46977859E-5
1.58120000E-4,1.61574595E-5
1.58160000E-4,2.11234804E-5
1.58200000E-4,2.42254112E-5
1.58240000E-4,2.60452222E-5
1.58280000E-4,3.43881850E-5
1.58320000E-4,5.66835852E-5
1.58360000E-4,2.55004548E-5
1.58400000E-4,3.51691490E-5
1.58440000E-4,4.58752978E-5
1.58480000E-4,5.11814372E-5
1.58520000E-4,5.06746165E-5
1.58560000E-4,-1.62144832E-5
1.58600000E-4,2.76152182E-5
1.58640000E-4,3.14908555E-5
1.58680000E-4,2.50793313E-5
1.58720000E-4,2.26153705E-5
1.58760000E-4,6.35562301E-5
1.58800000E-4,1.52136843E-5
1.58840000E-4,3.24837831E-5
1.58880000E-4,1.45450441E-5
1.58920000E-4,3.76008756E-5
1.58960000E-4,4.69427933E-5
1.59000000E-4,2.90735675E-5
1.59040000E-4,3.45943599E-5
1.59080000E-4,3.86954840E-5
1.59120000E-4,4.30864869E-5
1.59160000E-4,1.91508607E-6
1.59200000E-4,3.31248621E-5
1.59240000E-4,3.59640747E-5
1.59280000E-4,4.18045388E-5
1.59320000E-4,5.09202162E-5
1.59360000E-4,9.84946617E-6
1.59400000E-4,3.53073460E-5
1.59440000E-4,3.34411196E-5
1.59480000E-4,3.90385954E-6
1.59520000E-4,2.09098574E-5
1.59560000E-4,3.08998731E-5
1.59600000E-4,3.70029027E-5
1.59640000E-4,6.80365908E-6
1.59680000E-4,2.45122479E-5
1.59720000E-4,2.66798258E-5
1.59760000E-4,4.94204488E-5
1.59800000E-4,3.87361868E-5
1.59840000E-4,-1.06272102E-5
1.59880000E-4,2.54457711E-5
1.59920000E-4,3.20955995E-5
1.59960000E-4,1.05740870E-5
1.60000000E-4,4.14220486E-5
1.60040000E-4,3.26270155E-5
1.60080000E-4,5.75749370E-5
1.60120000E-4,1.22094669E-5
1.60160000E-4,3.95616683E-5
1.60200000E-4,1.76262420E-5
1.60240000E-4,-8.94860025E-6
1.60280000E-4,3.20258001E-5
1.60320000E-4,4.24980412E-5
1.60360000E-4,5.26898163E-5
1.60400000E-4,3.11451200E-5
1.60440000E-4,3.16578233E-6
1.60480000E-4,4.95239034E-5
1.60520000E-4,2.68988657E-5
1.60560000E-4,5.07612387E-5
1.60600000E-4,2.66675901E-5
1.60640000E-4,7.11017781E-5
1.60680000E-4,2.72493792E-5
1.60720000E-4,8.80014778E-6
1.60760000E-4,2.71632529E-5
1.60800000E-4,5.51380987E-5
1.60840000E-4,7.80906076E-6
1.60880000E-4,4.51959193E-5
1.60920000E-4,3.89340170E-5
1.60960000E-4,5.95321820E-5
1.61000000E-4,2.91816856E-5
1.61040000E-4,2.24288032E-5
1.61080000E-4,2.91494609E-5
1.61120000E-4,4.59955753E-5
1.61160000E-4,3.77526434E-5
1.61200000E-4,1.82829994E-5
1.61240000E-4,7.69705170E-6
1.61280000E-4,6.71284067E-6
1.61320000E-4,5.07650820E-5
1.61360000E-4,4.45739519E-5
1.61400000E-4,4.54786170E-5
1.61440000E-4,2.76773787E-5
1.61480000E-4,2.78631640E-5
1.61520000E-4,5.95745156E-5
1.61560000E-4,-1.94485933E-5
1.61600000E-4,1.29870739E-5
1.61640000E-4,2.47640942E-5
1.61680000E-4,5.02738253E-5
1.61720000E-4,1.15740337E-5
1.61760000E-4,1.01926745E-5
1.61800000E-4,4.41890013E-5
1.61840000E-4,3.00490143E-5
1.61880000E-4,3.00409367E-5
1.61920000E-4,5.07447688E-5
1.61960000E-4,7.37321837E-5
1.62000000E-4,4.59313739E-5
1.62040000E-4,2.34178589E-5
1.62080000E-4,2.67985773E-5
1.62120000E-4,2.96450092E-5
1.62160000E-4,2.26890704E-5
1.62200000E-4,2.98413708E-5
1.62240000E-4,4.12565098E-5
1.62280000E-4,3.52625233E-5
1.62320000E-4,2.05751749E-5
1.62360000E-4,1.55204432E-5
1.62400000E-4,2.18829676E-5
1.62440000E-4,4.09970150E-5
1.62480000E-4,4.87398019E-5
1.62520000E-4,2.93113281E-5
1.62560000E-4,5.72366019E-5
1.62600000E-4,5.66306944E-5
1.62640000E-4,5.57840685E-6
1.62680000E-4,5.11700503E-5
1.62720000E-4,3.96664199E-5
1.62760000E-4,3.77512415E-5
1.62800000E-4,3.30590967E-5
1.62840000E-4,4.55149520E-5
1.62880000E-4,1.01513327E-5
1.62920000E-4,5.87959644E-5
1.62960000E-4,7.90963064E-5
1.63000000E-4,3.98260077E-5
1.63040000E-4,3.72205121E-5
1.63080000E-4,4.00912055E-5
1.63120000E-4,5.83581325E-5
1.63160000E-4,6.15501760E-5
1.63200000E-4,1.44640676E-5
1.63240000E-4,2.24673984E-5
1.63280000E-4,3.95220431E-5
1.63320000E-4,5.26921337E-5
1.63360000E-4,3.93724307E-5
1.63400000E-4,6.20778822E-5
1.63440000E-4,4.25439607E-5
1.63480000E-4,5.91535733E-5
1.63520000E-4,5.04250780E-5
1.63560000E-4,8.42970838E-5
1.63600000E-4,1.24472370E-5
1.63640000E-4,3.58863598E-5
1.63680000E-4,1.52073233E-5
1.63720000E-4,2.38722847E-5
1.63760000E-4,4.34709512E-5
1.63800000E-4,-2.30120373E-6
1.63840000E-4,3.39400916E-5
1.63880000E-4,4.08689827E-6
1.63920000E-4,1.94861073E-5
1.63960000E-4,4.97033659E-5
1.64000000E-4,2.06880518E-5
1.64040000E-4,4.85855546E-5
1.64080000E-4,4.91796827E-6
1.64120000E-4,4.94560876E-5
1.64160000E-4,3.77027280E-5
1.64200000E-4,3.65425069E-5
1.64240000E-4,8.92813889E-7
1.64280000E-4,3.71866281E-5
1.64320000E-4,1.40142575E-5
1.64360000E-4,1.70852798E-5
1.64400000E-4,6.65130308E-5
1.64440000E-4,3.95161113E-5
1.64480000E-4,2.54269742E-5
1.64520000E-4,5.66297885E-5
1.64560000E-4,3.15074399E-5
1.64600000E-4,2.50239610E-5
1.64640000E-4,4.46076548E-5
1.64680000E-4,4.65489353E-5
1.64720000E-4,3.13091138E-5
1.64760000E-4,5.48973531E-5
1.64800000E-4,1.18901005E-5
1.64840000E-4,6.06755899E-5
1.64880000E-4,5.01433531E-5
1.64920000E-4,2.17418238E-5
1.64960000E-4,8.12125560E-6
1.65000000E-4,2.38363979E-5
1.65040000E-4,1.75578064E-5
1.65080000E-4,-1.10304237E-5
1.65120000E-4,3.59274823E-5
1.65160000E-4,3.68834168E-5
1.65200000E-4,3.41976886E-5
1.65240000E-4,4.47518599E-5
1.65280000E-4,4.29851972E-5
1.65320000E-4,3.17094091E-5
1.65360000E-4,5.54506464E-5
1.65400000E-4,4.75905751E-6
1.65440000E-4,3.09011033E-5
1.65480000E-4,5.62745447E-5
1.65520000E-4,4.47235358E-5
1.65560000E-4,4.51965392E-5
1.65600000E-4,4.17934189E-5
1.65640000E-4,6.08025716E-5
1.65680000E-4,5.42429227E-5
1.65720000E-4,4.46828139E-5
1.65760000E-4,5.98187611E-5
1.65800000E-4,4.02267513E-5
1.65840000E-4,6.97939281E-5
1.65880000E-4,5.23042362E-5
1.65920000E-4,3.25335554E-5
1.65960000E-4,4.05524883E-5
1.66000000E-4,2.21807525E-5
1.66040000E-4,6.23875594E-5
1.66080000E-4,3.27212957E-5
1.66120000E-4,4.91643014E-5
1.66160000E-4,4.47843039E-5
1.66200000E-4,7.52487071E-5
1.66240000E-4,3.73542077E-5
1.66280000E-4,7.33668676E-6
1.66320000E-4,2.71900797E-5
1.66360000E-4,4.55620730E-5
1.66400000E-4,3.74933011E-5
1.66440000E-4,6.73320845E-5
1.66480000E-4,3.96850165E-5
1.66520000E-4,2.99691250E-5
1.66560000E-4,2.30327175E-5
1.66600000E-4,1.80947727E-5
1.66640000E-4,2.72525549E-5
1.66680000E-4,2.89073326E-5
1.66720000E-4,2.78783179E-5
1.66760000E-4,6.98832206E-5
1.66800000E-4,5.42246217E-5
1.66840000E-4,3.74115617E-5
1.66880000E-4,3.48400169E-5
1.66920000E-4,4.19949399E-5
1.66960000E-4,3.34018855E-5
1.67000000E-4,4.15642605E-5
1.67040000E-4,5.46308011E-5
1.67080000E-4,5.61521216E-5
1.67120000E-4,3.02372982E-5
1.67160000E-4,5.33529156E-5
1.67200000E-4,4.71017326E-5
1.67240000E-4,4.87959161E-5
1.67280000E-4,5.25940960E-5
1.67320000E-4,3.98808345E-5
1.67360000E-4,1.59033816E-5
1.67400000E-4,6.63879945E-5
1.67440000E-4,7.60030254E-5
1.67480000E-4,2.62253332E-5
1.67520000E-4,6.88800982E-5
1.67560000E-4,6.79866866E-5
1.67600000E-4,7.54367145E-5
1.67640000E-4,4.65273059E-5
1.67680000E-4,1.42277662E-5
1.67720000E-4,5.88128731E-5
1.67760000E-4,3.10276463E-5
1.67800000E-4,7.28939516E-5
1.67840000E-4,3.86694010E-5
1.67880000E-4,3.24647287E-5
1.67920000E-4,2.47408150E-5
1.67960000E-4,3.44634776E-5
1.68000000E-4,1.78148311E-5
1.68040000E-4,2.71795035E-5
1.68080000E-4,4.13308582E-5
1.68120000E-4,3.71805341E-5
1.68160000E-4,5.15409057E-5
1.68200000E-4,6.09497617E-5
1.68240000E-4,-6.75274592E-6
1.68280000E-4,6.06066392E-5
1.68320000E-4,6.11971449E-5
1.68360000E-4,2.84726192E-5
1.68400000E-4,6.36694503E-5
1.68440000E-4,4.16040955E-5
1.68480000E-4,3.20095399E-5
1.68520000E-4,3.71045167E-5
1.68560000E-4,6.90042571E-5
1.68600000E-4,3.32034163E-5
1.68640000E-4,4.92062917E-5
1.68680000E-4,6.87512378E-5
1.68720000E-4,5.09761779E-5
1.68760000E-4,4.12976608E-5
1.68800000E-4,3.57822663E-5
1.68840000E-4,1.54312746E-5
1.68880000E-4,4.25290261E-5
1.68920000E-4,2.63597917E-5
1.68960000E-4,1.47709886E-5
1.69000000E-4,4.26765119E-5
1.69040000E-4,1.07823409E-5
1.69080000E-4,6.13123487E-5
1.69120000E-4,2.14338728E-5
1.69160000E-4,4.33060323E-5
1.69200000E-4,3.50048881E-5
1.69240000E-4,3.74937971E-5
1.69280000E-4,6.43447376E-5
1.69320000E-4,4.21455727E-5
1.69360000E-4,4.53191722E-5
1.69400000E-4,2.14855238E-5
1.69440000E-4,4.69912971E-5
1.69480000E-4,3.18639520E-5
1.69520000E-4,1.88433213E-5
1.69560000E-4,5.04745070E-5
1.69600000E-4,3.48042732E-5
1.69640000E-4,1.87482304E-5
1.69680000E-4,4.14166031E-5
1.69720000E-4,5.20353763E-5
1.69760000E-4,3.65524537E-5
1.69800000E-4,4.40033972E-5
1.69840000E-4,1.69042628E-5
1.69880000E-4,4.87895646E-5
1.69920000E-4,7.87856455E-6
1.69960000E-4,3.33204035E-5
1.70000000E-4,7.36181719E-5
1.70040000E-4,6.18418001E-5
1.70080000E-4,4.39477026E-5
1.70120000E-4,3.64060551E-5
1.70160000E-4,5.65237017E-5
1.70200000E-4,-2.67715171E-6
1.70240000E-4,1.51811163E-5
1.70280000E-4,3.92932757E-5
1.70320000E-4,3.82714422E-5
1.70360000E-4,5.45581025E-5
1.70400000E-4,4.46266043E-5
1.70440000E-4,1.23201218E-5
1.70480000E-4,3.56082684E-5
1.70520000E-4,5.02793757E-5
1.70560000E-4,5.93266079E-5
1.70600000E-4,5.67829486E-5
1.70640000E-4,2.15386435E-5
1.70680000E-4,5.00957823E-6
1.70720000E-4,4.67010654E-5
1.70760000E-4,5.05820624E-5
1.70800000E-4,5.23587864E-5
1.70840000E-4,5.12775390E-5
1.70880000E-4,3.84211596E-5
1.70920000E-4,8.16665638E-5
1.70960000E-4,2.53195714E-5
1.71000000E-4,4.72100128E-5
1.71040000E-4,6.79412058E-5
1.71080000E-4,2.37410686E-5
1.71120000E-4,3.74920995E-5
1.71160000E-4,7.21175462E-5
1.71200000E-4,2.18617961E-5
1.71240000E-4,2.00258680E-5
1.71280000E-4,4.80378594E-5
1.71320000E-4,4.66893448E-5
1.71360000E-4,5.21896045E-5
1.71400000E-4,3.59222275E-5
1.71440000E-4,3.32221560E-5
1.71480000E-4,9.16121859E-5
1.71520000E-4,4.67570843E-5
1.71560000E-4,8.09122073E-5
1.71600000E-4,5.12366073E-5
1.71640000E-4,6.09404443E-5
1.71680000E-4,4.77865185E-5
1.71720000E-4,7.72802624E-5
1.71760000E-4,4.13558636E-5
1.71800000E-4,6.56265618E-5
1.71840000E-4,3.32657675E-5
1.71880000E-4,6.47882343E-5
1.71920000E-4,3.34563307E-5
1.71960000E-4,1.40485040E-5
1.72000000E-4,4.25273190E-5
1.72040000E-4,3.88774641E-5
1.72080000E-4,2.70385599E-5
1.72120000E-4,2.98630287E-5
1.72160000E-4,7.70061844E-6
1.72200000E-4,4.11641941E-5
1.72240000E-4,3.86942538E-5
1.72280000E-4,3.15092614E-5
1.72320000E-4,3.45947509E-5
1.72360000E-4,3.28025202E-5
1.72400000E-4,5.93221257E-5
1.72440000E-4,1.11246623E-5
1.72480000E-4,3.89789351E-5
1.72520000E-4,3.04633286E-5
1.72560000E-4,5.58422251E-5
1.72600000E-4,-2.05106814E-5
1.72640000E-4,3.59392029E-5
1.72680000E-4,4.70944084E-5
1.72720000E-4,3.58096462E-5
1.72760000E-4,4.16640610E-6
1.72800000E-4,4.98355642E-5
1.72840000E-4,3.73519380E-5
1.72880000E-4,9.98017678E-6
1.72920000E-4,3.83236654E-5
1.72960000E-4,6.46810318E-5
1.73000000E-4,2.89887191E-5
1.73040000E-4,2.59965658E-5
1.73080000E-4,3.98417243E-5
1.73120000E-4,3.40994220E-5
1.73160000E-4,3.44427257E-5
1.73200000E-4,9.09448031E-6
1.73240000E-4,2.90306617E-5
1.73280000E-4,6.20856627E-6
1.73320000E-4,1.17741146E-5
1.73360000E-4,2.67878199E-5
1.73400000E-4,1.50946657E-5
1.73440000E-4,1.54901068E-5
1.73480000E-4,5.55229158E-5
1.73520000E-4,2.16692397E-5
1.73560000E-4,1.02258910E-5
1.73600000E-4,1.41341440E-5
1.73640000E-4,-5.95494009E-6
1.73680000E-4,1.66177314E-5
1.73720000E-4,1.05622519E-5
1.73760000E-4,3.03080227E-5
1.73800000E-4,-5.14512749E-6
1.73840000E-4,9.52649480E-6
1.73880000E-4,3.46146732E-5
1.73920000E-4,1.35816041E-5
1.73960000E-4,2.03523298E-5
1.74000000E-4,4.12882862E-5
1.74040000E-4,5.34185746E-6
1.74080000E-4,1.93933911E-5
1.74120000E-4,1.26365509E-5
1.74160000E-4,7.67701348E-7
1.74200000E-4,-7.92307605E-6
1.74240000E-4,4.04486617E-5
1.74280000E-4,2.36703728E-5
1.74320000E-4,6.37476310E-6
1.74360000E-4,3.59472138E-5
1.74400000E-4,2.72246504E-5
1.74440000E-4,3.81447164E-6
1.74480000E-4,-1.67363831E-6
1.74520000E-4,1.78202385E-5
1.74560000E-4,1.10266723E-5
1.74600000E-4,3.72980172E-5
1.74640000E-4,1.83006329E-5
1.74680000E-4,2.39484451E-5
1.74720000E-4,7.03345646E-6
1.74760000E-4,1.63812774E-5
1.74800000E-4,1.78358787E-5
1.74840000E-4,-5.71376537E-6
1.74880000E-4,2.62522649E-5
1.74920000E-4,1.50692408E-5
1.74960000E-4,3.94687518E-5
1.75000000E-4,3.19989828E-5
1.75040000E-4,1.01318682E-5
1.75080000E-4,5.04071585E-5
1.75120000E-4,7.18258172E-5
1.75160000E-4,3.98309192E-5
1.75200000E-4,7.63776177E-6
1.75240000E-4,8.55617880E-6
1.75280000E-4,2.78940726E-5
1.75320000E-4,-1.02418685E-5
1.75360000E-4,1.49578611E-5
1.75400000E-4,3.84445627E-5
1.75440000E-4,2.49654340E-5
1.75480000E-4,3.74207265E-5
1.75520000E-4,2.03020044E-5
1.75560000E-4,4.30854284E-5
1.75600000E-4,2.05530592E-5
1.75640000E-4,4.59418834E-5
1.75680000E-4,4.40183508E-5
1.75720000E-4,-2.78335289E-6
1.75760000E-4,3.74868638E-5
1.75800000E-4,2.06222006E-5
1.75840000E-4,2.40158890E-5
1.75880000E-4,2.76883174E-5
1.75920000E-4,3.59291416E-5
1.75960000E-4,2.57600450E-5
1.76000000E-4,-2.69581512E-6
1.76040000E-4,5.32392838E-6
1.76080000E-4,3.80305616E-6
1.76120000E-4,2.17857596E-5
1.76160000E-4,2.04272886E-5
1.76200000E-4,3.84991701E-5
1.76240000E-4,4.95659605E-5
1.76280000E-4,3.17652086E-5
1.76320000E-4,5.16314666E-5
1.76360000E-4,1.47208540E-5
1.76400000E-4,3.07383778E-5
1.76440000E-4,3.31768660E-5
1.76480000E-4,1.22588291E-5
1.76520000E-4,1.39314405E-5
1.76560000E-4,3.95063170E-5
1.76600000E-4,4.71476711E-5
1.76640000E-4,5.33759945E-5
1.76680000E-4,2.43133114E-5
1.76720000E-4,-4.52506748E-6
1.76760000E-4,-1.13524987E-5
1.76800000E-4,6.64069440E-5
1.76840000E-4,3.21613634E-6
1.76880000E-4,5.12001372E-6
1.76920000E-4,5.90390560E-5
1.76960000E-4,8.78880707E-7
1.77000000E-4,2.69146204E-5
1.77040000E-4,5.11298625E-5
1.77080000E-4,1.02703513E-5
1.77120000E-4,2.73705531E-5
1.77160000E-4,2.90191986E-5
1.77200000E-4,2.00684591E-5
1.77240000E-4,6.82160739E-5
1.77280000E-4,5.66123553E-5
1.77320000E-4,3.20756677E-5
1.77360000E-4,5.40986699E-5
1.77400000E-4,2.76040698E-5
1.77440000E-4,1.54213564E-5
1.77480000E-4,2.99428417E-5
1.77520000E-4,3.29525236E-5
1.77560000E-4,4.43382990E-5
1.77600000E-4,8.24477375E-5
1.77640000E-4,3.46607261E-5
1.77680000E-4,9.12761095E-6
1.77720000E-4,6.13364958E-5
1.77760000E-4,9.67803366E-6
1.77800000E-4,-5.35469743E-6
1.77840000E-4,4.36061632E-5
1.77880000E-4,8.67121902E-7
1.77920000E-4,5.68747969E-5
1.77960000E-4,-2.23963913E-5
1.78000000E-4,3.23657358E-6
1.78040000E-4,1.25119152E-5
1.78080000E-4,3.25618891E-5
1.78120000E-4,5.74907642E-6
1.78160000E-4,1.77674812E-5
1.78200000E-4,1.44904462E-5
1.78240000E-4,6.61375215E-5
1.78280000E-4,4.12685833E-5
1.78320000E-4,1.31482163E-5
1.78360000E-4,3.57124859E-5
1.78400000E-4,2.03445573E-5
1.78440000E-4,5.22876041E-5
1.78480000E-4,9.13746241E-6
1.78520000E-4,2.03118558E-5
1.78560000E-4,2.90900089E-5
1.78600000E-4,2.63088751E-5
1.78640000E-4,3.21614221E-5
1.78680000E-4,2.42853401E-5
1.78720000E-4,-2.01328944E-6
1.78760000E-4,2.32911537E-5
1.78800000E-4,3.49603897E-5
1.78840000E-4,1.74363845E-5
1.78880000E-4,7.01477127E-5
1.78920000E-4,2.88651229E-5
1.78960000E-4,3.45478397E-5
1.79000000E-4,4.33947336E-5
1.79040000E-4,5.54861135E-5
1.79080000E-4,4.82478204E-5
1.79120000E-4,4.92230478E-5
1.79160000E-4,2.62246275E-5
1.79200000E-4,1.41891614E-5
1.79240000E-4,4.18894062E-5
1.79280000E-4,5.24931972E-5
1.79320000E-4,3.34349970E-5
1.79360000E-4,5.30718296E-5
1.79400000E-4,2.71744108E-5
1.79440000E-4,4.75687088E-5
1.79480000E-4,2.86532451E-5
1.79520000E-4,7.57880958E-5
1.79560000E-4,3.66883618E-5
1.79600000E-4,2.20832106E-5
1.79640000E-4,4.29353200E-5
1.79680000E-4,6.98239307E-5
1.79720000E-4,2.41985081E-5
1.79760000E-4,3.69563062E-5
1.79800000E-4,2.03343053E-5
1.79840000E-4,4.39988958E-5
1.79880000E-4,2.99929001E-5
1.79920000E-4,3.10686067E-5
1.79960000E-4,1.11883201E-5
1.80000000E-4,1.58457224E-5
1.80040000E-4,8.01578223E-5
1.80080000E-4,3.26570276E-5
1.80120000E-4,3.46117835E-5
1.80160000E-4,7.37285010E-6
1.80200000E-4,2.71684695E-5
1.80240000E-4,2.92204620E-5
1.80280000E-4,8.32034467E-6
1.80320000E-4,-1.95687944E-5
1.80360000E-4,1.78000778E-5
1.80400000E-4,4.97313276E-5
1.80440000E-4,3.09739735E-5
1.80480000E-4,4.29492913E-5
1.80520000E-4,3.93469294E-5
1.80560000E-4,3.39178409E-6
1.80600000E-4,1.84091133E-5
1.80640000E-4,1.48231260E-5
1.80680000E-4,2.56325769E-5
1.80720000E-4,4.13765869E-5
1.80760000E-4,6.12128996E-5
1.80800000E-4,4.75349488E-5
1.80840000E-4,2.85270057E-6
1.80880000E-4,3.99179229E-5
1.80920000E-4,2.98930504E-5
1.80960000E-4,2.65940618E-5
1.81000000E-4,3.55388123E-5
1.81040000E-4,5.07197062E-5
1.81080000E-4,7.23125726E-5
1.81120000E-4,8.73010055E-5
1.81160000E-4,3.55888611E-5
1.81200000E-4,3.13620523E-5
1.81240000E-4,1.22017612E-5
1.81280000E-4,2.86973319E-6
1.81320000E-4,5.07300154E-5
1.81360000E-4,5.01169745E-5
1.81400000E-4,3.37475066E-5
1.81440000E-4,5.08587901E-5
1.81480000E-4,1.20715370E-5
1.81520000E-4,4.61523689E-5
1.81560000E-4,3.79264982E-5
1.81600000E-4,5.23790233E-5
1.81640000E-4,5.32161205E-5
1.81680000E-4,2.35147236E-5
1.81720000E-4,3.91033324E-5
1.81760000E-4,3.72257478E-5
1.81800000E-4,6.00339387E-5
1.81840000E-4,2.44488285E-5
1.81880000E-4,3.93218192E-5
1.81920000E-4,4.15771256E-5
1.81960000E-4,2.70981741E-5
1.82000000E-4,3.90692385E-5
1.82040000E-4,5.98148415E-5
1.82080000E-4,-4.64302746E-6
1.82120000E-4,2.79742480E-5
1.82160000E-4,2.86922408E-5
1.82200000E-4,2.56914281E-5
1.82240000E-4,3.72398812E-5
1.82280000E-4,4.30631791E-5
1.82320000E-4,3.12534288E-5
1.82360000E-4,3.99810943E-5
1.82400000E-4,3.88780268E-5
1.82440000E-4,4.83094277E-5
1.82480000E-4,5.04038302E-5
1.82520000E-4,5.48045701E-5
1.82560000E-4,1.64833873E-5
1.82600000E-4,4.11609993E-5
1.82640000E-4,3.25197653E-5
1.82680000E-4,5.72590610E-5
1.82720000E-4,2.96974041E-5
1.82760000E-4,4.06920490E-5
1.82800000E-4,4.62222255E-5
1.82840000E-4,4.53349364E-5
1.82880000E-4,1.11887969E-5
1.82920000E-4,7.03937416E-5
1.82960000E-4,4.41563665E-5
1.83000000E-4,4.14261971E-5
1.83040000E-4,4.40702116E-5
1.83080000E-4,4.53256285E-5
1.83120000E-4,2.02901598E-5
1.83160000E-4,1.56353895E-5
1.83200000E-4,1.74138683E-5
1.83240000E-4,2.14562365E-5
1.83280000E-4,1.17693748E-5
1.83320000E-4,4.35471784E-5
1.83360000E-4,5.10171668E-5
1.83400000E-4,9.20210246E-6
1.83440000E-4,3.01236107E-5
1.83480000E-4,3.37480120E-5
1.83520000E-4,5.24627941E-5
1.83560000E-4,6.38288379E-5
1.83600000E-4,1.67066806E-5
1.83640000E-4,3.32801108E-5
1.83680000E-4,8.52953314E-6
1.83720000E-4,1.04463519E-5
1.83760000E-4,9.41643124E-6
1.83800000E-4,1.05114497E-5
1.83840000E-4,2.41562699E-5
1.83880000E-4,2.23157641E-5
1.83920000E-4,3.83285864E-5
1.83960000E-4,2.67893839E-5
1.84000000E-4,1.73819011E-5
1.84040000E-4,4.25483285E-5
1.84080000E-4,3.55826813E-5
1.84120000E-4,3.28385595E-5
1.84160000E-4,1.70161575E-5
1.84200000E-4,3.63900715E-5
1.84240000E-4,-8.05912724E-6
1.84280000E-4,2.59089612E-5
1.84320000E-4,3.35887103E-5
1.84360000E-4,3.46293884E-5
1.84400000E-4,6.40068397E-6
1.84440000E-4,2.45297287E-5
1.84480000E-4,2.67037249E-5
1.84520000E-4,3.33254866E-5
1.84560000E-4,1.65260070E-5
1.84600000E-4,5.34332817E-5
1.84640000E-4,1.78073543E-5
1.84680000E-4,1.11670802E-6
1.84720000E-4,3.29245905E-5
1.84760000E-4,4.33397066E-5
1.84800000E-4,3.27793078E-5
1.84840000E-4,3.19638876E-5
1.84880000E-4,3.51668125E-5
1.84920000E-4,4.12512455E-5
1.84960000E-4,6.10865759E-5
1.85000000E-4,7.79030977E-5
1.85040000E-4,5.19974105E-5
1.85080000E-4,4.37245046E-5
1.85120000E-4,1.89094681E-5
1.85160000E-4,3.82268007E-5
1.85200000E-4,2.42895840E-5
1.85240000E-4,3.34314971E-5
1.85280000E-4,3.46680026E-5
1.85320000E-4,4.92122045E-5
1.85360000E-4,5.09868972E-5
1.85400000E-4,3.92136057E-5
1.85440000E-4,6.12474989E-5
1.85480000E-4,5.15408866E-5
1.85520000E-4,3.24173216E-5
1.85560000E-4,4.23986207E-5
1.85600000E-4,1.18609466E-5
1.85640000E-4,4.47931826E-5
1.85680000E-4,3.51233726E-5
1.85720000E-4,3.65505273E-5
1.85760000E-4,2.42550705E-5
1.85800000E-4,6.39952541E-5
1.85840000E-4,1.95713182E-5
1.85880000E-4,5.12903373E-5
1.85920000E-4,3.89830740E-5
1.85960000E-4,4.01393184E-5
1.86000000E-4,3.50687462E-5
1.86040000E-4,7.11680966E-5
1.86080000E-4,3.78911741E-5
1.86120000E-4,6.98403721E-5
1.86160000E-4,1.45858518E-5
1.86200000E-4,4.21286450E-5
1.86240000E-4,5.04321432E-6
1.86280000E-4,5.28407829E-5
1.86320000E-4,5.49264306E-5
1.86360000E-4,3.94955962E-6
1.86400000E-4,4.21128140E-5
1.86440000E-4,1.68233436E-5
1.86480000E-4,2.33809612E-5
1.86520000E-4,4.18196450E-5
1.86560000E-4,3.97979411E-5
1.86600000E-4,3.12849286E-5
1.86640000E-4,3.02658322E-5
1.86680000E-4,5.33801621E-5
1.86720000E-4,3.16421560E-5
1.86760000E-4,3.33863024E-5
1.86800000E-4,4.39338457E-5
1.86840000E-4,3.24920992E-5
1.86880000E-4,4.27428304E-5
1.86920000E-4,3.33905654E-5
1.86960000E-4,-8.06018581E-6
1.87000000E-4,6.17277121E-5
1.87040000E-4,3.52345138E-5
1.87080000E-4,3.18330816E-5
1.87120000E-4,3.18511823E-5
1.87160000E-4,1.40130655E-5
1.87200000E-4,4.92362562E-5
1.87240000E-4,4.32723676E-5
1.87280000E-4,1.76842159E-5
1.87320000E-4,3.65284783E-5
1.87360000E-4,5.06956736E-5
1.87400000E-4,4.48221934E-5
1.87440000E-4,6.41318489E-5
1.87480000E-4,5.53634710E-5
1.87520000E-4,1.70695632E-5
1.87560000E-4,5.41118115E-5
1.87600000E-4,4.50899088E-5
1.87640000E-4,3.71727807E-5
1.87680000E-4,4.38796293E-5
1.87720000E-4,4.99608770E-5
1.87760000E-4,7.71283993E-5
1.87800000E-4,4.66343559E-5
1.87840000E-4,4.43911898E-5
1.87880000E-4,4.07043609E-5
1.87920000E-4,4.13334904E-5
1.87960000E-4,3.08209470E-5
1.88000000E-4,4.43594420E-5
1.88040000E-4,5.89809200E-5
1.88080000E-4,4.27029000E-5
1.88120000E-4,4.18538151E-5
1.88160000E-4,3.37356047E-5
1.88200000E-4,3.60730130E-5
1.88240000E-4,5.33527535E-5
1.88280000E-4,4.88225141E-5
1.88320000E-4,6.58292653E-5
1.88360000E-4,3.18093160E-5
1.88400000E-4,2.96306183E-5
1.88440000E-4,3.31683878E-5
1.88480000E-4,5.25400036E-5
1.88520000E-4,2.09132048E-5
1.88560000E-4,5.15962760E-5
1.88600000E-4,4.17868672E-5
1.88640000E-4,3.79083498E-5
1.88680000E-4,3.08875134E-5
1.88720000E-4,7.68987546E-5
1.88760000E-4,2.55225419E-5
1.88800000E-4,3.66166360E-5
1.88840000E-4,6.60641267E-5
1.88880000E-4,4.15778694E-5
1.88920000E-4,8.10408294E-5
1.88960000E-4,4.12774620E-5
1.89000000E-4,4.77487912E-5
1.89040000E-4,4.87394014E-5
1.89080000E-4,5.25130623E-5
1.89120000E-4,5.16595904E-5
1.89160000E-4,9.78708632E-6
1.89200000E-4,5.51562185E-5
1.89240000E-4,1.47853700E-5
1.89280000E-4,3.26162676E-5
1.89320000E-4,3.10819295E-5
1.89360000E-4,3.46669250E-5
1.89400000E-4,3.02320530E-5
1.89440000E-4,3.88392027E-5
1.89480000E-4,2.00690694E-5
1.89520000E-4,5.10499350E-5
1.89560000E-4,2.59693002E-5
1.89600000E-4,2.03953596E-5
1.89640000E-4,3.68572576E-5
1.89680000E-4,3.41283469E-5
1.89720000E-4,5.59391279E-5
1.89760000E-4,3.19833234E-5
1.89800000E-4,8.16043079E-5
1.89840000E-4,3.69863278E-5
1.89880000E-4,5.58021231E-5
1.89920000E-4,2.23043773E-5
1.89960000E-4,3.23133711E-5
1.90000000E-4,6.12561487E-5
1.90040000E-4,9.72029097E-6
1.90080000E-4,4.84647813E-5
1.90120000E-4,5.35440701E-5
1.90160000E-4,1.23678341E-5
1.90200000E-4,2.91940071E-5
1.90240000E-4,1.68204349E-5
1.90280000E-4,1.09975661E-5
1.90320000E-4,5.71472808E-5
1.90360000E-4,2.13261744E-5
1.90400000E-4,7.36413271E-5
1.90440000E-4,3.01841595E-5
1.90480000E-4,3.85842951E-5
1.90520000E-4,4.26636373E-5
1.90560000E-4,3.14523080E-5
1.90600000E-4,1.70011752E-5
1.90640000E-4,2.97031738E-5
1.90680000E-4,3.55432373E-5
1.90720000E-4,1.29693188E-7
1.90760000E-4,3.21341470E-5
1.90800000E-4,1.62203448E-5
1.90840000E-4,3.55038219E-5
1.90880000E-4,2.37410210E-5
1.90920000E-4,4.09291420E-5
1.90960000E-4,4.13613281E-5
1.91000000E-4,5.28198021E-5
1.91040000E-4,4.19646321E-5
1.91080000E-4,6.40976406E-5
1.91120000E-4,-5.29049607E-6
1.91160000E-4,6.55412064E-6
1.91200000E-4,2.19095545E-6
1.91240000E-4,3.98638305E-5
1.91280000E-4,8.59348384E-5
1.91320000E-4,2.63674783E-5
1.91360000E-4,3.66299207E-5
1.91400000E-4,5.95334981E-5
1.91440000E-4,2.85029079E-5
1.91480000E-4,3.26620440E-5
1.91520000E-4,5.15368430E-5
1.91560000E-4,5.07082320E-6
1.91600000E-4,4.83939805E-5
1.91640000E-4,2.95962860E-5
1.91680000E-4,4.39905607E-5
1.91720000E-4,5.19379299E-5
1.91760000E-4,3.31045012E-5
1.91800000E-4,2.64645147E-5
1.91840000E-4,7.29710562E-5
1.91880000E-4,3.93398627E-5
1.91920000E-4,7.41895850E-5
1.91960000E-4,5.59215899E-5
1.92000000E-4,3.04053547E-5
1.92040000E-4,4.90002408E-5
1.92080000E-4,6.71865156E-5
1.92120000E-4,2.72305346E-5
1.92160000E-4,6.33567405E-5
1.92200000E-4,5.78845569E-5
1.92240000E-4,2.96134235E-5
1.92280000E-4,4.56136287E-5
1.92320000E-4,3.92308482E-5
1.92360000E-4,4.95769754E-5
1.92400000E-4,4.55455554E-5
1.92440000E-4,4.41563475E-5
1.92480000E-4,7.32441980E-5
1.92520000E-4,2.39277123E-5
1.92560000E-4,7.27522356E-5
1.92600000E-4,4.00161037E-5
1.92640000E-4,4.97119966E-5
1.92680000E-4,4.93929067E-5
1.92720000E-4,5.31788128E-5
1.92760000E-4,5.18226115E-5
1.92800000E-4,4.51228964E-5
1.92840000E-4,7.38191779E-5
1.92880000E-4,3.28351454E-5
1.92920000E-4,7.26449281E-5
1.92960000E-4,2.86378337E-5
1.93000000E-4,5.23836391E-5
1.93040000E-4,3.02294876E-5
1.93080000E-4,3.53702312E-5
1.93120000E-4,7.96767222E-5
1.93160000E-4,5.19168250E-5
1.93200000E-4,3.47028022E-5
1.93240000E-4,2.50353383E-5
1.93280000E-4,3.34402518E-5
1.93320000E-4,1.46326868E-5
1.93360000E-4,3.88900240E-5
1.93400000E-4,2.93965675E-5
1.93440000E-4,6.20799326E-5
1.93480000E-4,3.29376463E-5
1.93520000E-4,2.04901262E-5
1.93560000E-4,2.27388999E-5
1.93600000E-4,8.18671406E-5
1.93640000E-4,7.69822392E-5
1.93680000E-4,4.88126054E-5
1.93720000E-4,5.52263040E-5
1.93760000E-4,5.12832229E-5
1.93800000E-4,5.33056229E-5
1.93840000E-4,3.95921763E-5
1.93880000E-4,1.74801582E-5
1.93920000E-4,6.74533236E-6
1.93960000E-4,7.89209543E-5
1.94000000E-4,3.51670032E-5
1.94040000E-4,3.54185253E-5
1.94080000E-4,1.51995508E-5
1.94120000E-4,7.61611351E-5
1.94160000E-4,6.54996468E-5
1.94200000E-4,5.01078096E-5
1.94240000E-4,2.16492888E-5
1.94280000E-4,7.38130076E-5
1.94320000E-4,6.58059464E-6
1.94360000E-4,5.35967129E-5
1.94400000E-4,4.93858114E-5
1.94440000E-4,5.28744953E-5
1.94480000E-4,7.06501656E-5
1.94520000E-4,4.49015677E-5
1.94560000E-4,2.91331054E-5
1.94600000E-4,4.31931840E-5
1.94640000E-4,1.47353212E-5
1.94680000E-4,7.40031321E-5
1.94720000E-4,4.02482662E-5
1.94760000E-4,4.51776087E-5
1.94800000E-4,4.00498160E-5
1.94840000E-4,3.17536786E-5
1.94880000E-4,3.61990315E-5
1.94920000E-4,7.19985276E-5
1.94960000E-4,3.72270734E-5
1.95000000E-4,5.77647754E-5
1.95040000E-4,6.57697560E-5
1.95080000E-4,7.41035063E-5
1.95120000E-4,5.00397078E-5
1.95160000E-4,5.01563517E-5
1.95200000E-4,4.58272040E-5
1.95240000E-4,5.54603357E-5
1.95280000E-4,5.64687605E-5
1.95320000E-4,4.58104766E-5
1.95360000E-4,4.12547264E-5
1.95400000E-4,2.72806788E-5
1.95440000E-4,5.03433958E-5
1.95480000E-4,2.63916731E-5
1.95520000E-4,3.59203106E-5
1.95560000E-4,5.45596189E-5
1.95600000E-4,7.74277577E-5
1.95640000E-4,4.34363328E-5
1.95680000E-4,7.25530893E-5
1.95720000E-4,4.99453608E-5
1.95760000E-4,3.42036395E-5
1.95800000E-4,5.39887780E-5
1.95840000E-4,6.69074228E-5
1.95880000E-4,2.17962500E-5
1.95920000E-4,4.68935169E-5
1.95960000E-4,4.37810575E-5
1.96000000E-4,3.76582391E-5
1.96040000E-4,5.64220782E-5
1.96080000E-4,5.82784816E-5
1.96120000E-4,3.27069525E-5
1.96160000E-4,5.39426202E-5
1.96200000E-4,6.93169956E-5
1.96240000E-4,6.56299283E-5
1.96280000E-4,3.77403314E-5
1.96320000E-4,8.29790486E-5
1.96360000E-4,2.31228302E-5
1.96400000E-4,5.63524599E-5
1.96440000E-4,4.66062893E-5
1.96480000E-4,4.10574779E-5
1.96520000E-4,4.72919430E-5
1.96560000E-4,6.21052336E-5
1.96600000E-4,1.38968793E-5
1.96640000E-4,4.03904685E-5
1.96680000E-4,4.08341942E-5
1.96720000E-4,2.44929932E-5
1.96760000E-4,4.78046574E-5
1.96800000E-4,7.16902238E-5
1.96840000E-4,4.32445966E-5
1.96880000E-4,3.91592272E-5
1.96920000E-4,3.40135818E-5
1.96960000E-4,7.08627682E-5
1.97000000E-4,2.66449118E-5
1.97040000E-4,9.13027171E-6
1.97080000E-4,6.70417024E-7
1.97120000E-4,9.64053518E-6
1.97160000E-4,7.55955299E-5
1.97200000E-4,4.17563767E-6
1.97240000E-4,3.15582517E-5
1.97280000E-4,3.99663791E-5
1.97320000E-4,7.38937933E-5
1.97360000E-4,4.66987671E-5
1.97400000E-4,3.21510462E-5
1.97440000E-4,-1.42549223E-6
1.97480000E-4,4.14134750E-5
1.97520000E-4,4.76075329E-5
1.97560000E-4,3.19320348E-5
1.97600000E-4,5.92424462E-5
1.97640000E-4,7.06539993E-5
1.97680000E-4,4.54044688E-5
1.97720000E-4,5.13273875E-5
1.97760000E-4,1.22597828E-5
1.97800000E-4,1.39766828E-5
1.97840000E-4,5.43823022E-5
1.97880000E-4,6.26625704E-5
1.97920000E-4,5.03781477E-5
1.97960000E-4,1.10763015E-5
1.98000000E-4,4.04693660E-5
1.98040000E-4,1.41086522E-5
1.98080000E-4,2.76284838E-5
1.98120000E-4,3.15065339E-5
1.98160000E-4,1.20442547E-7
1.98200000E-4,2.04385896E-5
1.98240000E-4,4.20791398E-5
1.98280000E-4,6.01209710E-5
1.98320000E-4,4.15354103E-6
1.98360000E-4,4.15584431E-5
1.98400000E-4,3.31787733E-5
1.98440000E-4,1.56601660E-5
1.98480000E-4,1.18539085E-5
1.98520000E-4,5.85226700E-5
1.98560000E-4,4.24800168E-5
1.98600000E-4,6.07642339E-5
1.98640000E-4,3.56768566E-5
1.98680000E-4,2.26198718E-5
1.98720000E-4,2.62465715E-5
1.98760000E-4,4.55309165E-5
1.98800000E-4,3.64674622E-5
1.98840000E-4,3.65232426E-5
1.98880000E-4,2.47896718E-5
1.98920000E-4,3.51950126E-5
1.98960000E-4,5.50389928E-5
1.99000000E-4,4.14092598E-5
1.99040000E-4,4.17855702E-5
1.99080000E-4,4.03823242E-5
1.99120000E-4,3.59613758E-5
1.99160000E-4,4.40296041E-5
1.99200000E-4,1.65011733E-5
1.99240000E-4,5.99495385E-5
1.99280000E-4,-8.22979833E-7
1.99320000E-4,3.37691932E-5
1.99360000E-4,5.37505787E-5
1.99400000E-4,4.04013023E-5
1.99440000E-4,5.02970663E-5
1.99480000E-4,3.16790250E-5
1.99520000E-4,5.41103429E-5
1.99560000E-4,6.13147043E-5
1.99600000E-4,1.20577087E-5
1.99640000E-4,5.43635720E-5
1.99680000E-4,3.64994199E-5
1.99720000E-4,6.25981307E-5
1.99760000E-4,4.79902043E-5
1.99800000E-4,2.82159663E-5
1.99840000E-4,2.08567568E-5
1.99880000E-4,1.11861839E-5
1.99920000E-4,3.16169217E-5
1.99960000E-4,6.23234152E-5
2.00000000E-4,4.46209681E-5
2.00040000E-4,6.23317408E-5
2.00080000E-4,5.34018200E-5
2.00120000E-4,2.07835146E-5
2.00160000E-4,7.44520743E-5
2.00200000E-4,2.74809027E-5
2.00240000E-4,3.01701023E-5
2.00280000E-4,5.85745594E-5
2.00320000E-4,3.44450240E-5
2.00360000E-4,3.74322946E-5
2.00400000E-4,3.54048878E-5
2.00440000E-4,3.66370923E-5
2.00480000E-4,4.67436470E-5
2.00520000E-4,5.38774651E-5
2.00560000E-4,3.58120686E-5
2.00600000E-4,6.46623303E-5
2.00640000E-4,1.69977134E-5
2.00680000E-4,6.17685579E-5
2.00720000E-4,7.07469158E-5
2.00760000E-4,2.30339191E-5
2.00800000E-4,4.28668367E-5
2.00840000E-4,5.48013753E-5
2.00880000E-4,4.68101181E-5
2.00920000E-4,5.33767289E-5
2.00960000E-4,5.96744607E-5
2.01000000E-4,3.59724671E-5
2.01040000E-4,2.66084146E-5
2.01080000E-4,4.48413908E-5
2.01120000E-4,3.32557063E-5
2.01160000E-4,4.74886574E-5
2.01200000E-4,6.73777369E-5
2.01240000E-4,4.34177934E-5
2.01280000E-4,5.54513044E-5
2.01320000E-4,3.78416498E-5
2.01360000E-4,5.32349556E-5
2.01400000E-4,7.14477330E-5
2.01440000E-4,3.21176771E-5
2.01480000E-4,1.45792142E-5
2.01520000E-4,6.91224651E-5
2.01560000E-4,5.79244014E-5
2.01600000E-4,4.00953159E-5
2.01640000E-4,3.29493098E-5
2.01680000E-4,2.83519507E-5
2.01720000E-4,4.41448080E-5
2.01760000E-4,5.55574198E-5
2.01800000E-4,6.92775993E-5
2.01840000E-4,3.48146301E-5
2.01880000E-4,3.05306676E-5
2.01920000E-4,3.14169076E-5
2.01960000E-4,2.42118881E-5
2.02000000E-4,3.48217540E-5
2.02040000E-4,4.65615333E-5
2.02080000E-4,2.49994897E-5
2.02120000E-4,5.93841526E-5
2.02160000E-4,6.65599039E-5
2.02200000E-4,3.52328163E-5
2.02240000E-4,2.11658426E-5
2.02280000E-4,2.84469939E-5
2.02320000E-4,3.77948339E-5
2.02360000E-4,5.61418314E-5
2.02400000E-4,1.97610421E-5
2.02440000E-4,1.00185812E-5
2.02480000E-4,6.04191945E-5
2.02520000E-4,2.73117400E-5
2.02560000E-4,5.27740829E-5
2.02600000E-4,3.03127148E-5
2.02640000E-4,3.62293869E-5
2.02680000E-4,4.13325462E-5
2.02720000E-4,2.20194098E-5
2.02760000E-4,3.95545729E-5
2.02800000E-4,3.29441885E-5
2.02840000E-4,-3.54731282E-6
2.02880000E-4,4.03899249E-5
2.02920000E-4,5.18624370E-5
2.02960000E-4,2.96115242E-6
2.03000000E-4,2.74142027E-5
2.03040000E-4,3.44704204E-5
2.03080000E-4,3.59621292E-5
2.03120000E-4,3.07817796E-5
2.03160000E-4,1.95169492E-5
2.03200000E-4,3.63888032E-5
2.03240000E-4,3.64749104E-5
2.03280000E-4,3.46908145E-5
2.03320000E-4,6.57334782E-5
2.03360000E-4,3.88292082E-5
2.03400000E-4,5.30082195E-5
2.03440000E-4,6.45914150E-5
2.03480000E-4,3.34102873E-5
2.03520000E-4,1.34005013E-5
2.03560000E-4,4.75499024E-5
2.03600000E-4,5.32822388E-5
2.03640000E-4,4.29841863E-5
2.03680000E-4,3.62612683E-5
2.03720000E-4,3.61502701E-5
2.03760000E-4,5.97677396E-5
2.03800000E-4,1.90486855E-5
2.03840000E-4,3.40165000E-5
2.03880000E-4,2.58843946E-5
2.03920000E-4,4.29762422E-5
2.03960000E-4,2.32081459E-5
2.04000000E-4,3.11021283E-5
2.04040000E-4,6.26883578E-5
2.04080000E-4,2.66867208E-5
2.04120000E-4,1.95787377E-5
2.04160000E-4,3.60297924E-5
2.04200000E-4,2.69837999E-5
2.04240000E-4,4.35567533E-5
2.04280000E-4,4.70299400E-5
2.04320000E-4,4.54569400E-5
2.04360000E-4,3.24539427E-5
2.04400000E-4,4.41588938E-5
2.04440000E-4,3.55360275E-5
2.04480000E-4,4.03330287E-5
2.04520000E-4,4.56250442E-5
2.04560000E-4,5.71185180E-5
2.04600000E-4,4.27218019E-5
2.04640000E-4,2.66690493E-5
2.04680000E-4,3.10190728E-5
2.04720000E-4,3.55357796E-5
2.04760000E-4,5.73034640E-5
2.04800000E-4,2.07634111E-5
2.04840000E-4,6.13854383E-5
2.04880000E-4,3.83650167E-5
2.04920000E-4,4.60778487E-5
2.04960000E-4,1.05678866E-6
2.05000000E-4,3.58893257E-5
2.05040000E-4,6.26558280E-5
2.05080000E-4,6.44636322E-5
2.05120000E-4,3.40168624E-5
2.05160000E-4,2.59982919E-5
2.05200000E-4,1.20039978E-5
2.05240000E-4,3.29887442E-5
2.05280000E-4,1.17428722E-5
2.05320000E-4,5.16039245E-5
2.05360000E-4,5.05286089E-5
2.05400000E-4,2.56874418E-5
2.05440000E-4,5.60843058E-5
2.05480000E-4,2.93281509E-5
2.05520000E-4,3.99704990E-5
2.05560000E-4,3.91492995E-5
2.05600000E-4,6.84622840E-5
2.05640000E-4,3.53498131E-5
2.05680000E-4,2.56173372E-5
2.05720000E-4,8.56817713E-5
2.05760000E-4,7.16582646E-6
2.05800000E-4,3.45127349E-5
2.05840000E-4,4.18735085E-5
2.05880000E-4,3.66834313E-5
2.05920000E-4,4.74594654E-5
2.05960000E-4,5.24061935E-5
2.06000000E-4,8.39243116E-5
2.06040000E-4,1.72683185E-5
2.06080000E-4,8.77478306E-5
2.06120000E-4,2.32558010E-5
2.06160000E-4,7.46511252E-5
2.06200000E-4,4.44187224E-5
2.06240000E-4,2.40016506E-5
2.06280000E-4,3.67996365E-5
2.06320000E-4,3.08176186E-5
2.06360000E-4,3.35969405E-5
2.06400000E-4,3.76230867E-5
2.06440000E-4,4.70124020E-5
2.06480000E-4,3.30833868E-5
2.06520000E-4,2.18749186E-5
2.06560000E-4,1.65007060E-5
2.06600000E-4,2.00750490E-5
2.06640000E-4,4.92193857E-5
2.06680000E-4,1.19489517E-5
2.06720000E-4,8.56935874E-5
2.06760000E-4,4.57170451E-5
2.06800000E-4,3.72984178E-5
2.06840000E-4,5.43276566E-5
2.06880000E-4,4.42211020E-5
2.06920000E-4,1.40875570E-5
2.06960000E-4,4.08464393E-5
2.07000000E-4,3.89225348E-5
2.07040000E-4,1.42391721E-5
2.07080000E-4,3.69244534E-5
2.07120000E-4,1.06313361E-5
2.07160000E-4,1.67592662E-5
2.07200000E-4,4.71808209E-5
2.07240000E-4,3.14032876E-6
2.07280000E-4,4.16240654E-5
2.07320000E-4,4.20463048E-5
2.07360000E-4,1.10148563E-5
2.07400000E-4,1.67557567E-5
2.07440000E-4,5.30133217E-5
2.07480000E-4,4.91698598E-6
2.07520000E-4,7.74164552E-6
2.07560000E-4,4.16909371E-5
2.07600000E-4,5.40678090E-5
2.07640000E-4,7.60395988E-5
2.07680000E-4,1.01487673E-5
2.07720000E-4,5.29902428E-5
2.07760000E-4,2.11477610E-5
2.07800000E-4,1.35227242E-5
2.07840000E-4,3.00719311E-5
2.07880000E-4,4.06596336E-5
2.07920000E-4,3.24565748E-5
2.07960000E-4,3.82630690E-5
2.08000000E-4,5.55977411E-5
2.08040000E-4,2.69421148E-5
2.08080000E-4,1.71077388E-5
2.08120000E-4,2.00825162E-5
2.08160000E-4,4.68577732E-5
2.08200000E-4,3.55887276E-5
2.08240000E-4,3.34922366E-5
2.08280000E-4,2.35267112E-5
2.08320000E-4,4.00781879E-5
2.08360000E-4,5.28601902E-5
2.08400000E-4,2.11983057E-5
2.08440000E-4,2.28677509E-5
2.08480000E-4,3.48447471E-5
2.08520000E-4,9.57735425E-6
2.08560000E-4,8.04593440E-6
2.08600000E-4,2.34554908E-5
2.08640000E-4,7.65793999E-7
2.08680000E-4,4.71443810E-5
2.08720000E-4,3.26066164E-5
2.08760000E-4,3.43553867E-6
2.08800000E-4,4.05680618E-5
2.08840000E-4,3.71456201E-5
2.08880000E-4,6.21448588E-5
2.08920000E-4,5.45632905E-5
2.08960000E-4,1.65605777E-5
2.09000000E-4,4.84936585E-5
2.09040000E-4,4.29882585E-5
2.09080000E-4,8.96684450E-5
2.09120000E-4,3.43485694E-5
2.09160000E-4,3.17404893E-5
2.09200000E-4,3.64027459E-5
2.09240000E-4,4.49585307E-5
2.09280000E-4,4.57711280E-5
2.09320000E-4,1.08849944E-5
2.09360000E-4,-5.30342790E-6
2.09400000E-4,6.02567075E-5
2.09440000E-4,5.94081757E-5
2.09480000E-4,1.66053336E-5
2.09520000E-4,3.90752753E-5
2.09560000E-4,3.12620977E-5
2.09600000E-4,6.71618917E-5
2.09640000E-4,3.76206834E-5
2.09680000E-4,1.80814976E-5
2.09720000E-4,4.07858810E-5
2.09760000E-4,4.44669115E-5
2.09800000E-4,5.87632725E-5
2.09840000E-4,2.15933463E-5
2.09880000E-4,4.22754250E-5
2.09920000E-4,5.00044695E-5
2.09960000E-4,4.92528787E-5
2.10000000E-4,9.95526695E-5
2.10040000E-4,6.06033204E-5
2.10080000E-4,5.35956719E-6
2.10120000E-4,5.01928106E-5
2.10160000E-4,1.88153977E-5
2.10200000E-4,7.35535319E-5
2.10240000E-4,3.52435356E-5
2.10280000E-4,5.81069919E-5
2.10320000E-4,2.90693904E-5
2.10360000E-4,6.06284593E-5
2.10400000E-4,2.86113502E-5
2.10440000E-4,4.59986556E-5
2.10480000E-4,2.63923025E-5
2.10520000E-4,3.47550827E-5
2.10560000E-4,6.91797332E-5
2.10600000E-4,3.18587068E-5
2.10640000E-4,5.37379616E-5
2.10680000E-4,3.87026365E-5
2.10720000E-4,6.05477403E-5
2.10760000E-4,9.48526475E-5
2.10800000E-4,6.32524657E-5
2.10840000E-4,2.99635746E-5
2.10880000E-4,4.16580067E-5
2.10920000E-4,7.83840166E-5
2.10960000E-4,3.26112608E-5
2.11000000E-4,5.41482705E-5
2.11040000E-4,7.37403948E-5
2.11080000E-4,4.51843608E-5
2.11120000E-4,1.23201027E-5
2.11160000E-4,5.19395797E-5
2.11200000E-4,3.63049847E-5
2.11240000E-4,6.08155702E-5
2.11280000E-4,1.99326463E-5
2.11320000E-4,1.69262260E-5
2.11360000E-4,4.56006396E-5
2.11400000E-4,6.39688373E-5
2.11440000E-4,3.26296762E-5
2.11480000E-4,4.30609666E-5
2.11520000E-4,2.93628837E-5
2.11560000E-4,4.07986126E-5
2.11600000E-4,1.55171339E-5
2.11640000E-4,2.48575066E-5
2.11680000E-4,3.34974341E-5
2.11720000E-4,2.50340031E-5
2.11760000E-4,5.68202563E-5
2.11800000E-4,8.95423787E-5
2.11840000E-4,9.97543701E-6
2.11880000E-4,1.51363031E-5
2.11920000E-4,3.98120078E-5
2.11960000E-4,5.34906262E-5
2.12000000E-4,3.25098375E-5
2.12040000E-4,1.60436862E-5
2.12080000E-4,4.81704583E-5
2.12120000E-4,3.78765924E-5
2.12160000E-4,4.27836476E-5
2.12200000E-4,4.17956219E-5
2.12240000E-4,1.11133899E-5
2.12280000E-4,2.36375759E-5
2.12320000E-4,6.52918602E-5
2.12360000E-4,6.93548183E-5
2.12400000E-4,3.11832097E-5
2.12440000E-4,1.53931658E-5
2.12480000E-4,4.06422481E-5
2.12520000E-4,4.34234106E-5
2.12560000E-4,3.34729533E-5
2.12600000E-4,2.76313067E-5
2.12640000E-4,3.87778052E-5
2.12680000E-4,5.00466314E-5
2.12720000E-4,3.12095407E-5
2.12760000E-4,7.01089077E-5
2.12800000E-4,4.99498144E-5
2.12840000E-4,3.74656350E-5
2.12880000E-4,6.25091624E-5
2.12920000E-4,6.00074838E-5
2.12960000E-4,3.78318555E-5
2.13000000E-4,6.13504671E-5
2.13040000E-4,3.65728814E-5
2.13080000E-4,2.93242313E-5
2.13120000E-4,3.61237675E-5
2.13160000E-4,3.00119259E-5
2.13200000E-4,3.36825423E-5
2.13240000E-4,4.77643456E-5
2.13280000E-4,5.22297161E-5
2.13320000E-4,1.40487519E-5
2.13360000E-4,4.06439457E-5
2.13400000E-4,6.76289538E-5
2.13440000E-4,1.24766102E-5
2.13480000E-4,3.35610919E-5
2.13520000E-4,5.89938137E-5
2.13560000E-4,5.43264169E-5
2.13600000E-4,5.33355587E-5
2.13640000E-4,1.68996852E-5
2.13680000E-4,3.22123579E-5
2.13720000E-4,2.09336897E-5
2.13760000E-4,2.67733812E-5
2.13800000E-4,3.29833655E-5
2.13840000E-4,3.93744620E-5
2.13880000E-4,3.48308807E-5
2.13920000E-4,1.34056416E-5
2.13960000E-4,1.07566966E-5
2.14000000E-4,4.69671406E-5
2.14040000E-4,3.21320966E-5
2.14080000E-4,2.41278980E-5
2.14120000E-4,4.16857109E-5
2.14160000E-4,3.71095044E-5
2.14200000E-4,6.05301450E-5
2.14240000E-4,9.12183169E-6
2.14280000E-4,3.37810664E-5
2.14320000E-4,9.06685537E-5
2.14360000E-4,3.58064991E-5
2.14400000E-4,3.95975455E-5
2.14440000E-4,-7.69760835E-6
2.14480000E-4,4.41628801E-5
2.14520000E-4,3.34171061E-5
2.14560000E-4,2.71940851E-5
2.14600000E-4,5.08326022E-5
2.14640000E-4,3.58046585E-5
2.14680000E-4,5.23740642E-5
2.14720000E-4,5.64636488E-5
2.14760000E-4,5.23211258E-5
2.14800000E-4,6.99480705E-5
2.14840000E-4,-5.48036310E-6
2.14880000E-4,3.13238767E-5
2.14920000E-4,1.56121199E-5
2.14960000E-4,3.67259938E-5
2.15000000E-4,2.20490309E-5
2.15040000E-4,4.46895754E-5
2.15080000E-4,1.84101719E-5
2.15120000E-4,7.75796304E-5
2.15160000E-4,5.41104573E-5
2.15200000E-4,8.05346953E-5
2.15240000E-4,9.70363234E-5
2.15280000E-4,5.37119549E-5
2.15320000E-4,2.33834312E-5
2.15360000E-4,5.92783902E-5
2.15400000E-4,3.23895601E-5
2.15440000E-4,6.05034135E-5
2.15480000E-4,3.84937151E-5
2.15520000E-4,1.78224319E-5
2.15560000E-4,4.15989933E-5
2.15600000E-4,2.03317972E-5
2.15640000E-4,9.00205415E-5
2.15680000E-4,5.30452126E-5
2.15720000E-4,4.03332671E-5
2.15760000E-4,5.50142545E-5
2.15800000E-4,6.04212449E-5
2.15840000E-4,8.89083951E-5
2.15880000E-4,4.75947155E-5
2.15920000E-4,5.01320044E-5
2.15960000E-4,2.57329892E-5
2.16000000E-4,5.22962730E-5
2.16040000E-4,8.42167177E-5
2.16080000E-4,1.66065448E-5
2.16120000E-4,2.10430189E-5
2.16160000E-4,9.07509607E-5
2.16200000E-4,3.72451646E-5
2.16240000E-4,4.77770867E-5
2.16280000E-4,3.20649007E-5
2.16320000E-4,7.02665119E-5
2.16360000E-4,7.71087441E-5
2.16400000E-4,1.21842804E-5
2.16440000E-4,1.75443309E-5
2.16480000E-4,3.61432988E-5
2.16520000E-4,5.83071777E-5
2.16560000E-4,4.97502390E-5
2.16600000E-4,1.59572547E-5
2.16640000E-4,5.63878031E-5
2.16680000E-4,4.66207756E-5
2.16720000E-4,4.66717209E-5
2.16760000E-4,4.90591874E-5
2.16800000E-4,3.38184218E-5
2.16840000E-4,6.73137548E-5
2.16880000E-4,4.24833833E-5
2.16920000E-4,4.67201389E-5
2.16960000E-4,4.37256681E-5
2.17000000E-4,2.05522962E-5
2.17040000E-4,3.54263454E-5
2.17080000E-4,3.87353857E-5
2.17120000E-4,4.10584507E-5
2.17160000E-4,4.05016765E-5
2.17200000E-4,1.89757771E-5
2.17240000E-4,5.49704618E-5
2.17280000E-4,4.33145677E-5
2.17320000E-4,2.69022799E-5
2.17360000E-4,6.64342763E-5
2.17400000E-4,4.38050043E-5
2.17440000E-4,1.06652106E-5
2.17480000E-4,3.68005044E-5
2.17520000E-4,4.33775293E-5
2.17560000E-4,5.03949515E-5
2.17600000E-4,4.85150208E-5
2.17640000E-4,2.56291055E-5
2.17680000E-4,6.93194846E-5
2.17720000E-4,3.72702081E-5
2.17760000E-4,4.56840766E-5
2.17800000E-4,3.15701440E-5
2.17840000E-4,6.09497331E-5
2.17880000E-4,3.15391210E-5
2.17920000E-4,3.77108247E-5
2.17960000E-4,4.14142761E-5
2.18000000E-4,2.78579379E-5
2.18040000E-4,3.29712443E-5
2.18080000E-4,3.71157128E-5
2.18120000E-4,5.81853458E-5
2.18160000E-4,5.78834697E-5
2.18200000E-4,3.59894043E-5
2.18240000E-4,7.38102038E-5
2.18280000E-4,4.13682613E-5
2.18320000E-4,4.11164818E-5
2.18360000E-4,6.19160437E-5
2.18400000E-4,5.28167789E-5
2.18440000E-4,5.16069953E-5
2.18480000E-4,1.50090258E-5
2.18520000E-4,2.21953818E-5
2.18560000E-4,5.51176710E-5
2.18600000E-4,5.47932691E-5
2.18640000E-4,4.64908088E-5
2.18680000E-4,4.55449927E-5
2.18720000E-4,5.75688525E-5
2.18760000E-4,1.93382115E-5
2.18800000E-4,4.14821396E-5
2.18840000E-4,4.42416727E-5
2.18880000E-4,6.05868028E-5
2.18920000E-4,3.21320871E-5
2.18960000E-4,4.73389782E-5
2.19000000E-4,4.06308803E-5
2.19040000E-4,4.55438865E-5
2.19080000E-4,8.02877032E-5
2.19120000E-4,5.09174220E-5
2.19160000E-4,2.96262791E-5
2.19200000E-4,2.31756256E-5
2.19240000E-4,4.55535949E-5
2.19280000E-4,3.76042135E-5
2.19320000E-4,2.72124338E-5
2.19360000E-4,2.46144818E-5
2.19400000E-4,5.17241828E-5
2.19440000E-4,2.95579006E-5
2.19480000E-4,4.59877345E-6
2.19520000E-4,1.87198491E-5
2.19560000E-4,4.05560646E-5
2.19600000E-4,5.80346176E-5
2.19640000E-4,2.78416301E-5
2.19680000E-4,1.45585577E-5
2.19720000E-4,6.28861689E-5
2.19760000E-4,2.71345759E-5
2.19800000E-4,3.26361231E-5
2.19840000E-4,2.77637053E-5
2.19880000E-4,4.38526308E-5
2.19920000E-4,4.01471671E-5
2.19960000E-4,6.63932969E-5
2.20000000E-4,1.67917483E-5
2.20040000E-4,5.42115563E-5
2.20080000E-4,2.78170253E-5
2.20120000E-4,3.25572638E-5
2.20160000E-4,5.09512107E-5
2.20200000E-4,1.53101103E-5
2.20240000E-4,3.91658362E-5
2.20280000E-4,1.27409592E-5
2.20320000E-4,4.49200308E-5
2.20360000E-4,3.37076335E-5
2.20400000E-4,7.09785824E-5
2.20440000E-4,4.50749076E-5
2.20480000E-4,1.08235110E-5
2.20520000E-4,4.14370976E-5
2.20560000E-4,6.56693723E-5
2.20600000E-4,2.94323303E-5
2.20640000E-4,7.14140492E-5
2.20680000E-4,3.42137866E-5
2.20720000E-4,5.51770277E-5
2.20760000E-4,1.00683821E-5
2.20800000E-4,4.46077502E-5
2.20840000E-4,3.89051112E-5
2.20880000E-4,5.24246090E-5
2.20920000E-4,3.76110513E-5
2.20960000E-4,5.70442839E-5
2.21000000E-4,3.75283773E-5
2.21040000E-4,3.57174259E-5
2.21080000E-4,4.32989370E-5
2.21120000E-4,5.48476858E-5
2.21160000E-4,-1.30119874E-5
2.21200000E-4,3.75400503E-5
2.21240000E-4,3.57329422E-5
2.21280000E-4,1.26940083E-6
2.21320000E-4,6.05736230E-5
2.21360000E-4,6.71041754E-5
2.21400000E-4,2.08303591E-5
2.21440000E-4,5.43225926E-5
2.21480000E-4,4.09238872E-5
2.21520000E-4,5.66750784E-5
2.21560000E-4,5.24515312E-5
2.21600000E-4,3.24582819E-5
2.21640000E-4,2.79626990E-5
2.21680000E-4,3.05592778E-5
2.21720000E-4,1.64233058E-5
2.21760000E-4,4.53408683E-5
2.21800000E-4,4.33935415E-5
2.21840000E-4,4.83858170E-5
2.21880000E-4,4.30040418E-5
2.21920000E-4,6.66630819E-5
2.21960000E-4,6.44054104E-5
2.22000000E-4,3.09333375E-5
2.22040000E-4,4.31503927E-5
2.22080000E-4,3.01407864E-5
2.22120000E-4,3.76347311E-5
2.22160000E-4,1.59739058E-5
2.22200000E-4,6.46942211E-5
2.22240000E-4,3.01848843E-5
2.22280000E-4,4.47473967E-5
2.22320000E-4,4.25636159E-5
2.22360000E-4,6.44867397E-5
2.22400000E-4,1.82666439E-5
2.22440000E-4,3.58638436E-5
2.22480000E-4,2.49833249E-5
2.22520000E-4,5.07149283E-5
2.22560000E-4,3.27725271E-5
2.22600000E-4,3.03434613E-5
2.22640000E-4,3.68439824E-5
2.22680000E-4,2.52826928E-5
2.22720000E-4,3.60453946E-5
2.22760000E-4,4.00554046E-5
2.22800000E-4,4.48792613E-5
2.22840000E-4,1.77432293E-5
2.22880000E-4,3.23086599E-5
2.22920000E-4,1.33304444E-5
2.22960000E-4,4.62612483E-6
2.23000000E-4,3.25753740E-5
2.23040000E-4,-1.00508094E-5
2.23080000E-4,1.09292926E-5
2.23120000E-4,-5.87784657E-7
2.23160000E-4,2.35899780E-5
2.23200000E-4,4.72458805E-5
2.23240000E-4,6.66767862E-5
2.23280000E-4,4.69732918E-5
2.23320000E-4,2.26295802E-5
2.23360000E-4,2.50092553E-5
2.23400000E-4,2.29234645E-5
2.23440000E-4,4.10603390E-5
2.23480000E-4,4.07138118E-5
2.23520000E-4,2.84145023E-5
2.23560000E-4,3.25540785E-5
2.23600000E-4,4.50915396E-5
2.23640000E-4,6.68290483E-6
2.23680000E-4,1.62187903E-5
2.23720000E-4,2.65942430E-5
2.23760000E-4,3.60253769E-5
2.23800000E-4,4.74699749E-5
2.23840000E-4,1.61145251E-5
2.23880000E-4,3.77492101E-5
2.23920000E-4,1.90215439E-5
2.23960000E-4,5.54690809E-5
2.24000000E-4,2.98895203E-6
2.24040000E-4,4.20776139E-5
2.24080000E-4,5.23035591E-5
2.24120000E-4,1.38697854E-5
2.24160000E-4,3.87770422E-5
2.24200000E-4,3.14792207E-5
2.24240000E-4,-1.05373073E-5
2.24280000E-4,3.55141502E-5
2.24320000E-4,3.07400277E-5
2.24360000E-4,2.90205909E-5
2.24400000E-4,3.10813477E-5
2.24440000E-4,3.04848626E-5
2.24480000E-4,1.97605558E-5
2.24520000E-4,2.07870432E-5
2.24560000E-4,6.07267450E-5
2.24600000E-4,1.24849548E-5
2.24640000E-4,3.79534586E-5
2.24680000E-4,3.17206434E-5
2.24720000E-4,1.10100497E-5
2.24760000E-4,5.15486114E-5
2.24800000E-4,2.98005631E-5
2.24840000E-4,1.23779430E-5
2.24880000E-4,-2.27589687E-5
2.24920000E-4,2.28969428E-5
2.24960000E-4,2.03625818E-5
2.25000000E-4,3.42271190E-5
2.25040000E-4,2.09400412E-5
2.25080000E-4,4.52178729E-5
2.25120000E-4,5.74314376E-5
2.25160000E-4,4.87834420E-5
2.25200000E-4,6.49761654E-5
2.25240000E-4,3.60991341E-5
2.25280000E-4,6.35662532E-5
2.25320000E-4,3.09274056E-5
2.25360000E-4,6.25837016E-5
2.25400000E-4,3.30808882E-5
2.25440000E-4,2.69745207E-5
2.25480000E-4,1.32693139E-5
2.25520000E-4,4.04647216E-5
