-1.43600000E-5,5.42303342E-5
-1.43200000E-5,3.00803520E-5
-1.42800000E-5,4.84824433E-5
-1.42400000E-5,4.36040269E-5
-1.42000000E-5,4.18767224E-5
-1.41600000E-5,2.69760943E-5
-1.41200000E-5,3.01338723E-5
-1.40800000E-5,3.91581782E-5
-1.40400000E-5,8.38675203E-5
-1.40000000E-5,3.20036939E-5
-1.39600000E-5,4.48916304E-5
-1.39200000E-5,6.78065851E-5
-1.38800000E-5,5.69429179E-5
-1.38400000E-5,5.22185485E-5
-1.38000000E-5,6.44327236E-5
-1.37600000E-5,5.30940502E-5
-1.37200000E-5,7.87686701E-6
-1.36800000E-5,6.13948225E-5
-1.36400000E-5,5.62613650E-5
-1.36000000E-5,4.85275903E-5
-1.35600000E-5,2.35373256E-5
-1.35200000E-5,3.19571165E-5
-1.34800000E-5,5.90033219E-5
-1.34400000E-5,4.56119979E-5
-1.34000000E-5,5.43193215E-5
-1.33600000E-5,2.85097648E-5
-1.33200000E-5,5.35466450E-5
-1.32800000E-5,4.13430748E-5
-1.32400000E-5,6.36128879E-5
-1.32000000E-5,2.64224195E-5
-1.31600000E-5,5.78890582E-5
-1.31200000E-5,3.46042495E-5
-1.30800000E-5,5.62168188E-5
-1.30400000E-5,6.20713496E-5
-1.30000000E-5,7.23947412E-5
-1.29600000E-5,3.44628387E-5
-1.29200000E-5,4.22267113E-5
-1.28800000E-5,2.96054508E-5
-1.28400000E-5,4.50016940E-5
-1.28000000E-5,7.35308153E-5
-1.27600000E-5,3.18282751E-5
-1.27200000E-5,3.69587285E-5
-1.26800000E-5,7.35715468E-5
-1.26400000E-5,2.44343613E-5
-1.26000000E-5,4.67944683E-5
-1.25600000E-5,2.36613796E-5
-1.25200000E-5,7.04313641E-5
-1.24800000E-5,3.04439976E-5
-1.24400000E-5,3.44648986E-5
-1.24000000E-5,2.64973974E-5
-1.23600000E-5,5.73271247E-5
-1.23200000E-5,4.02372035E-5
-1.22800000E-5,4.02279815E-5
-1.22400000E-5,4.97171751E-5
-1.22000000E-5,3.34356932E-5
-1.21600000E-5,5.72845813E-5
-1.21200000E-5,3.78636224E-5
-1.20800000E-5,2.07121225E-5
-1.20400000E-5,3.69375188E-5
-1.20000000E-5,3.05953076E-5
-1.19600000E-5,2.58669137E-5
-1.19200000E-5,1.88050980E-5
-1.18800000E-5,4.20934052E-6
-1.18400000E-5,4.58390964E-5
-1.18000000E-5,5.64930125E-5
-1.17600000E-5,7.18758279E-5
-1.17200000E-5,3.82892378E-5
-1.16800000E-5,3.33730368E-5
-1.16400000E-5,1.03535880E-5
-1.16000000E-5,1.07089557E-5
-1.15600000E-5,4.78436913E-5
-1.15200000E-5,3.01973679E-5
-1.14800000E-5,3.62179238E-5
-1.14400000E-5,2.69215345E-5
-1.14000000E-5,3.03475239E-5
-1.13600000E-5,3.11331609E-5
-1.13200000E-5,4.25707112E-5
-1.12800000E-5,4.21496735E-5
-1.12400000E-5,3.53791958E-5
-1.12000000E-5,-8.89492746E-6
-1.11600000E-5,5.65191241E-5
-1.11200000E-5,5.66903849E-5
-1.10800000E-5,2.66538286E-5
-1.10400000E-5,2.16720244E-5
-1.10000000E-5,2.59102678E-5
-1.09600000E-5,3.33950095E-5
-1.09200000E-5,2.07169576E-5
-1.08800000E-5,2.34649418E-5
-1.08400000E-5,3.65671784E-5
-1.08000000E-5,4.06980381E-5
-1.07600000E-5,3.06474927E-5
-1.07200000E-5,3.66425282E-5
-1.06800000E-5,4.15962753E-5
-1.06400000E-5,1.31048718E-5
-1.06000000E-5,3.11910775E-5
-1.05600000E-5,4.41749441E-5
-1.05200000E-5,4.68139137E-5
-1.04800000E-5,2.30760906E-5
-1.04400000E-5,4.80385461E-5
-1.04000000E-5,9.87830528E-6
-1.03600000E-5,1.03033198E-5
-1.03200000E-5,3.53338390E-5
-1.02800000E-5,3.63719041E-5
-1.02400000E-5,4.03918800E-5
-1.02000000E-5,3.50145775E-5
-1.01600000E-5,5.34895295E-5
-1.01200000E-5,2.98545410E-5
-1.00800000E-5,6.46646843E-6
-1.00400000E-5,3.49489837E-5
-1.00000000E-5,2.29248187E-5
-9.96000000E-6,6.80332640E-5
-9.92000000E-6,3.54753548E-5
-9.88000000E-6,1.85371823E-5
-9.84000000E-6,3.58592659E-5
-9.80000000E-6,6.95856838E-5
-9.76000000E-6,3.89703329E-5
-9.72000000E-6,8.05022990E-5
-9.68000000E-6,3.52986866E-5
-9.64000000E-6,2.63917875E-5
-9.60000000E-6,2.14081904E-5
-9.56000000E-6,2.74340582E-5
-9.52000000E-6,2.77234316E-5
-9.48000000E-6,2.08048387E-5
-9.44000000E-6,4.89419713E-5
-9.40000000E-6,4.71973290E-5
-9.36000000E-6,3.96720084E-5
-9.32000000E-6,2.73387194E-5
-9.28000000E-6,4.11885605E-5
-9.24000000E-6,2.46145962E-5
-9.20000000E-6,1.71629264E-6
-9.16000000E-6,6.45411850E-5
-9.12000000E-6,3.74779661E-5
-9.08000000E-6,5.41716260E-5
-9.04000000E-6,4.42931425E-5
-9.00000000E-6,5.85081264E-5
-8.96000000E-6,2.03262563E-5
-8.92000000E-6,3.67198617E-5
-8.88000000E-6,5.03194872E-5
-8.84000000E-6,1.61894362E-5
-8.80000000E-6,4.38545381E-5
-8.76000000E-6,7.23062688E-5
-8.72000000E-6,4.61332382E-5
-8.68000000E-6,2.23747680E-5
-8.64000000E-6,5.53980608E-5
-8.60000000E-6,6.16685652E-5
-8.56000000E-6,1.84430165E-5
-8.52000000E-6,5.93711636E-5
-8.48000000E-6,4.21237813E-5
-8.44000000E-6,6.57564618E-5
-8.40000000E-6,5.06840483E-5
-8.36000000E-6,9.34797951E-5
-8.32000000E-6,2.17916819E-5
-8.28000000E-6,7.10258275E-5
-8.24000000E-6,3.90691908E-5
-8.20000000E-6,7.34139902E-5
-8.16000000E-6,4.77985348E-5
-8.12000000E-6,3.04310849E-5
-8.08000000E-6,6.30521846E-5
-8.04000000E-6,4.53615535E-5
-8.00000000E-6,6.17308401E-5
-7.96000000E-6,3.60202175E-5
-7.92000000E-6,5.32049053E-5
-7.88000000E-6,5.01515452E-5
-7.84000000E-6,5.24854042E-6
-7.80000000E-6,4.95688215E-5
-7.76000000E-6,8.27601899E-5
-7.72000000E-6,6.20197748E-5
-7.68000000E-6,2.83449412E-5
-7.64000000E-6,2.06741377E-5
-7.60000000E-6,1.66212600E-5
-7.56000000E-6,1.38189260E-5
-7.52000000E-6,5.71843787E-5
-7.48000000E-6,5.81746742E-5
-7.44000000E-6,7.74543080E-5
-7.40000000E-6,2.99017956E-5
-7.36000000E-6,3.78839643E-5
-7.32000000E-6,6.13692354E-5
-7.28000000E-6,5.81307193E-5
-7.24000000E-6,7.62521442E-5
-7.20000000E-6,4.15452633E-5
-7.16000000E-6,4.75929989E-5
-7.12000000E-6,5.10833899E-5
-7.08000000E-6,6.23228716E-5
-7.04000000E-6,8.78974907E-5
-7.00000000E-6,4.82147279E-5
-6.96000000E-6,4.21418915E-5
-6.92000000E-6,5.06709830E-5
-6.88000000E-6,7.20899087E-5
-6.84000000E-6,4.92578092E-5
-6.80000000E-6,3.96407946E-5
-6.76000000E-6,3.51661449E-5
-6.72000000E-6,2.93197681E-5
-6.68000000E-6,2.16486784E-5
-6.64000000E-6,1.27438011E-5
-6.60000000E-6,6.77080706E-5
-6.56000000E-6,7.62969860E-5
-6.52000000E-6,7.23753530E-5
-6.48000000E-6,2.90361740E-5
-6.44000000E-6,5.61746092E-5
-6.40000000E-6,7.05799179E-5
-6.36000000E-6,3.80703886E-5
-6.32000000E-6,2.71587992E-5
-6.28000000E-6,3.68669183E-5
-6.24000000E-6,3.51085716E-5
-6.20000000E-6,5.61496992E-5
-6.16000000E-6,3.66290147E-5
-6.12000000E-6,7.40513690E-5
-6.08000000E-6,3.40960650E-5
-6.04000000E-6,-5.00447959E-6
-6.00000000E-6,7.10101967E-5
-5.96000000E-6,1.33493653E-5
-5.92000000E-6,5.25223320E-5
-5.88000000E-6,3.32949404E-5
-5.84000000E-6,7.05161076E-5
-5.80000000E-6,5.55377168E-5
-5.76000000E-6,6.49949417E-6
-5.72000000E-6,3.91940840E-5
-5.68000000E-6,3.47960907E-5
-5.64000000E-6,3.01823189E-5
-5.60000000E-6,5.32360714E-5
-5.56000000E-6,5.94270298E-5
-5.52000000E-6,3.84048136E-5
-5.48000000E-6,5.85261890E-5
-5.44000000E-6,5.16824023E-5
-5.40000000E-6,1.25996723E-5
-5.36000000E-6,3.88661249E-5
-5.32000000E-6,4.13005791E-5
-5.28000000E-6,5.49753446E-5
-5.24000000E-6,5.10433642E-5
-5.20000000E-6,3.10546353E-5
-5.16000000E-6,6.09453558E-5
-5.12000000E-6,5.57111902E-5
-5.08000000E-6,4.09814796E-5
-5.04000000E-6,3.34529166E-5
-5.00000000E-6,7.61173901E-5
-4.96000000E-6,4.48412001E-5
-4.92000000E-6,1.64046599E-6
-4.88000000E-6,3.35757212E-5
-4.84000000E-6,4.20078240E-5
-4.80000000E-6,4.67680992E-5
-4.76000000E-6,5.05355517E-5
-4.72000000E-6,3.56956249E-5
-4.68000000E-6,4.80594792E-5
-4.64000000E-6,4.85129037E-5
-4.60000000E-6,2.07998987E-5
-4.56000000E-6,3.11259702E-5
-4.52000000E-6,5.33035153E-5
-4.48000000E-6,8.39883222E-5
-4.44000000E-6,5.09313456E-5
-4.40000000E-6,6.77011469E-5
-4.36000000E-6,9.40442082E-5
-4.32000000E-6,3.53337723E-5
-4.28000000E-6,6.34450698E-5
-4.24000000E-6,5.40408772E-5
-4.20000000E-6,3.54642826E-5
-4.16000000E-6,4.84483018E-5
-4.12000000E-6,4.24604951E-5
-4.08000000E-6,2.38127373E-5
-4.04000000E-6,3.30360369E-5
-4.00000000E-6,3.50721222E-5
-3.96000000E-6,4.12883148E-5
-3.92000000E-6,2.17650744E-5
-3.88000000E-6,3.22174028E-5
-3.84000000E-6,8.88358475E-6
-3.80000000E-6,5.07292048E-5
-3.76000000E-6,1.01312483E-5
-3.72000000E-6,2.33928917E-5
-3.68000000E-6,3.36584334E-5
-3.64000000E-6,2.64564657E-5
-3.60000000E-6,3.17385438E-5
-3.56000000E-6,3.06024125E-5
-3.52000000E-6,2.89655639E-5
-3.48000000E-6,3.08377507E-5
-3.44000000E-6,5.16949241E-5
-3.40000000E-6,4.93739191E-5
-3.36000000E-6,3.38143687E-5
-3.32000000E-6,3.97564944E-5
-3.28000000E-6,4.11411056E-5
-3.24000000E-6,6.38468910E-5
-3.20000000E-6,3.70186383E-5
-3.16000000E-6,4.02819785E-5
-3.12000000E-6,2.10625502E-5
-3.08000000E-6,1.67657989E-5
-3.04000000E-6,6.36599231E-5
-3.00000000E-6,4.37174951E-5
-2.96000000E-6,2.98890354E-5
-2.92000000E-6,4.90944925E-5
-2.88000000E-6,5.04608790E-5
-2.84000000E-6,4.94909349E-5
-2.80000000E-6,2.10214277E-5
-2.76000000E-6,7.67467389E-5
-2.72000000E-6,5.07352034E-5
-2.68000000E-6,5.99842809E-5
-2.64000000E-6,8.34970830E-6
-2.60000000E-6,5.95592091E-5
-2.56000000E-6,6.96229343E-5
-2.52000000E-6,5.97743390E-5
-2.48000000E-6,3.92505797E-5
-2.44000000E-6,3.88645895E-5
-2.40000000E-6,4.48021662E-5
-2.36000000E-6,1.59265845E-5
-2.32000000E-6,2.01784368E-5
-2.28000000E-6,4.97949282E-5
-2.24000000E-6,3.53675323E-5
-2.20000000E-6,9.62223417E-6
-2.16000000E-6,5.03825251E-5
-2.12000000E-6,4.65877403E-5
-2.08000000E-6,6.18389105E-5
-2.04000000E-6,3.31992487E-5
-2.00000000E-6,4.48381960E-5
-1.96000000E-6,5.29537170E-5
-1.92000000E-6,3.17787889E-5
-1.88000000E-6,5.27060844E-6
-1.84000000E-6,5.81672165E-5
-1.80000000E-6,1.36331693E-5
-1.76000000E-6,-2.69662574E-6
-1.72000000E-6,1.00978518E-4
-1.68000000E-6,3.96896418E-5
-1.64000000E-6,5.66452094E-5
-1.60000000E-6,3.75398961E-6
-1.56000000E-6,6.10423158E-5
-1.52000000E-6,5.40960187E-5
-1.48000000E-6,2.07463880E-5
-1.44000000E-6,3.01115944E-5
-1.40000000E-6,3.96223983E-5
-1.36000000E-6,4.80205884E-5
-1.32000000E-6,3.03772309E-5
-1.28000000E-6,5.98077939E-5
-1.24000000E-6,4.43467772E-5
-1.20000000E-6,2.22874305E-5
-1.16000000E-6,1.29955426E-5
-1.12000000E-6,7.37442000E-5
-1.08000000E-6,1.89943070E-5
-1.04000000E-6,3.87954291E-5
-1.00000000E-6,8.10078227E-5
-9.60000000E-7,5.62472410E-5
-9.20000000E-7,1.27055302E-5
-8.80000000E-7,9.46975117E-6
-8.40000000E-7,2.39721439E-5
-8.00000000E-7,2.26899669E-5
-7.60000000E-7,5.78352138E-5
-7.20000000E-7,2.84698821E-5
-6.80000000E-7,1.77323478E-5
-6.40000000E-7,4.12407932E-5
-6.00000000E-7,3.81641920E-5
-5.60000000E-7,2.10176893E-5
-5.20000000E-7,5.17507236E-5
-4.80000000E-7,3.76198823E-5
-4.40000000E-7,2.84905006E-5
-4.00000000E-7,4.90949312E-5
-3.60000000E-7,3.46447425E-5
-3.20000000E-7,3.24813036E-5
-2.80000000E-7,4.85589376E-5
-2.40000000E-7,1.59960120E-5
-2.00000000E-7,4.66478313E-5
-1.60000000E-7,1.89656300E-5
-1.20000000E-7,3.02791932E-5
-8.00000000E-8,4.27359544E-5
-4.00000000E-8,5.72857829E-5
0.00000000E+0,1.96812768E-5
4.00000000E-8,2.33853958E-5
8.00000000E-8,1.78096718E-5
1.20000000E-7,3.31335978E-5
1.60000000E-7,2.13304945E-5
2.00000000E-7,3.33568244E-5
2.40000000E-7,2.95108082E-5
2.80000000E-7,-3.63150114E-5
3.20000000E-7,-2.15709575E-5
3.60000000E-7,-5.23047642E-5
4.00000000E-7,-1.93189222E-5
4.40000000E-7,-6.74321952E-5
4.80000000E-7,-2.04180987E-5
5.20000000E-7,-4.87762644E-5
5.60000000E-7,-9.12773830E-5
6.00000000E-7,-1.00352129E-4
6.40000000E-7,-9.54886374E-5
6.80000000E-7,-9.77154480E-5
7.20000000E-7,-1.87138061E-4
7.60000000E-7,-2.01591130E-4
8.00000000E-7,-1.25938240E-4
8.40000000E-7,-2.34683755E-4
8.80000000E-7,-2.59627385E-4
9.20000000E-7,-2.12320405E-4
9.60000000E-7,-3.16984643E-4
1.00000000E-6,-1.86308183E-4
1.04000000E-6,-2.72239547E-4
1.08000000E-6,-2.69699588E-4
1.12000000E-6,-2.93176534E-4
1.16000000E-6,-4.21411758E-4
1.20000000E-6,-4.19520775E-4
1.24000000E-6,-3.35144291E-4
1.28000000E-6,-4.17429538E-4
1.32000000E-6,-3.83838399E-4
1.36000000E-6,-4.27611328E-4
1.40000000E-6,-4.37766730E-4
1.44000000E-6,-3.93365606E-4
1.48000000E-6,-4.76682186E-4
1.52000000E-6,-4.19694286E-4
1.56000000E-6,-5.55873017E-4
1.60000000E-6,-5.71609379E-4
1.64000000E-6,-4.45247352E-4
1.68000000E-6,-5.42763714E-4
1.72000000E-6,-5.39089369E-4
1.76000000E-6,-6.42014743E-4
1.80000000E-6,-5.99766768E-4
1.84000000E-6,-5.54962268E-4
1.88000000E-6,-7.05432830E-4
1.92000000E-6,-6.52981064E-4
1.96000000E-6,-6.22592888E-4
2.00000000E-6,-6.51539985E-4
2.04000000E-6,-5.79733798E-4
2.08000000E-6,-6.32495327E-4
2.12000000E-6,-6.29929867E-4
2.16000000E-6,-7.07527910E-4
2.20000000E-6,-8.16740306E-4
2.24000000E-6,-8.01839621E-4
2.28000000E-6,-6.44391891E-4
2.32000000E-6,-8.92970246E-4
2.36000000E-6,-7.51988734E-4
2.40000000E-6,-7.88229257E-4
2.44000000E-6,-7.97645752E-4
2.48000000E-6,-7.07225080E-4
2.52000000E-6,-7.98718607E-4
2.56000000E-6,-7.83768378E-4
2.60000000E-6,-9.18606691E-4
2.64000000E-6,-9.05912322E-4
2.68000000E-6,-9.45821373E-4
2.72000000E-6,-8.71062686E-4
2.76000000E-6,-8.38929944E-4
2.80000000E-6,-9.95072017E-4
2.84000000E-6,-9.97232318E-4
2.88000000E-6,-9.29843179E-4
2.92000000E-6,-9.72956270E-4
2.96000000E-6,-1.03837166E-3
3.00000000E-6,-1.14698018E-3
3.04000000E-6,-1.07800943E-3
3.08000000E-6,-1.02803188E-3
3.12000000E-6,-1.17264931E-3
3.16000000E-6,-1.07031015E-3
3.20000000E-6,-1.15345924E-3
3.24000000E-6,-9.42154810E-4
3.28000000E-6,-1.12018010E-3
3.32000000E-6,-9.69397758E-4
3.36000000E-6,-1.27997195E-3
3.40000000E-6,-1.15775347E-3
3.44000000E-6,-1.29013218E-3
3.48000000E-6,-1.21568462E-3
3.52000000E-6,-1.14294161E-3
3.56000000E-6,-1.15142256E-3
3.60000000E-6,-1.11014527E-3
3.64000000E-6,-1.24096995E-3
3.68000000E-6,-1.35959867E-3
3.72000000E-6,-1.31426325E-3
3.76000000E-6,-1.26010893E-3
3.80000000E-6,-1.30209329E-3
3.84000000E-6,-1.20956044E-3
3.88000000E-6,-1.22215879E-3
3.92000000E-6,-1.28980448E-3
3.96000000E-6,-1.29164743E-3
4.00000000E-6,-1.17365805E-3
4.04000000E-6,-1.32643899E-3
4.08000000E-6,-1.28505272E-3
4.12000000E-6,-1.24273768E-3
4.16000000E-6,-1.30034745E-3
4.20000000E-6,-1.29839669E-3
4.24000000E-6,-1.40562006E-3
4.28000000E-6,-1.34050759E-3
4.32000000E-6,-1.47437011E-3
4.36000000E-6,-1.30989128E-3
4.40000000E-6,-1.24826786E-3
4.44000000E-6,-1.55895845E-3
4.48000000E-6,-1.42922265E-3
4.52000000E-6,-1.39031859E-3
4.56000000E-6,-1.51923633E-3
4.60000000E-6,-1.54136381E-3
4.64000000E-6,-1.43576485E-3
4.68000000E-6,-1.49088213E-3
4.72000000E-6,-1.72488820E-3
4.76000000E-6,-1.63244384E-3
4.80000000E-6,-1.50009042E-3
4.84000000E-6,-1.52925499E-3
4.88000000E-6,-1.75361833E-3
4.92000000E-6,-1.46356374E-3
4.96000000E-6,-1.66790297E-3
5.00000000E-6,-1.37450789E-3
5.04000000E-6,-1.61681847E-3
5.08000000E-6,-1.57294305E-3
5.12000000E-6,-1.70761164E-3
5.16000000E-6,-1.52984597E-3
5.20000000E-6,-1.59097912E-3
5.24000000E-6,-1.67773391E-3
5.28000000E-6,-1.74302879E-3
5.32000000E-6,-1.85172313E-3
5.36000000E-6,-1.57481016E-3
5.40000000E-6,-1.65899121E-3
5.44000000E-6,-1.66307184E-3
5.48000000E-6,-1.73226732E-3
5.52000000E-6,-1.83664472E-3
5.56000000E-6,-1.63165870E-3
5.60000000E-6,-1.70563793E-3
5.64000000E-6,-1.71490986E-3
5.68000000E-6,-1.54139364E-3
5.72000000E-6,-1.79967177E-3
5.76000000E-6,-1.83501374E-3
5.80000000E-6,-1.89567814E-3
5.84000000E-6,-2.00827327E-3
5.88000000E-6,-1.70555248E-3
5.92000000E-6,-1.80502226E-3
5.96000000E-6,-1.83400948E-3
6.00000000E-6,-1.70742958E-3
6.04000000E-6,-1.75772615E-3
6.08000000E-6,-1.68846232E-3
6.12000000E-6,-1.77348641E-3
6.16000000E-6,-1.77850375E-3
6.20000000E-6,-1.97006879E-3
6.24000000E-6,-1.91477993E-3
6.28000000E-6,-1.91275143E-3
6.32000000E-6,-2.21432780E-3
6.36000000E-6,-2.03579651E-3
6.40000000E-6,-2.01635084E-3
6.44000000E-6,-1.98289409E-3
6.48000000E-6,-2.16349128E-3
6.52000000E-6,-2.03498359E-3
6.56000000E-6,-2.00372069E-3
6.60000000E-6,-2.01399744E-3
6.64000000E-6,-2.23766795E-3
6.68000000E-6,-2.13216215E-3
6.72000000E-6,-2.03881469E-3
6.76000000E-6,-2.02575941E-3
6.80000000E-6,-2.07641357E-3
6.84000000E-6,-2.00913513E-3
6.88000000E-6,-2.12301150E-3
6.92000000E-6,-2.09379854E-3
6.96000000E-6,-1.95139613E-3
7.00000000E-6,-2.17343348E-3
7.04000000E-6,-2.21720615E-3
7.08000000E-6,-2.00645053E-3
7.12000000E-6,-2.14198980E-3
7.16000000E-6,-2.14953907E-3
7.20000000E-6,-2.05040579E-3
7.24000000E-6,-2.03130284E-3
7.28000000E-6,-2.07237283E-3
7.32000000E-6,-1.83071814E-3
7.36000000E-6,-2.14762238E-3
7.40000000E-6,-2.20366880E-3
7.44000000E-6,-2.08563928E-3
7.48000000E-6,-2.13967106E-3
7.52000000E-6,-2.09795303E-3
7.56000000E-6,-2.17704343E-3
7.60000000E-6,-2.26297541E-3
7.64000000E-6,-2.34233114E-3
7.68000000E-6,-2.30719328E-3
7.72000000E-6,-2.25594836E-3
7.76000000E-6,-2.39648542E-3
7.80000000E-6,-2.22201879E-3
7.84000000E-6,-2.16067248E-3
7.88000000E-6,-2.18608744E-3
7.92000000E-6,-2.30397953E-3
7.96000000E-6,-2.27835746E-3
8.00000000E-6,-2.45676259E-3
8.04000000E-6,-2.45502312E-3
8.08000000E-6,-2.24433731E-3
8.12000000E-6,-2.45276125E-3
8.16000000E-6,-2.25967962E-3
8.20000000E-6,-2.31442176E-3
8.24000000E-6,-2.44098525E-3
8.28000000E-6,-2.57581065E-3
8.32000000E-6,-2.66802744E-3
8.36000000E-6,-2.41317299E-3
8.40000000E-6,-2.63702258E-3
8.44000000E-6,-2.53289189E-3
8.48000000E-6,-2.11609380E-3
8.52000000E-6,-2.30645075E-3
8.56000000E-6,-2.36234611E-3
8.60000000E-6,-2.28578941E-3
8.64000000E-6,-2.45438744E-3
8.68000000E-6,-2.50689176E-3
8.72000000E-6,-2.53564396E-3
8.76000000E-6,-2.55119012E-3
8.80000000E-6,-2.57694045E-3
8.84000000E-6,-2.41506202E-3
8.88000000E-6,-2.47030622E-3
8.92000000E-6,-2.59380388E-3
8.96000000E-6,-2.40356875E-3
9.00000000E-6,-2.31086635E-3
9.04000000E-6,-2.51063538E-3
9.08000000E-6,-2.54311708E-3
9.12000000E-6,-2.49976050E-3
9.16000000E-6,-2.73013005E-3
9.20000000E-6,-2.43331363E-3
9.24000000E-6,-2.49951603E-3
9.28000000E-6,-2.41537236E-3
9.32000000E-6,-2.69739015E-3
9.36000000E-6,-2.90728942E-3
9.40000000E-6,-2.48156598E-3
9.44000000E-6,-2.70860775E-3
9.48000000E-6,-2.48105878E-3
9.52000000E-6,-2.74588273E-3
9.56000000E-6,-2.62638151E-3
9.60000000E-6,-2.81912427E-3
9.64000000E-6,-2.62873096E-3
9.68000000E-6,-2.60034735E-3
9.72000000E-6,-2.37708792E-3
9.76000000E-6,-2.64379951E-3
9.80000000E-6,-2.80688417E-3
9.84000000E-6,-2.67145687E-3
9.88000000E-6,-2.68793995E-3
9.92000000E-6,-2.62278288E-3
9.96000000E-6,-2.61474310E-3
1.00000000E-5,-2.71377529E-3
1.00400000E-5,-2.61596825E-3
1.00800000E-5,-2.59927541E-3
1.01200000E-5,-2.55409243E-3
1.01600000E-5,-2.75786384E-3
1.02000000E-5,-2.81514629E-3
1.02400000E-5,-2.61029345E-3
1.02800000E-5,-2.91597978E-3
1.03200000E-5,-2.62896905E-3
1.03600000E-5,-2.91650232E-3
1.04000000E-5,-2.85202184E-3
1.04400000E-5,-2.77295473E-3
1.04800000E-5,-2.63881399E-3
1.05200000E-5,-3.08811340E-3
1.05600000E-5,-2.99282602E-3
1.06000000E-5,-2.61872210E-3
1.06400000E-5,-2.80760636E-3
1.06800000E-5,-2.85157857E-3
1.07200000E-5,-2.82174929E-3
1.07600000E-5,-2.75031888E-3
1.08000000E-5,-2.89689641E-3
1.08400000E-5,-2.81953030E-3
1.08800000E-5,-2.76763952E-3
1.09200000E-5,-2.72587042E-3
1.09600000E-5,-2.91096459E-3
1.10000000E-5,-2.81947314E-3
1.10400000E-5,-3.05737669E-3
1.10800000E-5,-2.86864991E-3
1.11200000E-5,-2.89104065E-3
1.11600000E-5,-2.97919721E-3
1.12000000E-5,-2.72296503E-3
1.12400000E-5,-3.06669545E-3
1.12800000E-5,-2.85270069E-3
1.13200000E-5,-3.02012619E-3
1.13600000E-5,-2.83806197E-3
1.14000000E-5,-3.04805339E-3
1.14400000E-5,-3.04636583E-3
1.14800000E-5,-3.03746199E-3
1.15200000E-5,-3.20504734E-3
1.15600000E-5,-2.88130450E-3
1.16000000E-5,-2.89254744E-3
1.16400000E-5,-3.07518258E-3
1.16800000E-5,-2.85642082E-3
1.17200000E-5,-2.97722332E-3
1.17600000E-5,-3.00685805E-3
1.18000000E-5,-2.88915319E-3
1.18400000E-5,-2.98637798E-3
1.18800000E-5,-2.98597067E-3
1.19200000E-5,-2.90791028E-3
1.19600000E-5,-3.01434893E-3
1.20000000E-5,-2.98918953E-3
1.20400000E-5,-2.87063217E-3
1.20800000E-5,-3.03353968E-3
1.21200000E-5,-3.06419904E-3
1.21600000E-5,-2.95396123E-3
1.22000000E-5,-2.85802497E-3
1.22400000E-5,-2.99540829E-3
1.22800000E-5,-2.83471683E-3
1.23200000E-5,-2.92561988E-3
1.23600000E-5,-2.90678401E-3
1.24000000E-5,-2.87781808E-3
1.24400000E-5,-3.06184438E-3
1.24800000E-5,-2.99865795E-3
1.25200000E-5,-2.87847383E-3
1.25600000E-5,-2.89618440E-3
1.26000000E-5,-2.71649368E-3
1.26400000E-5,-2.80224929E-3
1.26800000E-5,-2.96636047E-3
1.27200000E-5,-3.12984939E-3
1.27600000E-5,-3.07429979E-3
1.28000000E-5,-3.03169396E-3
1.28400000E-5,-2.87349823E-3
1.28800000E-5,-3.07862389E-3
1.29200000E-5,-3.04305462E-3
1.29600000E-5,-2.99260104E-3
1.30000000E-5,-2.88072687E-3
1.30400000E-5,-3.07577211E-3
1.30800000E-5,-3.18099514E-3
1.31200000E-5,-3.16155703E-3
1.31600000E-5,-3.10120305E-3
1.32000000E-5,-3.18917960E-3
1.32400000E-5,-3.06790043E-3
1.32800000E-5,-3.06804902E-3
1.33200000E-5,-2.87799504E-3
1.33600000E-5,-3.18884446E-3
1.34000000E-5,-3.04363393E-3
1.34400000E-5,-2.84333562E-3
1.34800000E-5,-3.06118082E-3
1.35200000E-5,-3.07300770E-3
1.35600000E-5,-3.15848299E-3
1.36000000E-5,-3.19068217E-3
1.36400000E-5,-3.10311414E-3
1.36800000E-5,-3.25603599E-3
1.37200000E-5,-3.21045872E-3
1.37600000E-5,-3.17655811E-3
1.38000000E-5,-3.04252885E-3
1.38400000E-5,-3.30730895E-3
1.38800000E-5,-2.92868713E-3
1.39200000E-5,-3.25811336E-3
1.39600000E-5,-3.10388399E-3
1.40000000E-5,-2.96237522E-3
1.40400000E-5,-3.10838962E-3
1.40800000E-5,-3.26038459E-3
1.41200000E-5,-3.04054783E-3
1.41600000E-5,-3.08368988E-3
1.42000000E-5,-3.28367218E-3
1.42400000E-5,-3.37211585E-3
1.42800000E-5,-3.38102948E-3
1.43200000E-5,-3.29042811E-3
1.43600000E-5,-3.36066696E-3
1.44000000E-5,-3.00700794E-3
1.44400000E-5,-3.19759948E-3
1.44800000E-5,-3.07410106E-3
1.45200000E-5,-3.27992818E-3
1.45600000E-5,-3.40458557E-3
1.46000000E-5,-3.22267256E-3
1.46400000E-5,-3.20949618E-3
1.46800000E-5,-3.15772312E-3
1.47200000E-5,-3.41133100E-3
1.47600000E-5,-3.13769031E-3
1.48000000E-5,-3.26365925E-3
1.48400000E-5,-3.09772095E-3
1.48800000E-5,-3.36254367E-3
1.49200000E-5,-3.22338544E-3
1.49600000E-5,-3.29762906E-3
1.50000000E-5,-3.41778520E-3
1.50400000E-5,-3.15056007E-3
1.50800000E-5,-2.98940234E-3
1.51200000E-5,-3.31725482E-3
1.51600000E-5,-3.43232885E-3
1.52000000E-5,-3.17376763E-3
1.52400000E-5,-3.19717869E-3
1.52800000E-5,-3.04233410E-3
1.53200000E-5,-3.41773494E-3
1.53600000E-5,-3.37145411E-3
1.54000000E-5,-3.30646914E-3
1.54400000E-5,-3.38144280E-3
1.54800000E-5,-3.33633622E-3
1.55200000E-5,-3.46009978E-3
1.55600000E-5,-3.28844981E-3
1.56000000E-5,-3.42082596E-3
1.56400000E-5,-3.28974274E-3
1.56800000E-5,-3.20216458E-3
1.57200000E-5,-3.46541410E-3
1.57600000E-5,-3.30255748E-3
1.58000000E-5,-3.61162177E-3
1.58400000E-5,-3.22325395E-3
1.58800000E-5,-3.26194344E-3
1.59200000E-5,-3.08970860E-3
1.59600000E-5,-3.46282181E-3
1.60000000E-5,-3.24812698E-3
1.60400000E-5,-3.48025841E-3
1.60800000E-5,-3.29587655E-3
1.61200000E-5,-3.10086836E-3
1.61600000E-5,-3.28354083E-3
1.62000000E-5,-3.45471816E-3
1.62400000E-5,-3.34269302E-3
1.62800000E-5,-3.36960239E-3
1.63200000E-5,-3.37348627E-3
1.63600000E-5,-3.31050724E-3
1.64000000E-5,-3.28410169E-3
1.64400000E-5,-3.32581511E-3
1.64800000E-5,-3.25688966E-3
1.65200000E-5,-3.36716255E-3
1.65600000E-5,-3.27138154E-3
1.66000000E-5,-3.27354630E-3
1.66400000E-5,-3.38902586E-3
1.66800000E-5,-3.29769999E-3
1.67200000E-5,-3.48967326E-3
1.67600000E-5,-3.32169553E-3
1.68000000E-5,-3.44314748E-3
1.68400000E-5,-3.38231380E-3
1.68800000E-5,-3.30295257E-3
1.69200000E-5,-3.32441638E-3
1.69600000E-5,-3.39022684E-3
1.70000000E-5,-3.37902867E-3
1.70400000E-5,-3.42045720E-3
1.70800000E-5,-3.29848072E-3
1.71200000E-5,-3.35990249E-3
1.71600000E-5,-3.27745941E-3
1.72000000E-5,-3.32362677E-3
1.72400000E-5,-3.33291821E-3
1.72800000E-5,-3.57874686E-3
1.73200000E-5,-3.47585517E-3
1.73600000E-5,-3.36968290E-3
1.74000000E-5,-3.31683512E-3
1.74400000E-5,-3.45524332E-3
1.74800000E-5,-3.47576397E-3
1.75200000E-5,-3.28501967E-3
1.75600000E-5,-3.24210546E-3
1.76000000E-5,-3.69446684E-3
1.76400000E-5,-3.48439813E-3
1.76800000E-5,-3.43442500E-3
1.77200000E-5,-3.51830787E-3
1.77600000E-5,-3.56989074E-3
1.78000000E-5,-3.41005152E-3
1.78400000E-5,-3.35662654E-3
1.78800000E-5,-3.60748242E-3
1.79200000E-5,-3.28243803E-3
1.79600000E-5,-3.61435061E-3
1.80000000E-5,-3.73875696E-3
1.80400000E-5,-3.47842063E-3
1.80800000E-5,-3.56987859E-3
1.81200000E-5,-3.41439216E-3
1.81600000E-5,-3.43524591E-3
1.82000000E-5,-3.51221338E-3
1.82400000E-5,-3.43649719E-3
1.82800000E-5,-3.28923011E-3
1.83200000E-5,-3.61518020E-3
1.83600000E-5,-3.55828914E-3
1.84000000E-5,-3.43059450E-3
1.84400000E-5,-3.45594787E-3
1.84800000E-5,-3.43283738E-3
1.85200000E-5,-3.37765134E-3
1.85600000E-5,-3.38185248E-3
1.86000000E-5,-3.24354340E-3
1.86400000E-5,-3.52890761E-3
1.86800000E-5,-3.59174154E-3
1.87200000E-5,-3.39921392E-3
1.87600000E-5,-3.76524449E-3
1.88000000E-5,-3.46370924E-3
1.88400000E-5,-3.56469526E-3
1.88800000E-5,-3.31428687E-3
1.89200000E-5,-3.34661720E-3
1.89600000E-5,-3.60734704E-3
1.90000000E-5,-3.56373826E-3
1.90400000E-5,-3.36592510E-3
1.90800000E-5,-3.69257691E-3
1.91200000E-5,-3.48940638E-3
1.91600000E-5,-3.47925365E-3
1.92000000E-5,-3.43803426E-3
1.92400000E-5,-3.36550271E-3
1.92800000E-5,-3.43382443E-3
1.93200000E-5,-3.48912620E-3
1.93600000E-5,-3.38776889E-3
1.94000000E-5,-3.35970194E-3
1.94400000E-5,-3.51077480E-3
1.94800000E-5,-3.31245903E-3
1.95200000E-5,-3.50517422E-3
1.95600000E-5,-3.37823018E-3
1.96000000E-5,-3.44176114E-3
1.96400000E-5,-3.53951341E-3
1.96800000E-5,-3.29929659E-3
1.97200000E-5,-3.33169656E-3
1.97600000E-5,-3.14001218E-3
1.98000000E-5,-3.64624069E-3
1.98400000E-5,-3.14085950E-3
1.98800000E-5,-3.40117344E-3
1.99200000E-5,-3.58448445E-3
1.99600000E-5,-3.59348851E-3
2.00000000E-5,-3.37582800E-3
2.00400000E-5,-3.50353974E-3
2.00800000E-5,-3.43555955E-3
2.01200000E-5,-3.45710891E-3
2.01600000E-5,-3.65975662E-3
2.02000000E-5,-3.64188860E-3
2.02400000E-5,-3.43622188E-3
2.02800000E-5,-3.31098876E-3
2.03200000E-5,-3.58236211E-3
2.03600000E-5,-3.77720694E-3
2.04000000E-5,-3.32880336E-3
2.04400000E-5,-3.29991902E-3
2.04800000E-5,-3.54220224E-3
2.05200000E-5,-3.64037303E-3
2.05600000E-5,-3.54945450E-3
2.06000000E-5,-3.68137486E-3
2.06400000E-5,-3.77045600E-3
2.06800000E-5,-3.62074249E-3
2.07200000E-5,-3.47790117E-3
2.07600000E-5,-3.63401712E-3
2.08000000E-5,-3.74444979E-3
2.08400000E-5,-3.66270704E-3
2.08800000E-5,-3.48365839E-3
2.09200000E-5,-3.60374089E-3
2.09600000E-5,-3.43645174E-3
2.10000000E-5,-3.43408291E-3
2.10400000E-5,-3.48711428E-3
2.10800000E-5,-3.45747208E-3
2.11200000E-5,-3.39771669E-3
2.11600000E-5,-3.83158757E-3
2.12000000E-5,-3.54394301E-3
2.12400000E-5,-3.66343185E-3
2.12800000E-5,-3.62486520E-3
2.13200000E-5,-3.83104327E-3
2.13600000E-5,-3.70523750E-3
2.14000000E-5,-3.67063566E-3
2.14400000E-5,-3.66570449E-3
2.14800000E-5,-3.68136241E-3
2.15200000E-5,-3.58202482E-3
2.15600000E-5,-3.47047663E-3
2.16000000E-5,-3.54800729E-3
2.16400000E-5,-3.77937702E-3
2.16800000E-5,-3.63613744E-3
2.17200000E-5,-3.53050370E-3
2.17600000E-5,-3.62973444E-3
2.18000000E-5,-3.62466567E-3
2.18400000E-5,-3.49910039E-3
2.18800000E-5,-3.58453761E-3
2.19200000E-5,-3.35990620E-3
2.19600000E-5,-3.63883878E-3
2.20000000E-5,-3.85732448E-3
2.20400000E-5,-3.58834584E-3
2.20800000E-5,-3.63674208E-3
2.21200000E-5,-3.87155286E-3
2.21600000E-5,-3.43622080E-3
2.22000000E-5,-3.62415280E-3
2.22400000E-5,-3.68312488E-3
2.22800000E-5,-3.72704800E-3
2.23200000E-5,-3.76883596E-3
2.23600000E-5,-3.57757173E-3
2.24000000E-5,-3.61433545E-3
2.24400000E-5,-3.52405118E-3
2.24800000E-5,-3.59226359E-3
2.25200000E-5,-3.54847691E-3
2.25600000E-5,-3.45624594E-3
2.26000000E-5,-3.83848400E-3
2.26400000E-5,-3.86626570E-3
2.26800000E-5,-3.47653819E-3
2.27200000E-5,-3.64716451E-3
2.27600000E-5,-3.62441480E-3
2.28000000E-5,-3.48934433E-3
2.28400000E-5,-3.67556332E-3
2.28800000E-5,-3.73083625E-3
2.29200000E-5,-3.91378959E-3
2.29600000E-5,-3.81349565E-3
2.30000000E-5,-3.72329956E-3
2.30400000E-5,-3.88811686E-3
2.30800000E-5,-3.67261905E-3
2.31200000E-5,-3.59285292E-3
2.31600000E-5,-3.55366353E-3
2.32000000E-5,-3.66242923E-3
2.32400000E-5,-3.83533168E-3
2.32800000E-5,-3.55000649E-3
2.33200000E-5,-3.64384531E-3
2.33600000E-5,-3.89675931E-3
2.34000000E-5,-3.80964745E-3
2.34400000E-5,-3.69998339E-3
2.34800000E-5,-3.71153556E-3
2.35200000E-5,-4.00051910E-3
2.35600000E-5,-3.57100358E-3
2.36000000E-5,-3.63546020E-3
2.36400000E-5,-3.79961202E-3
2.36800000E-5,-3.85709575E-3
2.37200000E-5,-3.76610050E-3
2.37600000E-5,-3.70015239E-3
2.38000000E-5,-3.48528413E-3
2.38400000E-5,-3.52221688E-3
2.38800000E-5,-3.71017670E-3
2.39200000E-5,-3.43413716E-3
2.39600000E-5,-3.64700134E-3
2.40000000E-5,-3.68653636E-3
2.40400000E-5,-3.65210123E-3
2.40800000E-5,-3.62200061E-3
2.41200000E-5,-3.91341389E-3
2.41600000E-5,-3.72538323E-3
2.42000000E-5,-3.85732213E-3
2.42400000E-5,-3.67514165E-3
2.42800000E-5,-3.84644658E-3
2.43200000E-5,-3.78087212E-3
2.43600000E-5,-3.99820377E-3
2.44000000E-5,-3.50926772E-3
2.44400000E-5,-3.60140577E-3
2.44800000E-5,-3.50052092E-3
2.45200000E-5,-3.50941767E-3
2.45600000E-5,-3.86871984E-3
2.46000000E-5,-3.76244153E-3
2.46400000E-5,-3.82651095E-3
2.46800000E-5,-3.90997363E-3
2.47200000E-5,-3.57987242E-3
2.47600000E-5,-3.83759928E-3
2.48000000E-5,-3.64135884E-3
2.48400000E-5,-3.65531506E-3
2.48800000E-5,-3.55596547E-3
2.49200000E-5,-3.65186452E-3
2.49600000E-5,-3.67447998E-3
2.50000000E-5,-3.87180095E-3
2.50400000E-5,-3.54986490E-3
2.50800000E-5,-3.37161323E-3
2.51200000E-5,-3.68571882E-3
2.51600000E-5,-3.84981497E-3
2.52000000E-5,-3.93670826E-3
2.52400000E-5,-3.75750767E-3
2.52800000E-5,-3.81478026E-3
2.53200000E-5,-4.09670480E-3
2.53600000E-5,-3.77230404E-3
2.54000000E-5,-3.59839201E-3
2.54400000E-5,-3.70688092E-3
2.54800000E-5,-3.58405143E-3
2.55200000E-5,-3.50868367E-3
2.55600000E-5,-3.68384325E-3
2.56000000E-5,-3.75590644E-3
2.56400000E-5,-3.53323991E-3
2.56800000E-5,-3.88122457E-3
2.57200000E-5,-3.87130798E-3
2.57600000E-5,-3.86260456E-3
2.58000000E-5,-3.79712150E-3
2.58400000E-5,-3.58114856E-3
2.58800000E-5,-3.80407637E-3
2.59200000E-5,-3.67076676E-3
2.59600000E-5,-3.66032717E-3
2.60000000E-5,-3.85878775E-3
2.60400000E-5,-3.66156603E-3
2.60800000E-5,-3.68097172E-3
2.61200000E-5,-3.79418759E-3
2.61600000E-5,-3.84608186E-3
2.62000000E-5,-3.93810719E-3
2.62400000E-5,-3.80433480E-3
2.62800000E-5,-3.98890260E-3
2.63200000E-5,-3.75297398E-3
2.63600000E-5,-3.63200564E-3
2.64000000E-5,-3.93263058E-3
2.64400000E-5,-3.73010331E-3
2.64800000E-5,-3.67070091E-3
2.65200000E-5,-3.58136911E-3
2.65600000E-5,-3.63097696E-3
2.66000000E-5,-3.77682407E-3
2.66400000E-5,-3.64288677E-3
2.66800000E-5,-3.69346015E-3
2.67200000E-5,-3.78455052E-3
2.67600000E-5,-3.61101587E-3
2.68000000E-5,-3.88766810E-3
2.68400000E-5,-3.74319137E-3
2.68800000E-5,-3.63683836E-3
2.69200000E-5,-3.72089407E-3
2.69600000E-5,-3.90026123E-3
2.70000000E-5,-3.75204999E-3
2.70400000E-5,-3.65529766E-3
2.70800000E-5,-3.86124058E-3
2.71200000E-5,-3.68920055E-3
2.71600000E-5,-3.78842698E-3
2.72000000E-5,-3.51824625E-3
2.72400000E-5,-3.72754755E-3
2.72800000E-5,-3.50921656E-3
2.73200000E-5,-3.75035554E-3
2.73600000E-5,-3.70704287E-3
2.74000000E-5,-3.81198734E-3
2.74400000E-5,-3.83851780E-3
2.74800000E-5,-3.75145740E-3
2.75200000E-5,-3.82314864E-3
2.75600000E-5,-3.65375750E-3
2.76000000E-5,-3.84615249E-3
2.76400000E-5,-3.82862477E-3
2.76800000E-5,-3.70613442E-3
2.77200000E-5,-3.76823095E-3
2.77600000E-5,-3.64848458E-3
2.78000000E-5,-3.76062100E-3
2.78400000E-5,-3.72772996E-3
2.78800000E-5,-3.71553429E-3
2.79200000E-5,-3.95503537E-3
2.79600000E-5,-3.80401286E-3
2.80000000E-5,-3.80675959E-3
2.80400000E-5,-3.87988502E-3
2.80800000E-5,-3.82548978E-3
2.81200000E-5,-3.85096667E-3
2.81600000E-5,-3.90823307E-3
2.82000000E-5,-3.70236715E-3
2.82400000E-5,-3.72958595E-3
2.82800000E-5,-3.74482908E-3
2.83200000E-5,-3.74299871E-3
2.83600000E-5,-3.87507266E-3
2.84000000E-5,-3.99965653E-3
2.84400000E-5,-3.98468332E-3
2.84800000E-5,-3.58210600E-3
2.85200000E-5,-3.87747717E-3
2.85600000E-5,-3.67889980E-3
2.86000000E-5,-3.66571030E-3
2.86400000E-5,-4.05208548E-3
2.86800000E-5,-3.72515027E-3
2.87200000E-5,-4.02135607E-3
2.87600000E-5,-3.83348997E-3
2.88000000E-5,-3.77285597E-3
2.88400000E-5,-3.91930230E-3
2.88800000E-5,-3.80924678E-3
2.89200000E-5,-3.80228769E-3
2.89600000E-5,-3.79768008E-3
2.90000000E-5,-4.25139764E-3
2.90400000E-5,-3.85026507E-3
2.90800000E-5,-4.06884451E-3
2.91200000E-5,-3.73141242E-3
2.91600000E-5,-3.73904455E-3
2.92000000E-5,-3.52485628E-3
2.92400000E-5,-3.95235789E-3
2.92800000E-5,-3.96025969E-3
2.93200000E-5,-4.08455427E-3
2.93600000E-5,-4.09432270E-3
2.94000000E-5,-3.74590868E-3
2.94400000E-5,-3.58910062E-3
2.94800000E-5,-3.63971899E-3
2.95200000E-5,-3.91743180E-3
2.95600000E-5,-3.66871163E-3
2.96000000E-5,-4.06030878E-3
2.96400000E-5,-3.72948548E-3
2.96800000E-5,-3.71139035E-3
2.97200000E-5,-3.91920986E-3
2.97600000E-5,-3.73000214E-3
2.98000000E-5,-3.68275011E-3
2.98400000E-5,-3.75245062E-3
2.98800000E-5,-3.86081043E-3
2.99200000E-5,-3.80704295E-3
2.99600000E-5,-3.85095425E-3
3.00000000E-5,-4.03963799E-3
3.00400000E-5,-3.64487348E-3
3.00800000E-5,-3.97276721E-3
3.01200000E-5,-3.81933967E-3
3.01600000E-5,-4.00653882E-3
3.02000000E-5,-3.87344498E-3
3.02400000E-5,-3.84048386E-3
3.02800000E-5,-3.80495758E-3
3.03200000E-5,-3.95547087E-3
3.03600000E-5,-3.94100642E-3
3.04000000E-5,-3.72974664E-3
3.04400000E-5,-4.07610334E-3
3.04800000E-5,-4.00025506E-3
3.05200000E-5,-3.68795426E-3
3.05600000E-5,-4.17032383E-3
3.06000000E-5,-4.05615325E-3
3.06400000E-5,-3.87552751E-3
3.06800000E-5,-3.68531707E-3
3.07200000E-5,-3.92539789E-3
3.07600000E-5,-4.04641347E-3
3.08000000E-5,-3.73967286E-3
3.08400000E-5,-3.77474024E-3
3.08800000E-5,-3.63597489E-3
3.09200000E-5,-4.16378665E-3
3.09600000E-5,-3.99790210E-3
3.10000000E-5,-3.94777211E-3
3.10400000E-5,-3.98508010E-3
3.10800000E-5,-3.76720489E-3
3.11200000E-5,-3.84850802E-3
3.11600000E-5,-3.78387455E-3
3.12000000E-5,-3.93716516E-3
3.12400000E-5,-4.09906765E-3
3.12800000E-5,-4.05955602E-3
3.13200000E-5,-3.87905836E-3
3.13600000E-5,-3.69011359E-3
3.14000000E-5,-4.19778581E-3
3.14400000E-5,-4.07167622E-3
3.14800000E-5,-3.93252968E-3
3.15200000E-5,-3.96218027E-3
3.15600000E-5,-3.89810246E-3
3.16000000E-5,-4.02881943E-3
3.16400000E-5,-3.97536501E-3
3.16800000E-5,-3.86775370E-3
3.17200000E-5,-3.90007214E-3
3.17600000E-5,-3.98747851E-3
3.18000000E-5,-3.89616373E-3
3.18400000E-5,-3.99198016E-3
3.18800000E-5,-3.94122123E-3
3.19200000E-5,-3.97860685E-3
3.19600000E-5,-3.71675889E-3
3.20000000E-5,-3.83116875E-3
3.20400000E-5,-3.97092795E-3
3.20800000E-5,-3.88201323E-3
3.21200000E-5,-3.91264209E-3
3.21600000E-5,-3.91249331E-3
3.22000000E-5,-3.92009627E-3
3.22400000E-5,-3.91357904E-3
3.22800000E-5,-3.99028554E-3
3.23200000E-5,-4.08216396E-3
3.23600000E-5,-3.80317473E-3
3.24000000E-5,-3.85360234E-3
3.24400000E-5,-4.09350612E-3
3.24800000E-5,-3.91598113E-3
3.25200000E-5,-3.98397216E-3
3.25600000E-5,-4.02032806E-3
3.26000000E-5,-4.09052114E-3
3.26400000E-5,-4.15354296E-3
3.26800000E-5,-4.12582421E-3
3.27200000E-5,-3.82764136E-3
3.27600000E-5,-4.02008334E-3
3.28000000E-5,-3.87815497E-3
3.28400000E-5,-3.90424896E-3
3.28800000E-5,-3.74770504E-3
3.29200000E-5,-3.76593957E-3
3.29600000E-5,-4.09834318E-3
3.30000000E-5,-3.93268618E-3
3.30400000E-5,-3.87837175E-3
3.30800000E-5,-3.98791183E-3
3.31200000E-5,-3.86360368E-3
3.31600000E-5,-3.85327516E-3
3.32000000E-5,-4.12507123E-3
3.32400000E-5,-4.12284829E-3
3.32800000E-5,-3.79961481E-3
3.33200000E-5,-4.00309911E-3
3.33600000E-5,-4.13979788E-3
3.34000000E-5,-3.72077314E-3
3.34400000E-5,-3.72363690E-3
3.34800000E-5,-3.77088562E-3
3.35200000E-5,-3.75318851E-3
3.35600000E-5,-3.78143601E-3
3.36000000E-5,-3.98720128E-3
3.36400000E-5,-4.09233101E-3
3.36800000E-5,-3.92172314E-3
3.37200000E-5,-4.03770883E-3
3.37600000E-5,-3.83441997E-3
3.38000000E-5,-3.96124196E-3
3.38400000E-5,-3.96781127E-3
3.38800000E-5,-3.87663576E-3
3.39200000E-5,-3.98416271E-3
3.39600000E-5,-3.88643511E-3
3.40000000E-5,-4.02015512E-3
3.40400000E-5,-4.06522032E-3
3.40800000E-5,-3.81591251E-3
3.41200000E-5,-3.78953081E-3
3.41600000E-5,-3.82992476E-3
3.42000000E-5,-4.00274091E-3
3.42400000E-5,-3.93795741E-3
3.42800000E-5,-3.91035883E-3
3.43200000E-5,-3.89413021E-3
3.43600000E-5,-4.03086624E-3
3.44000000E-5,-3.83817500E-3
3.44400000E-5,-3.74301046E-3
3.44800000E-5,-3.99973558E-3
3.45200000E-5,-4.00233382E-3
3.45600000E-5,-3.68579996E-3
3.46000000E-5,-4.05024684E-3
3.46400000E-5,-3.81826149E-3
3.46800000E-5,-4.11132002E-3
3.47200000E-5,-3.86778427E-3
3.47600000E-5,-4.07539020E-3
3.48000000E-5,-4.08588100E-3
3.48400000E-5,-4.12608009E-3
3.48800000E-5,-3.87280315E-3
3.49200000E-5,-3.84608232E-3
3.49600000E-5,-3.79585572E-3
3.50000000E-5,-4.08148079E-3
3.50400000E-5,-4.02041613E-3
3.50800000E-5,-3.93634197E-3
3.51200000E-5,-4.04066949E-3
3.51600000E-5,-3.88007924E-3
3.52000000E-5,-3.89557668E-3
3.52400000E-5,-3.75970533E-3
3.52800000E-5,-3.75240338E-3
3.53200000E-5,-3.92564486E-3
3.53600000E-5,-4.01398135E-3
3.54000000E-5,-4.28829555E-3
3.54400000E-5,-3.72724972E-3
3.54800000E-5,-4.30906845E-3
3.55200000E-5,-3.83963520E-3
3.55600000E-5,-3.82899586E-3
3.56000000E-5,-3.98708349E-3
3.56400000E-5,-4.07399588E-3
3.56800000E-5,-3.96527189E-3
3.57200000E-5,-4.00936321E-3
3.57600000E-5,-3.92049519E-3
3.58000000E-5,-4.10306113E-3
3.58400000E-5,-3.82913469E-3
3.58800000E-5,-4.03415180E-3
3.59200000E-5,-3.80856342E-3
3.59600000E-5,-3.68395515E-3
3.60000000E-5,-3.80352975E-3
3.60400000E-5,-4.23210742E-3
3.60800000E-5,-3.76378924E-3
3.61200000E-5,-3.99685955E-3
3.61600000E-5,-4.12253248E-3
3.62000000E-5,-3.92283110E-3
3.62400000E-5,-3.82063451E-3
3.62800000E-5,-4.27825971E-3
3.63200000E-5,-4.02933492E-3
3.63600000E-5,-4.22683964E-3
3.64000000E-5,-4.01388025E-3
3.64400000E-5,-3.98530243E-3
3.64800000E-5,-3.85381455E-3
3.65200000E-5,-3.94145972E-3
3.65600000E-5,-3.83580970E-3
3.66000000E-5,-3.92995661E-3
3.66400000E-5,-4.03392031E-3
3.66800000E-5,-3.74807956E-3
3.67200000E-5,-3.64309760E-3
3.67600000E-5,-4.04704081E-3
3.68000000E-5,-4.14568523E-3
3.68400000E-5,-4.03039437E-3
3.68800000E-5,-3.87911017E-3
3.69200000E-5,-3.77683995E-3
3.69600000E-5,-4.11413628E-3
3.70000000E-5,-4.16157694E-3
3.70400000E-5,-4.03811841E-3
3.70800000E-5,-3.89680627E-3
3.71200000E-5,-3.90606731E-3
3.71600000E-5,-3.76897625E-3
3.72000000E-5,-3.94148766E-3
3.72400000E-5,-4.02560909E-3
3.72800000E-5,-3.81723392E-3
3.73200000E-5,-4.06581030E-3
3.73600000E-5,-4.16229225E-3
3.74000000E-5,-3.96421745E-3
3.74400000E-5,-3.88761340E-3
3.74800000E-5,-4.03600395E-3
3.75200000E-5,-4.08140916E-3
3.75600000E-5,-4.06690253E-3
3.76000000E-5,-3.91140298E-3
3.76400000E-5,-3.83909150E-3
3.76800000E-5,-3.78556062E-3
3.77200000E-5,-3.93528722E-3
3.77600000E-5,-4.14220535E-3
3.78000000E-5,-4.24184983E-3
3.78400000E-5,-3.88980022E-3
3.78800000E-5,-4.06846554E-3
3.79200000E-5,-4.03430802E-3
3.79600000E-5,-3.74596551E-3
3.80000000E-5,-3.90520990E-3
3.80400000E-5,-3.89461284E-3
3.80800000E-5,-4.07220693E-3
3.81200000E-5,-3.88849680E-3
3.81600000E-5,-3.91763377E-3
3.82000000E-5,-4.09592294E-3
3.82400000E-5,-3.87969095E-3
3.82800000E-5,-3.86420958E-3
3.83200000E-5,-3.82243662E-3
3.83600000E-5,-4.02377776E-3
3.84000000E-5,-3.90563486E-3
3.84400000E-5,-3.92538071E-3
3.84800000E-5,-3.89324559E-3
3.85200000E-5,-4.08583970E-3
3.85600000E-5,-4.18069690E-3
3.86000000E-5,-3.91899088E-3
3.86400000E-5,-4.14121139E-3
3.86800000E-5,-3.93926366E-3
3.87200000E-5,-4.18827302E-3
3.87600000E-5,-3.74739525E-3
3.88000000E-5,-4.26030957E-3
3.88400000E-5,-4.10776746E-3
3.88800000E-5,-3.94052152E-3
3.89200000E-5,-3.93128705E-3
3.89600000E-5,-4.11194530E-3
3.90000000E-5,-4.20586325E-3
3.90400000E-5,-4.00058209E-3
3.90800000E-5,-4.07585097E-3
3.91200000E-5,-3.99389890E-3
3.91600000E-5,-4.25962502E-3
3.92000000E-5,-3.90718447E-3
3.92400000E-5,-3.72470915E-3
3.92800000E-5,-3.99332484E-3
3.93200000E-5,-3.87288759E-3
3.93600000E-5,-3.98678050E-3
3.94000000E-5,-4.08832205E-3
3.94400000E-5,-3.56006000E-3
3.94800000E-5,-4.06988926E-3
3.95200000E-5,-4.07187409E-3
3.95600000E-5,-3.94399137E-3
3.96000000E-5,-3.75643128E-3
3.96400000E-5,-4.26615366E-3
3.96800000E-5,-4.16199398E-3
3.97200000E-5,-4.15325211E-3
3.97600000E-5,-3.91518833E-3
3.98000000E-5,-3.79996630E-3
3.98400000E-5,-3.79435596E-3
3.98800000E-5,-3.92890921E-3
3.99200000E-5,-3.96480453E-3
3.99600000E-5,-3.93613584E-3
4.00000000E-5,-3.98664543E-3
4.00400000E-5,-4.09288525E-3
4.00800000E-5,-4.32791920E-3
4.01200000E-5,-4.03043255E-3
4.01600000E-5,-3.96874112E-3
4.02000000E-5,-3.95177640E-3
4.02400000E-5,-3.75258837E-3
4.02800000E-5,-3.88685438E-3
4.03200000E-5,-3.96070624E-3
4.03600000E-5,-3.99426289E-3
4.04000000E-5,-3.89247543E-3
4.04400000E-5,-4.02693011E-3
4.04800000E-5,-3.98878619E-3
4.05200000E-5,-3.99023855E-3
4.05600000E-5,-4.16954874E-3
4.06000000E-5,-4.16788651E-3
4.06400000E-5,-4.40260880E-3
4.06800000E-5,-3.83497367E-3
4.07200000E-5,-4.42494025E-3
4.07600000E-5,-3.82650818E-3
4.08000000E-5,-3.84058262E-3
4.08400000E-5,-3.97665589E-3
4.08800000E-5,-3.72576612E-3
4.09200000E-5,-4.12287406E-3
4.09600000E-5,-3.97165054E-3
4.10000000E-5,-4.03616692E-3
4.10400000E-5,-3.96222307E-3
4.10800000E-5,-3.71829549E-3
4.11200000E-5,-4.17775257E-3
4.11600000E-5,-4.06410292E-3
4.12000000E-5,-4.14196299E-3
4.12400000E-5,-3.74920327E-3
4.12800000E-5,-3.88255588E-3
4.13200000E-5,-4.21528038E-3
4.13600000E-5,-3.97475453E-3
4.14000000E-5,-3.96864567E-3
4.14400000E-5,-3.71026744E-3
4.14800000E-5,-3.73824722E-3
4.15200000E-5,-3.82343987E-3
4.15600000E-5,-4.17307192E-3
4.16000000E-5,-3.99372530E-3
4.16400000E-5,-3.84121396E-3
4.16800000E-5,-3.73695343E-3
4.17200000E-5,-4.12436104E-3
4.17600000E-5,-3.86109783E-3
4.18000000E-5,-4.06606661E-3
4.18400000E-5,-4.00926908E-3
4.18800000E-5,-3.87556105E-3
4.19200000E-5,-4.07914346E-3
4.19600000E-5,-3.92631764E-3
4.20000000E-5,-4.13667951E-3
4.20400000E-5,-4.07828353E-3
4.20800000E-5,-3.93958944E-3
4.21200000E-5,-4.07964404E-3
4.21600000E-5,-3.81078123E-3
4.22000000E-5,-3.88745957E-3
4.22400000E-5,-3.96229190E-3
4.22800000E-5,-3.97152858E-3
4.23200000E-5,-3.67484509E-3
4.23600000E-5,-3.86938446E-3
4.24000000E-5,-3.87281359E-3
4.24400000E-5,-3.85176666E-3
4.24800000E-5,-3.89008679E-3
4.25200000E-5,-3.91458530E-3
4.25600000E-5,-4.02160642E-3
4.26000000E-5,-3.79259927E-3
4.26400000E-5,-3.83369568E-3
4.26800000E-5,-3.99370153E-3
4.27200000E-5,-4.06930453E-3
4.27600000E-5,-3.85784182E-3
4.28000000E-5,-4.00788698E-3
4.28400000E-5,-4.06993284E-3
4.28800000E-5,-3.82387352E-3
4.29200000E-5,-4.38207523E-3
4.29600000E-5,-4.12657376E-3
4.30000000E-5,-3.86642190E-3
4.30400000E-5,-3.96822211E-3
4.30800000E-5,-3.87558010E-3
4.31200000E-5,-3.87253046E-3
4.31600000E-5,-4.02647423E-3
4.32000000E-5,-3.98505283E-3
4.32400000E-5,-4.10714164E-3
4.32800000E-5,-3.92059828E-3
4.33200000E-5,-4.05937895E-3
4.33600000E-5,-3.73505545E-3
4.34000000E-5,-3.95537414E-3
4.34400000E-5,-3.92996818E-3
4.34800000E-5,-3.70388110E-3
4.35200000E-5,-4.11240111E-3
4.35600000E-5,-3.94719947E-3
4.36000000E-5,-3.98196239E-3
4.36400000E-5,-3.90787495E-3
4.36800000E-5,-4.22788491E-3
4.37200000E-5,-3.73221766E-3
4.37600000E-5,-3.85486130E-3
4.38000000E-5,-4.17856887E-3
4.38400000E-5,-4.07678882E-3
4.38800000E-5,-3.92047725E-3
4.39200000E-5,-3.87382052E-3
4.39600000E-5,-3.92898568E-3
4.40000000E-5,-4.18508402E-3
4.40400000E-5,-3.84426573E-3
4.40800000E-5,-3.94069338E-3
4.41200000E-5,-3.78469448E-3
4.41600000E-5,-3.91850155E-3
4.42000000E-5,-3.85033067E-3
4.42400000E-5,-3.95253124E-3
4.42800000E-5,-4.02978093E-3
4.43200000E-5,-4.07478925E-3
4.43600000E-5,-3.98424217E-3
4.44000000E-5,-4.02243843E-3
4.44400000E-5,-4.13510913E-3
4.44800000E-5,-4.03562894E-3
4.45200000E-5,-4.12276900E-3
4.45600000E-5,-3.82657641E-3
4.46000000E-5,-3.89059691E-3
4.46400000E-5,-3.82238078E-3
4.46800000E-5,-4.08811318E-3
4.47200000E-5,-3.75729171E-3
4.47600000E-5,-3.72184551E-3
4.48000000E-5,-3.90857201E-3
4.48400000E-5,-4.10648809E-3
4.48800000E-5,-4.14779698E-3
4.49200000E-5,-4.03432964E-3
4.49600000E-5,-4.01783528E-3
4.50000000E-5,-4.13553848E-3
4.50400000E-5,-4.05893112E-3
4.50800000E-5,-4.20931377E-3
4.51200000E-5,-3.91065018E-3
4.51600000E-5,-4.14196524E-3
4.52000000E-5,-3.89398523E-3
4.52400000E-5,-3.99154239E-3
4.52800000E-5,-4.01360661E-3
4.53200000E-5,-4.04155207E-3
4.53600000E-5,-4.12701550E-3
4.54000000E-5,-3.94586971E-3
4.54400000E-5,-3.82845121E-3
4.54800000E-5,-4.26669213E-3
4.55200000E-5,-4.01958035E-3
4.55600000E-5,-4.11357698E-3
4.56000000E-5,-3.76868718E-3
4.56400000E-5,-3.99180151E-3
4.56800000E-5,-3.88151140E-3
4.57200000E-5,-4.06546118E-3
4.57600000E-5,-4.02462712E-3
4.58000000E-5,-4.15925967E-3
4.58400000E-5,-3.93743836E-3
4.58800000E-5,-4.02854044E-3
4.59200000E-5,-4.02778852E-3
4.59600000E-5,-4.08828273E-3
4.60000000E-5,-3.85908719E-3
4.60400000E-5,-3.90475882E-3
4.60800000E-5,-4.03752028E-3
4.61200000E-5,-4.16548940E-3
4.61600000E-5,-3.98586671E-3
4.62000000E-5,-4.24120850E-3
4.62400000E-5,-4.12019920E-3
4.62800000E-5,-4.01553581E-3
4.63200000E-5,-3.88331884E-3
4.63600000E-5,-3.93896489E-3
4.64000000E-5,-3.91526364E-3
4.64400000E-5,-4.06189009E-3
4.64800000E-5,-4.11199611E-3
4.65200000E-5,-3.91544655E-3
4.65600000E-5,-3.97119263E-3
4.66000000E-5,-3.99857271E-3
4.66400000E-5,-4.07949708E-3
4.66800000E-5,-4.00228755E-3
4.67200000E-5,-4.12922668E-3
4.67600000E-5,-3.92745377E-3
4.68000000E-5,-3.72805727E-3
4.68400000E-5,-3.85629367E-3
4.68800000E-5,-4.05788799E-3
4.69200000E-5,-3.93144480E-3
4.69600000E-5,-4.17616470E-3
4.70000000E-5,-4.09362738E-3
4.70400000E-5,-3.97870827E-3
4.70800000E-5,-4.34661018E-3
4.71200000E-5,-4.04769947E-3
4.71600000E-5,-4.03369957E-3
4.72000000E-5,-4.13728346E-3
4.72400000E-5,-4.20953218E-3
4.72800000E-5,-4.04383997E-3
4.73200000E-5,-3.98179098E-3
4.73600000E-5,-4.15084878E-3
4.74000000E-5,-4.16123957E-3
4.74400000E-5,-4.14715511E-3
4.74800000E-5,-3.95576777E-3
4.75200000E-5,-3.92622938E-3
4.75600000E-5,-3.92296976E-3
4.76000000E-5,-4.05248814E-3
4.76400000E-5,-4.29084824E-3
4.76800000E-5,-3.97186917E-3
4.77200000E-5,-3.89500907E-3
4.77600000E-5,-4.08241602E-3
4.78000000E-5,-3.80359108E-3
4.78400000E-5,-4.18315837E-3
4.78800000E-5,-3.88171003E-3
4.79200000E-5,-4.12945484E-3
4.79600000E-5,-3.94154634E-3
4.80000000E-5,-3.96440056E-3
4.80400000E-5,-3.71744189E-3
4.80800000E-5,-3.77519388E-3
4.81200000E-5,-3.79158524E-3
4.81600000E-5,-4.19447052E-3
4.82000000E-5,-4.22688968E-3
4.82400000E-5,-4.18583362E-3
4.82800000E-5,-4.00181848E-3
4.83200000E-5,-4.15637637E-3
4.83600000E-5,-4.17443945E-3
4.84000000E-5,-3.99299128E-3
4.84400000E-5,-3.77365442E-3
4.84800000E-5,-4.16923003E-3
4.85200000E-5,-4.17976328E-3
4.85600000E-5,-4.08933527E-3
4.86000000E-5,-4.16581316E-3
4.86400000E-5,-3.80759851E-3
4.86800000E-5,-4.03211323E-3
4.87200000E-5,-4.06130057E-3
4.87600000E-5,-3.99191026E-3
4.88000000E-5,-4.08939446E-3
4.88400000E-5,-3.95446730E-3
4.88800000E-5,-4.22270534E-3
4.89200000E-5,-4.13711147E-3
4.89600000E-5,-3.87237635E-3
4.90000000E-5,-3.92847298E-3
4.90400000E-5,-4.23514625E-3
4.90800000E-5,-4.16910215E-3
4.91200000E-5,-4.19068131E-3
4.91600000E-5,-3.98945655E-3
4.92000000E-5,-4.28981512E-3
4.92400000E-5,-4.11643497E-3
4.92800000E-5,-3.92809662E-3
4.93200000E-5,-4.06966163E-3
4.93600000E-5,-3.95044527E-3
4.94000000E-5,-3.96110062E-3
4.94400000E-5,-4.01658049E-3
4.94800000E-5,-3.97677262E-3
4.95200000E-5,-3.89906724E-3
4.95600000E-5,-3.91394142E-3
4.96000000E-5,-4.31927859E-3
4.96400000E-5,-4.22255832E-3
4.96800000E-5,-4.13513871E-3
4.97200000E-5,-4.23032205E-3
4.97600000E-5,-4.07937057E-3
4.98000000E-5,-4.24277889E-3
4.98400000E-5,-3.86070370E-3
4.98800000E-5,-3.60112262E-3
4.99200000E-5,-3.75277417E-3
4.99600000E-5,-4.03633636E-3
5.00000000E-5,-4.13948754E-3
5.00400000E-5,-3.99189949E-3
5.00800000E-5,-4.19626882E-3
5.01200000E-5,-4.08171596E-3
5.01600000E-5,-4.18597153E-3
5.02000000E-5,-4.06061050E-3
5.02400000E-5,-3.91309740E-3
5.02800000E-5,-3.97106606E-3
5.03200000E-5,-4.14706391E-3
5.03600000E-5,-4.03605116E-3
5.04000000E-5,-4.21157230E-3
5.04400000E-5,-3.86344788E-3
5.04800000E-5,-3.85128763E-3
5.05200000E-5,-4.06484651E-3
5.05600000E-5,-4.28399491E-3
5.06000000E-5,-4.04908707E-3
5.06400000E-5,-4.09488488E-3
5.06800000E-5,-4.09811434E-3
5.07200000E-5,-4.10972988E-3
5.07600000E-5,-4.03723197E-3
5.08000000E-5,-4.06989917E-3
5.08400000E-5,-3.87585710E-3
5.08800000E-5,-4.44335074E-3
5.09200000E-5,-4.05362231E-3
5.09600000E-5,-4.07451653E-3
5.10000000E-5,-4.43148162E-3
5.10400000E-5,-4.18663031E-3
5.10800000E-5,-3.94757292E-3
5.11200000E-5,-4.13764006E-3
5.11600000E-5,-3.80973864E-3
5.12000000E-5,-3.88798324E-3
5.12400000E-5,-4.02040357E-3
5.12800000E-5,-3.99754681E-3
5.13200000E-5,-3.84580033E-3
5.13600000E-5,-3.84366923E-3
5.14000000E-5,-3.87114156E-3
5.14400000E-5,-4.16971043E-3
5.14800000E-5,-4.09736131E-3
5.15200000E-5,-4.01428335E-3
5.15600000E-5,-3.97199703E-3
5.16000000E-5,-4.31303367E-3
5.16400000E-5,-3.76694825E-3
5.16800000E-5,-4.16539211E-3
5.17200000E-5,-3.99958089E-3
5.17600000E-5,-3.89425538E-3
5.18000000E-5,-3.92113794E-3
5.18400000E-5,-3.82523526E-3
5.18800000E-5,-3.85299541E-3
5.19200000E-5,-4.02395691E-3
5.19600000E-5,-3.96732106E-3
5.20000000E-5,-4.10152880E-3
5.20400000E-5,-3.98704415E-3
5.20800000E-5,-3.78196286E-3
5.21200000E-5,-4.21871079E-3
5.21600000E-5,-4.19172961E-3
5.22000000E-5,-3.79402645E-3
5.22400000E-5,-4.05069592E-3
5.22800000E-5,-4.12589820E-3
5.23200000E-5,-3.78900824E-3
5.23600000E-5,-3.90126069E-3
5.24000000E-5,-3.86792214E-3
5.24400000E-5,-4.04572892E-3
5.24800000E-5,-3.95596415E-3
5.25200000E-5,-4.30172489E-3
5.25600000E-5,-3.84671192E-3
5.26000000E-5,-3.96185897E-3
5.26400000E-5,-3.81638242E-3
5.26800000E-5,-3.89900098E-3
5.27200000E-5,-4.08519694E-3
5.27600000E-5,-4.09735039E-3
5.28000000E-5,-3.97194423E-3
5.28400000E-5,-3.93812613E-3
5.28800000E-5,-4.07794231E-3
5.29200000E-5,-4.07383920E-3
5.29600000E-5,-3.99675319E-3
5.30000000E-5,-3.87177895E-3
5.30400000E-5,-4.07214886E-3
5.30800000E-5,-3.84249602E-3
5.31200000E-5,-4.11911861E-3
5.31600000E-5,-4.25372089E-3
5.32000000E-5,-3.93823091E-3
5.32400000E-5,-4.16325233E-3
5.32800000E-5,-4.03270856E-3
5.33200000E-5,-3.96984482E-3
5.33600000E-5,-4.01214398E-3
5.34000000E-5,-4.12694193E-3
5.34400000E-5,-4.02511053E-3
5.34800000E-5,-3.91501145E-3
5.35200000E-5,-3.68765450E-3
5.35600000E-5,-3.95039604E-3
5.36000000E-5,-4.17076610E-3
5.36400000E-5,-4.10363693E-3
5.36800000E-5,-4.16935787E-3
5.37200000E-5,-4.04270993E-3
5.37600000E-5,-3.97311544E-3
5.38000000E-5,-3.83978407E-3
5.38400000E-5,-4.24673819E-3
5.38800000E-5,-4.16206175E-3
5.39200000E-5,-4.12199147E-3
5.39600000E-5,-3.96465037E-3
5.40000000E-5,-3.91288644E-3
5.40400000E-5,-4.26600851E-3
5.40800000E-5,-4.12935599E-3
5.41200000E-5,-4.01398373E-3
5.41600000E-5,-4.07818821E-3
5.42000000E-5,-4.33125812E-3
5.42400000E-5,-3.99002918E-3
5.42800000E-5,-3.81771806E-3
5.43200000E-5,-3.78945645E-3
5.43600000E-5,-4.11032451E-3
5.44000000E-5,-4.18045710E-3
5.44400000E-5,-3.75802520E-3
5.44800000E-5,-3.91100636E-3
5.45200000E-5,-3.92550172E-3
5.45600000E-5,-4.06726621E-3
5.46000000E-5,-4.40699969E-3
5.46400000E-5,-4.19278085E-3
5.46800000E-5,-4.29428531E-3
5.47200000E-5,-4.09364807E-3
5.47600000E-5,-4.10823516E-3
5.48000000E-5,-4.12302338E-3
5.48400000E-5,-3.96231718E-3
5.48800000E-5,-4.26521668E-3
5.49200000E-5,-4.20286548E-3
5.49600000E-5,-4.00099847E-3
5.50000000E-5,-4.23189024E-3
5.50400000E-5,-4.26180410E-3
5.50800000E-5,-4.31976584E-3
5.51200000E-5,-4.07206643E-3
5.51600000E-5,-3.93574202E-3
5.52000000E-5,-4.18187280E-3
5.52400000E-5,-4.28205032E-3
5.52800000E-5,-4.10358139E-3
5.53200000E-5,-4.21040032E-3
5.53600000E-5,-3.83491975E-3
5.54000000E-5,-4.00275355E-3
5.54400000E-5,-4.17569731E-3
5.54800000E-5,-4.10710711E-3
5.55200000E-5,-4.00311150E-3
5.55600000E-5,-3.77775625E-3
5.56000000E-5,-4.05351184E-3
5.56400000E-5,-3.97504159E-3
5.56800000E-5,-4.11200941E-3
5.57200000E-5,-3.83088941E-3
5.57600000E-5,-4.28474154E-3
5.58000000E-5,-4.43473665E-3
5.58400000E-5,-3.97251319E-3
5.58800000E-5,-4.20215502E-3
5.59200000E-5,-4.10536016E-3
5.59600000E-5,-4.20666812E-3
5.60000000E-5,-3.95287129E-3
5.60400000E-5,-3.84528691E-3
5.60800000E-5,-4.17400549E-3
5.61200000E-5,-3.98044928E-3
5.61600000E-5,-4.07810818E-3
5.62000000E-5,-3.95111245E-3
5.62400000E-5,-4.11777313E-3
5.62800000E-5,-3.97000840E-3
5.63200000E-5,-4.31163616E-3
5.63600000E-5,-4.02389489E-3
5.64000000E-5,-4.16300815E-3
5.64400000E-5,-4.53282148E-3
5.64800000E-5,-4.06997065E-3
5.65200000E-5,-4.10239775E-3
5.65600000E-5,-4.15305919E-3
5.66000000E-5,-4.08640870E-3
5.66400000E-5,-4.17759249E-3
5.66800000E-5,-4.15129375E-3
5.67200000E-5,-4.35370303E-3
5.67600000E-5,-4.08289247E-3
5.68000000E-5,-4.05480964E-3
5.68400000E-5,-3.88841419E-3
5.68800000E-5,-4.26320308E-3
5.69200000E-5,-4.18249414E-3
5.69600000E-5,-4.06795967E-3
5.70000000E-5,-4.27555576E-3
5.70400000E-5,-4.06144725E-3
5.70800000E-5,-4.19620529E-3
5.71200000E-5,-4.03464320E-3
5.71600000E-5,-4.12680522E-3
5.72000000E-5,-3.84005510E-3
5.72400000E-5,-4.09725283E-3
5.72800000E-5,-4.12618953E-3
5.73200000E-5,-3.97533201E-3
5.73600000E-5,-4.17642514E-3
5.74000000E-5,-3.99423891E-3
5.74400000E-5,-4.29692994E-3
5.74800000E-5,-4.23706435E-3
5.75200000E-5,-4.02799523E-3
5.75600000E-5,-4.04784929E-3
5.76000000E-5,-3.88727289E-3
5.76400000E-5,-4.31811453E-3
5.76800000E-5,-4.02960366E-3
5.77200000E-5,-3.89233183E-3
5.77600000E-5,-4.11879079E-3
5.78000000E-5,-4.11205417E-3
5.78400000E-5,-3.96541370E-3
5.78800000E-5,-4.06702306E-3
5.79200000E-5,-4.04593446E-3
5.79600000E-5,-4.21290674E-3
5.80000000E-5,-4.26066674E-3
5.80400000E-5,-4.31647357E-3
5.80800000E-5,-4.06923670E-3
5.81200000E-5,-4.18916556E-3
5.81600000E-5,-4.26121983E-3
5.82000000E-5,-4.11656644E-3
5.82400000E-5,-4.18060953E-3
5.82800000E-5,-3.87187918E-3
5.83200000E-5,-3.96695605E-3
5.83600000E-5,-4.07630069E-3
5.84000000E-5,-4.30399687E-3
5.84400000E-5,-4.00158954E-3
5.84800000E-5,-4.25076847E-3
5.85200000E-5,-3.92035609E-3
5.85600000E-5,-4.31391096E-3
5.86000000E-5,-4.12203110E-3
5.86400000E-5,-4.18323868E-3
5.86800000E-5,-4.10558064E-3
5.87200000E-5,-4.52484235E-3
5.87600000E-5,-3.87985765E-3
5.88000000E-5,-4.01603831E-3
5.88400000E-5,-4.44915600E-3
5.88800000E-5,-4.03719081E-3
5.89200000E-5,-4.16867145E-3
5.89600000E-5,-3.98444123E-3
5.90000000E-5,-4.23852100E-3
5.90400000E-5,-4.01756109E-3
5.90800000E-5,-4.15667890E-3
5.91200000E-5,-4.15449345E-3
5.91600000E-5,-4.02788022E-3
5.92000000E-5,-4.26318522E-3
5.92400000E-5,-3.93186506E-3
5.92800000E-5,-3.94611616E-3
5.93200000E-5,-3.90122842E-3
5.93600000E-5,-4.44823253E-3
5.94000000E-5,-4.29104101E-3
5.94400000E-5,-3.90149817E-3
5.94800000E-5,-4.19539627E-3
5.95200000E-5,-3.81599444E-3
5.95600000E-5,-4.33975632E-3
5.96000000E-5,-4.10385642E-3
5.96400000E-5,-4.07168429E-3
5.96800000E-5,-4.10607534E-3
5.97200000E-5,-4.28948302E-3
5.97600000E-5,-3.77228613E-3
5.98000000E-5,-4.29589012E-3
5.98400000E-5,-4.19237584E-3
5.98800000E-5,-4.25065321E-3
5.99200000E-5,-4.05578178E-3
5.99600000E-5,-4.07002756E-3
6.00000000E-5,-4.08493763E-3
6.00400000E-5,-4.23291982E-3
6.00800000E-5,-4.00304209E-3
6.01200000E-5,-3.94401897E-3
6.01600000E-5,-4.19595990E-3
6.02000000E-5,-4.07237284E-3
6.02400000E-5,-4.26661328E-3
6.02800000E-5,-3.90051242E-3
6.03200000E-5,-4.14139444E-3
6.03600000E-5,-4.18970122E-3
6.04000000E-5,-4.11282736E-3
6.04400000E-5,-3.96356506E-3
6.04800000E-5,-4.10075665E-3
6.05200000E-5,-3.93682387E-3
6.05600000E-5,-4.11261819E-3
6.06000000E-5,-4.34806085E-3
6.06400000E-5,-4.23654429E-3
6.06800000E-5,-4.04272346E-3
6.07200000E-5,-4.04520129E-3
6.07600000E-5,-4.34431616E-3
6.08000000E-5,-4.10543080E-3
6.08400000E-5,-4.16778477E-3
6.08800000E-5,-4.23338700E-3
6.09200000E-5,-4.18253027E-3
6.09600000E-5,-4.31886558E-3
6.10000000E-5,-4.09535627E-3
6.10400000E-5,-4.13914407E-3
6.10800000E-5,-4.18544241E-3
6.11200000E-5,-4.05485052E-3
6.11600000E-5,-4.13570993E-3
6.12000000E-5,-4.19068013E-3
6.12400000E-5,-3.94295459E-3
6.12800000E-5,-3.87126087E-3
6.13200000E-5,-4.19282878E-3
6.13600000E-5,-3.87833220E-3
6.14000000E-5,-4.17601004E-3
6.14400000E-5,-4.03496510E-3
6.14800000E-5,-3.99227346E-3
6.15200000E-5,-3.98108893E-3
6.15600000E-5,-4.16201394E-3
6.16000000E-5,-3.91495175E-3
6.16400000E-5,-4.03422653E-3
6.16800000E-5,-4.03357949E-3
6.17200000E-5,-4.10644228E-3
6.17600000E-5,-4.41324864E-3
6.18000000E-5,-4.11730506E-3
6.18400000E-5,-4.04118966E-3
6.18800000E-5,-4.23354601E-3
6.19200000E-5,-3.98327010E-3
6.19600000E-5,-3.86143556E-3
6.20000000E-5,-4.17484439E-3
6.20400000E-5,-4.24199831E-3
6.20800000E-5,-4.16542170E-3
6.21200000E-5,-4.06857411E-3
6.21600000E-5,-3.91065892E-3
6.22000000E-5,-4.09467243E-3
6.22400000E-5,-4.00257224E-3
6.22800000E-5,-4.06992826E-3
6.23200000E-5,-4.20353570E-3
6.23600000E-5,-4.03490604E-3
6.24000000E-5,-4.20090897E-3
6.24400000E-5,-4.14545154E-3
6.24800000E-5,-4.10617280E-3
6.25200000E-5,-3.97309753E-3
6.25600000E-5,-3.97545478E-3
6.26000000E-5,-3.97921765E-3
6.26400000E-5,-4.23610431E-3
6.26800000E-5,-4.13467692E-3
6.27200000E-5,-4.08102306E-3
6.27600000E-5,-4.36979625E-3
6.28000000E-5,-4.19569731E-3
6.28400000E-5,-4.14013125E-3
6.28800000E-5,-3.92160638E-3
6.29200000E-5,-4.08306667E-3
6.29600000E-5,-3.96374500E-3
6.30000000E-5,-4.02837499E-3
6.30400000E-5,-4.04410402E-3
6.30800000E-5,-4.12792742E-3
6.31200000E-5,-3.93438984E-3
6.31600000E-5,-3.91797434E-3
6.32000000E-5,-3.96102358E-3
6.32400000E-5,-4.26025421E-3
6.32800000E-5,-4.04189991E-3
6.33200000E-5,-4.16139284E-3
6.33600000E-5,-3.96219214E-3
6.34000000E-5,-4.00464112E-3
6.34400000E-5,-4.23521157E-3
6.34800000E-5,-3.95539900E-3
6.35200000E-5,-4.10327033E-3
6.35600000E-5,-4.27899016E-3
6.36000000E-5,-4.11367270E-3
6.36400000E-5,-4.03461544E-3
6.36800000E-5,-3.98417276E-3
6.37200000E-5,-3.94537980E-3
6.37600000E-5,-4.28862729E-3
6.38000000E-5,-4.07527157E-3
6.38400000E-5,-4.29432572E-3
6.38800000E-5,-4.13566165E-3
6.39200000E-5,-4.03340962E-3
6.39600000E-5,-4.19820552E-3
6.40000000E-5,-4.09959855E-3
6.40400000E-5,-4.08505366E-3
6.40800000E-5,-4.10496724E-3
6.41200000E-5,-4.09399016E-3
6.41600000E-5,-4.00563467E-3
6.42000000E-5,-4.13377943E-3
6.42400000E-5,-4.28164915E-3
6.42800000E-5,-3.90598845E-3
6.43200000E-5,-4.24461897E-3
6.43600000E-5,-4.00180191E-3
6.44000000E-5,-4.00724205E-3
6.44400000E-5,-4.08368431E-3
6.44800000E-5,-3.97885285E-3
6.45200000E-5,-4.01987264E-3
6.45600000E-5,-4.20861800E-3
6.46000000E-5,-4.06606398E-3
6.46400000E-5,-4.13711215E-3
6.46800000E-5,-4.06628792E-3
6.47200000E-5,-4.05523890E-3
6.47600000E-5,-4.05990226E-3
6.48000000E-5,-4.28829308E-3
6.48400000E-5,-4.28011872E-3
6.48800000E-5,-4.07117492E-3
6.49200000E-5,-4.16390534E-3
6.49600000E-5,-4.11613501E-3
6.50000000E-5,-4.14070377E-3
6.50400000E-5,-3.94008081E-3
6.50800000E-5,-3.87760563E-3
6.51200000E-5,-3.95311853E-3
6.51600000E-5,-4.02371794E-3
6.52000000E-5,-3.96557931E-3
6.52400000E-5,-4.01347052E-3
6.52800000E-5,-4.14955114E-3
6.53200000E-5,-4.08386698E-3
6.53600000E-5,-4.12578320E-3
6.54000000E-5,-3.62590295E-3
6.54400000E-5,-3.87622613E-3
6.54800000E-5,-3.90623996E-3
6.55200000E-5,-4.27676824E-3
6.55600000E-5,-4.04716014E-3
6.56000000E-5,-3.96489204E-3
6.56400000E-5,-4.07368383E-3
6.56800000E-5,-4.16187745E-3
6.57200000E-5,-4.17934690E-3
6.57600000E-5,-4.39486431E-3
6.58000000E-5,-4.10027108E-3
6.58400000E-5,-4.02930804E-3
6.58800000E-5,-4.13708337E-3
6.59200000E-5,-3.97630546E-3
6.59600000E-5,-4.01996971E-3
6.60000000E-5,-4.26823004E-3
6.60400000E-5,-3.97730336E-3
6.60800000E-5,-4.18154726E-3
6.61200000E-5,-3.98643850E-3
6.61600000E-5,-3.99358674E-3
6.62000000E-5,-3.89354286E-3
6.62400000E-5,-4.02914052E-3
6.62800000E-5,-4.14316628E-3
6.63200000E-5,-4.07430519E-3
6.63600000E-5,-3.99919403E-3
6.64000000E-5,-4.16308670E-3
6.64400000E-5,-3.96868295E-3
6.64800000E-5,-4.04447593E-3
6.65200000E-5,-4.04742606E-3
6.65600000E-5,-3.99169769E-3
6.66000000E-5,-4.40231061E-3
6.66400000E-5,-4.09594986E-3
6.66800000E-5,-4.22430629E-3
6.67200000E-5,-3.98139338E-3
6.67600000E-5,-3.90009662E-3
6.68000000E-5,-4.26001831E-3
6.68400000E-5,-3.93214725E-3
6.68800000E-5,-4.04040850E-3
6.69200000E-5,-4.09027263E-3
6.69600000E-5,-3.83195314E-3
6.70000000E-5,-3.86884756E-3
6.70400000E-5,-3.85603770E-3
6.70800000E-5,-4.12035888E-3
6.71200000E-5,-4.32537367E-3
6.71600000E-5,-4.25001665E-3
6.72000000E-5,-3.99926023E-3
6.72400000E-5,-3.77078129E-3
6.72800000E-5,-3.90886402E-3
6.73200000E-5,-4.12947671E-3
6.73600000E-5,-4.02019997E-3
6.74000000E-5,-4.16707634E-3
6.74400000E-5,-4.19694139E-3
6.74800000E-5,-3.98987919E-3
6.75200000E-5,-4.17330879E-3
6.75600000E-5,-4.41475906E-3
6.76000000E-5,-4.22759791E-3
6.76400000E-5,-4.01462991E-3
6.76800000E-5,-4.01573193E-3
6.77200000E-5,-4.14832793E-3
6.77600000E-5,-4.00798639E-3
6.78000000E-5,-4.03042615E-3
6.78400000E-5,-3.94036075E-3
6.78800000E-5,-4.09739990E-3
6.79200000E-5,-4.11742889E-3
6.79600000E-5,-4.09935436E-3
6.80000000E-5,-4.02711667E-3
6.80400000E-5,-4.13235189E-3
6.80800000E-5,-4.01542416E-3
6.81200000E-5,-3.93880044E-3
6.81600000E-5,-3.89680239E-3
6.82000000E-5,-4.00576268E-3
6.82400000E-5,-3.75583835E-3
6.82800000E-5,-4.21754161E-3
6.83200000E-5,-4.05572769E-3
6.83600000E-5,-4.02438294E-3
6.84000000E-5,-3.81346230E-3
6.84400000E-5,-3.92792383E-3
6.84800000E-5,-4.16243788E-3
6.85200000E-5,-4.20159067E-3
6.85600000E-5,-4.21638617E-3
6.86000000E-5,-3.96132221E-3
6.86400000E-5,-3.96453210E-3
6.86800000E-5,-4.15673467E-3
6.87200000E-5,-3.89449908E-3
6.87600000E-5,-4.15886187E-3
6.88000000E-5,-4.05280087E-3
6.88400000E-5,-4.12292378E-3
6.88800000E-5,-4.19644144E-3
6.89200000E-5,-4.20201810E-3
6.89600000E-5,-3.99895881E-3
6.90000000E-5,-4.08413336E-3
6.90400000E-5,-4.13668094E-3
6.90800000E-5,-3.87489974E-3
6.91200000E-5,-4.57727381E-3
6.91600000E-5,-3.94032429E-3
6.92000000E-5,-3.97102906E-3
6.92400000E-5,-4.25985733E-3
6.92800000E-5,-4.18277304E-3
6.93200000E-5,-3.89436315E-3
6.93600000E-5,-4.35496451E-3
6.94000000E-5,-4.07859996E-3
6.94400000E-5,-4.01630725E-3
6.94800000E-5,-3.99687810E-3
6.95200000E-5,-3.90185311E-3
6.95600000E-5,-4.22381833E-3
6.96000000E-5,-3.73287990E-3
6.96400000E-5,-4.15239643E-3
6.96800000E-5,-4.02391944E-3
6.97200000E-5,-4.08657168E-3
6.97600000E-5,-4.28809145E-3
6.98000000E-5,-4.12654554E-3
6.98400000E-5,-4.00029745E-3
6.98800000E-5,-4.10069858E-3
6.99200000E-5,-4.08857889E-3
6.99600000E-5,-3.91145651E-3
7.00000000E-5,-3.78994788E-3
7.00400000E-5,-3.97808177E-3
7.00800000E-5,-4.34031418E-3
7.01200000E-5,-4.03151349E-3
7.01600000E-5,-3.97045830E-3
7.02000000E-5,-3.92244268E-3
7.02400000E-5,-4.26307586E-3
7.02800000E-5,-4.02134678E-3
7.03200000E-5,-4.03370447E-3
7.03600000E-5,-4.05645109E-3
7.04000000E-5,-4.11076096E-3
7.04400000E-5,-4.16679890E-3
7.04800000E-5,-4.33090671E-3
7.05200000E-5,-3.92900690E-3
7.05600000E-5,-3.99331153E-3
7.06000000E-5,-4.16438884E-3
7.06400000E-5,-4.16428860E-3
7.06800000E-5,-4.19370922E-3
7.07200000E-5,-3.83881362E-3
7.07600000E-5,-4.02858265E-3
7.08000000E-5,-4.02302369E-3
7.08400000E-5,-4.21069191E-3
7.08800000E-5,-3.98437886E-3
7.09200000E-5,-3.97847288E-3
7.09600000E-5,-4.18395837E-3
7.10000000E-5,-4.02535408E-3
7.10400000E-5,-3.93664061E-3
7.10800000E-5,-4.05656463E-3
7.11200000E-5,-4.08846201E-3
7.11600000E-5,-4.20376867E-3
7.12000000E-5,-3.84690857E-3
7.12400000E-5,-4.03568342E-3
7.12800000E-5,-4.14238096E-3
7.13200000E-5,-4.11995821E-3
7.13600000E-5,-4.12113217E-3
7.14000000E-5,-4.04161746E-3
7.14400000E-5,-4.30163155E-3
7.14800000E-5,-3.93912264E-3
7.15200000E-5,-4.21387241E-3
7.15600000E-5,-4.24530149E-3
7.16000000E-5,-3.69430355E-3
7.16400000E-5,-3.88892500E-3
7.16800000E-5,-4.14633162E-3
7.17200000E-5,-3.91381005E-3
7.17600000E-5,-4.14850816E-3
7.18000000E-5,-3.94331257E-3
7.18400000E-5,-3.78576777E-3
7.18800000E-5,-3.83919497E-3
7.19200000E-5,-4.29657183E-3
7.19600000E-5,-4.15802871E-3
7.20000000E-5,-4.00059478E-3
7.20400000E-5,-3.99429420E-3
7.20800000E-5,-3.90365661E-3
7.21200000E-5,-4.20309755E-3
7.21600000E-5,-3.96501725E-3
7.22000000E-5,-4.04264512E-3
7.22400000E-5,-3.98388643E-3
7.22800000E-5,-3.90828018E-3
7.23200000E-5,-3.87231985E-3
7.23600000E-5,-3.80031031E-3
7.24000000E-5,-4.10137192E-3
7.24400000E-5,-4.00093582E-3
7.24800000E-5,-3.90644467E-3
7.25200000E-5,-3.98409539E-3
7.25600000E-5,-4.27178589E-3
7.26000000E-5,-4.19872023E-3
7.26400000E-5,-4.48157654E-3
7.26800000E-5,-4.22098038E-3
7.27200000E-5,-3.94134566E-3
7.27600000E-5,-4.20842754E-3
7.28000000E-5,-3.91941769E-3
7.28400000E-5,-4.12654582E-3
7.28800000E-5,-4.05605155E-3
7.29200000E-5,-4.19661863E-3
7.29600000E-5,-4.05739725E-3
7.30000000E-5,-4.30193770E-3
7.30400000E-5,-4.08086473E-3
7.30800000E-5,-4.29229793E-3
7.31200000E-5,-4.32246939E-3
7.31600000E-5,-4.13763682E-3
7.32000000E-5,-4.13470474E-3
7.32400000E-5,-3.92565352E-3
7.32800000E-5,-4.12911031E-3
7.33200000E-5,-4.09615050E-3
7.33600000E-5,-3.99379317E-3
7.34000000E-5,-3.97185378E-3
7.34400000E-5,-4.08274829E-3
7.34800000E-5,-3.98749384E-3
7.35200000E-5,-4.19809148E-3
7.35600000E-5,-3.93479250E-3
7.36000000E-5,-3.88441884E-3
7.36400000E-5,-3.99894150E-3
7.36800000E-5,-4.08975112E-3
7.37200000E-5,-4.26073334E-3
7.37600000E-5,-4.13312971E-3
7.38000000E-5,-4.19825419E-3
7.38400000E-5,-4.04976557E-3
7.38800000E-5,-4.43641413E-3
7.39200000E-5,-4.18998619E-3
7.39600000E-5,-3.97142111E-3
7.40000000E-5,-4.15090740E-3
7.40400000E-5,-4.30929644E-3
7.40800000E-5,-4.29906859E-3
7.41200000E-5,-4.16054434E-3
7.41600000E-5,-4.05228973E-3
7.42000000E-5,-3.97255433E-3
7.42400000E-5,-4.20882850E-3
7.42800000E-5,-4.03679481E-3
7.43200000E-5,-4.01120174E-3
7.43600000E-5,-4.11024791E-3
7.44000000E-5,-4.01391308E-3
7.44400000E-5,-4.13059655E-3
7.44800000E-5,-3.83158427E-3
7.45200000E-5,-3.92235566E-3
7.45600000E-5,-3.81996917E-3
7.46000000E-5,-4.25415266E-3
7.46400000E-5,-3.99674834E-3
7.46800000E-5,-4.00036411E-3
7.47200000E-5,-4.04398088E-3
7.47600000E-5,-4.20945200E-3
7.48000000E-5,-4.12302518E-3
7.48400000E-5,-4.29788579E-3
7.48800000E-5,-4.13709242E-3
7.49200000E-5,-4.03400079E-3
7.49600000E-5,-4.09701521E-3
7.50000000E-5,-4.29705910E-3
7.50400000E-5,-3.90399669E-3
7.50800000E-5,-4.17166264E-3
7.51200000E-5,-4.02117709E-3
7.51600000E-5,-3.98669189E-3
7.52000000E-5,-4.02613672E-3
7.52400000E-5,-4.16531472E-3
7.52800000E-5,-4.04031268E-3
7.53200000E-5,-4.17066827E-3
7.53600000E-5,-3.81744408E-3
7.54000000E-5,-3.92294906E-3
7.54400000E-5,-3.87534393E-3
7.54800000E-5,-3.85520807E-3
7.55200000E-5,-4.42508109E-3
7.55600000E-5,-3.95172401E-3
7.56000000E-5,-3.81871750E-3
7.56400000E-5,-4.09127931E-3
7.56800000E-5,-3.96914790E-3
7.57200000E-5,-4.00442101E-3
7.57600000E-5,-3.81368525E-3
7.58000000E-5,-4.03336027E-3
7.58400000E-5,-4.08789480E-3
7.58800000E-5,-4.11090016E-3
7.59200000E-5,-4.09481254E-3
7.59600000E-5,-3.90060929E-3
7.60000000E-5,-4.08867499E-3
7.60400000E-5,-3.79956194E-3
7.60800000E-5,-3.82790071E-3
7.61200000E-5,-3.87208573E-3
7.61600000E-5,-4.05495139E-3
7.62000000E-5,-3.88060381E-3
7.62400000E-5,-4.12710402E-3
7.62800000E-5,-3.96135591E-3
7.63200000E-5,-4.02853960E-3
7.63600000E-5,-3.97103145E-3
7.64000000E-5,-4.04474282E-3
7.64400000E-5,-3.86931568E-3
7.64800000E-5,-4.14704646E-3
7.65200000E-5,-4.04656309E-3
7.65600000E-5,-3.70211741E-3
7.66000000E-5,-4.24593338E-3
7.66400000E-5,-4.07407244E-3
7.66800000E-5,-4.08138860E-3
7.67200000E-5,-3.97316773E-3
7.67600000E-5,-4.04417479E-3
7.68000000E-5,-4.27992441E-3
7.68400000E-5,-4.07233573E-3
7.68800000E-5,-4.32211207E-3
7.69200000E-5,-3.93946058E-3
7.69600000E-5,-4.05717376E-3
7.70000000E-5,-4.24066994E-3
7.70400000E-5,-4.25807359E-3
7.70800000E-5,-4.26933259E-3
7.71200000E-5,-4.14009144E-3
7.71600000E-5,-4.12550708E-3
7.72000000E-5,-4.00088310E-3
7.72400000E-5,-4.10414594E-3
7.72800000E-5,-4.15419374E-3
7.73200000E-5,-3.94627622E-3
7.73600000E-5,-3.94262806E-3
7.74000000E-5,-3.70543944E-3
7.74400000E-5,-4.28976530E-3
7.74800000E-5,-4.02217455E-3
7.75200000E-5,-4.14448636E-3
7.75600000E-5,-4.16529652E-3
7.76000000E-5,-3.88279154E-3
7.76400000E-5,-3.99172821E-3
7.76800000E-5,-4.15522204E-3
7.77200000E-5,-4.19855638E-3
7.77600000E-5,-3.97900969E-3
7.78000000E-5,-4.28695192E-3
7.78400000E-5,-4.15448170E-3
7.78800000E-5,-4.03008581E-3
7.79200000E-5,-4.07345943E-3
7.79600000E-5,-4.27280974E-3
7.80000000E-5,-4.15518259E-3
7.80400000E-5,-4.19190185E-3
7.80800000E-5,-4.40458422E-3
7.81200000E-5,-4.21917066E-3
7.81600000E-5,-4.36593477E-3
7.82000000E-5,-4.08985803E-3
7.82400000E-5,-4.14123406E-3
7.82800000E-5,-4.24896599E-3
7.83200000E-5,-3.97686017E-3
7.83600000E-5,-4.34424774E-3
7.84000000E-5,-4.05129022E-3
7.84400000E-5,-4.18255584E-3
7.84800000E-5,-3.96842378E-3
7.85200000E-5,-4.15949278E-3
7.85600000E-5,-3.98552701E-3
7.86000000E-5,-3.96362738E-3
7.86400000E-5,-4.07597273E-3
7.86800000E-5,-3.89895535E-3
7.87200000E-5,-4.27033819E-3
7.87600000E-5,-4.05304165E-3
7.88000000E-5,-4.07902772E-3
7.88400000E-5,-4.21529293E-3
7.88800000E-5,-4.28894339E-3
7.89200000E-5,-4.06862998E-3
7.89600000E-5,-4.06843536E-3
7.90000000E-5,-4.04733737E-3
7.90400000E-5,-4.01770129E-3
7.90800000E-5,-4.00601856E-3
7.91200000E-5,-3.99791434E-3
7.91600000E-5,-4.13813633E-3
7.92000000E-5,-4.19463981E-3
7.92400000E-5,-3.89821813E-3
7.92800000E-5,-3.83762097E-3
7.93200000E-5,-4.35173089E-3
7.93600000E-5,-4.05919529E-3
7.94000000E-5,-3.86209104E-3
7.94400000E-5,-3.87878899E-3
7.94800000E-5,-4.06807435E-3
7.95200000E-5,-4.10193103E-3
7.95600000E-5,-3.82083137E-3
7.96000000E-5,-4.06728875E-3
7.96400000E-5,-4.13720615E-3
7.96800000E-5,-4.30787871E-3
7.97200000E-5,-4.00508460E-3
7.97600000E-5,-4.13331096E-3
7.98000000E-5,-4.30411761E-3
7.98400000E-5,-4.02637687E-3
7.98800000E-5,-4.11956779E-3
7.99200000E-5,-3.98736009E-3
7.99600000E-5,-4.25812188E-3
8.00000000E-5,-3.91380479E-3
8.00400000E-5,-4.20284972E-3
8.00800000E-5,-4.09087787E-3
8.01200000E-5,-4.32233059E-3
8.01600000E-5,-3.95672406E-3
8.02000000E-5,-4.19474159E-3
8.02400000E-5,-4.19855038E-3
8.02800000E-5,-4.32992281E-3
8.03200000E-5,-4.12672897E-3
8.03600000E-5,-4.31936563E-3
8.04000000E-5,-4.10667376E-3
8.04400000E-5,-4.05022303E-3
8.04800000E-5,-4.02746278E-3
8.05200000E-5,-4.02997808E-3
8.05600000E-5,-3.99082728E-3
8.06000000E-5,-4.38952478E-3
8.06400000E-5,-4.13889167E-3
8.06800000E-5,-4.23075082E-3
8.07200000E-5,-4.22415771E-3
8.07600000E-5,-3.92898988E-3
8.08000000E-5,-4.21730906E-3
8.08400000E-5,-4.17703902E-3
8.08800000E-5,-4.33777008E-3
8.09200000E-5,-4.18172648E-3
8.09600000E-5,-4.27203932E-3
8.10000000E-5,-3.91188645E-3
8.10400000E-5,-4.45323854E-3
8.10800000E-5,-4.15912153E-3
8.11200000E-5,-4.04619744E-3
8.11600000E-5,-4.26615108E-3
8.12000000E-5,-4.04218234E-3
8.12400000E-5,-4.17641851E-3
8.12800000E-5,-4.16385210E-3
8.13200000E-5,-4.26720429E-3
8.13600000E-5,-4.09863537E-3
8.14000000E-5,-4.14714344E-3
8.14400000E-5,-4.17222527E-3
8.14800000E-5,-3.78522486E-3
8.15200000E-5,-3.99529645E-3
8.15600000E-5,-4.23016892E-3
8.16000000E-5,-3.95409508E-3
8.16400000E-5,-4.02776335E-3
8.16800000E-5,-3.98131753E-3
8.17200000E-5,-4.27050737E-3
8.17600000E-5,-4.24152511E-3
8.18000000E-5,-4.25653609E-3
8.18400000E-5,-4.22173998E-3
8.18800000E-5,-4.19453089E-3
8.19200000E-5,-4.01371440E-3
8.19600000E-5,-4.19089744E-3
8.20000000E-5,-4.22400463E-3
8.20400000E-5,-4.24670335E-3
8.20800000E-5,-4.20894968E-3
8.21200000E-5,-4.25674675E-3
8.21600000E-5,-3.91169515E-3
8.22000000E-5,-4.11795950E-3
8.22400000E-5,-4.29838532E-3
8.22800000E-5,-4.03233324E-3
8.23200000E-5,-3.95538816E-3
8.23600000E-5,-3.99641650E-3
8.24000000E-5,-3.97210118E-3
8.24400000E-5,-3.95637801E-3
8.24800000E-5,-4.14145672E-3
8.25200000E-5,-3.89496270E-3
8.25600000E-5,-3.95295672E-3
8.26000000E-5,-4.13822434E-3
8.26400000E-5,-4.48131646E-3
8.26800000E-5,-4.17383365E-3
8.27200000E-5,-4.05775125E-3
8.27600000E-5,-3.93856071E-3
8.28000000E-5,-4.00349159E-3
8.28400000E-5,-4.06265799E-3
8.28800000E-5,-4.40766397E-3
8.29200000E-5,-4.18283559E-3
8.29600000E-5,-4.10280342E-3
8.30000000E-5,-4.15377843E-3
8.30400000E-5,-3.84905740E-3
8.30800000E-5,-4.00289210E-3
8.31200000E-5,-4.23233141E-3
8.31600000E-5,-4.16879486E-3
8.32000000E-5,-4.38590004E-3
8.32400000E-5,-4.08131663E-3
8.32800000E-5,-4.16536274E-3
8.33200000E-5,-4.27492437E-3
8.33600000E-5,-3.99625146E-3
8.34000000E-5,-3.89669672E-3
8.34400000E-5,-4.12190578E-3
8.34800000E-5,-4.18135211E-3
8.35200000E-5,-4.32987332E-3
8.35600000E-5,-3.97475417E-3
8.36000000E-5,-4.15782326E-3
8.36400000E-5,-4.23112177E-3
8.36800000E-5,-4.28250047E-3
8.37200000E-5,-3.95998812E-3
8.37600000E-5,-3.91588559E-3
8.38000000E-5,-4.17496599E-3
8.38400000E-5,-3.91430641E-3
8.38800000E-5,-4.25237400E-3
8.39200000E-5,-4.24552292E-3
8.39600000E-5,-4.08343102E-3
8.40000000E-5,-4.20939677E-3
8.40400000E-5,-4.46482297E-3
8.40800000E-5,-4.20135632E-3
8.41200000E-5,-4.25003019E-3
8.41600000E-5,-4.00918636E-3
8.42000000E-5,-4.30257182E-3
8.42400000E-5,-4.11292481E-3
8.42800000E-5,-4.10161261E-3
8.43200000E-5,-4.47067633E-3
8.43600000E-5,-3.98749145E-3
8.44000000E-5,-4.03829355E-3
8.44400000E-5,-4.41703302E-3
8.44800000E-5,-4.15448970E-3
8.45200000E-5,-4.19110732E-3
8.45600000E-5,-4.11315229E-3
8.46000000E-5,-4.02775304E-3
8.46400000E-5,-4.11441785E-3
8.46800000E-5,-4.09557076E-3
8.47200000E-5,-4.18667547E-3
8.47600000E-5,-4.38917217E-3
8.48000000E-5,-4.22246300E-3
8.48400000E-5,-3.98519621E-3
8.48800000E-5,-4.10181822E-3
8.49200000E-5,-4.23512746E-3
8.49600000E-5,-4.33039016E-3
8.50000000E-5,-4.31387783E-3
8.50400000E-5,-4.06220865E-3
8.50800000E-5,-4.17295179E-3
8.51200000E-5,-4.19218074E-3
8.51600000E-5,-4.07076627E-3
8.52000000E-5,-3.95155291E-3
8.52400000E-5,-4.02076268E-3
8.52800000E-5,-4.15876237E-3
8.53200000E-5,-4.30415119E-3
8.53600000E-5,-4.16109223E-3
8.54000000E-5,-4.48277471E-3
8.54400000E-5,-4.24140418E-3
8.54800000E-5,-4.08365728E-3
8.55200000E-5,-4.36664944E-3
8.55600000E-5,-3.87398877E-3
8.56000000E-5,-4.18440115E-3
8.56400000E-5,-4.34912044E-3
8.56800000E-5,-4.19058022E-3
8.57200000E-5,-4.49139604E-3
8.57600000E-5,-4.03385555E-3
8.58000000E-5,-4.36879316E-3
8.58400000E-5,-4.18227514E-3
8.58800000E-5,-3.98082854E-3
8.59200000E-5,-4.16047054E-3
8.59600000E-5,-3.87151734E-3
8.60000000E-5,-4.32171874E-3
8.60400000E-5,-4.09935279E-3
8.60800000E-5,-4.21149084E-3
8.61200000E-5,-4.27663287E-3
8.61600000E-5,-3.86972459E-3
8.62000000E-5,-4.20928284E-3
8.62400000E-5,-4.14071793E-3
8.62800000E-5,-4.02299687E-3
8.63200000E-5,-4.24607284E-3
8.63600000E-5,-4.28297552E-3
8.64000000E-5,-4.22498821E-3
8.64400000E-5,-4.24633287E-3
8.64800000E-5,-4.29875101E-3
8.65200000E-5,-4.07663530E-3
8.65600000E-5,-4.32013390E-3
8.66000000E-5,-4.04950367E-3
8.66400000E-5,-3.95423517E-3
8.66800000E-5,-4.03002715E-3
8.67200000E-5,-4.36666238E-3
8.67600000E-5,-4.20463474E-3
8.68000000E-5,-4.08049528E-3
8.68400000E-5,-3.98394942E-3
8.68800000E-5,-4.33739678E-3
8.69200000E-5,-3.91440526E-3
8.69600000E-5,-4.27807277E-3
8.70000000E-5,-4.27892000E-3
8.70400000E-5,-4.19223772E-3
8.70800000E-5,-4.38249422E-3
8.71200000E-5,-4.10690803E-3
8.71600000E-5,-4.34724205E-3
8.72000000E-5,-4.20751211E-3
8.72400000E-5,-4.17471260E-3
8.72800000E-5,-4.05893230E-3
8.73200000E-5,-4.28056488E-3
8.73600000E-5,-3.88789509E-3
8.74000000E-5,-4.06547026E-3
8.74400000E-5,-3.97908777E-3
8.74800000E-5,-4.17619751E-3
8.75200000E-5,-3.91266601E-3
8.75600000E-5,-4.19047568E-3
8.76000000E-5,-4.06642691E-3
8.76400000E-5,-4.40667596E-3
8.76800000E-5,-4.13399200E-3
8.77200000E-5,-4.16038442E-3
8.77600000E-5,-4.32314148E-3
8.78000000E-5,-4.14770913E-3
8.78400000E-5,-4.17079057E-3
8.78800000E-5,-4.07126008E-3
8.79200000E-5,-4.19307121E-3
8.79600000E-5,-4.15699884E-3
8.80000000E-5,-4.05919557E-3
8.80400000E-5,-4.30523779E-3
8.80800000E-5,-4.09984926E-3
8.81200000E-5,-4.37440203E-3
8.81600000E-5,-4.38119049E-3
8.82000000E-5,-3.84124729E-3
8.82400000E-5,-4.31353435E-3
8.82800000E-5,-4.13479851E-3
8.83200000E-5,-4.03460978E-3
8.83600000E-5,-4.23936507E-3
8.84000000E-5,-3.94771984E-3
8.84400000E-5,-4.19410227E-3
8.84800000E-5,-4.22605471E-3
8.85200000E-5,-4.41256976E-3
8.85600000E-5,-4.11209600E-3
8.86000000E-5,-4.26112092E-3
8.86400000E-5,-4.31223355E-3
8.86800000E-5,-4.28694197E-3
8.87200000E-5,-4.27782043E-3
8.87600000E-5,-3.98854051E-3
8.88000000E-5,-4.26014299E-3
8.88400000E-5,-4.16013902E-3
8.88800000E-5,-4.23601512E-3
8.89200000E-5,-3.93786660E-3
8.89600000E-5,-4.28965056E-3
8.90000000E-5,-4.35468482E-3
8.90400000E-5,-3.90863173E-3
8.90800000E-5,-4.01832684E-3
8.91200000E-5,-4.19880708E-3
8.91600000E-5,-4.23918859E-3
8.92000000E-5,-3.82147005E-3
8.92400000E-5,-3.99361762E-3
8.92800000E-5,-4.07678287E-3
8.93200000E-5,-4.09106716E-3
8.93600000E-5,-4.42373003E-3
8.94000000E-5,-4.05614417E-3
8.94400000E-5,-4.02677324E-3
8.94800000E-5,-4.24103964E-3
8.95200000E-5,-3.79472777E-3
8.95600000E-5,-4.22388153E-3
8.96000000E-5,-4.04351970E-3
8.96400000E-5,-4.13780523E-3
8.96800000E-5,-3.96618193E-3
8.97200000E-5,-4.25285923E-3
8.97600000E-5,-4.11907830E-3
8.98000000E-5,-4.11047963E-3
8.98400000E-5,-4.06691777E-3
8.98800000E-5,-4.15290765E-3
8.99200000E-5,-4.27740490E-3
8.99600000E-5,-3.92851645E-3
9.00000000E-5,-3.87294858E-3
9.00400000E-5,-4.13402684E-3
9.00800000E-5,-4.04492220E-3
9.01200000E-5,-4.19630242E-3
9.01600000E-5,-4.26000932E-3
9.02000000E-5,-4.08630565E-3
9.02400000E-5,-4.19361562E-3
9.02800000E-5,-4.09331251E-3
9.03200000E-5,-4.01808555E-3
9.03600000E-5,-4.07698075E-3
9.04000000E-5,-4.11994608E-3
9.04400000E-5,-3.97810760E-3
9.04800000E-5,-3.96557455E-3
9.05200000E-5,-3.90018280E-3
9.05600000E-5,-4.20612854E-3
9.06000000E-5,-4.18068260E-3
9.06400000E-5,-4.18134251E-3
9.06800000E-5,-4.17661613E-3
9.07200000E-5,-4.02370825E-3
9.07600000E-5,-4.04125766E-3
9.08000000E-5,-3.99706208E-3
9.08400000E-5,-4.03036637E-3
9.08800000E-5,-4.26792763E-3
9.09200000E-5,-4.23681860E-3
9.09600000E-5,-4.08708340E-3
9.10000000E-5,-4.26404716E-3
9.10400000E-5,-4.18739642E-3
9.10800000E-5,-3.88089774E-3
9.11200000E-5,-4.04183667E-3
9.11600000E-5,-4.03451735E-3
9.12000000E-5,-4.31370870E-3
9.12400000E-5,-4.34370614E-3
9.12800000E-5,-4.30029784E-3
9.13200000E-5,-4.05712202E-3
9.13600000E-5,-4.06351397E-3
9.14000000E-5,-4.18886679E-3
9.14400000E-5,-4.56132440E-3
9.14800000E-5,-4.04773584E-3
9.15200000E-5,-4.11530737E-3
9.15600000E-5,-4.37313139E-3
9.16000000E-5,-4.12608406E-3
9.16400000E-5,-4.13570095E-3
9.16800000E-5,-4.42244663E-3
9.17200000E-5,-4.23928820E-3
9.17600000E-5,-4.23031601E-3
9.18000000E-5,-4.11365209E-3
9.18400000E-5,-4.16069843E-3
9.18800000E-5,-4.15893222E-3
9.19200000E-5,-4.06898513E-3
9.19600000E-5,-3.93778923E-3
9.20000000E-5,-4.06045425E-3
9.20400000E-5,-4.20294460E-3
9.20800000E-5,-4.07142589E-3
9.21200000E-5,-4.29658804E-3
9.21600000E-5,-4.14842620E-3
9.22000000E-5,-4.26161088E-3
9.22400000E-5,-3.95817960E-3
9.22800000E-5,-4.18828282E-3
9.23200000E-5,-4.19529488E-3
9.23600000E-5,-4.07190843E-3
9.24000000E-5,-3.95847714E-3
9.24400000E-5,-4.41583064E-3
9.24800000E-5,-4.19261817E-3
9.25200000E-5,-4.05848185E-3
9.25600000E-5,-4.14854453E-3
9.26000000E-5,-4.02806143E-3
9.26400000E-5,-4.41240440E-3
9.26800000E-5,-4.18364272E-3
9.27200000E-5,-3.98831527E-3
9.27600000E-5,-4.13795060E-3
9.28000000E-5,-3.97808029E-3
9.28400000E-5,-4.00438815E-3
9.28800000E-5,-4.06179077E-3
9.29200000E-5,-4.12043129E-3
9.29600000E-5,-4.08625267E-3
9.30000000E-5,-4.25613621E-3
9.30400000E-5,-4.17326940E-3
9.30800000E-5,-4.11369510E-3
9.31200000E-5,-4.12188133E-3
9.31600000E-5,-4.36449188E-3
9.32000000E-5,-4.19620810E-3
9.32400000E-5,-4.07813292E-3
9.32800000E-5,-4.29153569E-3
9.33200000E-5,-3.88029923E-3
9.33600000E-5,-4.25533814E-3
9.34000000E-5,-3.92302785E-3
9.34400000E-5,-4.18032209E-3
9.34800000E-5,-4.11328743E-3
9.35200000E-5,-4.14188560E-3
9.35600000E-5,-4.42082806E-3
9.36000000E-5,-4.07310048E-3
9.36400000E-5,-4.23518943E-3
9.36800000E-5,-4.18290305E-3
9.37200000E-5,-4.08483064E-3
9.37600000E-5,-4.20502221E-3
9.38000000E-5,-4.41094610E-3
9.38400000E-5,-3.99829940E-3
9.38800000E-5,-4.26361054E-3
9.39200000E-5,-4.05123580E-3
9.39600000E-5,-4.03871005E-3
9.40000000E-5,-4.35780489E-3
9.40400000E-5,-4.41576585E-3
9.40800000E-5,-4.17445591E-3
9.41200000E-5,-4.11084695E-3
9.41600000E-5,-4.18373730E-3
9.42000000E-5,-4.14025453E-3
9.42400000E-5,-4.08426534E-3
9.42800000E-5,-4.16465807E-3
9.43200000E-5,-4.13815516E-3
9.43600000E-5,-4.05177378E-3
9.44000000E-5,-4.20103992E-3
9.44400000E-5,-3.90845444E-3
9.44800000E-5,-4.35897555E-3
9.45200000E-5,-4.23771351E-3
9.45600000E-5,-4.24086763E-3
9.46000000E-5,-4.19281657E-3
9.46400000E-5,-4.38756677E-3
9.46800000E-5,-4.25345074E-3
9.47200000E-5,-4.16438311E-3
9.47600000E-5,-4.12228842E-3
9.48000000E-5,-4.16953487E-3
9.48400000E-5,-3.94281826E-3
9.48800000E-5,-4.23669906E-3
9.49200000E-5,-4.03176000E-3
9.49600000E-5,-4.29655727E-3
9.50000000E-5,-3.88614015E-3
9.50400000E-5,-4.11107781E-3
9.50800000E-5,-4.04043273E-3
9.51200000E-5,-4.02726189E-3
9.51600000E-5,-3.90506624E-3
9.52000000E-5,-4.25232583E-3
9.52400000E-5,-4.10613301E-3
9.52800000E-5,-4.09124207E-3
9.53200000E-5,-4.26880677E-3
9.53600000E-5,-4.34317313E-3
9.54000000E-5,-4.12874016E-3
9.54400000E-5,-4.36456914E-3
9.54800000E-5,-4.09313540E-3
9.55200000E-5,-4.10426296E-3
9.55600000E-5,-4.23448847E-3
9.56000000E-5,-4.26187578E-3
9.56400000E-5,-4.05182294E-3
9.56800000E-5,-4.17898213E-3
9.57200000E-5,-4.06703206E-3
9.57600000E-5,-4.23232220E-3
9.58000000E-5,-4.27620868E-3
9.58400000E-5,-4.06428819E-3
9.58800000E-5,-4.34537069E-3
9.59200000E-5,-4.24332332E-3
9.59600000E-5,-4.31593026E-3
9.60000000E-5,-4.13121356E-3
9.60400000E-5,-4.30101669E-3
9.60800000E-5,-4.07234356E-3
9.61200000E-5,-4.21281033E-3
9.61600000E-5,-4.11386576E-3
9.62000000E-5,-4.22772019E-3
9.62400000E-5,-4.03968280E-3
9.62800000E-5,-4.28438732E-3
9.63200000E-5,-4.17703278E-3
9.63600000E-5,-4.06820203E-3
9.64000000E-5,-4.01719049E-3
9.64400000E-5,-4.20442096E-3
9.64800000E-5,-4.16188517E-3
9.65200000E-5,-3.94936511E-3
9.65600000E-5,-3.81156439E-3
9.66000000E-5,-4.12087284E-3
9.66400000E-5,-4.14143512E-3
9.66800000E-5,-4.02766535E-3
9.67200000E-5,-4.05430495E-3
9.67600000E-5,-4.14891609E-3
9.68000000E-5,-4.30903712E-3
9.68400000E-5,-4.09644907E-3
9.68800000E-5,-4.18705542E-3
9.69200000E-5,-4.13539987E-3
9.69600000E-5,-4.22198809E-3
9.70000000E-5,-4.12604797E-3
9.70400000E-5,-4.26490678E-3
9.70800000E-5,-4.29614774E-3
9.71200000E-5,-4.19471430E-3
9.71600000E-5,-4.00611368E-3
9.72000000E-5,-4.55224389E-3
9.72400000E-5,-4.10253523E-3
9.72800000E-5,-4.05742888E-3
9.73200000E-5,-4.00293442E-3
9.73600000E-5,-4.12301170E-3
9.74000000E-5,-4.09327191E-3
9.74400000E-5,-4.28790807E-3
9.74800000E-5,-4.29147588E-3
9.75200000E-5,-4.13945779E-3
9.75600000E-5,-4.13341615E-3
9.76000000E-5,-4.34451029E-3
9.76400000E-5,-4.03243285E-3
9.76800000E-5,-4.20976668E-3
9.77200000E-5,-3.98848578E-3
9.77600000E-5,-3.99502776E-3
9.78000000E-5,-3.89695097E-3
9.78400000E-5,-4.37488096E-3
9.78800000E-5,-4.01942545E-3
9.79200000E-5,-4.31570679E-3
9.79600000E-5,-4.33430280E-3
9.80000000E-5,-4.16229829E-3
9.80400000E-5,-4.22362280E-3
9.80800000E-5,-4.04290078E-3
9.81200000E-5,-4.27845381E-3
9.81600000E-5,-4.11802982E-3
9.82000000E-5,-4.23433110E-3
9.82400000E-5,-4.08898697E-3
9.82800000E-5,-4.04313833E-3
9.83200000E-5,-3.95172811E-3
9.83600000E-5,-4.19332388E-3
9.84000000E-5,-4.09854900E-3
9.84400000E-5,-4.18838546E-3
9.84800000E-5,-4.00431428E-3
9.85200000E-5,-4.27542204E-3
9.85600000E-5,-4.17026778E-3
9.86000000E-5,-3.92105221E-3
9.86400000E-5,-4.13034688E-3
9.86800000E-5,-4.04434614E-3
9.87200000E-5,-4.22213453E-3
9.87600000E-5,-4.12654948E-3
9.88000000E-5,-4.22651905E-3
9.88400000E-5,-4.13321558E-3
9.88800000E-5,-4.00721295E-3
9.89200000E-5,-4.09039668E-3
9.89600000E-5,-3.97954674E-3
9.90000000E-5,-4.31367755E-3
9.90400000E-5,-4.01089559E-3
9.90800000E-5,-4.13483239E-3
9.91200000E-5,-4.14895386E-3
9.91600000E-5,-3.81267993E-3
9.92000000E-5,-4.23061245E-3
9.92400000E-5,-4.24919707E-3
9.92800000E-5,-4.20307629E-3
9.93200000E-5,-4.01795487E-3
9.93600000E-5,-4.23148976E-3
9.94000000E-5,-4.35109805E-3
9.94400000E-5,-4.09755910E-3
9.94800000E-5,-4.06526552E-3
9.95200000E-5,-4.12145630E-3
9.95600000E-5,-4.15389375E-3
9.96000000E-5,-4.16965858E-3
9.96400000E-5,-3.85779295E-3
9.96800000E-5,-3.90703390E-3
9.97200000E-5,-4.04337713E-3
9.97600000E-5,-4.13084260E-3
9.98000000E-5,-4.06669568E-3
9.98400000E-5,-4.27789057E-3
9.98800000E-5,-4.12004206E-3
9.99200000E-5,-4.15260798E-3
9.99600000E-5,-4.43650807E-3
1.00000000E-4,-4.31799323E-3
1.00040000E-4,-3.98827878E-3
1.00080000E-4,-4.10879700E-3
1.00120000E-4,-4.45077189E-3
1.00160000E-4,-4.08187735E-3
1.00200000E-4,-3.93705134E-3
1.00240000E-4,-4.12362834E-3
1.00280000E-4,-4.04201164E-3
1.00320000E-4,-3.97751308E-3
1.00360000E-4,-3.79678617E-3
1.00400000E-4,-3.88524842E-3
1.00440000E-4,-4.00702446E-3
1.00480000E-4,-3.88191742E-3
1.00520000E-4,-4.01431576E-3
1.00560000E-4,-4.06796153E-3
1.00600000E-4,-3.94619309E-3
1.00640000E-4,-3.85445835E-3
1.00680000E-4,-3.74015480E-3
1.00720000E-4,-3.83080897E-3
1.00760000E-4,-3.78450933E-3
1.00800000E-4,-3.63570632E-3
1.00840000E-4,-3.73812212E-3
1.00880000E-4,-3.94289011E-3
1.00920000E-4,-3.40108497E-3
1.00960000E-4,-3.70204333E-3
1.01000000E-4,-3.81865039E-3
1.01040000E-4,-4.02161614E-3
1.01080000E-4,-3.53632599E-3
1.01120000E-4,-3.57070836E-3
1.01160000E-4,-3.66879036E-3
1.01200000E-4,-3.82775468E-3
1.01240000E-4,-3.79197969E-3
1.01280000E-4,-3.87105661E-3
1.01320000E-4,-3.69082452E-3
1.01360000E-4,-3.46477133E-3
1.01400000E-4,-3.57254363E-3
1.01440000E-4,-3.46330172E-3
1.01480000E-4,-3.53552820E-3
1.01520000E-4,-3.70639953E-3
1.01560000E-4,-3.48358706E-3
1.01600000E-4,-3.58779215E-3
1.01640000E-4,-3.37625453E-3
1.01680000E-4,-3.32574748E-3
1.01720000E-4,-3.56683794E-3
1.01760000E-4,-3.62199424E-3
1.01800000E-4,-3.51390113E-3
1.01840000E-4,-3.35708517E-3
1.01880000E-4,-3.35520560E-3
1.01920000E-4,-3.42730631E-3
1.01960000E-4,-3.25308308E-3
1.02000000E-4,-3.12500194E-3
1.02040000E-4,-3.13872301E-3
1.02080000E-4,-3.34169714E-3
1.02120000E-4,-3.35353956E-3
1.02160000E-4,-3.20130884E-3
1.02200000E-4,-3.23234371E-3
1.02240000E-4,-3.55498590E-3
1.02280000E-4,-3.18806823E-3
1.02320000E-4,-3.31433882E-3
1.02360000E-4,-3.10169650E-3
1.02400000E-4,-3.14188402E-3
1.02440000E-4,-2.99463445E-3
1.02480000E-4,-3.27064451E-3
1.02520000E-4,-2.95790916E-3
1.02560000E-4,-3.04258412E-3
1.02600000E-4,-2.83895201E-3
1.02640000E-4,-3.18201315E-3
1.02680000E-4,-3.00626984E-3
1.02720000E-4,-3.08235706E-3
1.02760000E-4,-2.93872291E-3
1.02800000E-4,-3.05827873E-3
1.02840000E-4,-2.99031130E-3
1.02880000E-4,-3.08136932E-3
1.02920000E-4,-2.76725269E-3
1.02960000E-4,-2.93218548E-3
1.03000000E-4,-2.74913211E-3
1.03040000E-4,-2.93175858E-3
1.03080000E-4,-2.96514675E-3
1.03120000E-4,-3.07295731E-3
1.03160000E-4,-2.83195224E-3
1.03200000E-4,-2.95470676E-3
1.03240000E-4,-2.92906175E-3
1.03280000E-4,-2.85884570E-3
1.03320000E-4,-2.78489025E-3
1.03360000E-4,-2.90046007E-3
1.03400000E-4,-2.81370207E-3
1.03440000E-4,-2.68146145E-3
1.03480000E-4,-2.79249515E-3
1.03520000E-4,-2.82313569E-3
1.03560000E-4,-2.75414959E-3
1.03600000E-4,-2.64578731E-3
1.03640000E-4,-2.74032158E-3
1.03680000E-4,-2.66729557E-3
1.03720000E-4,-2.61226016E-3
1.03760000E-4,-3.00963922E-3
1.03800000E-4,-2.32224622E-3
1.03840000E-4,-2.59749648E-3
1.03880000E-4,-2.86603711E-3
1.03920000E-4,-2.72432691E-3
1.03960000E-4,-2.66426466E-3
1.04000000E-4,-2.46101988E-3
1.04040000E-4,-2.57129070E-3
1.04080000E-4,-2.67176453E-3
1.04120000E-4,-2.49549746E-3
1.04160000E-4,-2.56959052E-3
1.04200000E-4,-2.52652865E-3
1.04240000E-4,-2.62057708E-3
1.04280000E-4,-2.82319924E-3
1.04320000E-4,-2.58682047E-3
1.04360000E-4,-2.59477487E-3
1.04400000E-4,-2.53292251E-3
1.04440000E-4,-2.48112626E-3
1.04480000E-4,-2.39116196E-3
1.04520000E-4,-2.59305291E-3
1.04560000E-4,-2.47101357E-3
1.04600000E-4,-2.61714271E-3
1.04640000E-4,-2.64788048E-3
1.04680000E-4,-2.41371081E-3
1.04720000E-4,-2.48226538E-3
1.04760000E-4,-2.41373347E-3
1.04800000E-4,-2.39803775E-3
1.04840000E-4,-2.39073517E-3
1.04880000E-4,-2.43996147E-3
1.04920000E-4,-2.26762625E-3
1.04960000E-4,-2.14412062E-3
1.05000000E-4,-2.51823515E-3
1.05040000E-4,-2.43976168E-3
1.05080000E-4,-2.21715422E-3
1.05120000E-4,-2.37009561E-3
1.05160000E-4,-2.25522867E-3
1.05200000E-4,-2.28738742E-3
1.05240000E-4,-2.20134245E-3
1.05280000E-4,-2.19473117E-3
1.05320000E-4,-2.24195972E-3
1.05360000E-4,-2.34068897E-3
1.05400000E-4,-2.26013597E-3
1.05440000E-4,-2.29001444E-3
1.05480000E-4,-2.38092197E-3
1.05520000E-4,-2.28324046E-3
1.05560000E-4,-2.14670655E-3
1.05600000E-4,-2.16246344E-3
1.05640000E-4,-2.09410701E-3
1.05680000E-4,-2.06695271E-3
1.05720000E-4,-2.10883362E-3
1.05760000E-4,-2.26464730E-3
1.05800000E-4,-2.01036861E-3
1.05840000E-4,-2.19204909E-3
1.05880000E-4,-1.97973567E-3
1.05920000E-4,-2.09191378E-3
1.05960000E-4,-2.02343718E-3
1.06000000E-4,-2.03543668E-3
1.06040000E-4,-2.08361962E-3
1.06080000E-4,-2.34380301E-3
1.06120000E-4,-2.21354856E-3
1.06160000E-4,-1.98344428E-3
1.06200000E-4,-2.19751282E-3
1.06240000E-4,-2.17776028E-3
1.06280000E-4,-1.97196965E-3
1.06320000E-4,-2.04850629E-3
1.06360000E-4,-2.21249591E-3
1.06400000E-4,-1.92067655E-3
1.06440000E-4,-1.83379086E-3
1.06480000E-4,-2.10686572E-3
1.06520000E-4,-2.00539771E-3
1.06560000E-4,-2.06885307E-3
1.06600000E-4,-1.94198031E-3
1.06640000E-4,-1.88304995E-3
1.06680000E-4,-2.01620282E-3
1.06720000E-4,-1.91336738E-3
1.06760000E-4,-2.05763487E-3
1.06800000E-4,-1.89599336E-3
1.06840000E-4,-2.06996760E-3
1.06880000E-4,-2.00337937E-3
1.06920000E-4,-1.98760237E-3
1.06960000E-4,-1.68966799E-3
1.07000000E-4,-2.03525800E-3
1.07040000E-4,-1.83840087E-3
1.07080000E-4,-1.83235177E-3
1.07120000E-4,-1.72063724E-3
1.07160000E-4,-1.67817690E-3
1.07200000E-4,-1.90201214E-3
1.07240000E-4,-1.91499983E-3
1.07280000E-4,-1.88505591E-3
1.07320000E-4,-1.87036381E-3
1.07360000E-4,-1.65116290E-3
1.07400000E-4,-1.71492650E-3
1.07440000E-4,-1.74148231E-3
1.07480000E-4,-1.68795707E-3
1.07520000E-4,-1.49617408E-3
1.07560000E-4,-1.79241370E-3
1.07600000E-4,-1.75142909E-3
1.07640000E-4,-1.83932690E-3
1.07680000E-4,-1.74567571E-3
1.07720000E-4,-1.74252296E-3
1.07760000E-4,-1.57166890E-3
1.07800000E-4,-1.73530318E-3
1.07840000E-4,-1.75857747E-3
1.07880000E-4,-1.69061417E-3
1.07920000E-4,-1.65519762E-3
1.07960000E-4,-1.64084931E-3
1.08000000E-4,-1.53441223E-3
1.08040000E-4,-1.69067764E-3
1.08080000E-4,-1.58613670E-3
1.08120000E-4,-1.40540886E-3
1.08160000E-4,-1.66074873E-3
1.08200000E-4,-1.69453595E-3
1.08240000E-4,-1.70179595E-3
1.08280000E-4,-1.64963464E-3
1.08320000E-4,-1.57237333E-3
1.08360000E-4,-1.69840687E-3
1.08400000E-4,-1.40899891E-3
1.08440000E-4,-1.56027597E-3
1.08480000E-4,-1.57618068E-3
1.08520000E-4,-1.58324127E-3
1.08560000E-4,-1.47839415E-3
1.08600000E-4,-1.50341628E-3
1.08640000E-4,-1.48233839E-3
1.08680000E-4,-1.47928749E-3
1.08720000E-4,-1.65023977E-3
1.08760000E-4,-1.54968644E-3
1.08800000E-4,-1.52790908E-3
1.08840000E-4,-1.46982295E-3
1.08880000E-4,-1.50647402E-3
1.08920000E-4,-1.39387718E-3
1.08960000E-4,-1.48251505E-3
1.09000000E-4,-1.36861380E-3
1.09040000E-4,-1.48404702E-3
1.09080000E-4,-1.34672028E-3
1.09120000E-4,-1.43387953E-3
1.09160000E-4,-1.39431143E-3
1.09200000E-4,-1.39916196E-3
1.09240000E-4,-1.36422924E-3
1.09280000E-4,-1.32682443E-3
1.09320000E-4,-1.27803751E-3
1.09360000E-4,-1.42858315E-3
1.09400000E-4,-1.38914327E-3
1.09440000E-4,-1.32766101E-3
1.09480000E-4,-1.46861507E-3
1.09520000E-4,-1.39508676E-3
1.09560000E-4,-1.31427669E-3
1.09600000E-4,-1.26113500E-3
1.09640000E-4,-1.34209683E-3
1.09680000E-4,-1.22168357E-3
1.09720000E-4,-1.41672689E-3
1.09760000E-4,-1.41795474E-3
1.09800000E-4,-1.50335700E-3
1.09840000E-4,-1.26403861E-3
1.09880000E-4,-1.32882728E-3
1.09920000E-4,-1.44091370E-3
1.09960000E-4,-1.39845972E-3
1.10000000E-4,-1.18526428E-3
1.10040000E-4,-1.30431837E-3
1.10080000E-4,-1.25937101E-3
1.10120000E-4,-1.30392340E-3
1.10160000E-4,-1.32406725E-3
1.10200000E-4,-1.25676410E-3
1.10240000E-4,-1.26203606E-3
1.10280000E-4,-1.30071551E-3
1.10320000E-4,-1.24625144E-3
1.10360000E-4,-1.11768325E-3
1.10400000E-4,-1.25004464E-3
1.10440000E-4,-1.18920414E-3
1.10480000E-4,-1.08937804E-3
1.10520000E-4,-1.28096897E-3
1.10560000E-4,-1.20814841E-3
1.10600000E-4,-1.24063369E-3
1.10640000E-4,-1.27869261E-3
1.10680000E-4,-1.22716394E-3
1.10720000E-4,-1.24839054E-3
1.10760000E-4,-1.24636272E-3
1.10800000E-4,-1.23431068E-3
1.10840000E-4,-1.33589366E-3
1.10880000E-4,-1.09752830E-3
1.10920000E-4,-1.25774530E-3
1.10960000E-4,-1.09824773E-3
1.11000000E-4,-1.09693765E-3
1.11040000E-4,-1.09077353E-3
1.11080000E-4,-1.18033382E-3
1.11120000E-4,-1.29282743E-3
1.11160000E-4,-1.20637399E-3
1.11200000E-4,-1.27647778E-3
1.11240000E-4,-1.14937341E-3
1.11280000E-4,-1.01089582E-3
1.11320000E-4,-1.21446541E-3
1.11360000E-4,-1.07914081E-3
1.11400000E-4,-1.10427939E-3
1.11440000E-4,-1.06077403E-3
1.11480000E-4,-1.09083267E-3
1.11520000E-4,-1.23828082E-3
1.11560000E-4,-1.07016480E-3
1.11600000E-4,-1.02903046E-3
1.11640000E-4,-1.15054619E-3
1.11680000E-4,-9.55503304E-4
1.11720000E-4,-1.02892319E-3
1.11760000E-4,-1.14202379E-3
1.11800000E-4,-1.09045501E-3
1.11840000E-4,-1.09726367E-3
1.11880000E-4,-1.07679121E-3
1.11920000E-4,-1.06902183E-3
1.11960000E-4,-9.61831973E-4
1.12000000E-4,-1.01613939E-3
1.12040000E-4,-1.08592158E-3
1.12080000E-4,-9.04856681E-4
1.12120000E-4,-1.05666456E-3
1.12160000E-4,-1.07175352E-3
1.12200000E-4,-1.17670616E-3
1.12240000E-4,-9.91808429E-4
1.12280000E-4,-9.97267194E-4
1.12320000E-4,-1.09961864E-3
1.12360000E-4,-1.09431744E-3
1.12400000E-4,-8.89995583E-4
1.12440000E-4,-1.04294607E-3
1.12480000E-4,-8.65689427E-4
1.12520000E-4,-9.30385762E-4
1.12560000E-4,-9.04362115E-4
1.12600000E-4,-9.07464561E-4
1.12640000E-4,-9.96589208E-4
1.12680000E-4,-9.43864099E-4
1.12720000E-4,-8.95297202E-4
1.12760000E-4,-9.21947747E-4
1.12800000E-4,-9.88473983E-4
1.12840000E-4,-8.75202472E-4
1.12880000E-4,-9.17990551E-4
1.12920000E-4,-8.54740406E-4
1.12960000E-4,-9.59792569E-4
1.13000000E-4,-9.76394543E-4
1.13040000E-4,-1.02918283E-3
1.13080000E-4,-8.12500518E-4
1.13120000E-4,-8.26623710E-4
1.13160000E-4,-1.01148780E-3
1.13200000E-4,-7.51717814E-4
1.13240000E-4,-1.00807997E-3
1.13280000E-4,-8.87579277E-4
1.13320000E-4,-7.48329895E-4
1.13360000E-4,-7.95319683E-4
1.13400000E-4,-8.40335736E-4
1.13440000E-4,-8.35048384E-4
1.13480000E-4,-8.11316073E-4
1.13520000E-4,-8.59618612E-4
1.13560000E-4,-8.39799056E-4
1.13600000E-4,-8.86680849E-4
1.13640000E-4,-8.55135885E-4
1.13680000E-4,-8.85408132E-4
1.13720000E-4,-8.14322474E-4
1.13760000E-4,-8.80317132E-4
1.13800000E-4,-8.74870183E-4
1.13840000E-4,-7.24821574E-4
1.13880000E-4,-8.26858553E-4
1.13920000E-4,-7.11669412E-4
1.13960000E-4,-8.70353667E-4
1.14000000E-4,-8.43651881E-4
1.14040000E-4,-7.74972325E-4
1.14080000E-4,-9.48913557E-4
1.14120000E-4,-8.07432559E-4
1.14160000E-4,-8.28633608E-4
1.14200000E-4,-7.75678549E-4
1.14240000E-4,-8.27045215E-4
1.14280000E-4,-7.69565935E-4
1.14320000E-4,-7.46697291E-4
1.14360000E-4,-7.33425748E-4
1.14400000E-4,-7.94247381E-4
1.14440000E-4,-7.90851327E-4
1.14480000E-4,-9.18437100E-4
1.14520000E-4,-7.33409850E-4
1.14560000E-4,-7.47822569E-4
1.14600000E-4,-8.43552499E-4
1.14640000E-4,-7.66434497E-4
1.14680000E-4,-7.38533542E-4
1.14720000E-4,-6.62434618E-4
1.14760000E-4,-7.65560493E-4
1.14800000E-4,-8.50040651E-4
1.14840000E-4,-7.68279609E-4
1.14880000E-4,-7.87207986E-4
1.14920000E-4,-7.70635223E-4
1.14960000E-4,-6.68609202E-4
1.15000000E-4,-7.62126388E-4
1.15040000E-4,-5.72889925E-4
1.15080000E-4,-7.03145070E-4
1.15120000E-4,-7.10130163E-4
1.15160000E-4,-7.50000542E-4
1.15200000E-4,-7.16962420E-4
1.15240000E-4,-7.24678962E-4
1.15280000E-4,-7.24196460E-4
1.15320000E-4,-6.88023571E-4
1.15360000E-4,-7.02654824E-4
1.15400000E-4,-9.05833492E-4
1.15440000E-4,-6.70502112E-4
1.15480000E-4,-6.29794674E-4
1.15520000E-4,-7.73055306E-4
1.15560000E-4,-8.65203101E-4
1.15600000E-4,-6.28279495E-4
1.15640000E-4,-7.32514112E-4
1.15680000E-4,-6.92838130E-4
1.15720000E-4,-5.31592287E-4
1.15760000E-4,-6.43315602E-4
1.15800000E-4,-5.84388177E-4
1.15840000E-4,-6.76392549E-4
1.15880000E-4,-6.70063794E-4
1.15920000E-4,-6.69393275E-4
1.15960000E-4,-6.71197446E-4
1.16000000E-4,-6.28653488E-4
1.16040000E-4,-6.17947387E-4
1.16080000E-4,-6.19872894E-4
1.16120000E-4,-6.49897062E-4
1.16160000E-4,-6.58035519E-4
1.16200000E-4,-6.05012587E-4
1.16240000E-4,-6.46145288E-4
1.16280000E-4,-6.98117900E-4
1.16320000E-4,-6.22227382E-4
1.16360000E-4,-5.46187024E-4
1.16400000E-4,-5.61351591E-4
1.16440000E-4,-6.70103171E-4
1.16480000E-4,-6.94422393E-4
1.16520000E-4,-6.35667735E-4
1.16560000E-4,-5.94435213E-4
1.16600000E-4,-5.79894597E-4
1.16640000E-4,-5.65066286E-4
1.16680000E-4,-5.76471840E-4
1.16720000E-4,-5.20052617E-4
1.16760000E-4,-5.27381032E-4
1.16800000E-4,-5.64611564E-4
1.16840000E-4,-5.78627278E-4
1.16880000E-4,-5.60733057E-4
1.16920000E-4,-5.65648828E-4
1.16960000E-4,-6.16587648E-4
1.17000000E-4,-5.82010343E-4
1.17040000E-4,-5.37072271E-4
1.17080000E-4,-4.76832180E-4
1.17120000E-4,-5.42370028E-4
1.17160000E-4,-5.35463899E-4
1.17200000E-4,-4.99499589E-4
1.17240000E-4,-5.75596434E-4
1.17280000E-4,-4.69824046E-4
1.17320000E-4,-6.40671864E-4
1.17360000E-4,-4.89156313E-4
1.17400000E-4,-7.21583649E-4
1.17440000E-4,-5.67344223E-4
1.17480000E-4,-5.35826553E-4
1.17520000E-4,-4.87263527E-4
1.17560000E-4,-5.99521588E-4
1.17600000E-4,-5.46845698E-4
1.17640000E-4,-5.82575976E-4
1.17680000E-4,-5.34039577E-4
1.17720000E-4,-5.08309070E-4
1.17760000E-4,-4.80271206E-4
1.17800000E-4,-5.14110520E-4
1.17840000E-4,-4.87340641E-4
1.17880000E-4,-5.99035080E-4
1.17920000E-4,-4.95945035E-4
1.17960000E-4,-4.89836979E-4
1.18000000E-4,-5.51632066E-4
1.18040000E-4,-5.09368059E-4
1.18080000E-4,-3.62912371E-4
1.18120000E-4,-5.32555345E-4
1.18160000E-4,-5.37624754E-4
1.18200000E-4,-3.98191389E-4
1.18240000E-4,-4.10906854E-4
1.18280000E-4,-5.19523738E-4
1.18320000E-4,-4.81342430E-4
1.18360000E-4,-4.79199734E-4
1.18400000E-4,-4.70213289E-4
1.18440000E-4,-4.91843205E-4
1.18480000E-4,-5.72513367E-4
1.18520000E-4,-4.72230567E-4
1.18560000E-4,-4.04915213E-4
1.18600000E-4,-5.18005564E-4
1.18640000E-4,-4.86100760E-4
1.18680000E-4,-4.74538393E-4
1.18720000E-4,-5.42196430E-4
1.18760000E-4,-5.11193821E-4
1.18800000E-4,-4.81557379E-4
1.18840000E-4,-4.57046431E-4
1.18880000E-4,-5.30423549E-4
1.18920000E-4,-4.78587637E-4
1.18960000E-4,-3.94778904E-4
1.19000000E-4,-4.59297760E-4
1.19040000E-4,-4.31101977E-4
1.19080000E-4,-4.13071332E-4
1.19120000E-4,-5.05707075E-4
1.19160000E-4,-4.73796491E-4
1.19200000E-4,-5.16428521E-4
1.19240000E-4,-3.94423708E-4
1.19280000E-4,-3.81128591E-4
1.19320000E-4,-3.64114773E-4
1.19360000E-4,-4.24575564E-4
1.19400000E-4,-4.18979574E-4
1.19440000E-4,-3.91636232E-4
1.19480000E-4,-3.66590330E-4
1.19520000E-4,-5.22676328E-4
1.19560000E-4,-3.75227645E-4
1.19600000E-4,-3.64845554E-4
1.19640000E-4,-4.45663488E-4
1.19680000E-4,-4.43253429E-4
1.19720000E-4,-4.71107787E-4
1.19760000E-4,-4.38606202E-4
1.19800000E-4,-3.50054360E-4
1.19840000E-4,-5.16187041E-4
1.19880000E-4,-4.09568286E-4
1.19920000E-4,-3.42181693E-4
1.19960000E-4,-4.44308345E-4
1.20000000E-4,-4.04814486E-4
1.20040000E-4,-3.34801769E-4
1.20080000E-4,-3.83795465E-4
1.20120000E-4,-3.53761970E-4
1.20160000E-4,-3.95511297E-4
1.20200000E-4,-3.89507259E-4
1.20240000E-4,-3.50388356E-4
1.20280000E-4,-4.64196528E-4
1.20320000E-4,-4.13400512E-4
1.20360000E-4,-3.56369249E-4
1.20400000E-4,-3.56699745E-4
1.20440000E-4,-3.65164043E-4
1.20480000E-4,-4.40192821E-4
1.20520000E-4,-2.81333595E-4
1.20560000E-4,-3.40238352E-4
1.20600000E-4,-4.45606144E-4
1.20640000E-4,-4.16768690E-4
1.20680000E-4,-4.04579949E-4
1.20720000E-4,-4.10050130E-4
1.20760000E-4,-4.05028319E-4
1.20800000E-4,-3.77878278E-4
1.20840000E-4,-4.06995740E-4
1.20880000E-4,-4.60297860E-4
1.20920000E-4,-4.66838483E-4
1.20960000E-4,-3.83801435E-4
1.21000000E-4,-3.45347109E-4
1.21040000E-4,-3.42016650E-4
1.21080000E-4,-3.57060090E-4
1.21120000E-4,-2.87620246E-4
1.21160000E-4,-3.66862785E-4
1.21200000E-4,-3.93435654E-4
1.21240000E-4,-3.69250576E-4
1.21280000E-4,-3.98682007E-4
1.21320000E-4,-3.07679813E-4
1.21360000E-4,-3.56973773E-4
1.21400000E-4,-3.64388506E-4
1.21440000E-4,-3.54816514E-4
1.21480000E-4,-3.57423793E-4
1.21520000E-4,-3.61844370E-4
1.21560000E-4,-3.12832182E-4
1.21600000E-4,-4.14188800E-4
1.21640000E-4,-2.82034909E-4
1.21680000E-4,-2.87499139E-4
1.21720000E-4,-2.19582321E-4
1.21760000E-4,-3.06647404E-4
1.21800000E-4,-3.15258273E-4
1.21840000E-4,-3.57700073E-4
1.21880000E-4,-2.73327251E-4
1.21920000E-4,-2.65708900E-4
1.21960000E-4,-2.87260806E-4
1.22000000E-4,-2.55365891E-4
1.22040000E-4,-2.87658984E-4
1.22080000E-4,-2.67682853E-4
1.22120000E-4,-3.54407016E-4
1.22160000E-4,-3.44860631E-4
1.22200000E-4,-3.65251972E-4
1.22240000E-4,-3.55629054E-4
1.22280000E-4,-3.20437564E-4
1.22320000E-4,-3.50840884E-4
1.22360000E-4,-3.23330373E-4
1.22400000E-4,-2.78024050E-4
1.22440000E-4,-3.44566718E-4
1.22480000E-4,-2.67222438E-4
1.22520000E-4,-2.78297525E-4
1.22560000E-4,-3.10322102E-4
1.22600000E-4,-3.67477753E-4
1.22640000E-4,-2.69700666E-4
1.22680000E-4,-3.29767665E-4
1.22720000E-4,-3.35742826E-4
1.22760000E-4,-2.21560375E-4
1.22800000E-4,-3.95306095E-4
1.22840000E-4,-3.24142350E-4
1.22880000E-4,-2.36017945E-4
1.22920000E-4,-4.05720706E-4
1.22960000E-4,-3.05513380E-4
1.23000000E-4,-2.89460255E-4
1.23040000E-4,-3.20235194E-4
1.23080000E-4,-2.79045130E-4
1.23120000E-4,-2.63210406E-4
1.23160000E-4,-2.42333797E-4
1.23200000E-4,-2.77094961E-4
1.23240000E-4,-2.53949789E-4
1.23280000E-4,-2.76865335E-4
1.23320000E-4,-1.92169237E-4
1.23360000E-4,-2.70938735E-4
1.23400000E-4,-2.16508762E-4
1.23440000E-4,-3.39922066E-4
1.23480000E-4,-2.77321764E-4
1.23520000E-4,-2.34659331E-4
1.23560000E-4,-3.10518559E-4
1.23600000E-4,-2.28365367E-4
1.23640000E-4,-3.05899647E-4
1.23680000E-4,-2.51693834E-4
1.23720000E-4,-2.09090234E-4
1.23760000E-4,-2.52268700E-4
1.23800000E-4,-3.61154253E-4
1.23840000E-4,-2.23168289E-4
1.23880000E-4,-2.80570084E-4
1.23920000E-4,-2.44196037E-4
1.23960000E-4,-2.71465240E-4
1.24000000E-4,-2.11174413E-4
1.24040000E-4,-3.24922885E-4
1.24080000E-4,-2.85235163E-4
1.24120000E-4,-3.44776984E-4
1.24160000E-4,-1.87993736E-4
1.24200000E-4,-2.79963194E-4
1.24240000E-4,-2.49005102E-4
1.24280000E-4,-1.67620457E-4
1.24320000E-4,-2.67775474E-4
1.24360000E-4,-1.70895556E-4
1.24400000E-4,-1.79156694E-4
1.24440000E-4,-2.03044043E-4
1.24480000E-4,-2.33033812E-4
1.24520000E-4,-2.56927704E-4
1.24560000E-4,-2.72586609E-4
1.24600000E-4,-2.34950545E-4
1.24640000E-4,-1.13317551E-4
1.24680000E-4,-2.12019645E-4
1.24720000E-4,-3.32619886E-4
1.24760000E-4,-1.84509964E-4
1.24800000E-4,-2.22791683E-4
1.24840000E-4,-2.43900913E-4
1.24880000E-4,-2.59494967E-4
1.24920000E-4,-2.23602774E-4
1.24960000E-4,-1.85081338E-4
1.25000000E-4,-2.19742987E-4
1.25040000E-4,-2.14641744E-4
1.25080000E-4,-1.19394746E-4
1.25120000E-4,-2.28960335E-4
1.25160000E-4,-1.83219070E-4
1.25200000E-4,-2.98270376E-4
1.25240000E-4,-2.17250902E-4
1.25280000E-4,-2.18908741E-4
1.25320000E-4,-2.15108511E-4
1.25360000E-4,-1.93253975E-4
1.25400000E-4,-1.70255774E-4
1.25440000E-4,-1.33856903E-4
1.25480000E-4,-2.17661125E-4
1.25520000E-4,-1.63517616E-4
1.25560000E-4,-1.40198733E-4
1.25600000E-4,-2.26597683E-4
1.25640000E-4,-1.81555518E-4
1.25680000E-4,-1.97144957E-4
1.25720000E-4,-1.57914789E-4
1.25760000E-4,-1.53271530E-4
1.25800000E-4,-1.67363203E-4
1.25840000E-4,-1.81266822E-4
1.25880000E-4,-1.23197675E-4
1.25920000E-4,-1.47604453E-4
1.25960000E-4,-1.86007290E-4
1.26000000E-4,-1.83266391E-4
1.26040000E-4,-1.96059857E-4
1.26080000E-4,-2.46289705E-4
1.26120000E-4,-1.91513624E-4
1.26160000E-4,-2.10516940E-4
1.26200000E-4,-2.08417159E-4
1.26240000E-4,-1.94412279E-4
1.26280000E-4,-1.96806498E-4
1.26320000E-4,-2.16927091E-4
1.26360000E-4,-1.79507579E-4
1.26400000E-4,-2.57388043E-4
1.26440000E-4,-2.21674006E-4
1.26480000E-4,-2.00912209E-4
1.26520000E-4,-1.79948396E-4
1.26560000E-4,-1.67770251E-4
1.26600000E-4,-1.85218582E-4
1.26640000E-4,-1.84034452E-4
1.26680000E-4,-1.35391804E-4
1.26720000E-4,-1.68785618E-4
1.26760000E-4,-1.43163516E-4
1.26800000E-4,-1.50923507E-4
1.26840000E-4,-1.80357656E-4
1.26880000E-4,-1.62931679E-4
1.26920000E-4,-1.27286201E-4
1.26960000E-4,-1.57764042E-4
1.27000000E-4,-1.89258680E-4
1.27040000E-4,-1.69955052E-4
1.27080000E-4,-1.34970347E-4
1.27120000E-4,-1.97036925E-4
1.27160000E-4,-2.04696036E-4
1.27200000E-4,-1.60914696E-4
1.27240000E-4,-1.13557610E-4
1.27280000E-4,-1.62282103E-4
1.27320000E-4,-7.71166917E-5
1.27360000E-4,-1.23259416E-4
1.27400000E-4,-1.66496208E-4
1.27440000E-4,-1.70568141E-4
1.27480000E-4,-1.43148915E-4
1.27520000E-4,-9.90195786E-5
1.27560000E-4,-1.39616295E-4
1.27600000E-4,-1.89248752E-4
1.27640000E-4,-1.23992429E-4
1.27680000E-4,-2.12535631E-4
1.27720000E-4,-1.36461407E-4
1.27760000E-4,-1.34507805E-4
1.27800000E-4,-1.17237420E-4
1.27840000E-4,-1.77697000E-4
1.27880000E-4,-1.52091586E-4
1.27920000E-4,-1.79993991E-4
1.27960000E-4,-1.37318035E-4
1.28000000E-4,-1.33928047E-4
1.28040000E-4,-1.15878968E-4
1.28080000E-4,-1.54370687E-4
1.28120000E-4,-1.14939561E-4
1.28160000E-4,-1.37731758E-4
1.28200000E-4,-1.70057562E-4
1.28240000E-4,-1.88111124E-4
1.28280000E-4,-1.71550578E-4
1.28320000E-4,-1.66235045E-4
1.28360000E-4,-1.44319016E-4
1.28400000E-4,-7.51794358E-5
1.28440000E-4,-1.08934740E-4
1.28480000E-4,-1.00780834E-4
1.28520000E-4,-1.29508615E-4
1.28560000E-4,-1.25816970E-4
1.28600000E-4,-1.52954719E-4
1.28640000E-4,-1.63960016E-4
1.28680000E-4,-1.09865584E-4
1.28720000E-4,-1.73164433E-4
1.28760000E-4,-1.33083616E-4
1.28800000E-4,-1.11619706E-4
1.28840000E-4,-1.44069316E-4
1.28880000E-4,-1.34483868E-4
1.28920000E-4,-1.09095816E-4
1.28960000E-4,-9.25636799E-5
1.29000000E-4,-1.12083487E-4
1.29040000E-4,-1.37156187E-4
1.29080000E-4,-1.23376842E-4
1.29120000E-4,-2.00423060E-4
1.29160000E-4,-1.07298626E-4
1.29200000E-4,-7.06209008E-5
1.29240000E-4,-1.79920100E-4
1.29280000E-4,-1.41473290E-4
1.29320000E-4,-1.26309057E-4
1.29360000E-4,-9.81942879E-5
1.29400000E-4,-1.26044288E-4
1.29440000E-4,-6.74780002E-5
1.29480000E-4,-9.56698164E-5
1.29520000E-4,-1.07879013E-4
1.29560000E-4,-1.25528417E-4
1.29600000E-4,-1.29042822E-4
1.29640000E-4,-6.46201337E-5
1.29680000E-4,-1.04950909E-4
1.29720000E-4,-1.07426609E-4
1.29760000E-4,-1.13752265E-4
1.29800000E-4,-7.15168016E-5
1.29840000E-4,-1.21757016E-4
1.29880000E-4,-1.65474604E-4
1.29920000E-4,-1.38674418E-4
1.29960000E-4,-1.15847840E-4
1.30000000E-4,-1.61716736E-4
1.30040000E-4,-8.86605958E-5
1.30080000E-4,-1.77780990E-4
1.30120000E-4,-1.67811135E-4
1.30160000E-4,-1.04976276E-4
1.30200000E-4,-1.34080893E-4
1.30240000E-4,-1.24732690E-4
1.30280000E-4,-1.01780647E-4
1.30320000E-4,-9.85023819E-5
1.30360000E-4,-6.47293294E-5
1.30400000E-4,-1.09335427E-4
1.30440000E-4,-7.40772457E-5
1.30480000E-4,-9.22531254E-5
1.30520000E-4,-1.32748180E-4
1.30560000E-4,-1.43180358E-4
1.30600000E-4,-1.90423765E-4
1.30640000E-4,-1.43164021E-4
1.30680000E-4,-1.28752256E-4
1.30720000E-4,-5.71893795E-5
1.30760000E-4,-4.79447557E-5
1.30800000E-4,-1.17531590E-4
1.30840000E-4,-9.50627741E-5
1.30880000E-4,-5.10925869E-5
1.30920000E-4,-1.04804539E-4
1.30960000E-4,-9.73137794E-5
1.31000000E-4,-6.71465602E-5
1.31040000E-4,-9.01495200E-5
1.31080000E-4,-6.62561049E-5
1.31120000E-4,-9.51861986E-5
1.31160000E-4,-9.19959766E-5
1.31200000E-4,-9.70369849E-5
1.31240000E-4,-1.05499014E-4
1.31280000E-4,-7.97862075E-5
1.31320000E-4,-7.44096870E-5
1.31360000E-4,-8.38732363E-5
1.31400000E-4,-1.12606749E-4
1.31440000E-4,-1.10131001E-4
1.31480000E-4,-8.87788324E-5
1.31520000E-4,-8.37003637E-5
1.31560000E-4,-1.30007101E-4
1.31600000E-4,-9.32273896E-5
1.31640000E-4,-5.09138206E-5
1.31680000E-4,-4.59477902E-5
1.31720000E-4,-7.33917445E-5
1.31760000E-4,-7.30286235E-5
1.31800000E-4,-6.86786667E-5
1.31840000E-4,-5.14496139E-5
1.31880000E-4,-7.97937892E-5
1.31920000E-4,-8.35159136E-5
1.31960000E-4,-4.65005780E-5
1.32000000E-4,-4.06922146E-5
1.32040000E-4,-6.74578776E-5
1.32080000E-4,-1.12056546E-4
1.32120000E-4,-7.36711711E-5
1.32160000E-4,-9.27957184E-5
1.32200000E-4,-1.29058004E-4
1.32240000E-4,-1.03233074E-4
1.32280000E-4,-8.22286058E-5
1.32320000E-4,-7.13791196E-5
1.32360000E-4,-9.64567122E-5
1.32400000E-4,-9.95249497E-5
1.32440000E-4,-5.40181070E-5
1.32480000E-4,-6.01218901E-5
1.32520000E-4,-8.00418781E-5
1.32560000E-4,-6.82000366E-5
1.32600000E-4,-9.43950113E-5
1.32640000E-4,-7.69558450E-5
1.32680000E-4,-6.23688899E-5
1.32720000E-4,-4.98262980E-5
1.32760000E-4,-7.91740916E-5
1.32800000E-4,-5.19139485E-5
1.32840000E-4,-1.17977548E-4
1.32880000E-4,-5.44599825E-5
1.32920000E-4,-7.24485987E-5
1.32960000E-4,-9.93166577E-5
1.33000000E-4,-7.37350482E-5
1.33040000E-4,-9.90792119E-5
1.33080000E-4,-4.76145269E-5
1.33120000E-4,-9.36838086E-5
1.33160000E-4,-1.04420628E-4
1.33200000E-4,-1.22834344E-4
1.33240000E-4,-5.40473943E-5
1.33280000E-4,-1.01378445E-4
1.33320000E-4,-7.45819588E-5
1.33360000E-4,-4.01055046E-5
1.33400000E-4,-9.77889858E-5
1.33440000E-4,-6.77297511E-5
1.33480000E-4,-8.59784248E-5
1.33520000E-4,-6.25139152E-5
1.33560000E-4,-1.08136267E-4
1.33600000E-4,-8.76859502E-5
1.33640000E-4,-7.87105677E-5
1.33680000E-4,-3.83645720E-5
1.33720000E-4,-3.59912389E-5
1.33760000E-4,-4.21157167E-5
1.33800000E-4,-9.55094084E-5
1.33840000E-4,-5.30500607E-5
1.33880000E-4,-5.91581735E-5
1.33920000E-4,-6.96599308E-5
1.33960000E-4,-8.52107455E-5
1.34000000E-4,-9.35818990E-5
1.34040000E-4,-2.98178758E-5
1.34080000E-4,-8.87776308E-5
1.34120000E-4,-1.16239525E-5
1.34160000E-4,-9.26341755E-5
1.34200000E-4,-8.46253993E-5
1.34240000E-4,-7.38736839E-5
1.34280000E-4,-5.02358916E-5
1.34320000E-4,-1.02234701E-4
1.34360000E-4,-8.30459238E-5
1.34400000E-4,-6.24380599E-5
1.34440000E-4,-5.19763474E-5
1.34480000E-4,-8.62552574E-5
1.34520000E-4,-4.68868161E-5
1.34560000E-4,-6.52395261E-5
1.34600000E-4,-5.63788802E-5
1.34640000E-4,-5.14268402E-5
1.34680000E-4,-5.49082381E-5
1.34720000E-4,-7.88616107E-5
1.34760000E-4,-6.02238569E-5
1.34800000E-4,-5.73641594E-5
1.34840000E-4,-4.62445164E-5
1.34880000E-4,-1.11934161E-4
1.34920000E-4,-6.46739305E-5
1.34960000E-4,-8.27373910E-5
1.35000000E-4,-4.61427307E-5
1.35040000E-4,-4.49130725E-5
1.35080000E-4,-3.74026102E-5
1.35120000E-4,-9.46874746E-5
1.35160000E-4,-8.10981964E-5
1.35200000E-4,-7.76760408E-5
1.35240000E-4,-2.21812137E-5
1.35280000E-4,-5.78587445E-5
1.35320000E-4,-1.05609116E-4
1.35360000E-4,-5.63475139E-5
1.35400000E-4,-6.04744730E-5
1.35440000E-4,-1.49740008E-5
1.35480000E-4,-3.84121604E-5
1.35520000E-4,-1.07952761E-4
1.35560000E-4,-4.70547486E-5
1.35600000E-4,-5.06894687E-5
1.35640000E-4,-2.61083304E-5
1.35680000E-4,-7.00628106E-5
1.35720000E-4,-6.56104784E-6
1.35760000E-4,-6.36978161E-5
1.35800000E-4,-6.92594353E-5
1.35840000E-4,-6.63758005E-5
1.35880000E-4,-6.38173592E-5
1.35920000E-4,-5.61919791E-5
1.35960000E-4,-1.00787901E-4
1.36000000E-4,-1.65953426E-5
1.36040000E-4,-1.08705448E-4
1.36080000E-4,-6.05495558E-5
1.36120000E-4,-3.74228377E-5
1.36160000E-4,-4.54417038E-5
1.36200000E-4,-4.67388917E-5
1.36240000E-4,-6.18138515E-5
1.36280000E-4,-4.15048310E-5
1.36320000E-4,-1.29346635E-5
1.36360000E-4,-4.12306306E-5
1.36400000E-4,-7.23770541E-5
1.36440000E-4,-4.47250270E-5
1.36480000E-4,-4.11341473E-5
1.36520000E-4,-5.88993367E-5
1.36560000E-4,-7.54219910E-7
1.36600000E-4,-8.69166115E-5
1.36640000E-4,-3.49018090E-5
1.36680000E-4,-2.34578213E-5
1.36720000E-4,-3.51625340E-5
1.36760000E-4,-3.40216915E-5
1.36800000E-4,-3.13929739E-5
1.36840000E-4,-1.73048668E-5
1.36880000E-4,-2.35026822E-5
1.36920000E-4,-4.32996477E-6
1.36960000E-4,-3.31238166E-5
1.37000000E-4,-4.79610921E-5
1.37040000E-4,-2.16233238E-5
1.37080000E-4,-1.71343498E-5
1.37120000E-4,-5.68904121E-5
1.37160000E-4,-3.37919037E-5
1.37200000E-4,-9.72790481E-6
1.37240000E-4,-6.03893671E-5
1.37280000E-4,-3.12133112E-5
1.37320000E-4,-3.48220723E-5
1.37360000E-4,-1.58964805E-5
1.37400000E-4,-1.72795086E-5
1.37440000E-4,-3.88114448E-5
1.37480000E-4,-3.23640719E-5
1.37520000E-4,-4.38787650E-5
1.37560000E-4,-2.21817096E-5
1.37600000E-4,-4.26626108E-5
1.37640000E-4,-3.70015425E-5
1.37680000E-4,-7.10065587E-6
1.37720000E-4,-1.30879571E-5
1.37760000E-4,-2.29524979E-5
1.37800000E-4,-1.09999327E-4
1.37840000E-4,-4.09022233E-5
1.37880000E-4,-5.77864941E-5
1.37920000E-4,-3.17636576E-5
1.37960000E-4,-1.98563654E-5
1.38000000E-4,-1.04990725E-4
1.38040000E-4,-3.57937997E-5
1.38080000E-4,-2.58671652E-5
1.38120000E-4,-1.30891015E-5
1.38160000E-4,-6.06796179E-5
1.38200000E-4,-4.25316999E-5
1.38240000E-4,-1.68133049E-5
1.38280000E-4,-1.66104870E-5
1.38320000E-4,-7.85990466E-6
1.38360000E-4,-2.58399679E-6
1.38400000E-4,-9.22028301E-6
1.38440000E-4,-6.69286265E-5
1.38480000E-4,-7.13311689E-5
1.38520000E-4,-3.92573829E-5
1.38560000E-4,-5.72169788E-5
1.38600000E-4,-1.70862179E-5
1.38640000E-4,-3.86938472E-5
1.38680000E-4,-2.46761403E-5
1.38720000E-4,-3.83231540E-5
1.38760000E-4,-1.81642991E-5
1.38800000E-4,-3.19368926E-5
1.38840000E-4,-1.11191250E-5
1.38880000E-4,1.99078126E-5
1.38920000E-4,-6.19044982E-5
1.38960000E-4,-1.72840100E-5
1.39000000E-4,-2.72175014E-5
1.39040000E-4,-4.83430593E-6
1.39080000E-4,-5.98237333E-5
1.39120000E-4,-2.38910470E-5
1.39160000E-4,-1.99851019E-5
1.39200000E-4,-1.30692174E-5
1.39240000E-4,-4.21000001E-5
1.39280000E-4,-3.95603176E-5
1.39320000E-4,-5.18560795E-5
1.39360000E-4,-2.04848750E-5
1.39400000E-4,-4.45705699E-5
1.39440000E-4,-5.16870884E-5
1.39480000E-4,-4.30038641E-5
1.39520000E-4,5.66432353E-5
1.39560000E-4,-2.99149026E-5
1.39600000E-4,2.50183423E-6
1.39640000E-4,1.80635876E-5
1.39680000E-4,2.95017769E-5
1.39720000E-4,2.58210347E-7
1.39760000E-4,-2.65979277E-5
1.39800000E-4,1.95581750E-6
1.39840000E-4,-5.63746188E-6
1.39880000E-4,-4.43344592E-5
1.39920000E-4,-4.98880198E-5
1.39960000E-4,-6.96475727E-6
1.40000000E-4,-1.44702319E-5
1.40040000E-4,-1.15684868E-5
1.40080000E-4,1.02676428E-5
1.40120000E-4,1.82125229E-5
1.40160000E-4,-4.38299559E-5
1.40200000E-4,-3.64200395E-5
1.40240000E-4,-2.26380142E-5
1.40280000E-4,-1.65994354E-6
1.40320000E-4,-2.92505063E-5
1.40360000E-4,5.05706168E-6
1.40400000E-4,2.73369265E-5
1.40440000E-4,-3.54853337E-5
1.40480000E-4,5.52712602E-5
1.40520000E-4,1.58078997E-5
1.40560000E-4,3.05769112E-5
1.40600000E-4,-3.73977942E-5
1.40640000E-4,-4.44737163E-6
1.40680000E-4,-3.31854240E-5
1.40720000E-4,1.54541327E-6
1.40760000E-4,-2.38033963E-6
1.40800000E-4,2.94857933E-5
1.40840000E-4,2.46670292E-5
1.40880000E-4,1.20925465E-5
1.40920000E-4,-1.16286351E-5
1.40960000E-4,-4.20882604E-5
1.41000000E-4,6.52117119E-6
1.41040000E-4,-2.29803753E-6
1.41080000E-4,3.26424921E-6
1.41120000E-4,-2.52795889E-6
1.41160000E-4,-3.21568194E-5
1.41200000E-4,1.03759230E-5
1.41240000E-4,4.19419617E-6
1.41280000E-4,4.03207000E-7
1.41320000E-4,1.19807567E-5
1.41360000E-4,-2.63140093E-5
1.41400000E-4,-4.07631600E-6
1.41440000E-4,-2.90816105E-5
1.41480000E-4,2.74363089E-5
1.41520000E-4,1.05497969E-5
1.41560000E-4,-2.75947288E-6
1.41600000E-4,6.65187227E-6
1.41640000E-4,-2.24919876E-5
1.41680000E-4,-9.59021483E-7
1.41720000E-4,-4.00257870E-5
1.41760000E-4,-3.09258180E-6
1.41800000E-4,-1.51782302E-5
1.41840000E-4,-9.55500365E-6
1.41880000E-4,-2.23398575E-5
1.41920000E-4,8.20103046E-6
1.41960000E-4,1.66564410E-5
1.42000000E-4,-2.18745788E-5
1.42040000E-4,-2.08860476E-5
1.42080000E-4,-1.58160190E-5
1.42120000E-4,2.16237780E-5
1.42160000E-4,-1.80936986E-5
1.42200000E-4,1.93464036E-5
1.42240000E-4,-2.76377666E-5
1.42280000E-4,-2.56260096E-5
1.42320000E-4,-3.93996917E-6
1.42360000E-4,-1.79677674E-6
1.42400000E-4,2.25478599E-5
1.42440000E-4,-9.64307547E-6
1.42480000E-4,3.13907769E-5
1.42520000E-4,8.79596115E-6
1.42560000E-4,-9.20343159E-6
1.42600000E-4,4.10328239E-6
1.42640000E-4,1.45719839E-6
1.42680000E-4,-3.96252914E-5
1.42720000E-4,1.39878884E-5
1.42760000E-4,-4.54886165E-6
1.42800000E-4,2.01085252E-7
1.42840000E-4,-4.65578938E-5
1.42880000E-4,2.31858490E-5
1.42920000E-4,-1.25197770E-5
1.42960000E-4,-3.53448956E-5
1.43000000E-4,-3.13580980E-5
1.43040000E-4,2.47692059E-5
1.43080000E-4,-6.11586310E-6
1.43120000E-4,-4.78960874E-7
1.43160000E-4,2.15258913E-6
1.43200000E-4,-1.44364066E-6
1.43240000E-4,-7.05305799E-6
1.43280000E-4,-1.86851579E-5
1.43320000E-4,8.97275331E-6
1.43360000E-4,-2.02435667E-5
1.43400000E-4,1.82379288E-5
1.43440000E-4,5.61455111E-6
1.43480000E-4,-3.60173410E-5
1.43520000E-4,-3.39867775E-5
1.43560000E-4,-5.26327820E-6
1.43600000E-4,-7.49566780E-6
1.43640000E-4,1.28407708E-5
1.43680000E-4,-1.65114113E-6
1.43720000E-4,1.39995233E-5
1.43760000E-4,1.57838179E-6
1.43800000E-4,2.80901385E-5
1.43840000E-4,2.46665810E-5
1.43880000E-4,-7.41971717E-6
1.43920000E-4,8.46694197E-7
1.43960000E-4,1.44377653E-5
1.44000000E-4,-3.24571982E-5
1.44040000E-4,-9.52049971E-6
1.44080000E-4,9.18930415E-6
1.44120000E-4,1.24115791E-5
1.44160000E-4,6.21863707E-6
1.44200000E-4,2.11097284E-5
1.44240000E-4,-3.51884564E-6
1.44280000E-4,-8.14509144E-6
1.44320000E-4,-3.40595920E-6
1.44360000E-4,-9.75774528E-6
1.44400000E-4,7.19240537E-6
1.44440000E-4,1.23793068E-5
1.44480000E-4,-6.01280905E-6
1.44520000E-4,-2.82246673E-5
1.44560000E-4,4.60702274E-6
1.44600000E-4,4.51805445E-6
1.44640000E-4,-2.78331649E-5
1.44680000E-4,-3.05594148E-5
1.44720000E-4,2.35726402E-5
1.44760000E-4,4.87966870E-6
1.44800000E-4,4.39171167E-6
1.44840000E-4,-6.92955715E-6
1.44880000E-4,-2.61901175E-5
1.44920000E-4,9.30399303E-6
1.44960000E-4,-6.78168040E-6
1.45000000E-4,-6.65301066E-6
1.45040000E-4,-7.72916544E-6
1.45080000E-4,-1.03434921E-5
1.45120000E-4,1.15157165E-5
1.45160000E-4,2.97022678E-5
1.45200000E-4,4.16855187E-6
1.45240000E-4,2.87010719E-5
1.45280000E-4,1.39692441E-5
1.45320000E-4,2.91071846E-5
1.45360000E-4,-8.34109060E-6
1.45400000E-4,2.01104303E-5
1.45440000E-4,1.46555257E-6
1.45480000E-4,-3.57321542E-5
1.45520000E-4,1.81461948E-5
1.45560000E-4,6.34072494E-7
1.45600000E-4,1.04451979E-5
1.45640000E-4,1.33943120E-5
1.45680000E-4,-3.12255373E-5
1.45720000E-4,-4.38428973E-5
1.45760000E-4,-9.87635376E-6
1.45800000E-4,-2.20865616E-5
1.45840000E-4,-9.53652296E-7
1.45880000E-4,-1.69033985E-5
1.45920000E-4,1.07889594E-5
1.45960000E-4,1.85070557E-5
1.46000000E-4,1.58272212E-5
1.46040000E-4,9.67169172E-6
1.46080000E-4,2.72489882E-5
1.46120000E-4,-2.44842134E-5
1.46160000E-4,-7.75892961E-6
1.46200000E-4,-5.43810579E-6
1.46240000E-4,-3.09965696E-5
1.46280000E-4,2.27416942E-5
1.46320000E-4,3.16388452E-6
1.46360000E-4,3.27066664E-5
1.46400000E-4,5.10708190E-6
1.46440000E-4,-1.44446829E-5
1.46480000E-4,2.19310519E-5
1.46520000E-4,-1.74390774E-5
1.46560000E-4,-1.77783089E-5
1.46600000E-4,-1.84386903E-5
1.46640000E-4,-1.25281980E-5
1.46680000E-4,-1.49623851E-5
1.46720000E-4,4.55411494E-5
1.46760000E-4,-2.19300937E-6
1.46800000E-4,9.00604608E-6
1.46840000E-4,-2.61634814E-5
1.46880000E-4,3.17159513E-5
1.46920000E-4,-1.41872004E-5
1.46960000E-4,-1.74800282E-5
1.47000000E-4,1.38073484E-5
1.47040000E-4,2.86274482E-5
1.47080000E-4,-2.49058805E-5
1.47120000E-4,3.48872509E-6
1.47160000E-4,1.19298496E-5
1.47200000E-4,2.19448992E-5
1.47240000E-4,8.77370239E-6
1.47280000E-4,1.07774104E-5
1.47320000E-4,-1.33209207E-5
1.47360000E-4,3.49079853E-5
1.47400000E-4,4.03869003E-6
1.47440000E-4,2.04646249E-5
1.47480000E-4,6.59354554E-6
1.47520000E-4,1.46687452E-5
1.47560000E-4,1.63111045E-6
1.47600000E-4,4.30768262E-5
1.47640000E-4,-1.60830669E-5
1.47680000E-4,3.05997899E-5
1.47720000E-4,-1.61201187E-6
1.47760000E-4,-8.40460532E-6
1.47800000E-4,1.22197460E-6
1.47840000E-4,-2.47241769E-5
1.47880000E-4,-8.66462463E-6
1.47920000E-4,-1.06326938E-5
1.47960000E-4,9.86594566E-6
1.48000000E-4,2.07121702E-5
1.48040000E-4,4.74488606E-5
1.48080000E-4,1.71620681E-6
1.48120000E-4,2.89328243E-5
1.48160000E-4,1.15933456E-5
1.48200000E-4,2.14370772E-5
1.48240000E-4,2.99184849E-5
1.48280000E-4,2.34555481E-5
1.48320000E-4,9.53552610E-6
1.48360000E-4,2.19835707E-5
1.48400000E-4,2.44748066E-5
1.48440000E-4,6.80929640E-5
1.48480000E-4,3.14228585E-5
1.48520000E-4,3.19889787E-5
1.48560000E-4,-1.98429545E-8
1.48600000E-4,3.27688555E-5
1.48640000E-4,3.11791741E-6
1.48680000E-4,5.25027817E-5
1.48720000E-4,3.63775578E-6
1.48760000E-4,-1.07638050E-5
1.48800000E-4,2.25270316E-5
1.48840000E-4,-1.53608111E-5
1.48880000E-4,2.43020390E-5
1.48920000E-4,1.66179221E-5
1.48960000E-4,2.09611937E-5
1.49000000E-4,3.79660932E-6
1.49040000E-4,4.36864229E-6
1.49080000E-4,2.12993857E-5
1.49120000E-4,2.48074673E-5
1.49160000E-4,5.04561774E-5
1.49200000E-4,4.97648016E-5
1.49240000E-4,6.91793708E-5
1.49280000E-4,1.51290743E-5
1.49320000E-4,4.54450477E-5
1.49360000E-4,4.28699361E-5
1.49400000E-4,7.19577412E-8
1.49440000E-4,2.12494211E-6
1.49480000E-4,3.61717549E-6
1.49520000E-4,4.96646848E-5
1.49560000E-4,4.57125041E-6
1.49600000E-4,1.19175663E-5
1.49640000E-4,6.87209475E-6
1.49680000E-4,-1.14735390E-5
1.49720000E-4,5.40936806E-6
1.49760000E-4,1.55426337E-6
1.49800000E-4,5.30245964E-7
1.49840000E-4,1.71414607E-5
1.49880000E-4,3.64683682E-5
1.49920000E-4,1.87617917E-5
1.49960000E-4,1.10547103E-5
1.50000000E-4,4.18589768E-7
1.50040000E-4,1.91413731E-5
1.50080000E-4,-7.73640383E-6
1.50120000E-4,5.11972014E-5
1.50160000E-4,3.50566345E-5
1.50200000E-4,8.63294959E-6
1.50240000E-4,2.71370459E-5
1.50280000E-4,2.93941547E-5
1.50320000E-4,5.33035343E-5
1.50360000E-4,2.81405784E-5
1.50400000E-4,3.22116426E-5
1.50440000E-4,1.37797681E-5
1.50480000E-4,2.04901930E-5
1.50520000E-4,5.76689906E-7
1.50560000E-4,4.96481386E-5
1.50600000E-4,2.98424484E-5
1.50640000E-4,3.66770131E-5
1.50680000E-4,1.56709902E-5
1.50720000E-4,4.71387924E-5
1.50760000E-4,5.38806504E-5
1.50800000E-4,3.53061825E-5
1.50840000E-4,1.33979169E-5
1.50880000E-4,5.15980102E-6
1.50920000E-4,2.25320956E-5
1.50960000E-4,-3.53701585E-5
1.51000000E-4,5.66464873E-5
1.51040000E-4,2.92518665E-5
1.51080000E-4,3.86446913E-5
1.51120000E-4,-1.91369230E-5
1.51160000E-4,3.30520014E-5
1.51200000E-4,5.14695502E-6
1.51240000E-4,1.37589875E-5
1.51280000E-4,3.45134788E-5
1.51320000E-4,1.48024027E-5
1.51360000E-4,1.05921019E-5
1.51400000E-4,3.57573834E-6
1.51440000E-4,5.01874319E-5
1.51480000E-4,-1.64839607E-7
1.51520000E-4,2.60989522E-5
1.51560000E-4,3.15825784E-6
1.51600000E-4,3.46614128E-5
1.51640000E-4,2.75357390E-5
1.51680000E-4,1.23415318E-5
1.51720000E-4,2.68751463E-6
1.51760000E-4,6.60684373E-5
1.51800000E-4,3.21295107E-6
1.51840000E-4,-4.05814850E-6
1.51880000E-4,9.60629675E-7
1.51920000E-4,3.42501979E-5
1.51960000E-4,2.32449768E-5
1.52000000E-4,-1.11509968E-5
1.52040000E-4,3.75438840E-5
1.52080000E-4,2.93542721E-5
1.52120000E-4,1.67039912E-5
1.52160000E-4,2.47399376E-5
1.52200000E-4,1.44427625E-5
1.52240000E-4,5.06764746E-6
1.52280000E-4,2.10728403E-5
1.52320000E-4,-1.01423431E-5
1.52360000E-4,1.72501129E-5
1.52400000E-4,3.61956078E-5
1.52440000E-4,2.10232206E-5
1.52480000E-4,-6.11311804E-7
1.52520000E-4,2.27741557E-6
1.52560000E-4,1.19799843E-5
1.52600000E-4,1.04320563E-5
1.52640000E-4,2.77260352E-5
1.52680000E-4,6.31893611E-5
1.52720000E-4,1.52838865E-7
1.52760000E-4,2.12638518E-5
1.52800000E-4,5.14916007E-5
1.52840000E-4,2.27175567E-5
1.52880000E-4,5.30869835E-5
1.52920000E-4,2.27717921E-5
1.52960000E-4,2.03895612E-5
1.53000000E-4,2.52930211E-5
1.53040000E-4,-2.14557918E-5
1.53080000E-4,6.76038134E-6
1.53120000E-4,1.93246026E-5
1.53160000E-4,3.21916059E-5
1.53200000E-4,8.37786878E-7
1.53240000E-4,3.61284024E-5
1.53280000E-4,1.20848026E-5
1.53320000E-4,6.06406377E-5
1.53360000E-4,2.33802078E-5
1.53400000E-4,4.44202673E-5
1.53440000E-4,4.86227193E-5
1.53480000E-4,3.63997784E-6
1.53520000E-4,2.20375678E-5
1.53560000E-4,1.93229909E-5
1.53600000E-4,-9.17893169E-6
1.53640000E-4,1.32370034E-5
1.53680000E-4,2.10953661E-5
1.53720000E-4,4.74332108E-5
1.53760000E-4,-1.96112345E-6
1.53800000E-4,2.06438013E-5
1.53840000E-4,-2.07383822E-6
1.53880000E-4,2.13089224E-5
1.53920000E-4,1.44880525E-5
1.53960000E-4,-1.93671018E-5
1.54000000E-4,4.87265458E-5
1.54040000E-4,1.89499898E-5
1.54080000E-4,1.06578292E-5
1.54120000E-4,5.60446123E-6
1.54160000E-4,-1.51045508E-6
1.54200000E-4,3.34541564E-5
1.54240000E-4,9.88595375E-6
1.54280000E-4,-9.23761128E-6
1.54320000E-4,1.47450296E-5
1.54360000E-4,4.81982564E-6
1.54400000E-4,2.48153828E-5
1.54440000E-4,1.46765939E-5
1.54480000E-4,-1.31057146E-5
1.54520000E-4,2.78175307E-5
1.54560000E-4,1.25039139E-5
1.54600000E-4,9.26411838E-7
1.54640000E-4,1.96284146E-5
1.54680000E-4,-1.52251105E-7
1.54720000E-4,1.15156879E-5
1.54760000E-4,4.10961113E-5
1.54800000E-4,-2.12775691E-5
1.54840000E-4,-4.65860096E-6
1.54880000E-4,1.17511215E-5
1.54920000E-4,7.28914610E-6
1.54960000E-4,2.74099398E-5
1.55000000E-4,1.37552014E-5
1.55040000E-4,3.69315202E-5
1.55080000E-4,2.15933558E-5
1.55120000E-4,-1.59304981E-5
1.55160000E-4,4.45445391E-6
1.55200000E-4,3.46032005E-5
1.55240000E-4,3.53950935E-5
1.55280000E-4,2.43150662E-5
1.55320000E-4,1.27030682E-6
1.55360000E-4,1.22695293E-5
1.55400000E-4,8.70380760E-6
1.55440000E-4,2.21915480E-5
1.55480000E-4,3.83711012E-5
1.55520000E-4,1.11340179E-5
1.55560000E-4,5.42195386E-5
1.55600000E-4,2.92584278E-5
1.55640000E-4,1.14028285E-6
1.55680000E-4,1.76946491E-5
1.55720000E-4,5.04158354E-6
1.55760000E-4,2.53903626E-5
1.55800000E-4,2.58087682E-5
1.55840000E-4,-1.03515602E-5
1.55880000E-4,1.79893726E-5
1.55920000E-4,3.79626901E-5
1.55960000E-4,2.44684647E-5
1.56000000E-4,-3.62263402E-6
1.56040000E-4,3.88141402E-5
1.56080000E-4,7.14983334E-6
1.56120000E-4,1.71902969E-6
1.56160000E-4,-1.80292970E-5
1.56200000E-4,2.76482535E-5
1.56240000E-4,3.52524715E-5
1.56280000E-4,1.65076487E-5
1.56320000E-4,-9.79408028E-6
1.56360000E-4,2.65830358E-6
1.56400000E-4,3.28781752E-5
1.56440000E-4,1.37202970E-5
1.56480000E-4,1.85991139E-5
1.56520000E-4,1.66722720E-5
1.56560000E-4,5.92436955E-5
1.56600000E-4,-4.44801059E-6
1.56640000E-4,-6.28514030E-6
1.56680000E-4,1.12288783E-6
1.56720000E-4,2.49727963E-5
1.56760000E-4,2.67107153E-5
1.56800000E-4,6.15330004E-5
1.56840000E-4,2.60682153E-5
1.56880000E-4,4.56763137E-5
1.56920000E-4,2.01005788E-5
1.56960000E-4,-6.66156512E-6
1.57000000E-4,5.61589594E-5
1.57040000E-4,3.02251198E-5
1.57080000E-4,3.58429676E-5
1.57120000E-4,1.90305562E-5
1.57160000E-4,3.09388402E-5
1.57200000E-4,2.69905520E-5
1.57240000E-4,3.98416194E-5
1.57280000E-4,-1.44508055E-5
1.57320000E-4,2.02524801E-5
1.57360000E-4,-6.64706927E-6
1.57400000E-4,2.03179975E-5
1.57440000E-4,2.80032111E-5
1.57480000E-4,2.43800591E-5
1.57520000E-4,3.84024294E-5
1.57560000E-4,3.73900586E-7
1.57600000E-4,1.43511239E-5
1.57640000E-4,5.15624381E-6
1.57680000E-4,6.06966470E-5
1.57720000E-4,2.67948580E-5
1.57760000E-4,2.96657230E-5
1.57800000E-4,2.74483920E-5
1.57840000E-4,3.95393142E-5
1.57880000E-4,4.71408047E-5
1.57920000E-4,1.11811771E-5
1.57960000E-4,3.83769758E-5
1.58000000E-4,2.77076388E-5
1.58040000E-4,2.50410603E-5
1.58080000E-4,2.76319266E-5
1.58120000E-4,2.86282111E-5
1.58160000E-4,4.86748090E-5
1.58200000E-4,1.21786426E-6
1.58240000E-4,2.36013649E-5
1.58280000E-4,3.32064967E-5
1.58320000E-4,1.34237042E-5
1.58360000E-4,7.52318580E-7
1.58400000E-4,4.86565175E-5
1.58440000E-4,7.49421470E-6
1.58480000E-4,2.43313931E-5
1.58520000E-4,3.23435835E-5
1.58560000E-4,3.09737542E-5
1.58600000E-4,4.80912366E-5
1.58640000E-4,4.95813051E-5
1.58680000E-4,1.95452542E-5
1.58720000E-4,-6.82007686E-7
1.58760000E-4,-1.65163856E-7
1.58800000E-4,-1.09539772E-5
1.58840000E-4,1.69687694E-5
1.58880000E-4,8.36133947E-5
1.58920000E-4,5.35877388E-5
1.58960000E-4,2.56087732E-5
1.59000000E-4,4.39295065E-5
1.59040000E-4,2.80783606E-5
1.59080000E-4,1.80914635E-5
1.59120000E-4,3.30018191E-5
1.59160000E-4,1.15869941E-5
1.59200000E-4,3.26956324E-5
1.59240000E-4,1.98128076E-5
1.59280000E-4,3.96791705E-5
1.59320000E-4,2.62896681E-5
1.59360000E-4,-3.32708255E-5
1.59400000E-4,1.98510484E-6
1.59440000E-4,2.54455995E-5
1.59480000E-4,2.73197031E-5
1.59520000E-4,1.05672969E-5
1.59560000E-4,6.44028164E-5
1.59600000E-4,1.27959561E-6
1.59640000E-4,3.28198866E-5
1.59680000E-4,4.55766643E-5
1.59720000E-4,3.10454801E-5
1.59760000E-4,6.56553612E-6
1.59800000E-4,-2.37496743E-5
1.59840000E-4,1.41420499E-5
1.59880000E-4,2.02035280E-5
1.59920000E-4,3.83903845E-5
1.59960000E-4,3.36674552E-5
1.60000000E-4,3.45220046E-5
1.60040000E-4,1.01511611E-5
1.60080000E-4,2.98620083E-5
1.60120000E-4,2.99323322E-5
1.60160000E-4,1.41469613E-5
1.60200000E-4,2.38326786E-5
1.60240000E-4,4.08515129E-5
1.60280000E-4,5.13587539E-5
1.60320000E-4,1.81637520E-5
1.60360000E-4,5.93502385E-6
1.60400000E-4,3.40923648E-5
1.60440000E-4,2.02611284E-6
1.60480000E-4,1.88457802E-6
1.60520000E-4,3.01249672E-7
1.60560000E-4,2.97121574E-5
1.60600000E-4,-1.53189258E-5
1.60640000E-4,1.76708740E-5
1.60680000E-4,1.24331783E-6
1.60720000E-4,4.53293177E-6
1.60760000E-4,5.39109772E-5
1.60800000E-4,4.67137016E-5
1.60840000E-4,3.51119762E-5
1.60880000E-4,1.91473813E-5
1.60920000E-4,3.51096969E-5
1.60960000E-4,4.42188036E-5
1.61000000E-4,1.94588990E-5
1.61040000E-4,1.56997053E-5
1.61080000E-4,4.19866333E-5
1.61120000E-4,3.96599349E-5
1.61160000E-4,5.96369813E-5
1.61200000E-4,3.54543930E-5
1.61240000E-4,4.92548433E-5
1.61280000E-4,1.29098248E-6
1.61320000E-4,5.93176228E-6
1.61360000E-4,9.47029477E-6
1.61400000E-4,4.24540768E-5
1.61440000E-4,6.54809930E-5
1.61480000E-4,2.77063990E-5
1.61520000E-4,4.14275227E-5
1.61560000E-4,2.47282170E-5
1.61600000E-4,2.36909531E-5
1.61640000E-4,1.57697989E-6
1.61680000E-4,7.21746999E-5
1.61720000E-4,2.69430781E-5
1.61760000E-4,1.58894103E-5
1.61800000E-4,5.56472177E-5
1.61840000E-4,2.31549976E-5
1.61880000E-4,1.15616169E-5
1.61920000E-4,2.77590419E-5
1.61960000E-4,-9.40239667E-6
1.62000000E-4,2.14552828E-5
1.62040000E-4,3.02759793E-5
1.62080000E-4,5.18455760E-5
1.62120000E-4,4.75333546E-6
1.62160000E-4,2.81102324E-5
1.62200000E-4,1.28468823E-6
1.62240000E-4,6.08674215E-5
1.62280000E-4,4.87383222E-6
1.62320000E-4,1.63727229E-5
1.62360000E-4,1.15705146E-5
1.62400000E-4,2.71613837E-5
1.62440000E-4,-1.85901353E-6
1.62480000E-4,-1.74142548E-6
1.62520000E-4,2.10751387E-5
1.62560000E-4,3.53696400E-5
1.62600000E-4,1.41886560E-5
1.62640000E-4,3.95553916E-6
1.62680000E-4,5.88888508E-6
1.62720000E-4,3.67266423E-5
1.62760000E-4,-1.64464836E-5
1.62800000E-4,3.14828256E-5
1.62840000E-4,2.61362791E-5
1.62880000E-4,4.82100644E-5
1.62920000E-4,5.07467238E-5
1.62960000E-4,1.84358067E-5
1.63000000E-4,5.62711592E-5
1.63040000E-4,5.10850207E-5
1.63080000E-4,4.58057845E-5
1.63120000E-4,2.27649638E-5
1.63160000E-4,2.43602322E-5
1.63200000E-4,-9.62676764E-6
1.63240000E-4,6.20412421E-5
1.63280000E-4,3.17592958E-5
1.63320000E-4,2.26376102E-5
1.63360000E-4,-1.48998049E-5
1.63400000E-4,4.12858925E-5
1.63440000E-4,2.60948705E-5
1.63480000E-4,1.09720267E-5
1.63520000E-4,5.76964717E-6
1.63560000E-4,4.11058578E-5
1.63600000E-4,5.18608428E-6
1.63640000E-4,3.29962973E-5
1.63680000E-4,9.37902813E-6
1.63720000E-4,3.19518617E-5
1.63760000E-4,-6.66523676E-6
1.63800000E-4,4.74467625E-5
1.63840000E-4,-1.22993176E-6
1.63880000E-4,2.65313291E-5
1.63920000E-4,1.40449754E-5
1.63960000E-4,1.45765916E-5
1.64000000E-4,3.93748530E-5
1.64040000E-4,2.78937484E-5
1.64080000E-4,3.00676586E-5
1.64120000E-4,5.66879611E-6
1.64160000E-4,3.25107340E-5
1.64200000E-4,-1.58965377E-5
1.64240000E-4,4.38412630E-5
1.64280000E-4,2.16063258E-5
1.64320000E-4,2.87885143E-5
1.64360000E-4,3.64969117E-5
1.64400000E-4,-2.70115459E-5
1.64440000E-4,-6.26249054E-6
1.64480000E-4,2.99835526E-6
1.64520000E-4,2.19142386E-5
1.64560000E-4,9.02598741E-6
1.64600000E-4,-3.38425342E-5
1.64640000E-4,-2.05806445E-6
1.64680000E-4,-1.25981023E-5
1.64720000E-4,2.14661070E-5
1.64760000E-4,-6.45781259E-6
1.64800000E-4,-6.03550650E-6
1.64840000E-4,2.29785869E-5
1.64880000E-4,3.92599734E-5
1.64920000E-4,1.19226208E-5
1.64960000E-4,7.01062549E-6
1.65000000E-4,3.73413522E-5
1.65040000E-4,2.89639999E-5
1.65080000E-4,2.79862071E-5
1.65120000E-4,2.46951817E-5
1.65160000E-4,-7.77851961E-7
1.65200000E-4,1.23852291E-5
1.65240000E-4,1.91384740E-5
1.65280000E-4,1.46270029E-5
1.65320000E-4,3.04097321E-5
1.65360000E-4,1.22141018E-5
1.65400000E-4,9.45594197E-6
1.65440000E-4,1.11554469E-5
1.65480000E-4,5.27894848E-5
1.65520000E-4,2.31428192E-5
1.65560000E-4,4.60220683E-5
1.65600000E-4,3.07046654E-5
1.65640000E-4,2.17710063E-5
1.65680000E-4,-2.50871374E-6
1.65720000E-4,3.40221934E-5
1.65760000E-4,3.92123564E-5
1.65800000E-4,1.92817826E-5
1.65840000E-4,1.71848434E-5
1.65880000E-4,3.35829882E-5
1.65920000E-4,3.04508164E-5
1.65960000E-4,3.90574511E-5
1.66000000E-4,4.94766679E-5
1.66040000E-4,4.39306890E-5
1.66080000E-4,4.18704758E-5
1.66120000E-4,1.50236742E-5
1.66160000E-4,2.46480702E-5
1.66200000E-4,-1.38177580E-6
1.66240000E-4,1.32918301E-5
1.66280000E-4,1.92882676E-5
1.66320000E-4,3.01400997E-5
1.66360000E-4,1.44110036E-6
1.66400000E-4,2.21784541E-5
1.66440000E-4,2.53604650E-5
1.66480000E-4,3.47831684E-5
1.66520000E-4,1.16442909E-5
1.66560000E-4,1.34256974E-5
1.66600000E-4,3.53357750E-5
1.66640000E-4,3.54512840E-5
1.66680000E-4,3.20896104E-5
1.66720000E-4,3.03024628E-5
1.66760000E-4,4.56533778E-5
1.66800000E-4,1.26775303E-5
1.66840000E-4,2.75978407E-6
1.66880000E-4,6.00698350E-5
1.66920000E-4,4.12843857E-5
1.66960000E-4,1.64110606E-5
1.67000000E-4,6.42228199E-5
1.67040000E-4,4.85844102E-5
1.67080000E-4,3.17798189E-5
1.67120000E-4,1.70978587E-5
1.67160000E-4,-6.82574970E-6
1.67200000E-4,3.56498676E-5
1.67240000E-4,5.99984715E-5
1.67280000E-4,3.76243917E-6
1.67320000E-4,5.48228330E-5
1.67360000E-4,3.47451740E-5
1.67400000E-4,4.48525965E-5
1.67440000E-4,1.59058325E-5
1.67480000E-4,1.87941021E-5
1.67520000E-4,4.55927527E-5
1.67560000E-4,-5.00561446E-6
1.67600000E-4,3.43081050E-5
1.67640000E-4,3.43254810E-5
1.67680000E-4,2.13491389E-5
1.67720000E-4,1.39854280E-5
1.67760000E-4,2.32562778E-5
1.67800000E-4,2.11535021E-5
1.67840000E-4,2.16599699E-5
1.67880000E-4,5.85384247E-5
1.67920000E-4,4.06640300E-5
1.67960000E-4,3.02926972E-5
1.68000000E-4,1.48720590E-5
1.68040000E-4,3.81819303E-5
1.68080000E-4,3.18641141E-5
1.68120000E-4,7.78262490E-6
1.68160000E-4,1.88701958E-5
1.68200000E-4,4.09983215E-5
1.68240000E-4,4.28819429E-5
1.68280000E-4,3.28491358E-5
1.68320000E-4,3.19817976E-5
1.68360000E-4,1.27496472E-5
1.68400000E-4,5.28877418E-5
1.68440000E-4,3.26063017E-5
1.68480000E-4,1.58097689E-5
1.68520000E-4,3.49017482E-5
1.68560000E-4,1.25445690E-5
1.68600000E-4,2.25856540E-5
1.68640000E-4,3.61980874E-5
1.68680000E-4,2.78478385E-5
1.68720000E-4,1.16837635E-5
1.68760000E-4,2.16328474E-5
1.68800000E-4,1.97625585E-5
1.68840000E-4,4.10782299E-5
1.68880000E-4,2.27695033E-5
1.68920000E-4,2.76242591E-5
1.68960000E-4,4.01531181E-5
1.69000000E-4,3.10482552E-5
1.69040000E-4,1.00544871E-5
1.69080000E-4,1.13104175E-6
1.69120000E-4,2.94506313E-5
1.69160000E-4,6.43473793E-5
1.69200000E-4,-3.17484728E-7
1.69240000E-4,1.09185527E-6
1.69280000E-4,1.26280346E-5
1.69320000E-4,-9.88138917E-6
1.69360000E-4,5.07886759E-5
1.69400000E-4,1.91516251E-5
1.69440000E-4,3.88139876E-5
1.69480000E-4,3.57018143E-5
1.69520000E-4,2.05788465E-5
1.69560000E-4,1.64818042E-5
1.69600000E-4,7.10854878E-6
1.69640000E-4,-3.12249056E-7
1.69680000E-4,2.06890627E-5
1.69720000E-4,1.06218661E-5
1.69760000E-4,1.63211768E-5
1.69800000E-4,1.94919438E-5
1.69840000E-4,2.46447800E-5
1.69880000E-4,3.52930408E-5
1.69920000E-4,-3.96814071E-6
1.69960000E-4,-6.80996791E-7
1.70000000E-4,1.02743472E-5
1.70040000E-4,2.77486754E-5
1.70080000E-4,4.28828012E-5
1.70120000E-4,3.28013376E-5
1.70160000E-4,1.90617222E-5
1.70200000E-4,1.99428602E-5
1.70240000E-4,3.23501448E-5
1.70280000E-4,3.29333739E-5
1.70320000E-4,5.01848284E-5
1.70360000E-4,-1.92043970E-6
1.70400000E-4,3.15365365E-5
1.70440000E-4,5.07299582E-5
1.70480000E-4,1.64290740E-6
1.70520000E-4,7.49784820E-6
1.70560000E-4,3.87953337E-5
1.70600000E-4,5.96448285E-6
1.70640000E-4,3.05142644E-5
1.70680000E-4,2.75614214E-5
1.70720000E-4,-8.68957276E-6
1.70760000E-4,1.59667342E-5
1.70800000E-4,5.19319694E-5
1.70840000E-4,4.25494920E-5
1.70880000E-4,5.94684384E-5
1.70920000E-4,4.76532711E-5
1.70960000E-4,4.16456948E-5
1.71000000E-4,2.80143405E-5
1.71040000E-4,3.23601488E-5
1.71080000E-4,1.15350078E-6
1.71120000E-4,5.42158574E-5
1.71160000E-4,3.12936452E-5
1.71200000E-4,1.38916055E-5
1.71240000E-4,3.26555494E-5
1.71280000E-4,1.23365631E-5
1.71320000E-4,1.12257900E-5
1.71360000E-4,1.59778349E-5
1.71400000E-4,5.36988991E-5
1.71440000E-4,2.28827426E-5
1.71480000E-4,1.08064021E-5
1.71520000E-4,1.54323618E-5
1.71560000E-4,1.28750649E-5
1.71600000E-4,3.07359460E-5
1.71640000E-4,3.06982854E-5
1.71680000E-4,2.69598723E-5
1.71720000E-4,1.79239586E-6
1.71760000E-4,1.31148648E-6
1.71800000E-4,3.25855593E-5
1.71840000E-4,1.17357292E-5
1.71880000E-4,2.61546087E-5
1.71920000E-4,-8.67472405E-6
1.71960000E-4,2.47947072E-5
1.72000000E-4,1.68537753E-5
1.72040000E-4,3.39716964E-5
1.72080000E-4,2.22365805E-5
1.72120000E-4,1.94904561E-5
1.72160000E-4,1.34641496E-5
1.72200000E-4,6.19949793E-5
1.72240000E-4,4.37282144E-5
1.72280000E-4,1.70981067E-5
1.72320000E-4,3.67073876E-5
1.72360000E-4,2.57376527E-5
1.72400000E-4,4.45021593E-5
1.72440000E-4,2.24115512E-5
1.72480000E-4,1.23952221E-6
1.72520000E-4,3.63766057E-5
1.72560000E-4,2.13828512E-5
1.72600000E-4,3.10016396E-5
1.72640000E-4,2.18720194E-5
1.72680000E-4,2.12627932E-5
1.72720000E-4,1.74227375E-5
1.72760000E-4,6.62876489E-5
1.72800000E-4,2.14961954E-5
1.72840000E-4,1.39159528E-5
1.72880000E-4,5.29781025E-5
1.72920000E-4,4.62268508E-5
1.72960000E-4,5.18605773E-5
1.73000000E-4,3.68239076E-5
1.73040000E-4,1.03002680E-5
1.73080000E-4,4.74411263E-5
1.73120000E-4,6.87330607E-5
1.73160000E-4,3.50318008E-5
1.73200000E-4,3.14407670E-6
1.73240000E-4,4.69838871E-5
1.73280000E-4,3.19368890E-5
1.73320000E-4,2.03585954E-5
1.73360000E-4,2.89032413E-5
1.73400000E-4,4.22157918E-5
1.73440000E-4,2.78118277E-5
1.73480000E-4,1.88382668E-5
1.73520000E-4,4.47065127E-5
1.73560000E-4,5.34618348E-5
1.73600000E-4,4.92376199E-5
1.73640000E-4,4.22243447E-6
1.73680000E-4,3.61559063E-5
1.73720000E-4,2.78267241E-5
1.73760000E-4,3.31036429E-5
1.73800000E-4,2.22039172E-5
1.73840000E-4,3.35129599E-5
1.73880000E-4,5.55415602E-5
1.73920000E-4,1.99102063E-5
1.73960000E-4,5.37511986E-5
1.74000000E-4,3.21816400E-5
1.74040000E-4,1.99660154E-5
1.74080000E-4,1.44271604E-5
1.74120000E-4,7.41160742E-6
1.74160000E-4,4.14001904E-5
1.74200000E-4,3.28462938E-5
1.74240000E-4,2.63587331E-5
1.74280000E-4,3.70469529E-5
1.74320000E-4,3.40363078E-5
1.74360000E-4,-7.38386855E-6
1.74400000E-4,1.64936202E-5
1.74440000E-4,3.62498608E-6
1.74480000E-4,3.31062464E-5
1.74520000E-4,6.05594323E-5
1.74560000E-4,4.51238120E-5
1.74600000E-4,1.46633951E-5
1.74640000E-4,2.00858827E-5
1.74680000E-4,3.70764787E-5
1.74720000E-4,4.07601890E-5
1.74760000E-4,3.70017488E-5
1.74800000E-4,4.82243409E-5
1.74840000E-4,2.92290069E-5
1.74880000E-4,3.79128034E-5
1.74920000E-4,1.87114663E-5
1.74960000E-4,2.99919846E-5
1.75000000E-4,5.92933533E-5
1.75040000E-4,1.87834401E-5
1.75080000E-4,3.03134396E-5
1.75120000E-4,1.14162673E-5
1.75160000E-4,4.79311623E-5
1.75200000E-4,3.34977107E-5
1.75240000E-4,6.61361386E-5
1.75280000E-4,2.26021907E-5
1.75320000E-4,2.88218166E-5
1.75360000E-4,4.05119285E-5
1.75400000E-4,5.19060676E-5
1.75440000E-4,8.90371411E-5
1.75480000E-4,1.54135363E-5
1.75520000E-4,2.46994256E-5
1.75560000E-4,3.75790651E-5
1.75600000E-4,2.60493707E-5
1.75640000E-4,3.87317427E-5
1.75680000E-4,1.71993678E-5
1.75720000E-4,1.34135190E-5
1.75760000E-4,6.00652097E-5
1.75800000E-4,5.03168074E-5
1.75840000E-4,1.37384454E-5
1.75880000E-4,3.55903393E-5
1.75920000E-4,7.23317319E-5
1.75960000E-4,2.99684193E-5
1.76000000E-4,3.13201955E-5
1.76040000E-4,4.09552345E-5
1.76080000E-4,2.00464483E-5
1.76120000E-4,5.27445858E-5
1.76160000E-4,3.94888839E-5
1.76200000E-4,3.55100208E-5
1.76240000E-4,3.67414243E-5
1.76280000E-4,1.62979834E-5
1.76320000E-4,2.27279803E-5
1.76360000E-4,6.22026610E-5
1.76400000E-4,3.73417432E-5
1.76440000E-4,4.60587085E-5
1.76480000E-4,9.51699620E-6
1.76520000E-4,1.22160091E-5
1.76560000E-4,5.70377036E-5
1.76600000E-4,1.21321049E-5
1.76640000E-4,2.60039377E-5
1.76680000E-4,5.40138024E-5
1.76720000E-4,6.28066039E-5
1.76760000E-4,4.62705387E-5
1.76800000E-4,3.84645231E-5
1.76840000E-4,2.54124593E-5
1.76880000E-4,4.77756562E-5
1.76920000E-4,3.24467424E-5
1.76960000E-4,3.07259610E-5
1.77000000E-4,2.15698000E-5
1.77040000E-4,3.01171830E-5
1.77080000E-4,-4.55347896E-7
1.77120000E-4,3.25094274E-5
1.77160000E-4,-3.33973758E-7
1.77200000E-4,5.09202448E-5
1.77240000E-4,1.98589177E-5
1.77280000E-4,5.68678447E-5
1.77320000E-4,4.97976938E-5
1.77360000E-4,1.70198673E-5
1.77400000E-4,2.66327524E-5
1.77440000E-4,3.53868633E-5
1.77480000E-4,6.17233633E-5
1.77520000E-4,3.99077567E-5
1.77560000E-4,2.34008644E-5
1.77600000E-4,7.70256791E-5
1.77640000E-4,3.45204501E-5
1.77680000E-4,2.70702601E-5
1.77720000E-4,1.17981281E-5
1.77760000E-4,3.97757491E-5
1.77800000E-4,1.96936364E-5
1.77840000E-4,4.85175767E-5
1.77880000E-4,5.04998843E-5
1.77920000E-4,4.97963587E-5
1.77960000E-4,1.46217481E-5
1.78000000E-4,2.40468834E-5
1.78040000E-4,4.36732351E-5
1.78080000E-4,6.00545667E-5
1.78120000E-4,3.43986087E-5
1.78160000E-4,3.30833868E-5
1.78200000E-4,3.44185882E-5
1.78240000E-4,2.93131687E-5
1.78280000E-4,4.83868089E-5
1.78320000E-4,3.01111748E-5
1.78360000E-4,4.22044526E-5
1.78400000E-4,4.37775194E-5
1.78440000E-4,5.68086787E-5
1.78480000E-4,5.28527325E-5
1.78520000E-4,2.22683474E-5
1.78560000E-4,6.35515857E-5
1.78600000E-4,-2.86332802E-6
1.78640000E-4,7.15998917E-5
1.78680000E-4,6.97532825E-5
1.78720000E-4,6.57762219E-5
1.78760000E-4,5.00549284E-5
1.78800000E-4,5.28141087E-5
1.78840000E-4,4.92214265E-5
1.78880000E-4,7.36227209E-5
1.78920000E-4,4.78264966E-5
1.78960000E-4,3.43378597E-5
1.79000000E-4,1.18577900E-5
1.79040000E-4,3.31867365E-5
1.79080000E-4,4.44342100E-5
1.79120000E-4,4.03365096E-5
1.79160000E-4,3.24709371E-5
1.79200000E-4,5.53750581E-5
1.79240000E-4,6.94732170E-5
1.79280000E-4,3.05320599E-5
1.79320000E-4,4.65253208E-6
1.79360000E-4,-7.78420198E-6
1.79400000E-4,6.88041476E-5
1.79440000E-4,2.98021557E-5
1.79480000E-4,3.68911893E-5
1.79520000E-4,8.93393876E-6
1.79560000E-4,2.53735589E-5
1.79600000E-4,1.85666222E-5
1.79640000E-4,5.51872892E-5
1.79680000E-4,4.64048065E-5
1.79720000E-4,4.33580171E-5
1.79760000E-4,2.12222414E-6
1.79800000E-4,1.06590785E-5
1.79840000E-4,3.24873976E-5
1.79880000E-4,2.64393377E-5
1.79920000E-4,3.37768988E-5
1.79960000E-4,3.33746962E-5
1.80000000E-4,8.67455688E-7
1.80040000E-4,4.82401337E-5
1.80080000E-4,-1.25866597E-6
1.80120000E-4,2.00654931E-5
1.80160000E-4,5.61336584E-5
1.80200000E-4,-2.55572188E-7
1.80240000E-4,9.73377593E-6
1.80280000E-4,5.38442296E-5
1.80320000E-4,7.80363164E-5
1.80360000E-4,1.64674037E-5
1.80400000E-4,3.73254735E-5
1.80440000E-4,3.41829352E-5
1.80480000E-4,1.93728394E-5
1.80520000E-4,2.11851259E-5
1.80560000E-4,6.98868541E-5
1.80600000E-4,3.90652331E-5
1.80640000E-4,2.05353304E-5
1.80680000E-4,6.35671005E-6
1.80720000E-4,5.40429086E-5
1.80760000E-4,6.23367651E-6
1.80800000E-4,4.99122969E-5
1.80840000E-4,2.66851568E-5
1.80880000E-4,4.90653577E-5
1.80920000E-4,8.73556797E-5
1.80960000E-4,9.25890537E-5
1.81000000E-4,2.66491938E-5
1.81040000E-4,5.35181206E-5
1.81080000E-4,2.87247039E-5
1.81120000E-4,4.67052520E-5
1.81160000E-4,4.66987671E-5
1.81200000E-4,4.66271732E-6
1.81240000E-4,4.00634345E-5
1.81280000E-4,4.72700276E-5
1.81320000E-4,2.58038091E-5
1.81360000E-4,4.65545047E-5
1.81400000E-4,6.30840373E-5
1.81440000E-4,3.25081114E-5
1.81480000E-4,1.27079907E-5
1.81520000E-4,1.00005377E-5
1.81560000E-4,6.20010638E-5
1.81600000E-4,1.96050401E-5
1.81640000E-4,-9.50059652E-6
1.81680000E-4,2.60065793E-5
1.81720000E-4,1.44690267E-5
1.81760000E-4,5.20093696E-5
1.81800000E-4,3.45575099E-5
1.81840000E-4,4.47174704E-5
1.81880000E-4,3.88122614E-5
1.81920000E-4,3.65212208E-5
1.81960000E-4,2.12206980E-5
1.82000000E-4,3.55299622E-5
1.82040000E-4,2.19303080E-5
1.82080000E-4,5.66104479E-5
1.82120000E-4,5.57313604E-5
1.82160000E-4,3.10184815E-5
1.82200000E-4,3.09608510E-5
1.82240000E-4,5.43539495E-5
1.82280000E-4,3.16480020E-5
1.82320000E-4,5.36149208E-7
1.82360000E-4,3.26107935E-5
1.82400000E-4,2.69822168E-5
1.82440000E-4,4.44213831E-5
1.82480000E-4,1.55144255E-5
1.82520000E-4,-2.71927703E-7
1.82560000E-4,1.56364672E-5
1.82600000E-4,4.93775240E-5
1.82640000E-4,3.38217883E-5
1.82680000E-4,4.23343430E-5
1.82720000E-4,1.05356826E-5
1.82760000E-4,6.05578763E-6
1.82800000E-4,2.00331064E-5
1.82840000E-4,3.18783048E-5
1.82880000E-4,2.65837145E-5
1.82920000E-4,2.27822826E-5
1.82960000E-4,3.78921278E-5
1.83000000E-4,2.50499390E-5
1.83040000E-4,4.21146832E-5
1.83080000E-4,4.15550194E-5
1.83120000E-4,4.17672119E-5
1.83160000E-4,4.16174374E-5
1.83200000E-4,2.00276037E-5
1.83240000E-4,5.36831826E-5
1.83280000E-4,2.99990322E-5
1.83320000E-4,6.80422572E-5
1.83360000E-4,5.45093412E-5
1.83400000E-4,5.04611842E-5
1.83440000E-4,7.25606138E-5
1.83480000E-4,3.54253632E-5
1.83520000E-4,6.57504918E-5
1.83560000E-4,6.23720908E-5
1.83600000E-4,1.55427210E-5
1.83640000E-4,3.54025894E-5
1.83680000E-4,7.26152769E-6
1.83720000E-4,3.35601763E-5
1.83760000E-4,7.07131176E-5
1.83800000E-4,4.46418917E-5
1.83840000E-4,6.89459685E-5
1.83880000E-4,3.41974120E-5
1.83920000E-4,2.08368345E-5
1.83960000E-4,3.04026082E-5
1.84000000E-4,1.82582325E-5
1.84040000E-4,1.02858008E-5
1.84080000E-4,3.58733326E-5
1.84120000E-4,3.41017585E-5
1.84160000E-4,2.87057353E-5
1.84200000E-4,5.85104439E-5
1.84240000E-4,3.23501734E-5
1.84280000E-4,4.41281092E-5
1.84320000E-4,3.67197282E-5
1.84360000E-4,2.14268442E-5
1.84400000E-4,3.75962789E-5
1.84440000E-4,5.02833620E-5
1.84480000E-4,6.22249102E-5
1.84520000E-4,2.38911675E-5
1.84560000E-4,3.20920995E-5
1.84600000E-4,6.78649500E-5
1.84640000E-4,6.08330701E-5
1.84680000E-4,5.68014022E-5
1.84720000E-4,2.75902701E-5
1.84760000E-4,3.14467386E-5
1.84800000E-4,7.99237048E-5
1.84840000E-4,6.38861251E-5
1.84880000E-4,3.72562272E-5
1.84920000E-4,3.71216066E-5
1.84960000E-4,3.98837146E-5
1.85000000E-4,3.45316463E-5
1.85040000E-4,7.68617997E-5
1.85080000E-4,4.19838486E-5
1.85120000E-4,5.39072674E-5
1.85160000E-4,2.50926732E-5
1.85200000E-4,4.72124065E-5
1.85240000E-4,4.61860240E-5
1.85280000E-4,3.64556367E-5
1.85320000E-4,4.58874667E-5
1.85360000E-4,2.46669339E-5
1.85400000E-4,4.28184377E-5
1.85440000E-4,3.64623315E-5
1.85480000E-4,5.04799906E-5
1.85520000E-4,3.00031521E-5
1.85560000E-4,6.06078599E-5
1.85600000E-4,5.33974522E-5
1.85640000E-4,4.64266265E-5
1.85680000E-4,2.41399716E-5
1.85720000E-4,2.29659698E-5
1.85760000E-4,3.51946789E-5
1.85800000E-4,4.82209363E-5
1.85840000E-4,5.37629765E-5
1.85880000E-4,5.50978441E-5
1.85920000E-4,1.02639903E-5
1.85960000E-4,1.84926743E-5
1.86000000E-4,3.09245732E-5
1.86040000E-4,2.26310203E-5
1.86080000E-4,6.19626116E-5
1.86120000E-4,3.57073074E-5
1.86160000E-4,7.74538407E-5
1.86200000E-4,4.47161066E-5
1.86240000E-4,5.41418809E-5
1.86280000E-4,7.43967707E-5
1.86320000E-4,4.74822964E-5
1.86360000E-4,3.94483527E-5
1.86400000E-4,6.11603521E-5
1.86440000E-4,1.28141442E-5
1.86480000E-4,6.81793860E-5
1.86520000E-4,2.21201751E-5
1.86560000E-4,4.35730421E-5
1.86600000E-4,4.11839447E-5
1.86640000E-4,6.34719920E-5
1.86680000E-4,3.46495395E-5
1.86720000E-4,3.09108498E-5
1.86760000E-4,5.02083460E-5
1.86800000E-4,3.90393885E-5
1.86840000E-4,3.38756041E-5
1.86880000E-4,1.68485015E-5
1.86920000E-4,1.45197527E-5
1.86960000E-4,-3.74991293E-7
1.87000000E-4,6.17971586E-5
1.87040000E-4,-1.18399884E-5
1.87080000E-4,5.41113633E-5
1.87120000E-4,4.23906670E-5
1.87160000E-4,5.62789793E-5
1.87200000E-4,2.54898881E-5
1.87240000E-4,4.78965153E-5
1.87280000E-4,1.90145058E-5
1.87320000E-4,5.12557570E-5
1.87360000E-4,4.88463735E-6
1.87400000E-4,3.19346002E-5
1.87440000E-4,2.14964529E-5
1.87480000E-4,4.02933463E-5
1.87520000E-4,2.87107135E-5
1.87560000E-4,6.07329439E-5
1.87600000E-4,6.79227331E-5
1.87640000E-4,4.42073118E-5
1.87680000E-4,5.10965411E-5
1.87720000E-4,2.39795063E-5
1.87760000E-4,4.25132523E-5
1.87800000E-4,9.22110919E-6
1.87840000E-4,2.72467566E-5
1.87880000E-4,6.25857806E-5
1.87920000E-4,4.80495801E-5
1.87960000E-4,2.31844280E-5
1.88000000E-4,2.87489940E-5
1.88040000E-4,3.39243464E-5
1.88080000E-4,3.84583433E-5
1.88120000E-4,3.13780740E-5
1.88160000E-4,1.95236344E-5
1.88200000E-4,1.17117443E-5
1.88240000E-4,4.63352645E-5
1.88280000E-4,3.10473588E-5
1.88320000E-4,3.85066088E-5
1.88360000E-4,2.62062883E-5
1.88400000E-4,2.12298628E-5
1.88440000E-4,2.87326766E-5
1.88480000E-4,5.00582853E-5
1.88520000E-4,5.63119097E-5
1.88560000E-4,2.03265615E-5
1.88600000E-4,1.85241169E-5
1.88640000E-4,1.52286474E-5
1.88680000E-4,3.68237168E-5
1.88720000E-4,2.58896875E-5
1.88760000E-4,4.12185997E-6
1.88800000E-4,2.71787310E-5
1.88840000E-4,1.93851800E-5
1.88880000E-4,3.28416399E-5
1.88920000E-4,1.33604565E-5
1.88960000E-4,6.94215167E-6
1.89000000E-4,5.90082619E-5
1.89040000E-4,1.13387527E-5
1.89080000E-4,2.57301091E-5
1.89120000E-4,1.79499000E-5
1.89160000E-4,1.58759253E-5
1.89200000E-4,1.88966031E-5
1.89240000E-4,2.17995402E-5
1.89280000E-4,2.53868531E-5
1.89320000E-4,4.17367039E-5
1.89360000E-4,2.11920591E-5
1.89400000E-4,1.16382446E-5
1.89440000E-4,2.85506393E-5
1.89480000E-4,1.57094996E-5
1.89520000E-4,-2.97412591E-6
1.89560000E-4,2.85616241E-6
1.89600000E-4,6.40068397E-6
1.89640000E-4,2.19530818E-5
1.89680000E-4,3.21679548E-5
1.89720000E-4,-5.41846964E-6
1.89760000E-4,2.01299806E-5
1.89800000E-4,3.29407171E-5
1.89840000E-4,1.96595521E-5
1.89880000E-4,1.92418809E-5
1.89920000E-4,4.67962898E-5
1.89960000E-4,3.52971893E-5
1.90000000E-4,2.95121719E-5
1.90040000E-4,2.67357492E-5
1.90080000E-4,1.02132548E-5
1.90120000E-4,4.65537704E-5
1.90160000E-4,1.12871208E-5
1.90200000E-4,3.62300244E-6
1.90240000E-4,2.78283072E-5
1.90280000E-4,3.36114745E-5
1.90320000E-4,7.90392275E-6
1.90360000E-4,2.27877185E-5
1.90400000E-4,3.66363389E-5
1.90440000E-4,2.19736144E-5
1.90480000E-4,2.47846745E-5
1.90520000E-4,2.07512518E-5
1.90560000E-4,1.88384194E-5
1.90600000E-4,6.31079268E-5
1.90640000E-4,5.66728373E-5
1.90680000E-4,3.12665418E-5
1.90720000E-4,2.28238723E-5
1.90760000E-4,5.11116950E-5
1.90800000E-4,2.71514845E-5
1.90840000E-4,5.28784531E-5
1.90880000E-4,4.72310398E-6
1.90920000E-4,3.22764543E-5
1.90960000E-4,4.07162819E-5
1.91000000E-4,4.85729470E-5
1.91040000E-4,4.34495985E-5
1.91080000E-4,5.22038524E-5
1.91120000E-4,2.44459866E-5
1.91160000E-4,4.77194165E-6
1.91200000E-4,1.32776299E-5
1.91240000E-4,2.10729548E-5
1.91280000E-4,6.11964964E-5
1.91320000E-4,2.57658338E-5
1.91360000E-4,1.39111081E-5
1.91400000E-4,3.43761974E-5
1.91440000E-4,2.80439998E-5
1.91480000E-4,5.17685477E-5
1.91520000E-4,3.75446279E-5
1.91560000E-4,5.54187078E-5
1.91600000E-4,2.02487703E-5
1.91640000E-4,4.69799198E-5
1.91680000E-4,3.60836274E-5
1.91720000E-4,7.69273156E-6
1.91760000E-4,3.65491254E-5
1.91800000E-4,5.04474894E-5
1.91840000E-4,5.87459538E-5
1.91880000E-4,2.24337909E-5
1.91920000E-4,1.85077996E-5
1.91960000E-4,2.05361601E-5
1.92000000E-4,2.52063321E-5
1.92040000E-4,2.61035680E-5
1.92080000E-4,6.73716738E-7
1.92120000E-4,4.34531080E-5
1.92160000E-4,-3.62458906E-6
1.92200000E-4,4.95745435E-5
1.92240000E-4,2.14438673E-5
1.92280000E-4,8.33981870E-6
1.92320000E-4,1.58441298E-5
1.92360000E-4,3.12886384E-5
1.92400000E-4,3.68011147E-5
1.92440000E-4,4.57611240E-5
1.92480000E-4,7.01812137E-6
1.92520000E-4,2.72556830E-5
1.92560000E-4,-4.91286963E-6
1.92600000E-4,2.51188134E-5
1.92640000E-4,3.90873202E-5
1.92680000E-4,1.10437717E-5
1.92720000E-4,2.33542583E-5
1.92760000E-4,3.95660727E-6
1.92800000E-4,1.70907157E-5
1.92840000E-4,3.29147867E-5
1.92880000E-4,2.43534134E-5
1.92920000E-4,1.48943846E-5
1.92960000E-4,4.38848650E-5
1.93000000E-4,3.23361353E-5
1.93040000E-4,2.21480414E-5
1.93080000E-4,3.97899398E-5
1.93120000E-4,-4.31300844E-6
1.93160000E-4,3.99617824E-5
1.93200000E-4,2.13428446E-5
1.93240000E-4,-5.11404724E-6
1.93280000E-4,2.34689567E-5
1.93320000E-4,1.71365207E-5
1.93360000E-4,2.55786943E-5
1.93400000E-4,5.22267787E-5
1.93440000E-4,2.27349445E-7
1.93480000E-4,9.13854960E-6
1.93520000E-4,7.61952290E-5
1.93560000E-4,3.03281357E-5
1.93600000E-4,1.90516705E-5
1.93640000E-4,3.36026816E-5
1.93680000E-4,3.68761594E-5
1.93720000E-4,2.04608293E-5
1.93760000E-4,2.28797481E-5
1.93800000E-4,1.92097039E-5
1.93840000E-4,1.80593437E-5
1.93880000E-4,3.39485602E-5
1.93920000E-4,4.53361380E-5
1.93960000E-4,3.61228329E-5
1.94000000E-4,3.27902083E-5
1.94040000E-4,1.80321640E-5
1.94080000E-4,6.16531443E-5
1.94120000E-4,5.05725066E-5
1.94160000E-4,2.60052633E-5
1.94200000E-4,4.15959988E-5
1.94240000E-4,2.81438399E-5
1.94280000E-4,4.22999154E-5
1.94320000E-4,6.60574510E-5
1.94360000E-4,2.23964450E-5
1.94400000E-4,4.12865314E-5
1.94440000E-4,4.59910644E-5
1.94480000E-4,3.88254412E-5
1.94520000E-4,5.45520562E-5
1.94560000E-4,7.23359376E-5
1.94600000E-4,5.07700984E-5
1.94640000E-4,5.49325151E-5
1.94680000E-4,3.55393654E-5
1.94720000E-4,3.86681898E-5
1.94760000E-4,5.09100501E-5
1.94800000E-4,5.24688595E-5
1.94840000E-4,2.05464407E-5
1.94880000E-4,8.59427809E-6
1.94920000E-4,4.77451291E-5
1.94960000E-4,4.20535145E-5
1.95000000E-4,3.73303849E-5
1.95040000E-4,6.17603849E-5
1.95080000E-4,2.54565000E-5
1.95120000E-4,6.19919180E-5
1.95160000E-4,7.27762777E-5
1.95200000E-4,4.94373384E-5
1.95240000E-4,7.35397894E-5
1.95280000E-4,6.11633657E-5
1.95320000E-4,1.66274493E-5
1.95360000E-4,2.61917829E-5
1.95400000E-4,2.89662887E-5
1.95440000E-4,4.47972929E-5
1.95480000E-4,4.61644710E-5
1.95520000E-4,3.15783075E-5
1.95560000E-4,7.51375850E-5
1.95600000E-4,5.13428561E-5
1.95640000E-4,5.70000144E-5
1.95680000E-4,3.77160032E-5
1.95720000E-4,3.78573473E-5
1.95760000E-4,4.04190215E-5
1.95800000E-4,6.42385746E-5
1.95840000E-4,5.75336429E-5
1.95880000E-4,5.40497464E-5
1.95920000E-4,4.99206320E-5
1.95960000E-4,8.75444595E-5
1.96000000E-4,4.99574915E-5
1.96040000E-4,7.37449820E-5
1.96080000E-4,6.16352057E-5
1.96120000E-4,2.10537764E-5
1.96160000E-4,4.05222949E-5
1.96200000E-4,3.99839553E-5
1.96240000E-4,4.92911878E-5
1.96280000E-4,5.80292961E-5
1.96320000E-4,3.81598337E-5
1.96360000E-4,7.07790356E-5
1.96400000E-4,1.52464239E-5
1.96440000E-4,4.98034922E-5
1.96480000E-4,2.28357456E-5
1.96520000E-4,7.64152416E-5
1.96560000E-4,5.07215086E-5
1.96600000E-4,5.94170830E-5
1.96640000E-4,7.28005392E-5
1.96680000E-4,5.52658338E-5
1.96720000E-4,5.65748282E-5
1.96760000E-4,2.65422186E-6
1.96800000E-4,5.02832380E-5
1.96840000E-4,3.28889803E-5
1.96880000E-4,3.40380530E-5
1.96920000E-4,3.44231563E-5
1.96960000E-4,5.20768230E-5
1.97000000E-4,2.78944350E-5
1.97040000E-4,5.76445075E-5
1.97080000E-4,4.56668151E-5
1.97120000E-4,3.42958217E-5
1.97160000E-4,2.86379100E-5
1.97200000E-4,4.01664218E-5
1.97240000E-4,3.92783698E-5
1.97280000E-4,6.03979562E-5
1.97320000E-4,1.74231094E-5
1.97360000E-4,7.51558097E-5
1.97400000E-4,6.32192016E-5
1.97440000E-4,2.37605141E-5
1.97480000E-4,5.25835197E-5
1.97520000E-4,4.28689633E-5
1.97560000E-4,3.50736099E-5
1.97600000E-4,5.18945472E-5
1.97640000E-4,4.13717327E-5
1.97680000E-4,2.95824387E-5
1.97720000E-4,3.03008225E-5
1.97760000E-4,2.82066203E-5
1.97800000E-4,2.82111693E-5
1.97840000E-4,2.74918414E-5
1.97880000E-4,3.93982753E-5
1.97920000E-4,6.06621049E-5
1.97960000E-4,7.35590632E-5
1.98000000E-4,7.13874036E-5
1.98040000E-4,2.82199908E-5
1.98080000E-4,6.07425378E-5
1.98120000E-4,4.34888231E-5
1.98160000E-4,4.13831673E-5
1.98200000E-4,6.34867549E-5
1.98240000E-4,2.27122447E-5
1.98280000E-4,4.69170536E-5
1.98320000E-4,3.05763962E-5
1.98360000E-4,1.33906499E-5
1.98400000E-4,3.64142971E-8
1.98440000E-4,5.14330260E-5
1.98480000E-4,1.07791079E-5
1.98520000E-4,3.50795322E-5
1.98560000E-4,4.05617198E-5
1.98600000E-4,4.42814695E-5
1.98640000E-4,6.68873098E-5
1.98680000E-4,2.49957703E-5
1.98720000E-4,2.02692075E-5
1.98760000E-4,1.18243732E-5
1.98800000E-4,2.61072969E-5
1.98840000E-4,3.24099783E-5
1.98880000E-4,9.27881427E-5
1.98920000E-4,5.73312636E-5
1.98960000E-4,2.70161772E-5
1.99000000E-4,1.22814407E-5
1.99040000E-4,1.10340537E-5
1.99080000E-4,3.37517314E-5
1.99120000E-4,3.88855036E-5
1.99160000E-4,5.78941604E-5
1.99200000E-4,6.97781829E-5
1.99240000E-4,5.31274384E-5
1.99280000E-4,2.50154065E-5
1.99320000E-4,8.92376321E-5
1.99360000E-4,3.92537650E-5
1.99400000E-4,5.31713455E-5
1.99440000E-4,9.30595680E-5
1.99480000E-4,2.43391083E-5
1.99520000E-4,1.40577070E-5
1.99560000E-4,4.63900722E-5
1.99600000E-4,8.71576110E-5
1.99640000E-4,6.88358668E-5
1.99680000E-4,8.54760828E-5
1.99720000E-4,3.81424578E-5
1.99760000E-4,3.38137297E-5
1.99800000E-4,-2.14050960E-6
1.99840000E-4,4.47323382E-5
1.99880000E-4,4.41745626E-5
1.99920000E-4,2.78342391E-5
1.99960000E-4,5.84143326E-5
2.00000000E-4,3.84553965E-5
2.00040000E-4,3.77486951E-5
2.00080000E-4,3.44331413E-5
2.00120000E-4,5.40740556E-5
2.00160000E-4,8.32334874E-6
2.00200000E-4,7.74719987E-5
2.00240000E-4,2.31548355E-5
2.00280000E-4,5.59491034E-5
2.00320000E-4,3.66187531E-5
2.00360000E-4,5.66924735E-5
2.00400000E-4,2.08622595E-5
2.00440000E-4,4.58496440E-5
2.00480000E-4,3.60732991E-5
2.00520000E-4,3.16408685E-5
2.00560000E-4,3.66783006E-5
2.00600000E-4,3.75277383E-5
2.00640000E-4,3.74220331E-5
2.00680000E-4,6.74034670E-5
2.00720000E-4,5.94097207E-5
2.00760000E-4,5.58299322E-5
2.00800000E-4,6.90986995E-5
2.00840000E-4,4.37819730E-5
2.00880000E-4,5.56037683E-5
2.00920000E-4,2.15349432E-5
2.00960000E-4,3.78282697E-5
2.01000000E-4,4.01126235E-6
2.01040000E-4,6.25960612E-5
2.01080000E-4,3.62759930E-5
2.01120000E-4,4.57718242E-5
2.01160000E-4,5.38021153E-5
2.01200000E-4,6.08070444E-5
2.01240000E-4,5.04189841E-5
2.01280000E-4,1.85059876E-5
2.01320000E-4,1.06781340E-4
2.01360000E-4,5.87033150E-5
2.01400000E-4,4.57277263E-5
2.01440000E-4,3.09671452E-5
2.01480000E-4,3.01647904E-5
2.01520000E-4,4.97974172E-5
2.01560000E-4,5.64089842E-5
2.01600000E-4,1.59262221E-5
2.01640000E-4,7.71186623E-5
2.01680000E-4,4.97517935E-5
2.01720000E-4,3.51597362E-5
2.01760000E-4,5.31214111E-5
2.01800000E-4,5.16267364E-5
2.01840000E-4,4.18630944E-5
2.01880000E-4,4.88798394E-5
2.01920000E-4,5.53180093E-5
2.01960000E-4,4.93156877E-5
2.02000000E-4,4.03074416E-5
2.02040000E-4,5.08036105E-5
2.02080000E-4,4.20050583E-5
2.02120000E-4,4.86355462E-5
2.02160000E-4,6.67052152E-5
2.02200000E-4,4.56998122E-5
2.02240000E-4,3.48370605E-5
2.02280000E-4,2.95837070E-5
2.02320000E-4,2.61377477E-5
2.02360000E-4,4.83130326E-5
2.02400000E-4,3.34670882E-5
2.02440000E-4,6.57748010E-5
2.02480000E-4,2.84707690E-5
2.02520000E-4,3.45520740E-5
2.02560000E-4,7.99484049E-5
2.02600000E-4,2.10965963E-5
2.02640000E-4,1.84489674E-5
2.02680000E-4,3.66319901E-5
2.02720000E-4,2.18336817E-5
2.02760000E-4,4.05656394E-5
2.02800000E-4,2.16937396E-5
2.02840000E-4,5.44368333E-5
2.02880000E-4,2.78290606E-5
2.02920000E-4,6.96016387E-5
2.02960000E-4,2.54728555E-5
2.03000000E-4,4.34005701E-5
2.03040000E-4,4.56613219E-5
2.03080000E-4,2.67136908E-5
2.03120000E-4,2.79257441E-5
2.03160000E-4,1.91154237E-5
2.03200000E-4,6.25472426E-5
2.03240000E-4,2.85679580E-5
2.03280000E-4,3.46651416E-5
2.03320000E-4,4.62452472E-5
2.03360000E-4,1.85201306E-5
2.03400000E-4,3.93257197E-5
2.03440000E-4,1.71992343E-5
2.03480000E-4,6.30100036E-5
2.03520000E-4,5.26450317E-5
2.03560000E-4,5.04016176E-5
2.03600000E-4,1.31152573E-5
2.03640000E-4,6.04509042E-5
2.03680000E-4,1.99137826E-5
2.03720000E-4,2.67017794E-5
2.03760000E-4,7.27233583E-5
2.03800000E-4,1.91990609E-5
2.03840000E-4,2.19862601E-5
2.03880000E-4,1.75761551E-5
2.03920000E-4,2.27157909E-6
2.03960000E-4,1.72050327E-5
2.04000000E-4,1.06963466E-6
2.04040000E-4,2.28657386E-5
2.04080000E-4,8.56222510E-6
2.04120000E-4,5.86877129E-5
2.04160000E-4,3.69307286E-5
2.04200000E-4,4.02522907E-5
2.04240000E-4,1.31177464E-5
2.04280000E-4,2.37058781E-5
2.04320000E-4,3.33278327E-5
2.04360000E-4,5.65355368E-5
2.04400000E-4,4.25412618E-5
2.04440000E-4,2.95163490E-5
2.04480000E-4,3.50154548E-5
2.04520000E-4,2.94058372E-5
2.04560000E-4,2.65050077E-5
2.04600000E-4,2.22105452E-5
2.04640000E-4,5.40286988E-5
2.04680000E-4,2.52516984E-5
2.04720000E-4,2.96062233E-5
2.04760000E-4,6.79811648E-5
2.04800000E-4,8.03168498E-7
2.04840000E-4,3.72065789E-5
2.04880000E-4,3.72163255E-5
2.04920000E-4,5.46613855E-5
2.04960000E-4,4.75688900E-5
2.05000000E-4,1.15310230E-5
2.05040000E-4,3.27073053E-5
2.05080000E-4,2.39671181E-5
2.05120000E-4,3.57307964E-5
2.05160000E-4,2.11927744E-5
2.05200000E-4,7.26120344E-6
2.05240000E-4,3.43501811E-5
2.05280000E-4,1.98009248E-5
2.05320000E-4,3.12030938E-5
2.05360000E-4,1.16657390E-5
2.05400000E-4,2.50441502E-5
2.05440000E-4,3.80510767E-5
2.05480000E-4,4.76290764E-5
2.05520000E-4,1.72933429E-5
2.05560000E-4,5.11266581E-5
2.05600000E-4,4.46309340E-5
2.05640000E-4,7.25480428E-6
2.05680000E-4,2.18222472E-5
2.05720000E-4,5.53505106E-5
2.05760000E-4,3.17359403E-5
2.05800000E-4,2.96350719E-5
2.05840000E-4,4.05988655E-5
2.05880000E-4,2.73257780E-5
2.05920000E-4,3.84734114E-5
2.05960000E-4,7.80425424E-6
2.06000000E-4,2.19581649E-5
2.06040000E-4,4.17880593E-5
2.06080000E-4,5.21549575E-5
2.06120000E-4,3.66991368E-6
2.06160000E-4,5.16973369E-5
2.06200000E-4,3.32553820E-5
2.06240000E-4,3.15806440E-5
2.06280000E-4,3.93857535E-5
2.06320000E-4,3.21865514E-5
2.06360000E-4,3.66066701E-5
2.06400000E-4,3.99686774E-5
2.06440000E-4,3.17233137E-5
2.06480000E-4,4.19780598E-5
2.06520000E-4,3.08155778E-5
2.06560000E-4,4.54494727E-5
2.06600000E-4,2.62365579E-5
2.06640000E-4,2.67057276E-5
2.06680000E-4,-4.80742185E-6
2.06720000E-4,4.79312005E-5
2.06760000E-4,5.19765346E-5
2.06800000E-4,2.43392800E-5
2.06840000E-4,3.77248056E-5
2.06880000E-4,2.15481230E-5
2.06920000E-4,-3.44967564E-6
2.06960000E-4,1.52159922E-5
2.07000000E-4,3.22080950E-5
2.07040000E-4,5.09126917E-5
2.07080000E-4,5.91676113E-5
2.07120000E-4,6.21303152E-5
2.07160000E-4,2.09352442E-5
2.07200000E-4,5.39591092E-5
2.07240000E-4,2.76408339E-5
2.07280000E-4,6.10667490E-5
2.07320000E-4,2.66072225E-5
2.07360000E-4,2.92520668E-5
2.07400000E-4,3.06128457E-5
2.07440000E-4,8.20741055E-6
2.07480000E-4,3.06549504E-5
2.07520000E-4,4.13191376E-5
2.07560000E-4,2.11373850E-5
2.07600000E-4,5.35152596E-5
2.07640000E-4,5.23458927E-5
2.07680000E-4,3.29931502E-5
2.07720000E-4,3.19220308E-5
2.07760000E-4,6.52458550E-5
2.07800000E-4,1.49061624E-5
2.07840000E-4,7.21174699E-5
2.07880000E-4,2.60899210E-5
2.07920000E-4,3.84116991E-5
2.07960000E-4,5.26658027E-5
2.08000000E-4,2.79566718E-5
2.08040000E-4,2.64029932E-5
2.08080000E-4,8.86480134E-5
2.08120000E-4,4.63153041E-5
2.08160000E-4,7.19470578E-5
2.08200000E-4,9.32800957E-5
2.08240000E-4,1.81593365E-5
2.08280000E-4,5.44418115E-5
2.08320000E-4,3.88157042E-5
2.08360000E-4,3.64172513E-5
2.08400000E-4,6.07926057E-5
2.08440000E-4,2.60255193E-5
2.08480000E-4,4.17063580E-5
2.08520000E-4,3.62279469E-5
2.08560000E-4,2.23666141E-5
2.08600000E-4,4.33250677E-5
2.08640000E-4,2.16030070E-5
2.08680000E-4,2.88989974E-5
2.08720000E-4,1.53335611E-5
2.08760000E-4,4.81280579E-5
2.08800000E-4,4.81541409E-5
2.08840000E-4,4.27009068E-5
2.08880000E-4,9.84909423E-6
2.08920000E-4,1.83788914E-5
2.08960000E-4,5.11936156E-5
2.09000000E-4,2.81788112E-5
2.09040000E-4,3.96438273E-5
2.09080000E-4,5.31747597E-5
2.09120000E-4,3.82724722E-5
2.09160000E-4,4.94065252E-5
2.09200000E-4,4.47500670E-5
2.09240000E-4,3.84333857E-5
2.09280000E-4,4.57035316E-5
2.09320000E-4,1.62216227E-5
2.09360000E-4,4.77722039E-5
2.09400000E-4,5.34520214E-5
2.09440000E-4,6.32463145E-5
2.09480000E-4,3.68859918E-5
2.09520000E-4,3.48887783E-5
2.09560000E-4,4.74943890E-5
2.09600000E-4,4.36110746E-5
2.09640000E-4,4.16282425E-5
2.09680000E-4,4.12324963E-5
2.09720000E-4,3.72025163E-5
2.09760000E-4,2.35566948E-5
2.09800000E-4,3.43359714E-5
2.09840000E-4,3.90608557E-5
2.09880000E-4,3.73558576E-5
2.09920000E-4,5.60238619E-5
2.09960000E-4,7.41570170E-5
2.10000000E-4,2.53207921E-5
2.10040000E-4,5.38386983E-5
2.10080000E-4,6.04980157E-5
2.10120000E-4,6.38590789E-5
2.10160000E-4,2.42835663E-5
2.10200000E-4,5.35745114E-5
2.10240000E-4,6.53443505E-5
2.10280000E-4,8.10252368E-5
2.10320000E-4,6.08264516E-5
2.10360000E-4,4.09271202E-5
2.10400000E-4,8.74400497E-6
2.10440000E-4,2.20496413E-5
2.10480000E-4,3.37177043E-5
2.10520000E-4,5.77494022E-5
2.10560000E-4,4.49317038E-5
2.10600000E-4,3.52219349E-5
2.10640000E-4,3.30167059E-5
2.10680000E-4,5.90240261E-5
2.10720000E-4,4.40348112E-5
2.10760000E-4,4.51146662E-5
2.10800000E-4,6.29365897E-5
2.10840000E-4,6.76918486E-5
2.10880000E-4,3.14765504E-5
2.10920000E-4,3.29911951E-5
2.10960000E-4,3.30201582E-5
2.11000000E-4,3.06284096E-5
2.11040000E-4,1.16919365E-5
2.11080000E-4,2.99891426E-5
2.11120000E-4,3.29807905E-5
2.11160000E-4,4.58427680E-5
2.11200000E-4,6.86033515E-5
2.11240000E-4,4.69722427E-5
2.11280000E-4,2.74695731E-5
2.11320000E-4,4.14852867E-5
2.11360000E-4,8.78411762E-5
2.11400000E-4,4.50541842E-5
2.11440000E-4,2.15525004E-5
2.11480000E-4,5.78147956E-5
2.11520000E-4,6.92857913E-5
2.11560000E-4,3.29365496E-5
2.11600000E-4,4.66895546E-5
2.11640000E-4,3.66228062E-5
2.11680000E-4,5.27651279E-5
2.11720000E-4,3.54363018E-5
2.11760000E-4,5.58133955E-5
2.11800000E-4,4.50005305E-5
2.11840000E-4,5.51225252E-5
2.11880000E-4,6.59924962E-5
2.11920000E-4,7.45149691E-5
2.11960000E-4,7.70232758E-5
2.12000000E-4,1.60636275E-5
2.12040000E-4,7.61016163E-5
2.12080000E-4,4.57486117E-5
2.12120000E-4,5.37234753E-5
2.12160000E-4,8.47108259E-5
2.12200000E-4,4.14673958E-5
2.12240000E-4,2.09305235E-5
2.12280000E-4,7.47818931E-5
2.12320000E-4,3.53081184E-5
2.12360000E-4,6.69623830E-5
2.12400000E-4,3.26102976E-5
2.12440000E-4,2.47898434E-5
2.12480000E-4,6.20601248E-5
2.12520000E-4,7.15720921E-5
2.12560000E-4,3.79052408E-5
2.12600000E-4,4.70057167E-5
2.12640000E-4,3.78475816E-5
2.12680000E-4,3.79078237E-6
2.12720000E-4,5.06497923E-5
2.12760000E-4,6.30029082E-5
2.12800000E-4,6.15158724E-5
2.12840000E-4,3.43156009E-5
2.12880000E-4,3.18190530E-5
2.12920000E-4,3.48971515E-5
2.12960000E-4,2.71974230E-5
2.13000000E-4,7.89432703E-5
2.13040000E-4,1.27608147E-5
2.13080000E-4,3.39702277E-5
2.13120000E-4,6.61509397E-5
2.13160000E-4,6.40047622E-5
2.13200000E-4,6.26628470E-5
2.13240000E-4,1.43339006E-5
2.13280000E-4,3.20190576E-5
2.13320000E-4,8.47497454E-5
2.13360000E-4,7.58933529E-5
2.13400000E-4,3.54295975E-5
2.13440000E-4,5.39375371E-5
2.13480000E-4,6.56096627E-5
2.13520000E-4,2.92027794E-6
2.13560000E-4,4.79876008E-5
2.13600000E-4,2.48300408E-5
2.13640000E-4,6.52581097E-5
2.13680000E-4,4.31524907E-5
2.13720000E-4,6.43448425E-5
2.13760000E-4,5.30738323E-5
2.13800000E-4,4.81271710E-5
2.13840000E-4,1.23666039E-5
2.13880000E-4,5.18028610E-5
2.13920000E-4,4.13629112E-5
2.13960000E-4,8.87873166E-5
2.14000000E-4,5.16035239E-5
2.14040000E-4,3.73764093E-5
2.14080000E-4,5.62069960E-5
2.14120000E-4,4.85543599E-5
2.14160000E-4,5.18920963E-5
2.14200000E-4,4.59214652E-5
2.14240000E-4,7.67996869E-5
2.14280000E-4,1.38942376E-5
2.14320000E-4,4.81551995E-5
2.14360000E-4,3.11569646E-5
2.14400000E-4,-4.47232929E-6
2.14440000E-4,3.94602927E-5
2.14480000E-4,9.02026537E-6
2.14520000E-4,2.09425493E-5
2.14560000E-4,5.27758934E-6
2.14600000E-4,3.74007375E-5
2.14640000E-4,4.08254585E-5
2.14680000E-4,5.45244664E-5
2.14720000E-4,3.01900723E-5
2.14760000E-4,5.20047061E-5
2.14800000E-4,4.78897728E-5
2.14840000E-4,5.59244223E-5
2.14880000E-4,2.72692061E-5
2.14920000E-4,2.14793726E-5
2.14960000E-4,6.30000091E-5
2.15000000E-4,4.52672732E-5
2.15040000E-4,6.89554385E-5
2.15080000E-4,3.42135387E-5
2.15120000E-4,3.67310387E-5
2.15160000E-4,4.55441344E-5
2.15200000E-4,5.12860076E-5
2.15240000E-4,4.68792595E-5
2.15280000E-4,7.71206746E-5
2.15320000E-4,6.82055739E-5
2.15360000E-4,5.93150303E-5
2.15400000E-4,5.90510914E-5
2.15440000E-4,5.29661339E-5
2.15480000E-4,4.10191688E-5
2.15520000E-4,5.11345736E-5
2.15560000E-4,4.40224802E-5
2.15600000E-4,6.26874518E-5
2.15640000E-4,3.26138262E-5
2.15680000E-4,7.78679357E-5
2.15720000E-4,3.07066777E-5
2.15760000E-4,7.11601239E-5
2.15800000E-4,3.74601133E-5
2.15840000E-4,3.31442503E-5
2.15880000E-4,2.03819986E-5
2.15920000E-4,3.33113039E-6
2.15960000E-4,7.38474448E-5
2.16000000E-4,3.69955403E-5
2.16040000E-4,2.30445144E-5
2.16080000E-4,7.14374238E-5
2.16120000E-4,6.65052297E-5
2.16160000E-4,5.82683059E-5
2.16200000E-4,4.19903145E-5
2.16240000E-4,7.18376046E-5
2.16280000E-4,4.94226518E-5
2.16320000E-4,8.61748210E-5
2.16360000E-4,6.35740638E-5
2.16400000E-4,4.34230195E-5
2.16440000E-4,3.84974917E-5
2.16480000E-4,2.28695247E-5
2.16520000E-4,8.20109833E-5
2.16560000E-4,5.93792222E-5
2.16600000E-4,1.66399901E-5
2.16640000E-4,5.88301918E-5
2.16680000E-4,5.43953389E-5
2.16720000E-4,3.05515244E-5
2.16760000E-4,7.22497636E-5
2.16800000E-4,5.49524850E-5
2.16840000E-4,2.16688677E-5
2.16880000E-4,7.48508819E-5
2.16920000E-4,3.33886866E-5
2.16960000E-4,4.15797482E-5
2.17000000E-4,6.79542330E-5
2.17040000E-4,4.63461364E-5
2.17080000E-4,7.40065749E-5
2.17120000E-4,4.12211761E-5
2.17160000E-4,4.78825345E-5
2.17200000E-4,5.25668209E-5
2.17240000E-4,7.27150900E-5
2.17280000E-4,4.76197018E-5
2.17320000E-4,5.21080558E-5
2.17360000E-4,9.40381905E-5
2.17400000E-4,2.87356140E-5
2.17440000E-4,1.00355090E-5
2.17480000E-4,5.84543869E-5
2.17520000E-4,7.76304231E-5
2.17560000E-4,-1.26128556E-5
2.17600000E-4,5.73271915E-5
2.17640000E-4,3.29071001E-5
2.17680000E-4,2.93871071E-5
2.17720000E-4,1.04432715E-5
2.17760000E-4,2.26642924E-6
2.17800000E-4,3.39919620E-5
2.17840000E-4,4.42616713E-5
2.17880000E-4,4.50708544E-5
2.17920000E-4,5.19041221E-5
2.17960000E-4,5.63387080E-5
2.18000000E-4,2.18951651E-5
2.18040000E-4,7.46700175E-5
2.18080000E-4,7.42776473E-5
2.18120000E-4,2.44654606E-5
2.18160000E-4,7.95878397E-5
2.18200000E-4,4.31963025E-5
2.18240000E-4,5.44137734E-5
2.18280000E-4,5.36651104E-5
2.18320000E-4,4.88191095E-5
2.18360000E-4,4.94682661E-5
2.18400000E-4,4.23314152E-5
2.18440000E-4,8.29623402E-5
2.18480000E-4,4.35634576E-5
2.18520000E-4,1.99626966E-5
2.18560000E-4,3.37682013E-5
2.18600000E-4,4.25970612E-5
2.18640000E-4,2.10840078E-5
2.18680000E-4,4.10993824E-5
2.18720000E-4,1.66293757E-5
2.18760000E-4,5.61654730E-5
2.18800000E-4,5.52270097E-5
2.18840000E-4,4.17410431E-5
2.18880000E-4,4.17820225E-5
2.18920000E-4,5.62835284E-5
2.18960000E-4,5.16304175E-5
2.19000000E-4,7.77616964E-5
2.19040000E-4,3.91069182E-5
2.19080000E-4,6.33651138E-5
2.19120000E-4,1.55616896E-5
2.19160000E-4,-1.19045521E-5
2.19200000E-4,4.28428613E-5
2.19240000E-4,3.92308291E-5
2.19280000E-4,7.51787265E-5
2.19320000E-4,6.06634401E-5
2.19360000E-4,4.72327770E-5
2.19400000E-4,2.47140740E-5
2.19440000E-4,2.14135405E-5
2.19480000E-4,6.49974133E-5
2.19520000E-4,7.07945710E-5
2.19560000E-4,4.67911590E-5
2.19600000E-4,5.83040210E-5
2.19640000E-4,4.32846795E-5
2.19680000E-4,6.63861348E-5
2.19720000E-4,4.15106545E-5
2.19760000E-4,6.30895495E-5
2.19800000E-4,6.23714613E-5
2.19840000E-4,3.88648375E-5
2.19880000E-4,5.53005666E-5
2.19920000E-4,2.90330650E-5
2.19960000E-4,9.49800855E-6
2.20000000E-4,3.56108910E-5
2.20040000E-4,5.46817464E-5
2.20080000E-4,4.07801113E-5
2.20120000E-4,3.51229339E-5
2.20160000E-4,5.50983400E-5
2.20200000E-4,1.22364273E-5
2.20240000E-4,2.87270881E-5
2.20280000E-4,2.39933632E-5
2.20320000E-4,5.43129987E-5
2.20360000E-4,4.87224069E-5
2.20400000E-4,5.07051817E-5
2.20440000E-4,7.80213437E-5
2.20480000E-4,4.43632853E-5
2.20520000E-4,6.22463393E-5
2.20560000E-4,5.18222110E-5
2.20600000E-4,3.67569310E-5
2.20640000E-4,6.02419541E-5
2.20680000E-4,5.97438023E-5
2.20720000E-4,2.21745154E-5
2.20760000E-4,6.75922373E-5
2.20800000E-4,-1.59349151E-6
2.20840000E-4,4.90773740E-5
2.20880000E-4,3.91564520E-5
2.20920000E-4,6.94109706E-5
2.20960000E-4,2.67121553E-5
2.21000000E-4,7.29659063E-5
2.21040000E-4,6.15169977E-5
2.21080000E-4,2.41568897E-5
2.21120000E-4,3.22807649E-5
2.21160000E-4,4.09953747E-5
2.21200000E-4,2.74460745E-5
2.21240000E-4,1.71798175E-5
2.21280000E-4,6.38171459E-5
2.21320000E-4,5.05456416E-5
2.21360000E-4,3.84347780E-5
2.21400000E-4,4.54450381E-5
2.21440000E-4,5.31755799E-5
2.21480000E-4,1.47163145E-5
2.21520000E-4,1.62819522E-5
2.21560000E-4,4.46945917E-5
2.21600000E-4,1.72561496E-5
2.21640000E-4,2.96554901E-5
2.21680000E-4,5.96835587E-5
2.21720000E-4,4.47508967E-5
2.21760000E-4,5.75153896E-5
2.21800000E-4,6.61668374E-5
2.21840000E-4,3.96079978E-5
2.21880000E-4,3.70631940E-5
2.21920000E-4,5.44350785E-5
2.21960000E-4,4.92354074E-5
2.22000000E-4,2.94174339E-5
2.22040000E-4,2.61581754E-5
2.22080000E-4,3.97420939E-5
2.22120000E-4,3.79906900E-5
2.22160000E-4,1.89292664E-5
2.22200000E-4,4.24464761E-5
2.22240000E-4,3.80683573E-5
2.22280000E-4,4.51779139E-5
2.22320000E-4,3.85289534E-5
2.22360000E-4,5.35673588E-5
2.22400000E-4,3.53638607E-5
2.22440000E-4,4.56732142E-5
2.22480000E-4,8.36747827E-5
2.22520000E-4,6.92194156E-5
2.22560000E-4,4.33331739E-5
2.22600000E-4,1.93464894E-5
2.22640000E-4,4.15497647E-5
2.22680000E-4,6.52157570E-5
2.22720000E-4,1.22810402E-5
2.22760000E-4,5.20248477E-5
2.22800000E-4,5.55569429E-5
2.22840000E-4,3.35013156E-5
2.22880000E-4,3.52535110E-5
2.22920000E-4,5.26563614E-5
2.22960000E-4,4.50879157E-5
2.23000000E-4,4.57751048E-5
2.23040000E-4,2.14900633E-5
2.23080000E-4,4.85254159E-5
2.23120000E-4,4.33178007E-5
2.23160000E-4,7.41944392E-5
2.23200000E-4,4.16358433E-5
2.23240000E-4,4.63324512E-5
2.23280000E-4,4.55178130E-5
2.23320000E-4,5.23089950E-5
2.23360000E-4,4.44115698E-5
2.23400000E-4,4.26620542E-5
2.23440000E-4,4.41749155E-5
2.23480000E-4,1.73333972E-5
2.23520000E-4,5.67557307E-5
2.23560000E-4,3.95216903E-5
2.23600000E-4,3.80360182E-5
2.23640000E-4,2.06683298E-5
2.23680000E-4,1.63228743E-5
2.23720000E-4,5.71522876E-5
2.23760000E-4,6.10653852E-5
2.23800000E-4,5.48655862E-5
2.23840000E-4,4.89497056E-5
2.23880000E-4,7.52501853E-5
2.23920000E-4,4.98092031E-6
2.23960000E-4,4.78709759E-5
2.24000000E-4,8.63196841E-5
2.24040000E-4,6.78875044E-5
2.24080000E-4,5.77313682E-5
2.24120000E-4,5.91323921E-5
2.24160000E-4,5.16782539E-5
2.24200000E-4,4.72647728E-5
2.24240000E-4,2.38198040E-5
2.24280000E-4,5.14349620E-5
2.24320000E-4,1.44310800E-5
2.24360000E-4,1.24234524E-5
2.24400000E-4,2.57265710E-5
2.24440000E-4,3.62224823E-5
2.24480000E-4,6.95198230E-5
2.24520000E-4,3.41384654E-5
2.24560000E-4,1.89734025E-5
2.24600000E-4,8.63171760E-5
2.24640000E-4,2.76493979E-5
2.24680000E-4,4.17093239E-5
2.24720000E-4,4.61743320E-5
2.24760000E-4,3.06915810E-5
2.24800000E-4,5.32048004E-5
2.24840000E-4,3.05506852E-5
2.24880000E-4,4.84107652E-5
2.24920000E-4,2.88559963E-5
2.24960000E-4,5.82082149E-5
2.25000000E-4,2.82329989E-5
2.25040000E-4,4.76692833E-5
2.25080000E-4,7.52993854E-5
2.25120000E-4,6.20453429E-5
2.25160000E-4,7.08378487E-5
2.25200000E-4,6.70344713E-5
2.25240000E-4,3.47022014E-5
2.25280000E-4,8.74766723E-5
2.25320000E-4,8.78770233E-6
2.25360000E-4,2.28012130E-5
2.25400000E-4,5.00706163E-5
2.25440000E-4,3.90712508E-5
2.25480000E-4,1.98461766E-5
2.25520000E-4,7.28746763E-6
