-1.43600000E-5,-2.52167417E-6
-1.43200000E-5,6.82743338E-5
-1.42800000E-5,5.51018590E-5
-1.42400000E-5,4.90227079E-6
-1.42000000E-5,2.87350036E-5
-1.41600000E-5,8.25484631E-6
-1.41200000E-5,5.92321274E-5
-1.40800000E-5,3.04021409E-5
-1.40400000E-5,6.51082302E-5
-1.40000000E-5,2.28699062E-5
-1.39600000E-5,6.01626275E-5
-1.39200000E-5,8.13135994E-5
-1.38800000E-5,7.69145760E-5
-1.38400000E-5,1.74652523E-5
-1.38000000E-5,3.50892883E-5
-1.37600000E-5,3.01088955E-5
-1.37200000E-5,3.93301448E-5
-1.36800000E-5,7.01016598E-5
-1.36400000E-5,3.82283075E-5
-1.36000000E-5,3.86949022E-5
-1.35600000E-5,6.11082529E-5
-1.35200000E-5,3.92574462E-5
-1.34800000E-5,2.93583252E-5
-1.34400000E-5,7.52802261E-5
-1.34000000E-5,6.06850980E-5
-1.33600000E-5,2.63042593E-5
-1.33200000E-5,4.50417101E-5
-1.32800000E-5,5.21282928E-5
-1.32400000E-5,3.10656980E-5
-1.32000000E-5,5.91965267E-5
-1.31600000E-5,3.98454627E-5
-1.31200000E-5,7.19233399E-5
-1.30800000E-5,3.85661181E-5
-1.30400000E-5,2.13285681E-5
-1.30000000E-5,2.20779845E-5
-1.29600000E-5,5.29924648E-5
-1.29200000E-5,1.26915303E-5
-1.28800000E-5,4.03245220E-5
-1.28400000E-5,4.32637082E-5
-1.28000000E-5,4.90924707E-5
-1.27600000E-5,2.84884883E-5
-1.27200000E-5,5.00169626E-5
-1.26800000E-5,6.07313608E-5
-1.26400000E-5,5.18889110E-5
-1.26000000E-5,1.97030206E-5
-1.25600000E-5,1.53055994E-5
-1.25200000E-5,3.94569358E-5
-1.24800000E-5,2.96879246E-5
-1.24400000E-5,5.29797810E-5
-1.24000000E-5,2.45556401E-5
-1.23600000E-5,1.35062543E-5
-1.23200000E-5,3.94829997E-5
-1.22800000E-5,3.50655609E-5
-1.22400000E-5,3.95892772E-5
-1.22000000E-5,3.11876824E-5
-1.21600000E-5,3.53575188E-5
-1.21200000E-5,2.97486450E-5
-1.20800000E-5,4.10984573E-5
-1.20400000E-5,5.55959085E-6
-1.20000000E-5,2.64381552E-5
-1.19600000E-5,2.49974488E-5
-1.19200000E-5,1.99584718E-5
-1.18800000E-5,3.90794142E-5
-1.18400000E-5,5.82250950E-5
-1.18000000E-5,3.64449746E-5
-1.17600000E-5,3.34658007E-5
-1.17200000E-5,4.96851221E-5
-1.16800000E-5,4.90143838E-5
-1.16400000E-5,7.14614468E-5
-1.16000000E-5,6.70470407E-5
-1.15600000E-5,1.00877466E-4
-1.15200000E-5,7.13712674E-5
-1.14800000E-5,2.61250448E-5
-1.14400000E-5,3.96542987E-5
-1.14000000E-5,5.61349364E-5
-1.13600000E-5,6.68687036E-5
-1.13200000E-5,7.10093766E-5
-1.12800000E-5,3.80721624E-5
-1.12400000E-5,6.03733419E-5
-1.12000000E-5,5.18306606E-5
-1.11600000E-5,8.76774685E-5
-1.11200000E-5,4.94902292E-5
-1.10800000E-5,3.19453863E-5
-1.10400000E-5,4.61972106E-5
-1.10000000E-5,4.70398487E-5
-1.09600000E-5,6.09886430E-5
-1.09200000E-5,6.93242435E-5
-1.08800000E-5,2.33389423E-5
-1.08400000E-5,4.57411826E-5
-1.08000000E-5,1.88579697E-5
-1.07600000E-5,6.12475466E-5
-1.07200000E-5,4.33440648E-5
-1.06800000E-5,6.19676375E-5
-1.06400000E-5,5.23711841E-5
-1.06000000E-5,4.41489946E-5
-1.05600000E-5,2.41894005E-5
-1.05200000E-5,1.90464825E-5
-1.04800000E-5,2.88484146E-5
-1.04400000E-5,4.43266069E-5
-1.04000000E-5,5.02505366E-5
-1.03600000E-5,2.16955611E-5
-1.03200000E-5,3.04207375E-5
-1.02800000E-5,2.62271165E-5
-1.02400000E-5,7.44946559E-5
-1.02000000E-5,5.16427295E-5
-1.01600000E-5,5.94124005E-5
-1.01200000E-5,4.17518006E-5
-1.00800000E-5,3.98819694E-5
-1.00400000E-5,3.09494641E-5
-1.00000000E-5,3.36462264E-5
-9.96000000E-6,2.59378004E-5
-9.92000000E-6,4.54874671E-5
-9.88000000E-6,7.69329247E-5
-9.84000000E-6,3.14721254E-5
-9.80000000E-6,2.67037058E-5
-9.76000000E-6,6.49523140E-5
-9.72000000E-6,4.16180477E-5
-9.68000000E-6,4.52723563E-5
-9.64000000E-6,7.52017291E-5
-9.60000000E-6,4.54754413E-5
-9.56000000E-6,2.40723084E-5
-9.52000000E-6,5.52842588E-5
-9.48000000E-6,4.14459763E-5
-9.44000000E-6,5.15888278E-5
-9.40000000E-6,7.38752634E-5
-9.36000000E-6,1.81095436E-6
-9.32000000E-6,2.50568707E-6
-9.28000000E-6,7.46199019E-5
-9.24000000E-6,1.57159655E-5
-9.20000000E-6,2.80177070E-5
-9.16000000E-6,4.56629146E-5
-9.12000000E-6,8.20889176E-5
-9.08000000E-6,4.47132170E-5
-9.04000000E-6,3.89360770E-5
-9.00000000E-6,6.59964730E-5
-8.96000000E-6,6.02171681E-5
-8.92000000E-6,2.23817584E-5
-8.88000000E-6,6.74456385E-5
-8.84000000E-6,8.03968322E-5
-8.80000000E-6,6.13778089E-5
-8.76000000E-6,6.02897332E-5
-8.72000000E-6,4.40375292E-5
-8.68000000E-6,9.03533167E-5
-8.64000000E-6,5.14835326E-5
-8.60000000E-6,7.32780153E-5
-8.56000000E-6,4.92294565E-5
-8.52000000E-6,6.85035971E-5
-8.48000000E-6,2.09976049E-5
-8.44000000E-6,4.71702732E-5
-8.40000000E-6,3.93355044E-5
-8.36000000E-6,4.36021577E-5
-8.32000000E-6,5.68347998E-5
-8.28000000E-6,2.29428050E-5
-8.24000000E-6,9.59619424E-5
-8.20000000E-6,4.82448544E-5
-8.16000000E-6,4.81538739E-5
-8.12000000E-6,2.69099379E-5
-8.08000000E-6,5.90513489E-5
-8.04000000E-6,6.57724549E-5
-8.00000000E-6,5.72029277E-5
-7.96000000E-6,3.80133684E-5
-7.92000000E-6,6.74016645E-5
-7.88000000E-6,3.07784512E-5
-7.84000000E-6,5.58810205E-5
-7.80000000E-6,5.17657535E-5
-7.76000000E-6,5.13668220E-5
-7.72000000E-6,2.14555880E-5
-7.68000000E-6,5.60186644E-5
-7.64000000E-6,4.31193410E-5
-7.60000000E-6,3.45111709E-5
-7.56000000E-6,5.21575897E-5
-7.52000000E-6,3.34035544E-5
-7.48000000E-6,4.61057342E-5
-7.44000000E-6,7.22950727E-5
-7.40000000E-6,5.13337962E-5
-7.36000000E-6,5.66081782E-5
-7.32000000E-6,4.67957939E-5
-7.28000000E-6,5.17748897E-5
-7.24000000E-6,8.04988181E-5
-7.20000000E-6,2.73851061E-5
-7.16000000E-6,7.04084854E-5
-7.12000000E-6,7.71884141E-5
-7.08000000E-6,8.44935884E-5
-7.04000000E-6,2.86643459E-5
-7.00000000E-6,3.48700862E-5
-6.96000000E-6,2.63975572E-5
-6.92000000E-6,5.11267916E-5
-6.88000000E-6,3.75187166E-5
-6.84000000E-6,7.18445188E-5
-6.80000000E-6,5.15130202E-5
-6.76000000E-6,3.85113390E-5
-6.72000000E-6,5.62685080E-5
-6.68000000E-6,5.42713517E-5
-6.64000000E-6,7.30965502E-5
-6.60000000E-6,3.00430634E-5
-6.56000000E-6,7.20572549E-5
-6.52000000E-6,6.17018770E-5
-6.48000000E-6,5.04037157E-5
-6.44000000E-6,6.45867134E-5
-6.40000000E-6,4.68724502E-5
-6.36000000E-6,3.48916965E-5
-6.32000000E-6,2.72093249E-5
-6.28000000E-6,5.64304514E-5
-6.24000000E-6,5.19176833E-5
-6.20000000E-6,4.47593748E-5
-6.16000000E-6,2.12410303E-5
-6.12000000E-6,1.57441943E-5
-6.08000000E-6,3.05668309E-5
-6.04000000E-6,5.65549059E-5
-6.00000000E-6,5.08213107E-5
-5.96000000E-6,4.22011338E-5
-5.92000000E-6,7.18016320E-5
-5.88000000E-6,4.84050145E-5
-5.84000000E-6,3.12514546E-5
-5.80000000E-6,4.47414362E-5
-5.76000000E-6,5.38709515E-5
-5.72000000E-6,6.23499178E-5
-5.68000000E-6,2.57502889E-5
-5.64000000E-6,4.31441556E-5
-5.60000000E-6,5.91116211E-5
-5.56000000E-6,4.26712857E-5
-5.52000000E-6,7.30862409E-5
-5.48000000E-6,5.12502829E-5
-5.44000000E-6,5.61785765E-5
-5.40000000E-6,6.29124236E-5
-5.36000000E-6,4.49441588E-5
-5.32000000E-6,7.45884402E-5
-5.28000000E-6,6.94168929E-5
-5.24000000E-6,4.56747211E-5
-5.20000000E-6,7.28745634E-5
-5.16000000E-6,4.30269109E-5
-5.12000000E-6,3.99848327E-5
-5.08000000E-6,5.06439272E-5
-5.04000000E-6,3.96962794E-5
-5.00000000E-6,4.48278868E-5
-4.96000000E-6,4.63006652E-5
-4.92000000E-6,5.60936709E-5
-4.88000000E-6,4.50395262E-5
-4.84000000E-6,7.43781169E-5
-4.80000000E-6,7.12142354E-5
-4.76000000E-6,2.74659205E-5
-4.72000000E-6,7.50621970E-5
-4.68000000E-6,4.45589888E-5
-4.64000000E-6,5.63326426E-5
-4.60000000E-6,5.89774868E-5
-4.56000000E-6,5.74050685E-5
-4.52000000E-6,1.78112930E-5
-4.48000000E-6,1.12710800E-5
-4.44000000E-6,5.14551227E-5
-4.40000000E-6,-2.69673064E-6
-4.36000000E-6,4.63165821E-5
-4.32000000E-6,7.17899400E-5
-4.28000000E-6,6.19254469E-5
-4.24000000E-6,1.13582744E-5
-4.20000000E-6,7.12998276E-5
-4.16000000E-6,5.20139568E-5
-4.12000000E-6,7.29608232E-5
-4.08000000E-6,5.75366660E-5
-4.04000000E-6,6.05602334E-5
-4.00000000E-6,4.94627824E-5
-3.96000000E-6,3.39198546E-5
-3.92000000E-6,5.14382903E-5
-3.88000000E-6,1.41973535E-5
-3.84000000E-6,4.66555847E-5
-3.80000000E-6,6.74482897E-5
-3.76000000E-6,9.51591012E-5
-3.72000000E-6,2.89100601E-5
-3.68000000E-6,3.27873186E-5
-3.64000000E-6,4.73014702E-5
-3.60000000E-6,2.48199319E-5
-3.56000000E-6,3.66908032E-5
-3.52000000E-6,3.91318949E-5
-3.48000000E-6,4.72833408E-5
-3.44000000E-6,1.17470874E-5
-3.40000000E-6,3.39993243E-5
-3.36000000E-6,3.47524791E-5
-3.32000000E-6,2.83605720E-5
-3.28000000E-6,7.55906456E-6
-3.24000000E-6,2.89594223E-5
-3.20000000E-6,7.44324191E-5
-3.16000000E-6,2.36090038E-5
-3.12000000E-6,4.27016507E-5
-3.08000000E-6,1.53519385E-5
-3.04000000E-6,2.92234756E-5
-3.00000000E-6,2.98075249E-5
-2.96000000E-6,4.42334044E-5
-2.92000000E-6,3.00005963E-5
-2.88000000E-6,2.13052111E-6
-2.84000000E-6,5.46647424E-5
-2.80000000E-6,3.52312618E-5
-2.76000000E-6,3.68752820E-5
-2.72000000E-6,2.48989724E-5
-2.68000000E-6,4.39100801E-5
-2.64000000E-6,1.40226308E-5
-2.60000000E-6,2.35272453E-5
-2.56000000E-6,4.24536477E-5
-2.52000000E-6,2.66468573E-5
-2.48000000E-6,1.89446206E-5
-2.44000000E-6,1.55969565E-5
-2.40000000E-6,2.79947902E-5
-2.36000000E-6,9.66845877E-6
-2.32000000E-6,3.83603819E-5
-2.28000000E-6,1.52070753E-5
-2.24000000E-6,3.17058233E-5
-2.20000000E-6,2.43768833E-5
-2.16000000E-6,4.84104314E-5
-2.12000000E-6,3.09561303E-5
-2.08000000E-6,3.11748841E-5
-2.04000000E-6,5.66523619E-5
-2.00000000E-6,3.76731069E-5
-1.96000000E-6,1.19919910E-5
-1.92000000E-6,2.42908810E-5
-1.88000000E-6,4.40902292E-5
-1.84000000E-6,1.32929841E-5
-1.80000000E-6,1.01092375E-5
-1.76000000E-6,4.42707216E-5
-1.72000000E-6,4.20271073E-5
-1.68000000E-6,2.43375061E-5
-1.64000000E-6,2.34903095E-5
-1.60000000E-6,4.35934221E-5
-1.56000000E-6,-2.32952558E-8
-1.52000000E-6,2.86710216E-5
-1.48000000E-6,5.44257993E-5
-1.44000000E-6,-1.13124253E-5
-1.40000000E-6,8.24311611E-6
-1.36000000E-6,1.04724730E-5
-1.32000000E-6,9.40281277E-6
-1.28000000E-6,3.39750819E-5
-1.24000000E-6,3.24933008E-5
-1.20000000E-6,-1.57583598E-5
-1.16000000E-6,1.01920355E-5
-1.12000000E-6,3.72981508E-5
-1.08000000E-6,4.37935507E-5
-1.04000000E-6,2.21089122E-5
-1.00000000E-6,3.89591368E-5
-9.60000000E-7,3.20910600E-5
-9.20000000E-7,5.37715596E-5
-8.80000000E-7,3.37583117E-5
-8.40000000E-7,3.30720953E-5
-8.00000000E-7,4.70301960E-6
-7.60000000E-7,3.25480989E-5
-7.20000000E-7,3.58872944E-5
-6.80000000E-7,3.18706945E-5
-6.40000000E-7,3.06817868E-5
-6.00000000E-7,8.84577157E-6
-5.60000000E-7,3.64479691E-5
-5.20000000E-7,3.97235736E-5
-4.80000000E-7,7.83201570E-6
-4.40000000E-7,2.10266157E-5
-4.00000000E-7,2.78024436E-5
-3.60000000E-7,5.40199536E-5
-3.20000000E-7,3.40741973E-5
-2.80000000E-7,5.02365175E-5
-2.40000000E-7,5.29125088E-5
-2.00000000E-7,3.45541339E-5
-1.60000000E-7,2.57844686E-5
-1.20000000E-7,-5.11309509E-7
-8.00000000E-8,7.76539201E-6
-4.00000000E-8,1.77411026E-5
0.00000000E+0,6.12157701E-5
4.00000000E-8,1.72340339E-5
8.00000000E-8,4.45628321E-5
1.20000000E-7,2.27961967E-5
1.60000000E-7,3.72570760E-5
2.00000000E-7,3.03809979E-5
2.40000000E-7,-1.74797230E-5
2.80000000E-7,5.32752601E-8
3.20000000E-7,2.73683978E-5
3.60000000E-7,-1.13251473E-5
4.00000000E-7,1.40651361E-5
4.40000000E-7,-2.33478913E-5
4.80000000E-7,-1.84263784E-5
5.20000000E-7,-6.60994925E-5
5.60000000E-7,-1.30612388E-4
6.00000000E-7,-4.63796711E-5
6.40000000E-7,-8.89879255E-5
6.80000000E-7,-1.17079244E-4
7.20000000E-7,-1.09036784E-4
7.60000000E-7,-2.26340563E-4
8.00000000E-7,-2.01416674E-4
8.40000000E-7,-1.41703717E-4
8.80000000E-7,-2.54583039E-4
9.20000000E-7,-2.02874566E-4
9.60000000E-7,-2.13362447E-4
1.00000000E-6,-2.66634708E-4
1.04000000E-6,-1.85642347E-4
1.08000000E-6,-3.12343911E-4
1.12000000E-6,-3.01797931E-4
1.16000000E-6,-2.65677638E-4
1.20000000E-6,-3.23400964E-4
1.24000000E-6,-3.38922739E-4
1.28000000E-6,-3.82207235E-4
1.32000000E-6,-2.98321950E-4
1.36000000E-6,-3.39049072E-4
1.40000000E-6,-4.71694269E-4
1.44000000E-6,-4.36182334E-4
1.48000000E-6,-4.64254674E-4
1.52000000E-6,-4.44405200E-4
1.56000000E-6,-4.82495356E-4
1.60000000E-6,-4.41415059E-4
1.64000000E-6,-4.87548609E-4
1.68000000E-6,-4.62150677E-4
1.72000000E-6,-4.73954944E-4
1.76000000E-6,-5.91514242E-4
1.80000000E-6,-5.67028433E-4
1.84000000E-6,-5.58321672E-4
1.88000000E-6,-3.97305922E-4
1.92000000E-6,-6.89581484E-4
1.96000000E-6,-6.39050580E-4
2.00000000E-6,-7.54480380E-4
2.04000000E-6,-6.32888222E-4
2.08000000E-6,-7.05427165E-4
2.12000000E-6,-6.83339323E-4
2.16000000E-6,-7.68146724E-4
2.20000000E-6,-6.51205007E-4
2.24000000E-6,-7.23013541E-4
2.28000000E-6,-7.89024373E-4
2.32000000E-6,-7.63425569E-4
2.36000000E-6,-7.59903592E-4
2.40000000E-6,-7.34939401E-4
2.44000000E-6,-7.82918340E-4
2.48000000E-6,-7.47564438E-4
2.52000000E-6,-8.54289890E-4
2.56000000E-6,-8.69102217E-4
2.60000000E-6,-9.25517541E-4
2.64000000E-6,-8.78921459E-4
2.68000000E-6,-8.84531544E-4
2.72000000E-6,-9.92309966E-4
2.76000000E-6,-8.61968151E-4
2.80000000E-6,-9.27819920E-4
2.84000000E-6,-8.99500865E-4
2.88000000E-6,-8.73596990E-4
2.92000000E-6,-9.85682749E-4
2.96000000E-6,-1.06722552E-3
3.00000000E-6,-9.80942368E-4
3.04000000E-6,-9.19876108E-4
3.08000000E-6,-9.28607026E-4
3.12000000E-6,-1.12200522E-3
3.16000000E-6,-1.07882710E-3
3.20000000E-6,-1.07554587E-3
3.24000000E-6,-1.14906709E-3
3.28000000E-6,-1.14439416E-3
3.32000000E-6,-9.67287868E-4
3.36000000E-6,-1.15051924E-3
3.40000000E-6,-1.15799460E-3
3.44000000E-6,-1.15972464E-3
3.48000000E-6,-1.05332842E-3
3.52000000E-6,-1.23251564E-3
3.56000000E-6,-1.22382059E-3
3.60000000E-6,-1.15107710E-3
3.64000000E-6,-1.22300385E-3
3.68000000E-6,-1.27580752E-3
3.72000000E-6,-1.27634527E-3
3.76000000E-6,-1.12211786E-3
3.80000000E-6,-1.21465672E-3
3.84000000E-6,-1.11085445E-3
3.88000000E-6,-1.13597367E-3
3.92000000E-6,-1.21568301E-3
3.96000000E-6,-1.43197156E-3
4.00000000E-6,-1.40729077E-3
4.04000000E-6,-1.39231980E-3
4.08000000E-6,-1.48169236E-3
4.12000000E-6,-1.26295225E-3
4.16000000E-6,-1.21291378E-3
4.20000000E-6,-1.21193427E-3
4.24000000E-6,-1.39790103E-3
4.28000000E-6,-1.42393719E-3
4.32000000E-6,-1.44988834E-3
4.36000000E-6,-1.46030692E-3
4.40000000E-6,-1.44901191E-3
4.44000000E-6,-1.42261932E-3
4.48000000E-6,-1.51908036E-3
4.52000000E-6,-1.44436728E-3
4.56000000E-6,-1.43550968E-3
4.60000000E-6,-1.50742870E-3
4.64000000E-6,-1.34645814E-3
4.68000000E-6,-1.63916285E-3
4.72000000E-6,-1.39046721E-3
4.76000000E-6,-1.57739216E-3
4.80000000E-6,-1.41107129E-3
4.84000000E-6,-1.52829519E-3
4.88000000E-6,-1.66479306E-3
4.92000000E-6,-1.65642965E-3
4.96000000E-6,-1.59932234E-3
5.00000000E-6,-1.58553364E-3
5.04000000E-6,-1.73360394E-3
5.08000000E-6,-1.65661477E-3
5.12000000E-6,-1.59168533E-3
5.16000000E-6,-1.76144855E-3
5.20000000E-6,-1.71410980E-3
5.24000000E-6,-1.66228450E-3
5.28000000E-6,-1.60233514E-3
5.32000000E-6,-1.83610287E-3
5.36000000E-6,-1.62308412E-3
5.40000000E-6,-1.77587542E-3
5.44000000E-6,-1.61250222E-3
5.48000000E-6,-1.50022261E-3
5.52000000E-6,-1.64259254E-3
5.56000000E-6,-1.84027192E-3
5.60000000E-6,-1.76365334E-3
5.64000000E-6,-1.80138309E-3
5.68000000E-6,-1.65627653E-3
5.72000000E-6,-1.78563144E-3
5.76000000E-6,-1.85466403E-3
5.80000000E-6,-1.82694186E-3
5.84000000E-6,-1.85446781E-3
5.88000000E-6,-1.97621723E-3
5.92000000E-6,-1.84087567E-3
5.96000000E-6,-2.05546040E-3
6.00000000E-6,-1.84159877E-3
6.04000000E-6,-1.86740558E-3
6.08000000E-6,-1.78856316E-3
6.12000000E-6,-1.71110202E-3
6.16000000E-6,-2.16575002E-3
6.20000000E-6,-1.86955777E-3
6.24000000E-6,-1.93744757E-3
6.28000000E-6,-1.86934300E-3
6.32000000E-6,-1.89865277E-3
6.36000000E-6,-1.86654967E-3
6.40000000E-6,-2.04624908E-3
6.44000000E-6,-1.95459534E-3
6.48000000E-6,-2.03068658E-3
6.52000000E-6,-1.88717245E-3
6.56000000E-6,-2.03561493E-3
6.60000000E-6,-2.07233547E-3
6.64000000E-6,-1.87848021E-3
6.68000000E-6,-1.97191274E-3
6.72000000E-6,-1.83797993E-3
6.76000000E-6,-1.98027109E-3
6.80000000E-6,-2.04275980E-3
6.84000000E-6,-2.18210258E-3
6.88000000E-6,-1.98211903E-3
6.92000000E-6,-1.88688108E-3
6.96000000E-6,-2.12929438E-3
7.00000000E-6,-2.08378516E-3
7.04000000E-6,-2.05227278E-3
7.08000000E-6,-2.02887141E-3
7.12000000E-6,-2.07892902E-3
7.16000000E-6,-2.15955305E-3
7.20000000E-6,-1.98837114E-3
7.24000000E-6,-2.10934883E-3
7.28000000E-6,-1.93999599E-3
7.32000000E-6,-2.10762712E-3
7.36000000E-6,-2.22673808E-3
7.40000000E-6,-2.24639638E-3
7.44000000E-6,-2.01476305E-3
7.48000000E-6,-2.14393238E-3
7.52000000E-6,-2.08760377E-3
7.56000000E-6,-2.14015597E-3
7.60000000E-6,-2.13550488E-3
7.64000000E-6,-2.15383534E-3
7.68000000E-6,-1.99532438E-3
7.72000000E-6,-2.32299318E-3
7.76000000E-6,-2.22976623E-3
7.80000000E-6,-2.41382655E-3
7.84000000E-6,-2.24169124E-3
7.88000000E-6,-2.05989505E-3
7.92000000E-6,-1.99942405E-3
7.96000000E-6,-2.07422024E-3
8.00000000E-6,-2.02859647E-3
8.04000000E-6,-2.10549403E-3
8.08000000E-6,-2.27661152E-3
8.12000000E-6,-2.23998908E-3
8.16000000E-6,-2.20573382E-3
8.20000000E-6,-2.23369485E-3
8.24000000E-6,-2.16972119E-3
8.28000000E-6,-1.94316772E-3
8.32000000E-6,-2.42924364E-3
8.36000000E-6,-2.34772910E-3
8.40000000E-6,-2.24722315E-3
8.44000000E-6,-2.35280758E-3
8.48000000E-6,-2.18778615E-3
8.52000000E-6,-2.33868892E-3
8.56000000E-6,-2.22387111E-3
8.60000000E-6,-2.41832219E-3
8.64000000E-6,-2.33007955E-3
8.68000000E-6,-2.24724644E-3
8.72000000E-6,-2.43002665E-3
8.76000000E-6,-2.61192953E-3
8.80000000E-6,-2.31597255E-3
8.84000000E-6,-2.32654117E-3
8.88000000E-6,-2.43394092E-3
8.92000000E-6,-2.35399594E-3
8.96000000E-6,-2.37028994E-3
9.00000000E-6,-2.45821075E-3
9.04000000E-6,-2.48436675E-3
9.08000000E-6,-2.30725126E-3
9.12000000E-6,-2.33970660E-3
9.16000000E-6,-2.50367887E-3
9.20000000E-6,-2.46527369E-3
9.24000000E-6,-2.70307314E-3
9.28000000E-6,-2.51064475E-3
9.32000000E-6,-2.46448535E-3
9.36000000E-6,-2.30859974E-3
9.40000000E-6,-2.37275954E-3
9.44000000E-6,-2.45703517E-3
9.48000000E-6,-2.49938766E-3
9.52000000E-6,-2.59992688E-3
9.56000000E-6,-2.44047273E-3
9.60000000E-6,-2.37329617E-3
9.64000000E-6,-2.55628975E-3
9.68000000E-6,-2.38035259E-3
9.72000000E-6,-2.50415377E-3
9.76000000E-6,-2.47985837E-3
9.80000000E-6,-2.64174156E-3
9.84000000E-6,-2.51922379E-3
9.88000000E-6,-2.47814023E-3
9.92000000E-6,-2.59557389E-3
9.96000000E-6,-2.57167829E-3
1.00000000E-5,-2.56217722E-3
1.00400000E-5,-2.96195606E-3
1.00800000E-5,-2.70366081E-3
1.01200000E-5,-2.54562694E-3
1.01600000E-5,-2.51726513E-3
1.02000000E-5,-2.70247982E-3
1.02400000E-5,-2.76158549E-3
1.02800000E-5,-2.59961447E-3
1.03200000E-5,-2.43025187E-3
1.03600000E-5,-2.62097429E-3
1.04000000E-5,-2.69962291E-3
1.04400000E-5,-2.46255865E-3
1.04800000E-5,-2.61355461E-3
1.05200000E-5,-2.55906381E-3
1.05600000E-5,-2.69725598E-3
1.06000000E-5,-2.83240288E-3
1.06400000E-5,-2.52875912E-3
1.06800000E-5,-2.80243342E-3
1.07200000E-5,-2.44769492E-3
1.07600000E-5,-2.50486530E-3
1.08000000E-5,-2.62576810E-3
1.08400000E-5,-2.63222850E-3
1.08800000E-5,-2.74800069E-3
1.09200000E-5,-2.71276632E-3
1.09600000E-5,-2.79691050E-3
1.10000000E-5,-2.86172791E-3
1.10400000E-5,-2.76816983E-3
1.10800000E-5,-2.54516528E-3
1.11200000E-5,-2.69961081E-3
1.11600000E-5,-2.62418210E-3
1.12000000E-5,-2.68483544E-3
1.12400000E-5,-3.07789072E-3
1.12800000E-5,-2.97692259E-3
1.13200000E-5,-2.78175237E-3
1.13600000E-5,-2.67571049E-3
1.14000000E-5,-2.82384947E-3
1.14400000E-5,-2.82812891E-3
1.14800000E-5,-2.71276088E-3
1.15200000E-5,-2.73158659E-3
1.15600000E-5,-2.84728637E-3
1.16000000E-5,-2.60975835E-3
1.16400000E-5,-2.73250409E-3
1.16800000E-5,-2.98784401E-3
1.17200000E-5,-2.62466131E-3
1.17600000E-5,-2.73548185E-3
1.18000000E-5,-2.92319022E-3
1.18400000E-5,-2.93143691E-3
1.18800000E-5,-2.69771721E-3
1.19200000E-5,-2.83249768E-3
1.19600000E-5,-2.79437425E-3
1.20000000E-5,-2.78786650E-3
1.20400000E-5,-2.66477513E-3
1.20800000E-5,-2.92594573E-3
1.21200000E-5,-2.82367922E-3
1.21600000E-5,-2.99931013E-3
1.22000000E-5,-3.02647053E-3
1.22400000E-5,-2.87492519E-3
1.22800000E-5,-2.65555928E-3
1.23200000E-5,-2.95849044E-3
1.23600000E-5,-2.94684720E-3
1.24000000E-5,-3.05808035E-3
1.24400000E-5,-2.73405322E-3
1.24800000E-5,-2.96624526E-3
1.25200000E-5,-2.97228942E-3
1.25600000E-5,-2.88760203E-3
1.26000000E-5,-2.73672310E-3
1.26400000E-5,-2.89605687E-3
1.26800000E-5,-2.85381380E-3
1.27200000E-5,-2.71852740E-3
1.27600000E-5,-2.79396528E-3
1.28000000E-5,-3.00702348E-3
1.28400000E-5,-2.83706653E-3
1.28800000E-5,-2.89359414E-3
1.29200000E-5,-2.73015919E-3
1.29600000E-5,-2.91666293E-3
1.30000000E-5,-2.92740959E-3
1.30400000E-5,-3.06676262E-3
1.30800000E-5,-2.84067147E-3
1.31200000E-5,-3.01029535E-3
1.31600000E-5,-3.05583469E-3
1.32000000E-5,-3.08592022E-3
1.32400000E-5,-2.70096746E-3
1.32800000E-5,-2.88031730E-3
1.33200000E-5,-2.82731195E-3
1.33600000E-5,-2.77261929E-3
1.34000000E-5,-2.84879482E-3
1.34400000E-5,-2.88303580E-3
1.34800000E-5,-2.85566156E-3
1.35200000E-5,-3.09927405E-3
1.35600000E-5,-3.02421340E-3
1.36000000E-5,-3.08606570E-3
1.36400000E-5,-2.94564875E-3
1.36800000E-5,-2.90889950E-3
1.37200000E-5,-2.92022446E-3
1.37600000E-5,-2.90142447E-3
1.38000000E-5,-3.12265209E-3
1.38400000E-5,-2.98379483E-3
1.38800000E-5,-3.16097798E-3
1.39200000E-5,-3.04135148E-3
1.39600000E-5,-3.15958169E-3
1.40000000E-5,-3.04741661E-3
1.40400000E-5,-3.11794159E-3
1.40800000E-5,-3.21282494E-3
1.41200000E-5,-2.93645047E-3
1.41600000E-5,-3.11632919E-3
1.42000000E-5,-2.86167045E-3
1.42400000E-5,-3.18013511E-3
1.42800000E-5,-3.01465446E-3
1.43200000E-5,-3.03968773E-3
1.43600000E-5,-3.08398005E-3
1.44000000E-5,-3.16193883E-3
1.44400000E-5,-3.16378614E-3
1.44800000E-5,-3.02278075E-3
1.45200000E-5,-3.28299495E-3
1.45600000E-5,-3.02334855E-3
1.46000000E-5,-2.93371770E-3
1.46400000E-5,-3.04655444E-3
1.46800000E-5,-3.05729460E-3
1.47200000E-5,-3.04545056E-3
1.47600000E-5,-3.38223239E-3
1.48000000E-5,-3.29204824E-3
1.48400000E-5,-3.12495039E-3
1.48800000E-5,-2.97316586E-3
1.49200000E-5,-2.99691367E-3
1.49600000E-5,-2.83507200E-3
1.50000000E-5,-3.17999275E-3
1.50400000E-5,-3.22862098E-3
1.50800000E-5,-2.99516633E-3
1.51200000E-5,-3.09479808E-3
1.51600000E-5,-3.19859922E-3
1.52000000E-5,-3.11803337E-3
1.52400000E-5,-3.18062560E-3
1.52800000E-5,-3.19255788E-3
1.53200000E-5,-3.07215642E-3
1.53600000E-5,-3.15507729E-3
1.54000000E-5,-3.17173712E-3
1.54400000E-5,-3.19577167E-3
1.54800000E-5,-3.32759228E-3
1.55200000E-5,-3.00315527E-3
1.55600000E-5,-3.16525980E-3
1.56000000E-5,-3.17777832E-3
1.56400000E-5,-3.05399266E-3
1.56800000E-5,-3.15895788E-3
1.57200000E-5,-3.03236314E-3
1.57600000E-5,-3.35257575E-3
1.58000000E-5,-3.26402390E-3
1.58400000E-5,-3.15644581E-3
1.58800000E-5,-3.11697878E-3
1.59200000E-5,-3.29390373E-3
1.59600000E-5,-3.25193672E-3
1.60000000E-5,-3.18427872E-3
1.60400000E-5,-3.33031979E-3
1.60800000E-5,-3.35790730E-3
1.61200000E-5,-3.30293909E-3
1.61600000E-5,-3.17270524E-3
1.62000000E-5,-3.03340189E-3
1.62400000E-5,-3.35758654E-3
1.62800000E-5,-3.59566101E-3
1.63200000E-5,-3.07590114E-3
1.63600000E-5,-3.22492370E-3
1.64000000E-5,-3.23943121E-3
1.64400000E-5,-2.94613687E-3
1.64800000E-5,-3.22695557E-3
1.65200000E-5,-3.28978357E-3
1.65600000E-5,-3.44822946E-3
1.66000000E-5,-3.07049354E-3
1.66400000E-5,-3.08254629E-3
1.66800000E-5,-3.14738488E-3
1.67200000E-5,-3.22956723E-3
1.67600000E-5,-3.30033382E-3
1.68000000E-5,-3.22082557E-3
1.68400000E-5,-3.27012079E-3
1.68800000E-5,-3.41369707E-3
1.69200000E-5,-3.39073126E-3
1.69600000E-5,-3.37319268E-3
1.70000000E-5,-3.45615425E-3
1.70400000E-5,-3.07000808E-3
1.70800000E-5,-3.03806006E-3
1.71200000E-5,-3.42484087E-3
1.71600000E-5,-3.39421434E-3
1.72000000E-5,-3.22827010E-3
1.72400000E-5,-3.33990180E-3
1.72800000E-5,-2.98289575E-3
1.73200000E-5,-3.23194980E-3
1.73600000E-5,-3.56960289E-3
1.74000000E-5,-3.36368762E-3
1.74400000E-5,-3.21347999E-3
1.74800000E-5,-3.32689679E-3
1.75200000E-5,-3.19101715E-3
1.75600000E-5,-3.47805070E-3
1.76000000E-5,-3.45572375E-3
1.76400000E-5,-3.35018643E-3
1.76800000E-5,-3.15039175E-3
1.77200000E-5,-3.46910657E-3
1.77600000E-5,-3.28122567E-3
1.78000000E-5,-3.41968501E-3
1.78400000E-5,-3.51348504E-3
1.78800000E-5,-3.34503418E-3
1.79200000E-5,-3.29203591E-3
1.79600000E-5,-3.33026620E-3
1.80000000E-5,-3.42607975E-3
1.80400000E-5,-3.27112730E-3
1.80800000E-5,-3.51899666E-3
1.81200000E-5,-3.14686386E-3
1.81600000E-5,-3.37687131E-3
1.82000000E-5,-3.29430659E-3
1.82400000E-5,-3.30759634E-3
1.82800000E-5,-3.44466454E-3
1.83200000E-5,-3.38196510E-3
1.83600000E-5,-3.25166713E-3
1.84000000E-5,-3.19848716E-3
1.84400000E-5,-3.31595142E-3
1.84800000E-5,-3.36283131E-3
1.85200000E-5,-3.28319175E-3
1.85600000E-5,-3.42378952E-3
1.86000000E-5,-3.40901111E-3
1.86400000E-5,-3.23409349E-3
1.86800000E-5,-3.28065020E-3
1.87200000E-5,-3.27411336E-3
1.87600000E-5,-3.22520261E-3
1.88000000E-5,-3.39731122E-3
1.88400000E-5,-3.24542759E-3
1.88800000E-5,-3.21188556E-3
1.89200000E-5,-3.28966800E-3
1.89600000E-5,-3.14531973E-3
1.90000000E-5,-3.25902843E-3
1.90400000E-5,-3.42626193E-3
1.90800000E-5,-3.48831501E-3
1.91200000E-5,-3.52341269E-3
1.91600000E-5,-3.40458278E-3
1.92000000E-5,-3.33683570E-3
1.92400000E-5,-3.49367159E-3
1.92800000E-5,-3.26958101E-3
1.93200000E-5,-3.21167237E-3
1.93600000E-5,-3.59113442E-3
1.94000000E-5,-3.35964185E-3
1.94400000E-5,-3.42913467E-3
1.94800000E-5,-3.53997261E-3
1.95200000E-5,-3.38994064E-3
1.95600000E-5,-3.43242995E-3
1.96000000E-5,-3.56306479E-3
1.96400000E-5,-3.39313321E-3
1.96800000E-5,-3.54987937E-3
1.97200000E-5,-3.34765738E-3
1.97600000E-5,-3.20612725E-3
1.98000000E-5,-3.45911846E-3
1.98400000E-5,-3.40266789E-3
1.98800000E-5,-3.11009434E-3
1.99200000E-5,-3.14481602E-3
1.99600000E-5,-3.26350123E-3
2.00000000E-5,-3.29194899E-3
2.00400000E-5,-3.29374928E-3
2.00800000E-5,-3.47206876E-3
2.01200000E-5,-3.23942016E-3
2.01600000E-5,-3.47028906E-3
2.02000000E-5,-3.28118629E-3
2.02400000E-5,-3.49394587E-3
2.02800000E-5,-3.24457443E-3
2.03200000E-5,-3.35280412E-3
2.03600000E-5,-3.44814662E-3
2.04000000E-5,-3.42205612E-3
2.04400000E-5,-3.65955420E-3
2.04800000E-5,-3.53410956E-3
2.05200000E-5,-3.38805428E-3
2.05600000E-5,-3.31514153E-3
2.06000000E-5,-3.44765249E-3
2.06400000E-5,-3.20912529E-3
2.06800000E-5,-3.51100921E-3
2.07200000E-5,-3.27493119E-3
2.07600000E-5,-3.40911194E-3
2.08000000E-5,-3.20625821E-3
2.08400000E-5,-3.34722901E-3
2.08800000E-5,-3.33957565E-3
2.09200000E-5,-3.37311994E-3
2.09600000E-5,-3.36959934E-3
2.10000000E-5,-3.25720310E-3
2.10400000E-5,-3.56507942E-3
2.10800000E-5,-3.49986315E-3
2.11200000E-5,-3.27813270E-3
2.11600000E-5,-3.37009587E-3
2.12000000E-5,-3.40754045E-3
2.12400000E-5,-3.62033454E-3
2.12800000E-5,-3.68211166E-3
2.13200000E-5,-3.51786362E-3
2.13600000E-5,-3.65393118E-3
2.14000000E-5,-3.43944338E-3
2.14400000E-5,-3.46316946E-3
2.14800000E-5,-3.28052750E-3
2.15200000E-5,-3.27392837E-3
2.15600000E-5,-3.28509849E-3
2.16000000E-5,-3.55378381E-3
2.16400000E-5,-3.59139668E-3
2.16800000E-5,-3.39619058E-3
2.17200000E-5,-3.60632199E-3
2.17600000E-5,-3.80251575E-3
2.18000000E-5,-3.44734600E-3
2.18400000E-5,-3.48832805E-3
2.18800000E-5,-3.50765511E-3
2.19200000E-5,-3.17171077E-3
2.19600000E-5,-3.25359685E-3
2.20000000E-5,-3.62388645E-3
2.20400000E-5,-3.34386294E-3
2.20800000E-5,-3.31841091E-3
2.21200000E-5,-3.51011243E-3
2.21600000E-5,-3.57955629E-3
2.22000000E-5,-3.55089008E-3
2.22400000E-5,-3.31971996E-3
2.22800000E-5,-3.64287233E-3
2.23200000E-5,-3.50360075E-3
2.23600000E-5,-3.69185222E-3
2.24000000E-5,-3.36846174E-3
2.24400000E-5,-3.33641164E-3
2.24800000E-5,-3.53287815E-3
2.25200000E-5,-3.43721094E-3
2.25600000E-5,-3.51115611E-3
2.26000000E-5,-3.62443841E-3
2.26400000E-5,-3.63587142E-3
2.26800000E-5,-3.55493050E-3
2.27200000E-5,-3.29514724E-3
2.27600000E-5,-3.41292825E-3
2.28000000E-5,-3.43418183E-3
2.28400000E-5,-3.69120767E-3
2.28800000E-5,-3.64349512E-3
2.29200000E-5,-3.56481969E-3
2.29600000E-5,-3.44253777E-3
2.30000000E-5,-3.32907652E-3
2.30400000E-5,-3.42588697E-3
2.30800000E-5,-3.47107102E-3
2.31200000E-5,-3.31857917E-3
2.31600000E-5,-3.46620012E-3
2.32000000E-5,-3.46811885E-3
2.32400000E-5,-3.44132607E-3
2.32800000E-5,-3.71438842E-3
2.33200000E-5,-3.40266903E-3
2.33600000E-5,-3.32714888E-3
2.34000000E-5,-3.50675165E-3
2.34400000E-5,-3.44059421E-3
2.34800000E-5,-3.39738055E-3
2.35200000E-5,-3.60967897E-3
2.35600000E-5,-3.40347931E-3
2.36000000E-5,-3.44768397E-3
2.36400000E-5,-3.55657867E-3
2.36800000E-5,-3.51206474E-3
2.37200000E-5,-3.52531647E-3
2.37600000E-5,-3.40052503E-3
2.38000000E-5,-3.36009019E-3
2.38400000E-5,-3.34583599E-3
2.38800000E-5,-3.64669390E-3
2.39200000E-5,-3.66315379E-3
2.39600000E-5,-3.52966647E-3
2.40000000E-5,-3.49173614E-3
2.40400000E-5,-3.38589054E-3
2.40800000E-5,-3.73511492E-3
2.41200000E-5,-3.37510056E-3
2.41600000E-5,-3.42352456E-3
2.42000000E-5,-3.47417316E-3
2.42400000E-5,-3.60329877E-3
2.42800000E-5,-3.43057096E-3
2.43200000E-5,-3.58535141E-3
2.43600000E-5,-3.21174285E-3
2.44000000E-5,-3.60778024E-3
2.44400000E-5,-3.36002557E-3
2.44800000E-5,-3.45205110E-3
2.45200000E-5,-3.64006168E-3
2.45600000E-5,-3.50811699E-3
2.46000000E-5,-3.41397478E-3
2.46400000E-5,-3.55663664E-3
2.46800000E-5,-3.43971757E-3
2.47200000E-5,-3.65541419E-3
2.47600000E-5,-3.38693508E-3
2.48000000E-5,-3.53612882E-3
2.48400000E-5,-3.34909768E-3
2.48800000E-5,-3.74181478E-3
2.49200000E-5,-3.39919853E-3
2.49600000E-5,-3.63751391E-3
2.50000000E-5,-3.45147660E-3
2.50400000E-5,-3.59898667E-3
2.50800000E-5,-3.62310241E-3
2.51200000E-5,-3.59871761E-3
2.51600000E-5,-3.49314577E-3
2.52000000E-5,-3.80034974E-3
2.52400000E-5,-3.84518332E-3
2.52800000E-5,-3.62243163E-3
2.53200000E-5,-3.65188988E-3
2.53600000E-5,-3.35267521E-3
2.54000000E-5,-3.54768148E-3
2.54400000E-5,-3.60747632E-3
2.54800000E-5,-3.60175731E-3
2.55200000E-5,-3.39615107E-3
2.55600000E-5,-3.65531100E-3
2.56000000E-5,-3.54441132E-3
2.56400000E-5,-3.58748903E-3
2.56800000E-5,-3.41666739E-3
2.57200000E-5,-3.55561585E-3
2.57600000E-5,-3.64923862E-3
2.58000000E-5,-3.63016675E-3
2.58400000E-5,-3.60365835E-3
2.58800000E-5,-3.53352089E-3
2.59200000E-5,-3.49643924E-3
2.59600000E-5,-3.61651591E-3
2.60000000E-5,-3.70291377E-3
2.60400000E-5,-3.41941052E-3
2.60800000E-5,-3.76580700E-3
2.61200000E-5,-3.67685601E-3
2.61600000E-5,-3.36297362E-3
2.62000000E-5,-3.62605302E-3
2.62400000E-5,-3.59712195E-3
2.62800000E-5,-3.25645437E-3
2.63200000E-5,-3.82465474E-3
2.63600000E-5,-3.88431833E-3
2.64000000E-5,-3.54715703E-3
2.64400000E-5,-3.73614042E-3
2.64800000E-5,-3.66053603E-3
2.65200000E-5,-3.71934736E-3
2.65600000E-5,-3.55504235E-3
2.66000000E-5,-3.82347981E-3
2.66400000E-5,-3.59149657E-3
2.66800000E-5,-3.71707422E-3
2.67200000E-5,-3.74280713E-3
2.67600000E-5,-3.73903109E-3
2.68000000E-5,-3.59983467E-3
2.68400000E-5,-3.69033749E-3
2.68800000E-5,-3.59569930E-3
2.69200000E-5,-4.05628067E-3
2.69600000E-5,-3.72050037E-3
2.70000000E-5,-3.69149344E-3
2.70400000E-5,-3.62572884E-3
2.70800000E-5,-3.87845533E-3
2.71200000E-5,-3.48175557E-3
2.71600000E-5,-3.92621388E-3
2.72000000E-5,-3.66713154E-3
2.72400000E-5,-3.51360330E-3
2.72800000E-5,-3.65772928E-3
2.73200000E-5,-3.72942586E-3
2.73600000E-5,-3.78034332E-3
2.74000000E-5,-3.39724345E-3
2.74400000E-5,-3.73369205E-3
2.74800000E-5,-3.39904041E-3
2.75200000E-5,-3.47529198E-3
2.75600000E-5,-3.65751931E-3
2.76000000E-5,-3.77760997E-3
2.76400000E-5,-3.91638242E-3
2.76800000E-5,-3.61923936E-3
2.77200000E-5,-3.67052208E-3
2.77600000E-5,-3.60212981E-3
2.78000000E-5,-3.49724813E-3
2.78400000E-5,-3.78501228E-3
2.78800000E-5,-3.48867985E-3
2.79200000E-5,-3.39414218E-3
2.79600000E-5,-3.78756094E-3
2.80000000E-5,-3.66520615E-3
2.80400000E-5,-3.60966401E-3
2.80800000E-5,-3.71344749E-3
2.81200000E-5,-3.46683494E-3
2.81600000E-5,-3.50261453E-3
2.82000000E-5,-3.48907737E-3
2.82400000E-5,-3.60018087E-3
2.82800000E-5,-3.64884384E-3
2.83200000E-5,-3.88223022E-3
2.83600000E-5,-3.59837498E-3
2.84000000E-5,-3.69708273E-3
2.84400000E-5,-3.56441994E-3
2.84800000E-5,-3.81257635E-3
2.85200000E-5,-3.69362167E-3
2.85600000E-5,-3.79906196E-3
2.86000000E-5,-3.70606322E-3
2.86400000E-5,-3.61529029E-3
2.86800000E-5,-3.72452232E-3
2.87200000E-5,-3.73507482E-3
2.87600000E-5,-3.60764092E-3
2.88000000E-5,-3.63568811E-3
2.88400000E-5,-3.53891854E-3
2.88800000E-5,-3.86421150E-3
2.89200000E-5,-3.77836487E-3
2.89600000E-5,-3.70547928E-3
2.90000000E-5,-3.49804371E-3
2.90400000E-5,-3.51554052E-3
2.90800000E-5,-3.40657671E-3
2.91200000E-5,-3.83452808E-3
2.91600000E-5,-3.75757918E-3
2.92000000E-5,-3.81835766E-3
2.92400000E-5,-3.64371936E-3
2.92800000E-5,-3.89776273E-3
2.93200000E-5,-3.73177216E-3
2.93600000E-5,-3.56756777E-3
2.94000000E-5,-3.78818949E-3
2.94400000E-5,-3.52776789E-3
2.94800000E-5,-3.51417689E-3
2.95200000E-5,-3.65848840E-3
2.95600000E-5,-3.61576223E-3
2.96000000E-5,-3.62747039E-3
2.96400000E-5,-3.85095433E-3
2.96800000E-5,-3.79096370E-3
2.97200000E-5,-3.58067471E-3
2.97600000E-5,-3.74779703E-3
2.98000000E-5,-3.55757125E-3
2.98400000E-5,-3.66859534E-3
2.98800000E-5,-3.46623209E-3
2.99200000E-5,-3.86496014E-3
2.99600000E-5,-3.55957464E-3
3.00000000E-5,-3.61802843E-3
3.00400000E-5,-3.71698350E-3
3.00800000E-5,-3.81623961E-3
3.01200000E-5,-3.75311600E-3
3.01600000E-5,-3.56955680E-3
3.02000000E-5,-3.75625594E-3
3.02400000E-5,-3.72586518E-3
3.02800000E-5,-3.54427683E-3
3.03200000E-5,-3.64616367E-3
3.03600000E-5,-3.70780173E-3
3.04000000E-5,-3.81484455E-3
3.04400000E-5,-3.71840609E-3
3.04800000E-5,-3.77174246E-3
3.05200000E-5,-3.73711811E-3
3.05600000E-5,-3.64271652E-3
3.06000000E-5,-3.67745911E-3
3.06400000E-5,-3.70314347E-3
3.06800000E-5,-3.68361576E-3
3.07200000E-5,-3.71279335E-3
3.07600000E-5,-3.66727082E-3
3.08000000E-5,-3.61606482E-3
3.08400000E-5,-3.74076448E-3
3.08800000E-5,-3.63134520E-3
3.09200000E-5,-3.73729308E-3
3.09600000E-5,-4.00845474E-3
3.10000000E-5,-3.60630278E-3
3.10400000E-5,-3.49205764E-3
3.10800000E-5,-3.68972361E-3
3.11200000E-5,-3.71636175E-3
3.11600000E-5,-3.70514450E-3
3.12000000E-5,-3.53666346E-3
3.12400000E-5,-3.96772738E-3
3.12800000E-5,-3.52307955E-3
3.13200000E-5,-3.79616276E-3
3.13600000E-5,-3.67715562E-3
3.14000000E-5,-3.74123546E-3
3.14400000E-5,-3.85757503E-3
3.14800000E-5,-3.59306790E-3
3.15200000E-5,-3.69085512E-3
3.15600000E-5,-3.87088355E-3
3.16000000E-5,-3.62623303E-3
3.16400000E-5,-3.92947346E-3
3.16800000E-5,-3.55669264E-3
3.17200000E-5,-3.63059813E-3
3.17600000E-5,-3.78001034E-3
3.18000000E-5,-3.53969200E-3
3.18400000E-5,-3.73331828E-3
3.18800000E-5,-3.65309059E-3
3.19200000E-5,-3.59045564E-3
3.19600000E-5,-3.64857839E-3
3.20000000E-5,-4.00993945E-3
3.20400000E-5,-3.58744213E-3
3.20800000E-5,-3.60356941E-3
3.21200000E-5,-3.84533987E-3
3.21600000E-5,-3.78199865E-3
3.22000000E-5,-4.02128462E-3
3.22400000E-5,-3.60751629E-3
3.22800000E-5,-3.67330788E-3
3.23200000E-5,-3.73891734E-3
3.23600000E-5,-3.57666848E-3
3.24000000E-5,-3.66064638E-3
3.24400000E-5,-3.59811052E-3
3.24800000E-5,-3.63246796E-3
3.25200000E-5,-3.56983005E-3
3.25600000E-5,-3.48250555E-3
3.26000000E-5,-3.57841206E-3
3.26400000E-5,-3.68374051E-3
3.26800000E-5,-3.50709000E-3
3.27200000E-5,-3.70114019E-3
3.27600000E-5,-3.66792719E-3
3.28000000E-5,-3.73726456E-3
3.28400000E-5,-3.77397420E-3
3.28800000E-5,-3.59094509E-3
3.29200000E-5,-3.66524975E-3
3.29600000E-5,-3.79528401E-3
3.30000000E-5,-3.85762968E-3
3.30400000E-5,-3.69652098E-3
3.30800000E-5,-3.91801887E-3
3.31200000E-5,-3.60195075E-3
3.31600000E-5,-3.76183588E-3
3.32000000E-5,-3.72104553E-3
3.32400000E-5,-3.68055497E-3
3.32800000E-5,-3.68665002E-3
3.33200000E-5,-3.62849316E-3
3.33600000E-5,-3.73570024E-3
3.34000000E-5,-3.62750556E-3
3.34400000E-5,-3.36368137E-3
3.34800000E-5,-3.53129250E-3
3.35200000E-5,-3.69093846E-3
3.35600000E-5,-3.67374165E-3
3.36000000E-5,-3.79133112E-3
3.36400000E-5,-3.53850120E-3
3.36800000E-5,-3.67271709E-3
3.37200000E-5,-3.59307644E-3
3.37600000E-5,-3.68406586E-3
3.38000000E-5,-3.56143450E-3
3.38400000E-5,-3.61257751E-3
3.38800000E-5,-3.82709756E-3
3.39200000E-5,-3.66315589E-3
3.39600000E-5,-3.72509456E-3
3.40000000E-5,-3.90788316E-3
3.40400000E-5,-3.72433289E-3
3.40800000E-5,-3.55032655E-3
3.41200000E-5,-3.63257091E-3
3.41600000E-5,-3.97401080E-3
3.42000000E-5,-3.68398472E-3
3.42400000E-5,-3.74371130E-3
3.42800000E-5,-3.53264877E-3
3.43200000E-5,-3.48778746E-3
3.43600000E-5,-3.70844309E-3
3.44000000E-5,-3.67525170E-3
3.44400000E-5,-3.57048961E-3
3.44800000E-5,-3.78433051E-3
3.45200000E-5,-3.70922351E-3
3.45600000E-5,-3.80349386E-3
3.46000000E-5,-3.78198182E-3
3.46400000E-5,-3.63408231E-3
3.46800000E-5,-3.63173131E-3
3.47200000E-5,-3.92812361E-3
3.47600000E-5,-4.06298623E-3
3.48000000E-5,-3.61030135E-3
3.48400000E-5,-3.79856875E-3
3.48800000E-5,-3.70414766E-3
3.49200000E-5,-3.65407184E-3
3.49600000E-5,-3.48312069E-3
3.50000000E-5,-3.76004516E-3
3.50400000E-5,-3.66087990E-3
3.50800000E-5,-3.91166786E-3
3.51200000E-5,-3.88209562E-3
3.51600000E-5,-3.79896685E-3
3.52000000E-5,-4.16155250E-3
3.52400000E-5,-3.97228377E-3
3.52800000E-5,-3.57495213E-3
3.53200000E-5,-3.78956860E-3
3.53600000E-5,-3.74933809E-3
3.54000000E-5,-3.51578834E-3
3.54400000E-5,-3.95806807E-3
3.54800000E-5,-3.75986477E-3
3.55200000E-5,-3.55121529E-3
3.55600000E-5,-3.78590980E-3
3.56000000E-5,-3.54590525E-3
3.56400000E-5,-3.82266222E-3
3.56800000E-5,-3.98136035E-3
3.57200000E-5,-3.64483712E-3
3.57600000E-5,-3.82539412E-3
3.58000000E-5,-3.68622438E-3
3.58400000E-5,-3.59228264E-3
3.58800000E-5,-3.74904581E-3
3.59200000E-5,-3.83580879E-3
3.59600000E-5,-3.88619305E-3
3.60000000E-5,-3.91354576E-3
3.60400000E-5,-3.79960255E-3
3.60800000E-5,-3.88484343E-3
3.61200000E-5,-3.66462484E-3
3.61600000E-5,-3.59586533E-3
3.62000000E-5,-3.79678819E-3
3.62400000E-5,-3.91661194E-3
3.62800000E-5,-3.75760737E-3
3.63200000E-5,-3.63719684E-3
3.63600000E-5,-3.82439655E-3
3.64000000E-5,-3.84676127E-3
3.64400000E-5,-3.68084902E-3
3.64800000E-5,-3.97142926E-3
3.65200000E-5,-3.75275716E-3
3.65600000E-5,-4.05898980E-3
3.66000000E-5,-3.88138373E-3
3.66400000E-5,-3.93964931E-3
3.66800000E-5,-3.67456647E-3
3.67200000E-5,-4.09830122E-3
3.67600000E-5,-3.63613050E-3
3.68000000E-5,-3.82790181E-3
3.68400000E-5,-3.88716664E-3
3.68800000E-5,-3.85039913E-3
3.69200000E-5,-3.53794306E-3
3.69600000E-5,-3.84479621E-3
3.70000000E-5,-3.66207102E-3
3.70400000E-5,-3.65421598E-3
3.70800000E-5,-3.61397701E-3
3.71200000E-5,-3.52179377E-3
3.71600000E-5,-4.03845444E-3
3.72000000E-5,-3.86400512E-3
3.72400000E-5,-3.59811040E-3
3.72800000E-5,-3.68371849E-3
3.73200000E-5,-3.76137744E-3
3.73600000E-5,-3.82717167E-3
3.74000000E-5,-3.71425356E-3
3.74400000E-5,-3.62697205E-3
3.74800000E-5,-4.03867918E-3
3.75200000E-5,-3.81740735E-3
3.75600000E-5,-4.04168467E-3
3.76000000E-5,-3.99847826E-3
3.76400000E-5,-3.81694536E-3
3.76800000E-5,-3.58646129E-3
3.77200000E-5,-3.89127394E-3
3.77600000E-5,-3.66272025E-3
3.78000000E-5,-3.80260566E-3
3.78400000E-5,-3.65246902E-3
3.78800000E-5,-3.67498971E-3
3.79200000E-5,-3.63308530E-3
3.79600000E-5,-3.70239373E-3
3.80000000E-5,-3.85081637E-3
3.80400000E-5,-3.76107815E-3
3.80800000E-5,-3.71507674E-3
3.81200000E-5,-3.83803366E-3
3.81600000E-5,-3.65870836E-3
3.82000000E-5,-3.90944114E-3
3.82400000E-5,-3.67709913E-3
3.82800000E-5,-3.83874134E-3
3.83200000E-5,-3.71842603E-3
3.83600000E-5,-3.72292479E-3
3.84000000E-5,-3.79795630E-3
3.84400000E-5,-3.91865634E-3
3.84800000E-5,-3.90076253E-3
3.85200000E-5,-3.68737701E-3
3.85600000E-5,-3.86699381E-3
3.86000000E-5,-3.93410107E-3
3.86400000E-5,-3.88724720E-3
3.86800000E-5,-3.64785111E-3
3.87200000E-5,-3.57653050E-3
3.87600000E-5,-4.01324828E-3
3.88000000E-5,-3.67403779E-3
3.88400000E-5,-4.13432615E-3
3.88800000E-5,-3.80834573E-3
3.89200000E-5,-4.06256338E-3
3.89600000E-5,-3.92641642E-3
3.90000000E-5,-3.77833045E-3
3.90400000E-5,-3.85201076E-3
3.90800000E-5,-3.75559669E-3
3.91200000E-5,-3.75873844E-3
3.91600000E-5,-3.77859392E-3
3.92000000E-5,-4.01536268E-3
3.92400000E-5,-3.79365597E-3
3.92800000E-5,-3.94330935E-3
3.93200000E-5,-3.89068480E-3
3.93600000E-5,-3.76311186E-3
3.94000000E-5,-3.87433005E-3
3.94400000E-5,-3.88481296E-3
3.94800000E-5,-3.56906074E-3
3.95200000E-5,-3.71984557E-3
3.95600000E-5,-3.78576769E-3
3.96000000E-5,-3.59005325E-3
3.96400000E-5,-3.73802108E-3
3.96800000E-5,-3.77155399E-3
3.97200000E-5,-3.85974994E-3
3.97600000E-5,-3.54137706E-3
3.98000000E-5,-3.79417275E-3
3.98400000E-5,-3.68800486E-3
3.98800000E-5,-3.80223972E-3
3.99200000E-5,-3.67714599E-3
3.99600000E-5,-3.67276001E-3
4.00000000E-5,-3.84595411E-3
4.00400000E-5,-3.82035708E-3
4.00800000E-5,-4.05163674E-3
4.01200000E-5,-3.84325648E-3
4.01600000E-5,-3.80731170E-3
4.02000000E-5,-3.62544105E-3
4.02400000E-5,-3.84121655E-3
4.02800000E-5,-3.88000218E-3
4.03200000E-5,-3.95127263E-3
4.03600000E-5,-4.07412394E-3
4.04000000E-5,-3.97027927E-3
4.04400000E-5,-3.74951613E-3
4.04800000E-5,-3.85545396E-3
4.05200000E-5,-3.80736607E-3
4.05600000E-5,-3.70811689E-3
4.06000000E-5,-3.64033796E-3
4.06400000E-5,-3.68592033E-3
4.06800000E-5,-4.02409735E-3
4.07200000E-5,-3.67928937E-3
4.07600000E-5,-3.77511890E-3
4.08000000E-5,-4.04225353E-3
4.08400000E-5,-3.74322547E-3
4.08800000E-5,-3.66069497E-3
4.09200000E-5,-3.79896884E-3
4.09600000E-5,-3.90359335E-3
4.10000000E-5,-3.72275815E-3
4.10400000E-5,-3.87181373E-3
4.10800000E-5,-3.87691543E-3
4.11200000E-5,-3.55208529E-3
4.11600000E-5,-3.82565573E-3
4.12000000E-5,-3.80510566E-3
4.12400000E-5,-3.66433499E-3
4.12800000E-5,-3.64680077E-3
4.13200000E-5,-3.64079658E-3
4.13600000E-5,-3.97037727E-3
4.14000000E-5,-3.56422116E-3
4.14400000E-5,-3.75594762E-3
4.14800000E-5,-3.83873558E-3
4.15200000E-5,-3.90183860E-3
4.15600000E-5,-3.80088846E-3
4.16000000E-5,-3.79693191E-3
4.16400000E-5,-3.67007243E-3
4.16800000E-5,-3.86963582E-3
4.17200000E-5,-3.97635596E-3
4.17600000E-5,-3.82324901E-3
4.18000000E-5,-3.66250870E-3
4.18400000E-5,-3.82932127E-3
4.18800000E-5,-3.87871421E-3
4.19200000E-5,-3.97840429E-3
4.19600000E-5,-3.95130659E-3
4.20000000E-5,-3.80813486E-3
4.20400000E-5,-4.11179006E-3
4.20800000E-5,-3.79583750E-3
4.21200000E-5,-4.07053830E-3
4.21600000E-5,-4.04213586E-3
4.22000000E-5,-3.67234129E-3
4.22400000E-5,-4.07278797E-3
4.22800000E-5,-3.84619349E-3
4.23200000E-5,-3.94283270E-3
4.23600000E-5,-3.92609269E-3
4.24000000E-5,-3.80617237E-3
4.24400000E-5,-3.78587586E-3
4.24800000E-5,-3.58499865E-3
4.25200000E-5,-3.92073380E-3
4.25600000E-5,-3.74428996E-3
4.26000000E-5,-3.81241855E-3
4.26400000E-5,-3.64913036E-3
4.26800000E-5,-3.64176889E-3
4.27200000E-5,-3.72401963E-3
4.27600000E-5,-3.96554138E-3
4.28000000E-5,-3.60738511E-3
4.28400000E-5,-3.58577504E-3
4.28800000E-5,-3.93982945E-3
4.29200000E-5,-4.05093937E-3
4.29600000E-5,-3.80272087E-3
4.30000000E-5,-3.70731669E-3
4.30400000E-5,-3.50410785E-3
4.30800000E-5,-3.89653134E-3
4.31200000E-5,-3.74024144E-3
4.31600000E-5,-3.79647732E-3
4.32000000E-5,-4.04349668E-3
4.32400000E-5,-3.73651040E-3
4.32800000E-5,-4.24354589E-3
4.33200000E-5,-4.00420336E-3
4.33600000E-5,-3.68533586E-3
4.34000000E-5,-3.79787132E-3
4.34400000E-5,-3.99640213E-3
4.34800000E-5,-3.84837199E-3
4.35200000E-5,-3.93595524E-3
4.35600000E-5,-3.87478399E-3
4.36000000E-5,-3.91111231E-3
4.36400000E-5,-3.92285807E-3
4.36800000E-5,-3.69465637E-3
4.37200000E-5,-3.90998470E-3
4.37600000E-5,-3.49031344E-3
4.38000000E-5,-3.74990483E-3
4.38400000E-5,-3.96878842E-3
4.38800000E-5,-3.93368269E-3
4.39200000E-5,-3.90293637E-3
4.39600000E-5,-3.47197425E-3
4.40000000E-5,-3.79618673E-3
4.40400000E-5,-3.58627281E-3
4.40800000E-5,-3.85178485E-3
4.41200000E-5,-3.53958914E-3
4.41600000E-5,-3.87230819E-3
4.42000000E-5,-3.89826317E-3
4.42400000E-5,-3.68752194E-3
4.42800000E-5,-3.90274203E-3
4.43200000E-5,-4.16345903E-3
4.43600000E-5,-3.96776701E-3
4.44000000E-5,-3.80642450E-3
4.44400000E-5,-3.98310166E-3
4.44800000E-5,-4.00717123E-3
4.45200000E-5,-3.73431246E-3
4.45600000E-5,-3.87113489E-3
4.46000000E-5,-4.08885419E-3
4.46400000E-5,-3.97203968E-3
4.46800000E-5,-3.85592057E-3
4.47200000E-5,-3.77904554E-3
4.47600000E-5,-3.79272518E-3
4.48000000E-5,-3.75763753E-3
4.48400000E-5,-3.78593310E-3
4.48800000E-5,-3.80526831E-3
4.49200000E-5,-3.63974314E-3
4.49600000E-5,-3.77105049E-3
4.50000000E-5,-3.90778059E-3
4.50400000E-5,-3.77733085E-3
4.50800000E-5,-3.82824530E-3
4.51200000E-5,-3.76886521E-3
4.51600000E-5,-3.94279928E-3
4.52000000E-5,-3.88610783E-3
4.52400000E-5,-3.86850082E-3
4.52800000E-5,-3.85693958E-3
4.53200000E-5,-3.53050014E-3
4.53600000E-5,-3.67438828E-3
4.54000000E-5,-3.69034974E-3
4.54400000E-5,-4.05297176E-3
4.54800000E-5,-3.70084313E-3
4.55200000E-5,-3.82497409E-3
4.55600000E-5,-3.64131881E-3
4.56000000E-5,-3.69370759E-3
4.56400000E-5,-3.73487665E-3
4.56800000E-5,-3.78760632E-3
4.57200000E-5,-3.91866860E-3
4.57600000E-5,-3.73746013E-3
4.58000000E-5,-3.81954189E-3
4.58400000E-5,-3.87753836E-3
4.58800000E-5,-3.75219650E-3
4.59200000E-5,-3.75798391E-3
4.59600000E-5,-4.06027785E-3
4.60000000E-5,-3.82962765E-3
4.60400000E-5,-4.05459374E-3
4.60800000E-5,-3.97551419E-3
4.61200000E-5,-3.70390303E-3
4.61600000E-5,-4.00835422E-3
4.62000000E-5,-3.92151141E-3
4.62400000E-5,-3.91053860E-3
4.62800000E-5,-3.66109848E-3
4.63200000E-5,-3.82617323E-3
4.63600000E-5,-3.81529615E-3
4.64000000E-5,-3.75366498E-3
4.64400000E-5,-3.94398779E-3
4.64800000E-5,-3.74176098E-3
4.65200000E-5,-3.82723429E-3
4.65600000E-5,-3.90858904E-3
4.66000000E-5,-3.74808382E-3
4.66400000E-5,-3.91449647E-3
4.66800000E-5,-3.84896012E-3
4.67200000E-5,-3.99335436E-3
4.67600000E-5,-3.66785659E-3
4.68000000E-5,-3.79351818E-3
4.68400000E-5,-3.68204986E-3
4.68800000E-5,-3.52358703E-3
4.69200000E-5,-3.87219752E-3
4.69600000E-5,-3.73321618E-3
4.70000000E-5,-3.78788243E-3
4.70400000E-5,-3.92386633E-3
4.70800000E-5,-3.76330083E-3
4.71200000E-5,-3.71026164E-3
4.71600000E-5,-4.11915645E-3
4.72000000E-5,-3.68461166E-3
4.72400000E-5,-3.82227207E-3
4.72800000E-5,-3.73179202E-3
4.73200000E-5,-3.81791514E-3
4.73600000E-5,-4.01700396E-3
4.74000000E-5,-3.90442540E-3
4.74400000E-5,-3.94234377E-3
4.74800000E-5,-4.16275269E-3
4.75200000E-5,-3.92122960E-3
4.75600000E-5,-4.07026223E-3
4.76000000E-5,-3.98208470E-3
4.76400000E-5,-3.81699698E-3
4.76800000E-5,-3.69510007E-3
4.77200000E-5,-4.01192614E-3
4.77600000E-5,-3.90369548E-3
4.78000000E-5,-3.69237799E-3
4.78400000E-5,-3.83843770E-3
4.78800000E-5,-3.83146088E-3
4.79200000E-5,-3.87233299E-3
4.79600000E-5,-3.95507317E-3
4.80000000E-5,-3.84434403E-3
4.80400000E-5,-4.00081104E-3
4.80800000E-5,-3.85276280E-3
4.81200000E-5,-3.85435648E-3
4.81600000E-5,-4.03727252E-3
4.82000000E-5,-3.74964526E-3
4.82400000E-5,-3.99510038E-3
4.82800000E-5,-3.97052753E-3
4.83200000E-5,-3.71571886E-3
4.83600000E-5,-4.04457760E-3
4.84000000E-5,-3.58636792E-3
4.84400000E-5,-3.84721267E-3
4.84800000E-5,-3.68596136E-3
4.85200000E-5,-3.71076817E-3
4.85600000E-5,-3.72733007E-3
4.86000000E-5,-3.80960087E-3
4.86400000E-5,-3.69867481E-3
4.86800000E-5,-3.67887134E-3
4.87200000E-5,-3.80624098E-3
4.87600000E-5,-3.51469028E-3
4.88000000E-5,-3.78291157E-3
4.88400000E-5,-3.43937375E-3
4.88800000E-5,-3.90719465E-3
4.89200000E-5,-3.90256035E-3
4.89600000E-5,-3.84391534E-3
4.90000000E-5,-3.74473347E-3
4.90400000E-5,-3.85221328E-3
4.90800000E-5,-3.69991415E-3
4.91200000E-5,-3.70066026E-3
4.91600000E-5,-3.90218257E-3
4.92000000E-5,-3.71207587E-3
4.92400000E-5,-3.62098820E-3
4.92800000E-5,-3.85339919E-3
4.93200000E-5,-3.98017655E-3
4.93600000E-5,-3.72018958E-3
4.94000000E-5,-3.84480026E-3
4.94400000E-5,-3.85567447E-3
4.94800000E-5,-3.94547073E-3
4.95200000E-5,-3.97572117E-3
4.95600000E-5,-3.89151934E-3
4.96000000E-5,-3.93273974E-3
4.96400000E-5,-3.95983092E-3
4.96800000E-5,-3.87363107E-3
4.97200000E-5,-4.00603226E-3
4.97600000E-5,-3.82443666E-3
4.98000000E-5,-3.75316489E-3
4.98400000E-5,-3.65751274E-3
4.98800000E-5,-3.69503718E-3
4.99200000E-5,-4.01971521E-3
4.99600000E-5,-3.68691693E-3
5.00000000E-5,-3.86639370E-3
5.00400000E-5,-3.86866710E-3
5.00800000E-5,-3.71690996E-3
5.01200000E-5,-3.82490538E-3
5.01600000E-5,-3.84065194E-3
5.02000000E-5,-3.98189536E-3
5.02400000E-5,-3.74552493E-3
5.02800000E-5,-3.84731437E-3
5.03200000E-5,-3.77019665E-3
5.03600000E-5,-3.88785112E-3
5.04000000E-5,-3.72650270E-3
5.04400000E-5,-3.98562468E-3
5.04800000E-5,-3.99225010E-3
5.05200000E-5,-4.04345915E-3
5.05600000E-5,-3.80185860E-3
5.06000000E-5,-3.89064151E-3
5.06400000E-5,-4.04516579E-3
5.06800000E-5,-4.08638213E-3
5.07200000E-5,-3.99264055E-3
5.07600000E-5,-3.73139631E-3
5.08000000E-5,-4.16258649E-3
5.08400000E-5,-3.80570669E-3
5.08800000E-5,-3.73547174E-3
5.09200000E-5,-3.75465242E-3
5.09600000E-5,-4.02741761E-3
5.10000000E-5,-3.92654205E-3
5.10400000E-5,-3.82020729E-3
5.10800000E-5,-3.78345546E-3
5.11200000E-5,-4.01449848E-3
5.11600000E-5,-3.81527923E-3
5.12000000E-5,-3.78181813E-3
5.12400000E-5,-4.17050014E-3
5.12800000E-5,-3.81682405E-3
5.13200000E-5,-3.71220167E-3
5.13600000E-5,-3.77972323E-3
5.14000000E-5,-3.67845957E-3
5.14400000E-5,-3.88993394E-3
5.14800000E-5,-3.94393773E-3
5.15200000E-5,-4.02579993E-3
5.15600000E-5,-3.79828250E-3
5.16000000E-5,-3.58924879E-3
5.16400000E-5,-3.50787237E-3
5.16800000E-5,-3.83492668E-3
5.17200000E-5,-3.82631151E-3
5.17600000E-5,-3.63676017E-3
5.18000000E-5,-3.52470446E-3
5.18400000E-5,-3.85041959E-3
5.18800000E-5,-3.88473761E-3
5.19200000E-5,-3.84856107E-3
5.19600000E-5,-3.88329860E-3
5.20000000E-5,-3.84535714E-3
5.20400000E-5,-3.83702442E-3
5.20800000E-5,-3.86886109E-3
5.21200000E-5,-3.93848911E-3
5.21600000E-5,-3.92446269E-3
5.22000000E-5,-3.68595543E-3
5.22400000E-5,-4.07502284E-3
5.22800000E-5,-3.91539417E-3
5.23200000E-5,-4.03124915E-3
5.23600000E-5,-4.08580619E-3
5.24000000E-5,-3.79727262E-3
5.24400000E-5,-3.87597981E-3
5.24800000E-5,-3.88601355E-3
5.25200000E-5,-3.77279954E-3
5.25600000E-5,-3.73903420E-3
5.26000000E-5,-3.68726699E-3
5.26400000E-5,-3.91571607E-3
5.26800000E-5,-4.04557797E-3
5.27200000E-5,-4.04368751E-3
5.27600000E-5,-3.80508517E-3
5.28000000E-5,-3.68946712E-3
5.28400000E-5,-3.92200844E-3
5.28800000E-5,-3.55043642E-3
5.29200000E-5,-3.88221939E-3
5.29600000E-5,-3.79774453E-3
5.30000000E-5,-3.63348957E-3
5.30400000E-5,-3.88436137E-3
5.30800000E-5,-3.78191341E-3
5.31200000E-5,-4.04148823E-3
5.31600000E-5,-3.84278520E-3
5.32000000E-5,-3.61633523E-3
5.32400000E-5,-4.14957641E-3
5.32800000E-5,-3.84814561E-3
5.33200000E-5,-3.91988097E-3
5.33600000E-5,-4.02268423E-3
5.34000000E-5,-3.88881265E-3
5.34400000E-5,-3.80110145E-3
5.34800000E-5,-3.89669531E-3
5.35200000E-5,-3.85046948E-3
5.35600000E-5,-4.11351383E-3
5.36000000E-5,-3.93753797E-3
5.36400000E-5,-3.66962065E-3
5.36800000E-5,-3.93365825E-3
5.37200000E-5,-3.85117967E-3
5.37600000E-5,-3.85595097E-3
5.38000000E-5,-3.93984092E-3
5.38400000E-5,-3.97019781E-3
5.38800000E-5,-3.83051823E-3
5.39200000E-5,-4.00669290E-3
5.39600000E-5,-3.97385319E-3
5.40000000E-5,-3.85300324E-3
5.40400000E-5,-4.01513512E-3
5.40800000E-5,-3.72674649E-3
5.41200000E-5,-3.88371394E-3
5.41600000E-5,-3.84023114E-3
5.42000000E-5,-3.76365704E-3
5.42400000E-5,-3.70215477E-3
5.42800000E-5,-4.06745290E-3
5.43200000E-5,-3.73756564E-3
5.43600000E-5,-3.86301844E-3
5.44000000E-5,-3.75019887E-3
5.44400000E-5,-3.52513579E-3
5.44800000E-5,-3.75627008E-3
5.45200000E-5,-4.02100206E-3
5.45600000E-5,-3.83362880E-3
5.46000000E-5,-4.04662067E-3
5.46400000E-5,-3.87173501E-3
5.46800000E-5,-3.87107353E-3
5.47200000E-5,-3.85581911E-3
5.47600000E-5,-3.73936555E-3
5.48000000E-5,-3.75132798E-3
5.48400000E-5,-4.01398632E-3
5.48800000E-5,-4.15222296E-3
5.49200000E-5,-3.97185620E-3
5.49600000E-5,-3.82938125E-3
5.50000000E-5,-3.70363547E-3
5.50400000E-5,-3.94642926E-3
5.50800000E-5,-3.65912012E-3
5.51200000E-5,-4.08334019E-3
5.51600000E-5,-4.16625801E-3
5.52000000E-5,-3.62965419E-3
5.52400000E-5,-3.93081280E-3
5.52800000E-5,-3.68356203E-3
5.53200000E-5,-3.76464617E-3
5.53600000E-5,-3.71078229E-3
5.54000000E-5,-3.75182697E-3
5.54400000E-5,-4.04749597E-3
5.54800000E-5,-3.74093746E-3
5.55200000E-5,-3.80148334E-3
5.55600000E-5,-3.81235298E-3
5.56000000E-5,-3.89886324E-3
5.56400000E-5,-3.85184006E-3
5.56800000E-5,-3.90855507E-3
5.57200000E-5,-3.65195367E-3
5.57600000E-5,-3.75709151E-3
5.58000000E-5,-3.89495003E-3
5.58400000E-5,-3.93019344E-3
5.58800000E-5,-3.86430623E-3
5.59200000E-5,-3.96650194E-3
5.59600000E-5,-3.98229680E-3
5.60000000E-5,-3.97933795E-3
5.60400000E-5,-3.74306347E-3
5.60800000E-5,-3.85592386E-3
5.61200000E-5,-3.78370142E-3
5.61600000E-5,-3.79655474E-3
5.62000000E-5,-3.86251512E-3
5.62400000E-5,-3.87316118E-3
5.62800000E-5,-3.95885009E-3
5.63200000E-5,-3.95139586E-3
5.63600000E-5,-3.82115119E-3
5.64000000E-5,-3.67040593E-3
5.64400000E-5,-3.91456003E-3
5.64800000E-5,-3.69440519E-3
5.65200000E-5,-3.77682793E-3
5.65600000E-5,-3.73611528E-3
5.66000000E-5,-4.05252581E-3
5.66400000E-5,-3.85352111E-3
5.66800000E-5,-4.00210684E-3
5.67200000E-5,-3.96611336E-3
5.67600000E-5,-3.77673850E-3
5.68000000E-5,-3.89350869E-3
5.68400000E-5,-3.91382363E-3
5.68800000E-5,-3.90710963E-3
5.69200000E-5,-3.77221286E-3
5.69600000E-5,-3.86406298E-3
5.70000000E-5,-3.81386790E-3
5.70400000E-5,-3.65748496E-3
5.70800000E-5,-3.95104861E-3
5.71200000E-5,-3.73517076E-3
5.71600000E-5,-3.81910863E-3
5.72000000E-5,-3.87140672E-3
5.72400000E-5,-3.73750541E-3
5.72800000E-5,-3.86558756E-3
5.73200000E-5,-3.64460562E-3
5.73600000E-5,-3.99509481E-3
5.74000000E-5,-3.71878582E-3
5.74400000E-5,-3.84285351E-3
5.74800000E-5,-3.96589730E-3
5.75200000E-5,-3.67801348E-3
5.75600000E-5,-4.07569951E-3
5.76000000E-5,-3.96569344E-3
5.76400000E-5,-3.95968942E-3
5.76800000E-5,-3.94666751E-3
5.77200000E-5,-3.75687314E-3
5.77600000E-5,-3.89003558E-3
5.78000000E-5,-3.85117158E-3
5.78400000E-5,-3.48855445E-3
5.78800000E-5,-3.89626745E-3
5.79200000E-5,-3.88484825E-3
5.79600000E-5,-3.85488609E-3
5.80000000E-5,-3.68260766E-3
5.80400000E-5,-3.72924264E-3
5.80800000E-5,-3.80760604E-3
5.81200000E-5,-3.98455293E-3
5.81600000E-5,-3.94542410E-3
5.82000000E-5,-3.95210132E-3
5.82400000E-5,-3.86533481E-3
5.82800000E-5,-4.02397774E-3
5.83200000E-5,-3.85812415E-3
5.83600000E-5,-3.96092997E-3
5.84000000E-5,-3.90484363E-3
5.84400000E-5,-4.03452769E-3
5.84800000E-5,-3.75392094E-3
5.85200000E-5,-3.85652283E-3
5.85600000E-5,-3.62411193E-3
5.86000000E-5,-3.97061417E-3
5.86400000E-5,-3.88153067E-3
5.86800000E-5,-3.82382518E-3
5.87200000E-5,-3.78781355E-3
5.87600000E-5,-4.04276795E-3
5.88000000E-5,-3.77544953E-3
5.88400000E-5,-3.73382476E-3
5.88800000E-5,-3.85249262E-3
5.89200000E-5,-3.82290256E-3
5.89600000E-5,-3.89126276E-3
5.90000000E-5,-3.59937685E-3
5.90400000E-5,-3.83079880E-3
5.90800000E-5,-3.95419235E-3
5.91200000E-5,-4.01142248E-3
5.91600000E-5,-4.05049866E-3
5.92000000E-5,-3.95861987E-3
5.92400000E-5,-3.83359049E-3
5.92800000E-5,-3.93067980E-3
5.93200000E-5,-3.88060788E-3
5.93600000E-5,-3.99556928E-3
5.94000000E-5,-3.83560703E-3
5.94400000E-5,-3.74664732E-3
5.94800000E-5,-3.81909288E-3
5.95200000E-5,-3.88525031E-3
5.95600000E-5,-3.69612555E-3
5.96000000E-5,-3.95286305E-3
5.96400000E-5,-3.99986972E-3
5.96800000E-5,-3.59707671E-3
5.97200000E-5,-3.82510837E-3
5.97600000E-5,-3.79491289E-3
5.98000000E-5,-3.68652918E-3
5.98400000E-5,-4.02613757E-3
5.98800000E-5,-3.78961191E-3
5.99200000E-5,-3.80999793E-3
5.99600000E-5,-3.84264542E-3
6.00000000E-5,-3.97905900E-3
6.00400000E-5,-3.91256789E-3
6.00800000E-5,-3.67390598E-3
6.01200000E-5,-3.87657730E-3
6.01600000E-5,-3.87012166E-3
6.02000000E-5,-3.68583844E-3
6.02400000E-5,-3.60707800E-3
6.02800000E-5,-3.90942117E-3
6.03200000E-5,-3.90648482E-3
6.03600000E-5,-4.03659263E-3
6.04000000E-5,-3.59340681E-3
6.04400000E-5,-3.80736999E-3
6.04800000E-5,-3.75961518E-3
6.05200000E-5,-3.93243961E-3
6.05600000E-5,-3.73784238E-3
6.06000000E-5,-3.99216044E-3
6.06400000E-5,-3.62784437E-3
6.06800000E-5,-3.81264647E-3
6.07200000E-5,-3.79737182E-3
6.07600000E-5,-3.86910280E-3
6.08000000E-5,-3.56048897E-3
6.08400000E-5,-4.11188601E-3
6.08800000E-5,-3.94458974E-3
6.09200000E-5,-3.69773918E-3
6.09600000E-5,-3.90927196E-3
6.10000000E-5,-3.77412530E-3
6.10400000E-5,-3.82753277E-3
6.10800000E-5,-3.80789107E-3
6.11200000E-5,-3.96219174E-3
6.11600000E-5,-3.91353022E-3
6.12000000E-5,-3.82256227E-3
6.12400000E-5,-3.80182883E-3
6.12800000E-5,-3.93477915E-3
6.13200000E-5,-3.82357627E-3
6.13600000E-5,-3.53734124E-3
6.14000000E-5,-3.76831283E-3
6.14400000E-5,-3.79589180E-3
6.14800000E-5,-3.93725678E-3
6.15200000E-5,-4.04089029E-3
6.15600000E-5,-3.81873054E-3
6.16000000E-5,-3.86210218E-3
6.16400000E-5,-3.73263499E-3
6.16800000E-5,-3.64888556E-3
6.17200000E-5,-3.86472756E-3
6.17600000E-5,-4.36723702E-3
6.18000000E-5,-3.82654638E-3
6.18400000E-5,-4.02335966E-3
6.18800000E-5,-3.87232922E-3
6.19200000E-5,-3.79208506E-3
6.19600000E-5,-3.83804199E-3
6.20000000E-5,-3.76893379E-3
6.20400000E-5,-3.79123211E-3
6.20800000E-5,-3.74652563E-3
6.21200000E-5,-3.76378289E-3
6.21600000E-5,-3.79390117E-3
6.22000000E-5,-3.68597326E-3
6.22400000E-5,-3.86820735E-3
6.22800000E-5,-3.83085553E-3
6.23200000E-5,-3.81011257E-3
6.23600000E-5,-3.76744207E-3
6.24000000E-5,-3.81690229E-3
6.24400000E-5,-3.79132686E-3
6.24800000E-5,-3.87201338E-3
6.25200000E-5,-3.95482293E-3
6.25600000E-5,-3.92820742E-3
6.26000000E-5,-3.63082805E-3
6.26400000E-5,-4.08740610E-3
6.26800000E-5,-3.81396550E-3
6.27200000E-5,-3.71378038E-3
6.27600000E-5,-3.93188011E-3
6.28000000E-5,-4.01189626E-3
6.28400000E-5,-3.79416230E-3
6.28800000E-5,-4.03556896E-3
6.29200000E-5,-4.16787960E-3
6.29600000E-5,-4.07395103E-3
6.30000000E-5,-3.79733512E-3
6.30400000E-5,-3.86243189E-3
6.30800000E-5,-3.74447626E-3
6.31200000E-5,-3.70668206E-3
6.31600000E-5,-3.85431285E-3
6.32000000E-5,-3.86217344E-3
6.32400000E-5,-3.88828757E-3
6.32800000E-5,-3.85175085E-3
6.33200000E-5,-3.98579992E-3
6.33600000E-5,-3.93333126E-3
6.34000000E-5,-3.89890121E-3
6.34400000E-5,-3.88493105E-3
6.34800000E-5,-4.11336034E-3
6.35200000E-5,-4.07658354E-3
6.35600000E-5,-3.94152816E-3
6.36000000E-5,-4.02983711E-3
6.36400000E-5,-3.83633314E-3
6.36800000E-5,-3.95326276E-3
6.37200000E-5,-4.08373031E-3
6.37600000E-5,-3.64819132E-3
6.38000000E-5,-3.98991587E-3
6.38400000E-5,-4.08664321E-3
6.38800000E-5,-3.94985045E-3
6.39200000E-5,-3.91206488E-3
6.39600000E-5,-3.78977347E-3
6.40000000E-5,-3.64678983E-3
6.40400000E-5,-3.92625466E-3
6.40800000E-5,-3.63139189E-3
6.41200000E-5,-3.77881734E-3
6.41600000E-5,-3.99175881E-3
6.42000000E-5,-3.86534430E-3
6.42400000E-5,-3.95933696E-3
6.42800000E-5,-4.01596218E-3
6.43200000E-5,-3.73480258E-3
6.43600000E-5,-3.72510934E-3
6.44000000E-5,-3.96564803E-3
6.44400000E-5,-3.95923784E-3
6.44800000E-5,-4.03526855E-3
6.45200000E-5,-3.59759270E-3
6.45600000E-5,-3.80568537E-3
6.46000000E-5,-3.66543210E-3
6.46400000E-5,-3.72204231E-3
6.46800000E-5,-3.90064072E-3
6.47200000E-5,-3.93684748E-3
6.47600000E-5,-3.68104332E-3
6.48000000E-5,-3.73016744E-3
6.48400000E-5,-4.00276182E-3
6.48800000E-5,-4.02639593E-3
6.49200000E-5,-4.25307174E-3
6.49600000E-5,-3.94189283E-3
6.50000000E-5,-3.85029401E-3
6.50400000E-5,-3.89250493E-3
6.50800000E-5,-3.96814328E-3
6.51200000E-5,-4.14338779E-3
6.51600000E-5,-3.78357864E-3
6.52000000E-5,-4.12004619E-3
6.52400000E-5,-4.16223605E-3
6.52800000E-5,-3.79536462E-3
6.53200000E-5,-4.02662868E-3
6.53600000E-5,-3.79344043E-3
6.54000000E-5,-3.72441028E-3
6.54400000E-5,-3.90887176E-3
6.54800000E-5,-4.12199678E-3
6.55200000E-5,-3.90382368E-3
6.55600000E-5,-4.07217793E-3
6.56000000E-5,-3.72965107E-3
6.56400000E-5,-3.81266647E-3
6.56800000E-5,-3.94737121E-3
6.57200000E-5,-4.01639301E-3
6.57600000E-5,-3.93926364E-3
6.58000000E-5,-4.05402565E-3
6.58400000E-5,-3.92346467E-3
6.58800000E-5,-3.65801371E-3
6.59200000E-5,-4.17697816E-3
6.59600000E-5,-3.72521939E-3
6.60000000E-5,-3.89436036E-3
6.60400000E-5,-3.78287568E-3
6.60800000E-5,-3.95206091E-3
6.61200000E-5,-3.68689500E-3
6.61600000E-5,-4.16206491E-3
6.62000000E-5,-3.97386848E-3
6.62400000E-5,-3.90031858E-3
6.62800000E-5,-3.72805210E-3
6.63200000E-5,-3.74657185E-3
6.63600000E-5,-3.84872875E-3
6.64000000E-5,-3.95248682E-3
6.64400000E-5,-3.89315778E-3
6.64800000E-5,-3.66192063E-3
6.65200000E-5,-3.87612598E-3
6.65600000E-5,-3.70094608E-3
6.66000000E-5,-4.06507321E-3
6.66400000E-5,-3.58484983E-3
6.66800000E-5,-3.89728521E-3
6.67200000E-5,-3.85561508E-3
6.67600000E-5,-3.85814527E-3
6.68000000E-5,-3.79770033E-3
6.68400000E-5,-4.08663851E-3
6.68800000E-5,-3.96379190E-3
6.69200000E-5,-3.91819425E-3
6.69600000E-5,-3.89385358E-3
6.70000000E-5,-4.11373793E-3
6.70400000E-5,-3.94831664E-3
6.70800000E-5,-4.06183532E-3
6.71200000E-5,-4.03280055E-3
6.71600000E-5,-4.20334481E-3
6.72000000E-5,-3.80699195E-3
6.72400000E-5,-3.64216322E-3
6.72800000E-5,-3.99639487E-3
6.73200000E-5,-3.90458756E-3
6.73600000E-5,-4.06280031E-3
6.74000000E-5,-4.02326367E-3
6.74400000E-5,-3.76506828E-3
6.74800000E-5,-3.79249862E-3
6.75200000E-5,-3.90512557E-3
6.75600000E-5,-3.84074660E-3
6.76000000E-5,-3.76948439E-3
6.76400000E-5,-3.77006883E-3
6.76800000E-5,-4.03738891E-3
6.77200000E-5,-3.65511906E-3
6.77600000E-5,-3.85352952E-3
6.78000000E-5,-3.71511012E-3
6.78400000E-5,-4.06224460E-3
6.78800000E-5,-3.98862824E-3
6.79200000E-5,-3.86577206E-3
6.79600000E-5,-4.11895554E-3
6.80000000E-5,-3.96963730E-3
6.80400000E-5,-3.64311556E-3
6.80800000E-5,-3.71931349E-3
6.81200000E-5,-3.95148800E-3
6.81600000E-5,-3.93612854E-3
6.82000000E-5,-3.56029195E-3
6.82400000E-5,-3.65903418E-3
6.82800000E-5,-4.14277323E-3
6.83200000E-5,-3.94220994E-3
6.83600000E-5,-4.06161757E-3
6.84000000E-5,-3.95267946E-3
6.84400000E-5,-3.86932870E-3
6.84800000E-5,-3.97696968E-3
6.85200000E-5,-3.96217375E-3
6.85600000E-5,-3.81543598E-3
6.86000000E-5,-3.58886243E-3
6.86400000E-5,-3.95910318E-3
6.86800000E-5,-3.94825275E-3
6.87200000E-5,-3.94972905E-3
6.87600000E-5,-3.80079647E-3
6.88000000E-5,-4.01280407E-3
6.88400000E-5,-3.88194801E-3
6.88800000E-5,-4.07282725E-3
6.89200000E-5,-3.80420640E-3
6.89600000E-5,-3.88525657E-3
6.90000000E-5,-4.02560539E-3
6.90400000E-5,-4.01446974E-3
6.90800000E-5,-3.74186801E-3
6.91200000E-5,-3.89005200E-3
6.91600000E-5,-3.68002701E-3
6.92000000E-5,-3.85026111E-3
6.92400000E-5,-3.77643207E-3
6.92800000E-5,-3.91978223E-3
6.93200000E-5,-3.96901442E-3
6.93600000E-5,-3.81360064E-3
6.94000000E-5,-3.94674615E-3
6.94400000E-5,-3.75997148E-3
6.94800000E-5,-4.10108076E-3
6.95200000E-5,-3.55412733E-3
6.95600000E-5,-3.82388699E-3
6.96000000E-5,-3.70949661E-3
6.96400000E-5,-3.77925673E-3
6.96800000E-5,-4.00742795E-3
6.97200000E-5,-3.93408081E-3
6.97600000E-5,-3.74127562E-3
6.98000000E-5,-3.91769463E-3
6.98400000E-5,-4.01918001E-3
6.98800000E-5,-3.67106558E-3
6.99200000E-5,-3.82695893E-3
6.99600000E-5,-3.95343328E-3
7.00000000E-5,-3.80804405E-3
7.00400000E-5,-4.01992994E-3
7.00800000E-5,-3.91291014E-3
7.01200000E-5,-3.93359298E-3
7.01600000E-5,-3.97976530E-3
7.02000000E-5,-3.86921472E-3
7.02400000E-5,-3.78493507E-3
7.02800000E-5,-4.00264605E-3
7.03200000E-5,-3.93844989E-3
7.03600000E-5,-3.82098730E-3
7.04000000E-5,-3.80425964E-3
7.04400000E-5,-3.75102287E-3
7.04800000E-5,-3.97428023E-3
7.05200000E-5,-3.93984773E-3
7.05600000E-5,-3.91850535E-3
7.06000000E-5,-4.07846553E-3
7.06400000E-5,-3.93592254E-3
7.06800000E-5,-3.68501126E-3
7.07200000E-5,-3.90419365E-3
7.07600000E-5,-3.70075401E-3
7.08000000E-5,-3.77168200E-3
7.08400000E-5,-3.97617149E-3
7.08800000E-5,-3.64669192E-3
7.09200000E-5,-3.84843625E-3
7.09600000E-5,-3.90399211E-3
7.10000000E-5,-3.78497883E-3
7.10400000E-5,-3.97163555E-3
7.10800000E-5,-4.01289203E-3
7.11200000E-5,-3.77102575E-3
7.11600000E-5,-3.89326890E-3
7.12000000E-5,-3.83585603E-3
7.12400000E-5,-3.92107226E-3
7.12800000E-5,-4.02120484E-3
7.13200000E-5,-3.93564988E-3
7.13600000E-5,-3.86013970E-3
7.14000000E-5,-3.98269597E-3
7.14400000E-5,-4.22173387E-3
7.14800000E-5,-3.78171681E-3
7.15200000E-5,-4.02808897E-3
7.15600000E-5,-3.84078363E-3
7.16000000E-5,-3.97135040E-3
7.16400000E-5,-4.13485877E-3
7.16800000E-5,-3.86049432E-3
7.17200000E-5,-3.84181757E-3
7.17600000E-5,-3.99867985E-3
7.18000000E-5,-4.00749664E-3
7.18400000E-5,-3.89201959E-3
7.18800000E-5,-3.86472731E-3
7.19200000E-5,-3.77020733E-3
7.19600000E-5,-3.88313600E-3
7.20000000E-5,-3.76432073E-3
7.20400000E-5,-4.03853636E-3
7.20800000E-5,-3.80291460E-3
7.21200000E-5,-3.81134001E-3
7.21600000E-5,-3.78116103E-3
7.22000000E-5,-3.63203592E-3
7.22400000E-5,-3.76661630E-3
7.22800000E-5,-3.94848510E-3
7.23200000E-5,-3.78689329E-3
7.23600000E-5,-3.97819535E-3
7.24000000E-5,-3.84341125E-3
7.24400000E-5,-3.87752571E-3
7.24800000E-5,-4.21217213E-3
7.25200000E-5,-3.99473251E-3
7.25600000E-5,-4.00319138E-3
7.26000000E-5,-3.92296159E-3
7.26400000E-5,-3.73049644E-3
7.26800000E-5,-3.78336292E-3
7.27200000E-5,-3.72498068E-3
7.27600000E-5,-4.05611808E-3
7.28000000E-5,-4.13296689E-3
7.28400000E-5,-3.82641699E-3
7.28800000E-5,-3.99583817E-3
7.29200000E-5,-3.88390495E-3
7.29600000E-5,-3.85345483E-3
7.30000000E-5,-3.74650843E-3
7.30400000E-5,-3.89758584E-3
7.30800000E-5,-3.91525589E-3
7.31200000E-5,-3.87259976E-3
7.31600000E-5,-3.90147950E-3
7.32000000E-5,-4.13570070E-3
7.32400000E-5,-4.04238362E-3
7.32800000E-5,-3.93543162E-3
7.33200000E-5,-3.86940808E-3
7.33600000E-5,-3.81318057E-3
7.34000000E-5,-3.78130145E-3
7.34400000E-5,-3.77745046E-3
7.34800000E-5,-4.09397517E-3
7.35200000E-5,-4.05523637E-3
7.35600000E-5,-3.71729145E-3
7.36000000E-5,-3.81299199E-3
7.36400000E-5,-4.01382217E-3
7.36800000E-5,-3.84952763E-3
7.37200000E-5,-4.08664194E-3
7.37600000E-5,-3.95099003E-3
7.38000000E-5,-3.85880204E-3
7.38400000E-5,-3.88584794E-3
7.38800000E-5,-3.82629414E-3
7.39200000E-5,-3.75665433E-3
7.39600000E-5,-3.62794002E-3
7.40000000E-5,-4.02299155E-3
7.40400000E-5,-3.81486574E-3
7.40800000E-5,-4.11031651E-3
7.41200000E-5,-4.15254474E-3
7.41600000E-5,-3.95658097E-3
7.42000000E-5,-3.77176031E-3
7.42400000E-5,-3.83372279E-3
7.42800000E-5,-3.87172599E-3
7.43200000E-5,-3.81815176E-3
7.43600000E-5,-4.03891012E-3
7.44000000E-5,-4.06662323E-3
7.44400000E-5,-3.95579049E-3
7.44800000E-5,-3.99398354E-3
7.45200000E-5,-3.88500122E-3
7.45600000E-5,-3.93025879E-3
7.46000000E-5,-3.97659281E-3
7.46400000E-5,-3.76630912E-3
7.46800000E-5,-3.79863826E-3
7.47200000E-5,-3.86755923E-3
7.47600000E-5,-4.05652420E-3
7.48000000E-5,-3.94628598E-3
7.48400000E-5,-3.95577778E-3
7.48800000E-5,-3.84160487E-3
7.49200000E-5,-3.70481211E-3
7.49600000E-5,-3.73180134E-3
7.50000000E-5,-4.00826339E-3
7.50400000E-5,-3.89793036E-3
7.50800000E-5,-3.67479407E-3
7.51200000E-5,-3.89736072E-3
7.51600000E-5,-3.84538387E-3
7.52000000E-5,-3.73478664E-3
7.52400000E-5,-3.90093713E-3
7.52800000E-5,-3.74241067E-3
7.53200000E-5,-3.99269520E-3
7.53600000E-5,-3.70861174E-3
7.54000000E-5,-3.84904023E-3
7.54400000E-5,-3.65775220E-3
7.54800000E-5,-4.05409960E-3
7.55200000E-5,-3.87915741E-3
7.55600000E-5,-3.92517729E-3
7.56000000E-5,-3.92299954E-3
7.56400000E-5,-4.04955967E-3
7.56800000E-5,-3.77889508E-3
7.57200000E-5,-3.67792084E-3
7.57600000E-5,-3.89224236E-3
7.58000000E-5,-4.22867734E-3
7.58400000E-5,-3.85027496E-3
7.58800000E-5,-3.91064697E-3
7.59200000E-5,-4.17901928E-3
7.59600000E-5,-3.91437651E-3
7.60000000E-5,-3.85486427E-3
7.60400000E-5,-3.90356924E-3
7.60800000E-5,-3.98428134E-3
7.61200000E-5,-3.91013672E-3
7.61600000E-5,-3.63230831E-3
7.62000000E-5,-3.99211254E-3
7.62400000E-5,-4.01359780E-3
7.62800000E-5,-4.00056916E-3
7.63200000E-5,-3.86976772E-3
7.63600000E-5,-4.12208480E-3
7.64000000E-5,-3.96814047E-3
7.64400000E-5,-4.28817847E-3
7.64800000E-5,-4.04119979E-3
7.65200000E-5,-3.80221922E-3
7.65600000E-5,-3.65612414E-3
7.66000000E-5,-3.91789007E-3
7.66400000E-5,-3.74339970E-3
7.66800000E-5,-3.66780998E-3
7.67200000E-5,-4.07227179E-3
7.67600000E-5,-3.79839204E-3
7.68000000E-5,-4.10014872E-3
7.68400000E-5,-3.90391588E-3
7.68800000E-5,-4.10950775E-3
7.69200000E-5,-3.87152671E-3
7.69600000E-5,-4.04892652E-3
7.70000000E-5,-3.70311880E-3
7.70400000E-5,-3.94455285E-3
7.70800000E-5,-3.87519071E-3
7.71200000E-5,-4.06682449E-3
7.71600000E-5,-3.71623666E-3
7.72000000E-5,-3.97063360E-3
7.72400000E-5,-3.71503543E-3
7.72800000E-5,-3.68068864E-3
7.73200000E-5,-3.86836535E-3
7.73600000E-5,-3.88467420E-3
7.74000000E-5,-3.75504563E-3
7.74400000E-5,-3.84117479E-3
7.74800000E-5,-4.00649624E-3
7.75200000E-5,-3.94528170E-3
7.75600000E-5,-3.94702167E-3
7.76000000E-5,-4.14154209E-3
7.76400000E-5,-3.64664376E-3
7.76800000E-5,-3.87578355E-3
7.77200000E-5,-4.05428064E-3
7.77600000E-5,-3.95349446E-3
7.78000000E-5,-4.09323515E-3
7.78400000E-5,-4.07909695E-3
7.78800000E-5,-3.80133839E-3
7.79200000E-5,-3.83060172E-3
7.79600000E-5,-4.06819503E-3
7.80000000E-5,-3.90994398E-3
7.80400000E-5,-3.97056241E-3
7.80800000E-5,-4.05810609E-3
7.81200000E-5,-3.90696756E-3
7.81600000E-5,-4.08806416E-3
7.82000000E-5,-3.91368166E-3
7.82400000E-5,-3.90554666E-3
7.82800000E-5,-3.97095741E-3
7.83200000E-5,-3.85704885E-3
7.83600000E-5,-3.76338690E-3
7.84000000E-5,-3.97778866E-3
7.84400000E-5,-3.99155375E-3
7.84800000E-5,-3.79669527E-3
7.85200000E-5,-3.87030263E-3
7.85600000E-5,-4.00827685E-3
7.86000000E-5,-3.67237249E-3
7.86400000E-5,-3.89977879E-3
7.86800000E-5,-4.22180867E-3
7.87200000E-5,-3.96388834E-3
7.87600000E-5,-4.20208230E-3
7.88000000E-5,-4.16952567E-3
7.88400000E-5,-3.96924686E-3
7.88800000E-5,-3.78481563E-3
7.89200000E-5,-3.80371137E-3
7.89600000E-5,-3.97426230E-3
7.90000000E-5,-4.00931631E-3
7.90400000E-5,-3.75213004E-3
7.90800000E-5,-4.04723087E-3
7.91200000E-5,-3.83737537E-3
7.91600000E-5,-3.95757851E-3
7.92000000E-5,-3.94640505E-3
7.92400000E-5,-3.85423269E-3
7.92800000E-5,-3.67044332E-3
7.93200000E-5,-4.01240834E-3
7.93600000E-5,-3.76333315E-3
7.94000000E-5,-3.82597323E-3
7.94400000E-5,-3.82304234E-3
7.94800000E-5,-4.22377919E-3
7.95200000E-5,-3.93375470E-3
7.95600000E-5,-3.99689948E-3
7.96000000E-5,-3.69466622E-3
7.96400000E-5,-3.81693200E-3
7.96800000E-5,-3.80854860E-3
7.97200000E-5,-3.80758346E-3
7.97600000E-5,-3.64916605E-3
7.98000000E-5,-3.96125075E-3
7.98400000E-5,-3.95353609E-3
7.98800000E-5,-3.91632894E-3
7.99200000E-5,-3.74724401E-3
7.99600000E-5,-3.94081419E-3
8.00000000E-5,-3.91748484E-3
8.00400000E-5,-4.00146753E-3
8.00800000E-5,-3.93097092E-3
8.01200000E-5,-4.10442655E-3
8.01600000E-5,-3.96521082E-3
8.02000000E-5,-3.99741992E-3
8.02400000E-5,-4.00342290E-3
8.02800000E-5,-3.99079135E-3
8.03200000E-5,-4.04135562E-3
8.03600000E-5,-3.92144494E-3
8.04000000E-5,-3.74907247E-3
8.04400000E-5,-3.79986221E-3
8.04800000E-5,-4.21678017E-3
8.05200000E-5,-3.97982831E-3
8.05600000E-5,-3.78314400E-3
8.06000000E-5,-4.03972267E-3
8.06400000E-5,-3.91724922E-3
8.06800000E-5,-3.97522077E-3
8.07200000E-5,-4.02983028E-3
8.07600000E-5,-3.71387232E-3
8.08000000E-5,-4.21765239E-3
8.08400000E-5,-3.72876565E-3
8.08800000E-5,-4.05794484E-3
8.09200000E-5,-3.94422567E-3
8.09600000E-5,-3.99872745E-3
8.10000000E-5,-4.03947142E-3
8.10400000E-5,-3.65202589E-3
8.10800000E-5,-3.81070386E-3
8.11200000E-5,-4.01285503E-3
8.11600000E-5,-3.95387709E-3
8.12000000E-5,-3.69828977E-3
8.12400000E-5,-3.97659516E-3
8.12800000E-5,-3.74307970E-3
8.13200000E-5,-3.88670203E-3
8.13600000E-5,-4.15756705E-3
8.14000000E-5,-3.95321668E-3
8.14400000E-5,-3.86038245E-3
8.14800000E-5,-3.93997553E-3
8.15200000E-5,-3.82210719E-3
8.15600000E-5,-4.09621196E-3
8.16000000E-5,-3.64664988E-3
8.16400000E-5,-3.88225740E-3
8.16800000E-5,-3.89484563E-3
8.17200000E-5,-3.82455390E-3
8.17600000E-5,-3.94005236E-3
8.18000000E-5,-3.85439407E-3
8.18400000E-5,-3.70160359E-3
8.18800000E-5,-4.06144614E-3
8.19200000E-5,-4.03970955E-3
8.19600000E-5,-3.99814698E-3
8.20000000E-5,-3.85321952E-3
8.20400000E-5,-3.77787734E-3
8.20800000E-5,-4.03156417E-3
8.21200000E-5,-3.76414829E-3
8.21600000E-5,-4.00067577E-3
8.22000000E-5,-3.76336794E-3
8.22400000E-5,-3.87160117E-3
8.22800000E-5,-3.81938971E-3
8.23200000E-5,-4.02200605E-3
8.23600000E-5,-3.65371877E-3
8.24000000E-5,-3.84309510E-3
8.24400000E-5,-3.63585011E-3
8.24800000E-5,-3.96485479E-3
8.25200000E-5,-3.75891346E-3
8.25600000E-5,-4.25331058E-3
8.26000000E-5,-3.89775908E-3
8.26400000E-5,-3.99383079E-3
8.26800000E-5,-3.85146630E-3
8.27200000E-5,-4.02381400E-3
8.27600000E-5,-3.95199047E-3
8.28000000E-5,-4.16830707E-3
8.28400000E-5,-3.93795051E-3
8.28800000E-5,-4.03980725E-3
8.29200000E-5,-3.79349862E-3
8.29600000E-5,-3.93340845E-3
8.30000000E-5,-3.83170839E-3
8.30400000E-5,-4.13067804E-3
8.30800000E-5,-3.79822972E-3
8.31200000E-5,-3.89920871E-3
8.31600000E-5,-3.75258182E-3
8.32000000E-5,-3.78557206E-3
8.32400000E-5,-3.88846793E-3
8.32800000E-5,-3.98815224E-3
8.33200000E-5,-3.95583295E-3
8.33600000E-5,-3.71653565E-3
8.34000000E-5,-3.80737526E-3
8.34400000E-5,-3.81184499E-3
8.34800000E-5,-4.01027144E-3
8.35200000E-5,-3.74085835E-3
8.35600000E-5,-3.77083847E-3
8.36000000E-5,-3.98367101E-3
8.36400000E-5,-4.10340246E-3
8.36800000E-5,-4.00889934E-3
8.37200000E-5,-3.92299846E-3
8.37600000E-5,-3.73920673E-3
8.38000000E-5,-4.02407496E-3
8.38400000E-5,-4.13969983E-3
8.38800000E-5,-4.02312997E-3
8.39200000E-5,-3.95163203E-3
8.39600000E-5,-4.28111267E-3
8.40000000E-5,-3.80751347E-3
8.40400000E-5,-3.54092359E-3
8.40800000E-5,-3.68513571E-3
8.41200000E-5,-3.98525198E-3
8.41600000E-5,-3.82127500E-3
8.42000000E-5,-3.81326972E-3
8.42400000E-5,-4.25929175E-3
8.42800000E-5,-3.90618083E-3
8.43200000E-5,-4.05962937E-3
8.43600000E-5,-3.95797245E-3
8.44000000E-5,-3.81686166E-3
8.44400000E-5,-3.99224922E-3
8.44800000E-5,-3.82361352E-3
8.45200000E-5,-4.01245287E-3
8.45600000E-5,-3.99894860E-3
8.46000000E-5,-3.99787210E-3
8.46400000E-5,-4.10041392E-3
8.46800000E-5,-3.97248917E-3
8.47200000E-5,-3.93446354E-3
8.47600000E-5,-3.95635971E-3
8.48000000E-5,-3.79775763E-3
8.48400000E-5,-3.96199081E-3
8.48800000E-5,-4.08333752E-3
8.49200000E-5,-3.88148361E-3
8.49600000E-5,-4.15854587E-3
8.50000000E-5,-3.88767459E-3
8.50400000E-5,-3.75156185E-3
8.50800000E-5,-4.20984043E-3
8.51200000E-5,-4.05489615E-3
8.51600000E-5,-3.89659687E-3
8.52000000E-5,-3.84577370E-3
8.52400000E-5,-3.85224913E-3
8.52800000E-5,-3.92999564E-3
8.53200000E-5,-4.02629889E-3
8.53600000E-5,-4.21341619E-3
8.54000000E-5,-3.72414741E-3
8.54400000E-5,-3.73152833E-3
8.54800000E-5,-3.80875191E-3
8.55200000E-5,-3.87864253E-3
8.55600000E-5,-3.74899940E-3
8.56000000E-5,-3.81229371E-3
8.56400000E-5,-3.80966266E-3
8.56800000E-5,-3.97668609E-3
8.57200000E-5,-3.82792946E-3
8.57600000E-5,-3.93749556E-3
8.58000000E-5,-3.68442153E-3
8.58400000E-5,-4.08837566E-3
8.58800000E-5,-3.81294344E-3
8.59200000E-5,-3.68961166E-3
8.59600000E-5,-3.95810284E-3
8.60000000E-5,-4.11609371E-3
8.60400000E-5,-4.04710189E-3
8.60800000E-5,-3.93844728E-3
8.61200000E-5,-4.00468803E-3
8.61600000E-5,-4.10040193E-3
8.62000000E-5,-4.01061243E-3
8.62400000E-5,-3.83063476E-3
8.62800000E-5,-3.88326091E-3
8.63200000E-5,-4.18581624E-3
8.63600000E-5,-3.73245335E-3
8.64000000E-5,-4.03755429E-3
8.64400000E-5,-3.80978438E-3
8.64800000E-5,-3.79072929E-3
8.65200000E-5,-4.31961407E-3
8.65600000E-5,-4.03891125E-3
8.66000000E-5,-3.99387318E-3
8.66400000E-5,-3.89893205E-3
8.66800000E-5,-3.87170232E-3
8.67200000E-5,-4.16892646E-3
8.67600000E-5,-4.08338983E-3
8.68000000E-5,-4.00844549E-3
8.68400000E-5,-3.81784165E-3
8.68800000E-5,-4.05019224E-3
8.69200000E-5,-3.84250215E-3
8.69600000E-5,-3.92585479E-3
8.70000000E-5,-3.98497897E-3
8.70400000E-5,-3.76560457E-3
8.70800000E-5,-4.10784477E-3
8.71200000E-5,-3.69223154E-3
8.71600000E-5,-4.04161737E-3
8.72000000E-5,-3.78529539E-3
8.72400000E-5,-3.99282301E-3
8.72800000E-5,-4.01196171E-3
8.73200000E-5,-4.01235202E-3
8.73600000E-5,-3.72840320E-3
8.74000000E-5,-3.91069576E-3
8.74400000E-5,-3.99627740E-3
8.74800000E-5,-4.18317376E-3
8.75200000E-5,-3.79804142E-3
8.75600000E-5,-3.89257522E-3
8.76000000E-5,-3.94258653E-3
8.76400000E-5,-3.94552724E-3
8.76800000E-5,-4.02215951E-3
8.77200000E-5,-3.97049311E-3
8.77600000E-5,-3.89999811E-3
8.78000000E-5,-4.21068607E-3
8.78400000E-5,-3.92727319E-3
8.78800000E-5,-3.79290857E-3
8.79200000E-5,-3.86978499E-3
8.79600000E-5,-3.91735688E-3
8.80000000E-5,-4.02015163E-3
8.80400000E-5,-3.92476229E-3
8.80800000E-5,-3.74764090E-3
8.81200000E-5,-3.84550647E-3
8.81600000E-5,-3.90757041E-3
8.82000000E-5,-3.86594196E-3
8.82400000E-5,-4.18889918E-3
8.82800000E-5,-3.88725484E-3
8.83200000E-5,-3.80485201E-3
8.83600000E-5,-3.84644447E-3
8.84000000E-5,-3.82647077E-3
8.84400000E-5,-3.95814948E-3
8.84800000E-5,-3.75030395E-3
8.85200000E-5,-3.94759255E-3
8.85600000E-5,-3.70310189E-3
8.86000000E-5,-3.97306555E-3
8.86400000E-5,-3.97635751E-3
8.86800000E-5,-3.75973403E-3
8.87200000E-5,-3.98559077E-3
8.87600000E-5,-3.86301070E-3
8.88000000E-5,-4.00241181E-3
8.88400000E-5,-3.72341373E-3
8.88800000E-5,-3.86051420E-3
8.89200000E-5,-3.93644834E-3
8.89600000E-5,-4.03385096E-3
8.90000000E-5,-3.74439870E-3
8.90400000E-5,-3.78894436E-3
8.90800000E-5,-4.11505260E-3
8.91200000E-5,-4.28922254E-3
8.91600000E-5,-4.04015265E-3
8.92000000E-5,-3.74682974E-3
8.92400000E-5,-4.04358395E-3
8.92800000E-5,-3.82461785E-3
8.93200000E-5,-4.02391979E-3
8.93600000E-5,-4.26734669E-3
8.94000000E-5,-3.87240093E-3
8.94400000E-5,-3.64325083E-3
8.94800000E-5,-3.94598297E-3
8.95200000E-5,-3.82650783E-3
8.95600000E-5,-3.80445822E-3
8.96000000E-5,-3.99092993E-3
8.96400000E-5,-3.78957801E-3
8.96800000E-5,-3.71353728E-3
8.97200000E-5,-3.73494977E-3
8.97600000E-5,-3.81366410E-3
8.98000000E-5,-3.85078542E-3
8.98400000E-5,-3.97889290E-3
8.98800000E-5,-4.21865303E-3
8.99200000E-5,-3.88209944E-3
8.99600000E-5,-3.74803442E-3
9.00000000E-5,-3.89501638E-3
9.00400000E-5,-3.62212987E-3
9.00800000E-5,-3.83438508E-3
9.01200000E-5,-4.02330615E-3
9.01600000E-5,-3.77012602E-3
9.02000000E-5,-4.00776430E-3
9.02400000E-5,-3.91974110E-3
9.02800000E-5,-4.13552000E-3
9.03200000E-5,-4.12919163E-3
9.03600000E-5,-3.85182671E-3
9.04000000E-5,-3.79829076E-3
9.04400000E-5,-4.10760570E-3
9.04800000E-5,-3.87576221E-3
9.05200000E-5,-3.99645158E-3
9.05600000E-5,-3.73178520E-3
9.06000000E-5,-3.97303234E-3
9.06400000E-5,-3.98984340E-3
9.06800000E-5,-3.91835266E-3
9.07200000E-5,-3.67429566E-3
9.07600000E-5,-3.98123356E-3
9.08000000E-5,-4.15953189E-3
9.08400000E-5,-3.88553613E-3
9.08800000E-5,-3.91624855E-3
9.09200000E-5,-3.94745674E-3
9.09600000E-5,-4.12980289E-3
9.10000000E-5,-3.85895442E-3
9.10400000E-5,-4.09057792E-3
9.10800000E-5,-4.18859912E-3
9.11200000E-5,-3.54177040E-3
9.11600000E-5,-4.02440014E-3
9.12000000E-5,-3.99385614E-3
9.12400000E-5,-4.12398878E-3
9.12800000E-5,-4.04721662E-3
9.13200000E-5,-3.79748781E-3
9.13600000E-5,-4.06565062E-3
9.14000000E-5,-3.80804735E-3
9.14400000E-5,-4.07833656E-3
9.14800000E-5,-3.82256294E-3
9.15200000E-5,-3.86037651E-3
9.15600000E-5,-3.94296698E-3
9.16000000E-5,-4.01774380E-3
9.16400000E-5,-3.69415178E-3
9.16800000E-5,-3.99329893E-3
9.17200000E-5,-4.10035965E-3
9.17600000E-5,-3.94072470E-3
9.18000000E-5,-3.85000191E-3
9.18400000E-5,-4.03130973E-3
9.18800000E-5,-4.11229066E-3
9.19200000E-5,-4.07289730E-3
9.19600000E-5,-3.82889982E-3
9.20000000E-5,-4.00999462E-3
9.20400000E-5,-3.95290151E-3
9.20800000E-5,-3.82354534E-3
9.21200000E-5,-3.87133079E-3
9.21600000E-5,-3.92582446E-3
9.22000000E-5,-3.81025348E-3
9.22400000E-5,-3.73399183E-3
9.22800000E-5,-3.90170014E-3
9.23200000E-5,-3.97593208E-3
9.23600000E-5,-3.89745588E-3
9.24000000E-5,-3.74051349E-3
9.24400000E-5,-3.84550147E-3
9.24800000E-5,-3.80839235E-3
9.25200000E-5,-3.88987299E-3
9.25600000E-5,-4.16891011E-3
9.26000000E-5,-3.98617641E-3
9.26400000E-5,-3.96100041E-3
9.26800000E-5,-3.99913872E-3
9.27200000E-5,-3.98536129E-3
9.27600000E-5,-4.00674061E-3
9.28000000E-5,-4.07128998E-3
9.28400000E-5,-3.84457550E-3
9.28800000E-5,-3.94000133E-3
9.29200000E-5,-3.80119259E-3
9.29600000E-5,-3.72671686E-3
9.30000000E-5,-3.84369154E-3
9.30400000E-5,-3.85752410E-3
9.30800000E-5,-4.07858615E-3
9.31200000E-5,-4.10122551E-3
9.31600000E-5,-3.90931800E-3
9.32000000E-5,-4.13299886E-3
9.32400000E-5,-3.66765012E-3
9.32800000E-5,-3.99430285E-3
9.33200000E-5,-3.85142267E-3
9.33600000E-5,-3.87482268E-3
9.34000000E-5,-4.11225379E-3
9.34400000E-5,-3.80870997E-3
9.34800000E-5,-4.16972540E-3
9.35200000E-5,-4.20402411E-3
9.35600000E-5,-4.19341797E-3
9.36000000E-5,-3.95914958E-3
9.36400000E-5,-3.99043658E-3
9.36800000E-5,-4.00353479E-3
9.37200000E-5,-3.81543317E-3
9.37600000E-5,-3.93709896E-3
9.38000000E-5,-3.86028205E-3
9.38400000E-5,-3.98661282E-3
9.38800000E-5,-4.03043162E-3
9.39200000E-5,-4.19499138E-3
9.39600000E-5,-3.96804898E-3
9.40000000E-5,-3.98796587E-3
9.40400000E-5,-3.83465162E-3
9.40800000E-5,-3.84247740E-3
9.41200000E-5,-4.03485594E-3
9.41600000E-5,-4.03303835E-3
9.42000000E-5,-3.72643448E-3
9.42400000E-5,-3.86205960E-3
9.42800000E-5,-3.74606952E-3
9.43200000E-5,-3.92076140E-3
9.43600000E-5,-4.19842613E-3
9.44000000E-5,-3.84265491E-3
9.44400000E-5,-3.84901277E-3
9.44800000E-5,-4.00705673E-3
9.45200000E-5,-3.57327408E-3
9.45600000E-5,-4.03594747E-3
9.46000000E-5,-3.79536162E-3
9.46400000E-5,-4.14422116E-3
9.46800000E-5,-3.69192977E-3
9.47200000E-5,-3.92716121E-3
9.47600000E-5,-3.98991715E-3
9.48000000E-5,-3.55635774E-3
9.48400000E-5,-3.78436164E-3
9.48800000E-5,-4.13510957E-3
9.49200000E-5,-3.73325048E-3
9.49600000E-5,-3.70330501E-3
9.50000000E-5,-3.89730604E-3
9.50400000E-5,-4.18174542E-3
9.50800000E-5,-4.26488421E-3
9.51200000E-5,-4.03114302E-3
9.51600000E-5,-3.79187159E-3
9.52000000E-5,-4.26950463E-3
9.52400000E-5,-3.70317332E-3
9.52800000E-5,-3.97385537E-3
9.53200000E-5,-3.96536000E-3
9.53600000E-5,-3.91635141E-3
9.54000000E-5,-3.97258453E-3
9.54400000E-5,-3.94320871E-3
9.54800000E-5,-4.10685072E-3
9.55200000E-5,-4.02338646E-3
9.55600000E-5,-3.98059436E-3
9.56000000E-5,-4.09302480E-3
9.56400000E-5,-3.97281282E-3
9.56800000E-5,-3.90450551E-3
9.57200000E-5,-3.95356581E-3
9.57600000E-5,-3.80226219E-3
9.58000000E-5,-3.92815267E-3
9.58400000E-5,-4.03001244E-3
9.58800000E-5,-4.19097606E-3
9.59200000E-5,-4.28354308E-3
9.59600000E-5,-4.00779728E-3
9.60000000E-5,-4.23320343E-3
9.60400000E-5,-3.94318374E-3
9.60800000E-5,-3.89609755E-3
9.61200000E-5,-3.98501511E-3
9.61600000E-5,-4.11180085E-3
9.62000000E-5,-3.89556182E-3
9.62400000E-5,-3.80173474E-3
9.62800000E-5,-4.07924148E-3
9.63200000E-5,-3.71950931E-3
9.63600000E-5,-3.84086216E-3
9.64000000E-5,-3.98873633E-3
9.64400000E-5,-3.86463678E-3
9.64800000E-5,-3.89549833E-3
9.65200000E-5,-3.68238704E-3
9.65600000E-5,-4.00369282E-3
9.66000000E-5,-4.06715894E-3
9.66400000E-5,-3.97031947E-3
9.66800000E-5,-3.90891827E-3
9.67200000E-5,-4.09519586E-3
9.67600000E-5,-3.72325930E-3
9.68000000E-5,-3.72914155E-3
9.68400000E-5,-3.97893809E-3
9.68800000E-5,-4.16685674E-3
9.69200000E-5,-3.97426877E-3
9.69600000E-5,-4.04870556E-3
9.70000000E-5,-3.98253710E-3
9.70400000E-5,-3.87521803E-3
9.70800000E-5,-4.14406542E-3
9.71200000E-5,-3.93578465E-3
9.71600000E-5,-3.98626946E-3
9.72000000E-5,-3.85820403E-3
9.72400000E-5,-3.93429258E-3
9.72800000E-5,-3.87313939E-3
9.73200000E-5,-3.97188891E-3
9.73600000E-5,-4.06910208E-3
9.74000000E-5,-4.02261772E-3
9.74400000E-5,-3.90585979E-3
9.74800000E-5,-3.84003342E-3
9.75200000E-5,-4.00555171E-3
9.75600000E-5,-3.97355833E-3
9.76000000E-5,-4.41990414E-3
9.76400000E-5,-3.90364935E-3
9.76800000E-5,-4.15583374E-3
9.77200000E-5,-4.05821698E-3
9.77600000E-5,-3.74736183E-3
9.78000000E-5,-3.70569483E-3
9.78400000E-5,-4.19928352E-3
9.78800000E-5,-3.84656836E-3
9.79200000E-5,-4.02480484E-3
9.79600000E-5,-3.92186490E-3
9.80000000E-5,-3.91433922E-3
9.80400000E-5,-3.87206084E-3
9.80800000E-5,-4.10859200E-3
9.81200000E-5,-4.36555556E-3
9.81600000E-5,-3.98622307E-3
9.82000000E-5,-3.88800133E-3
9.82400000E-5,-3.91488640E-3
9.82800000E-5,-3.94247462E-3
9.83200000E-5,-3.72576474E-3
9.83600000E-5,-4.17368649E-3
9.84000000E-5,-4.18852659E-3
9.84400000E-5,-3.90543048E-3
9.84800000E-5,-3.98597294E-3
9.85200000E-5,-3.97338546E-3
9.85600000E-5,-3.95371294E-3
9.86000000E-5,-4.21199370E-3
9.86400000E-5,-3.89786226E-3
9.86800000E-5,-3.82562466E-3
9.87200000E-5,-4.01250014E-3
9.87600000E-5,-3.77436903E-3
9.88000000E-5,-3.92476433E-3
9.88400000E-5,-3.89264668E-3
9.88800000E-5,-3.88443475E-3
9.89200000E-5,-3.64565260E-3
9.89600000E-5,-3.72758663E-3
9.90000000E-5,-4.25624857E-3
9.90400000E-5,-3.85072329E-3
9.90800000E-5,-3.98836842E-3
9.91200000E-5,-3.94938204E-3
9.91600000E-5,-3.91438750E-3
9.92000000E-5,-3.91423733E-3
9.92400000E-5,-3.86442346E-3
9.92800000E-5,-4.08843448E-3
9.93200000E-5,-3.62005077E-3
9.93600000E-5,-3.99055749E-3
9.94000000E-5,-4.26894163E-3
9.94400000E-5,-4.02920841E-3
9.94800000E-5,-3.86258819E-3
9.95200000E-5,-3.73881566E-3
9.95600000E-5,-3.85970233E-3
9.96000000E-5,-3.77204110E-3
9.96400000E-5,-3.85138486E-3
9.96800000E-5,-4.12295267E-3
9.97200000E-5,-4.09142869E-3
9.97600000E-5,-3.84924579E-3
9.98000000E-5,-3.85385159E-3
9.98400000E-5,-3.82708335E-3
9.98800000E-5,-3.65404304E-3
9.99200000E-5,-3.99997331E-3
9.99600000E-5,-3.77639034E-3
1.00000000E-4,-3.88495255E-3
1.00040000E-4,-4.10788904E-3
1.00080000E-4,-3.80246109E-3
1.00120000E-4,-4.17047451E-3
1.00160000E-4,-4.09532515E-3
1.00200000E-4,-3.77409565E-3
1.00240000E-4,-3.95826510E-3
1.00280000E-4,-3.77359435E-3
1.00320000E-4,-3.71679535E-3
1.00360000E-4,-3.82795456E-3
1.00400000E-4,-3.83239257E-3
1.00440000E-4,-4.14738571E-3
1.00480000E-4,-3.60702731E-3
1.00520000E-4,-3.70698538E-3
1.00560000E-4,-3.69086236E-3
1.00600000E-4,-3.61110991E-3
1.00640000E-4,-3.74396898E-3
1.00680000E-4,-3.75520885E-3
1.00720000E-4,-3.66560398E-3
1.00760000E-4,-3.93770664E-3
1.00800000E-4,-3.67584168E-3
1.00840000E-4,-3.86814752E-3
1.00880000E-4,-3.63755596E-3
1.00920000E-4,-3.49756404E-3
1.00960000E-4,-3.68555622E-3
1.01000000E-4,-3.68993863E-3
1.01040000E-4,-3.77132861E-3
1.01080000E-4,-3.26204277E-3
1.01120000E-4,-3.37080598E-3
1.01160000E-4,-3.56433813E-3
1.01200000E-4,-3.43831023E-3
1.01240000E-4,-3.35381042E-3
1.01280000E-4,-3.62288896E-3
1.01320000E-4,-3.25809809E-3
1.01360000E-4,-3.25013555E-3
1.01400000E-4,-3.27925551E-3
1.01440000E-4,-3.41961045E-3
1.01480000E-4,-3.36415946E-3
1.01520000E-4,-3.35928404E-3
1.01560000E-4,-3.00144823E-3
1.01600000E-4,-3.06155189E-3
1.01640000E-4,-3.48300298E-3
1.01680000E-4,-3.37078022E-3
1.01720000E-4,-3.22206736E-3
1.01760000E-4,-3.45223236E-3
1.01800000E-4,-3.52308024E-3
1.01840000E-4,-3.10466932E-3
1.01880000E-4,-3.13188928E-3
1.01920000E-4,-3.08071118E-3
1.01960000E-4,-2.97526820E-3
1.02000000E-4,-3.18509137E-3
1.02040000E-4,-3.31463734E-3
1.02080000E-4,-3.09203786E-3
1.02120000E-4,-3.19306553E-3
1.02160000E-4,-2.99212352E-3
1.02200000E-4,-2.96474435E-3
1.02240000E-4,-2.91600647E-3
1.02280000E-4,-3.26806255E-3
1.02320000E-4,-3.20735150E-3
1.02360000E-4,-3.00814159E-3
1.02400000E-4,-3.00414794E-3
1.02440000E-4,-2.75877384E-3
1.02480000E-4,-3.00528452E-3
1.02520000E-4,-3.00111072E-3
1.02560000E-4,-3.13671021E-3
1.02600000E-4,-2.97598863E-3
1.02640000E-4,-2.88393680E-3
1.02680000E-4,-2.99108218E-3
1.02720000E-4,-3.01317602E-3
1.02760000E-4,-2.90389741E-3
1.02800000E-4,-2.84372818E-3
1.02840000E-4,-2.94443124E-3
1.02880000E-4,-2.90534540E-3
1.02920000E-4,-2.66058327E-3
1.02960000E-4,-2.98572696E-3
1.03000000E-4,-2.62889696E-3
1.03040000E-4,-2.84475211E-3
1.03080000E-4,-2.84883019E-3
1.03120000E-4,-2.62256446E-3
1.03160000E-4,-2.99648470E-3
1.03200000E-4,-2.65357539E-3
1.03240000E-4,-2.64854218E-3
1.03280000E-4,-2.69265085E-3
1.03320000E-4,-2.84767114E-3
1.03360000E-4,-2.79444401E-3
1.03400000E-4,-2.72911274E-3
1.03440000E-4,-2.72421981E-3
1.03480000E-4,-2.64408558E-3
1.03520000E-4,-2.80276351E-3
1.03560000E-4,-2.75169617E-3
1.03600000E-4,-2.55860668E-3
1.03640000E-4,-2.65455143E-3
1.03680000E-4,-2.48629544E-3
1.03720000E-4,-2.53697861E-3
1.03760000E-4,-2.60286987E-3
1.03800000E-4,-2.56067991E-3
1.03840000E-4,-2.36531680E-3
1.03880000E-4,-2.41289895E-3
1.03920000E-4,-2.59527482E-3
1.03960000E-4,-2.40260543E-3
1.04000000E-4,-2.52575528E-3
1.04040000E-4,-2.28393576E-3
1.04080000E-4,-2.55604435E-3
1.04120000E-4,-2.33805363E-3
1.04160000E-4,-2.31689889E-3
1.04200000E-4,-2.40620225E-3
1.04240000E-4,-2.53704764E-3
1.04280000E-4,-2.34567954E-3
1.04320000E-4,-2.30862231E-3
1.04360000E-4,-2.23728984E-3
1.04400000E-4,-2.32735274E-3
1.04440000E-4,-2.36852478E-3
1.04480000E-4,-2.22452682E-3
1.04520000E-4,-2.45149293E-3
1.04560000E-4,-2.31955406E-3
1.04600000E-4,-2.23999219E-3
1.04640000E-4,-2.22905522E-3
1.04680000E-4,-2.08680581E-3
1.04720000E-4,-2.55638397E-3
1.04760000E-4,-2.33779643E-3
1.04800000E-4,-2.18265167E-3
1.04840000E-4,-2.25318951E-3
1.04880000E-4,-2.34425860E-3
1.04920000E-4,-2.38699144E-3
1.04960000E-4,-2.23147670E-3
1.05000000E-4,-2.44455028E-3
1.05040000E-4,-2.10413389E-3
1.05080000E-4,-2.17672806E-3
1.05120000E-4,-2.38316340E-3
1.05160000E-4,-2.15722429E-3
1.05200000E-4,-1.97782902E-3
1.05240000E-4,-2.21392081E-3
1.05280000E-4,-2.23418454E-3
1.05320000E-4,-2.07367691E-3
1.05360000E-4,-2.12051566E-3
1.05400000E-4,-2.03566185E-3
1.05440000E-4,-2.15296351E-3
1.05480000E-4,-2.03714570E-3
1.05520000E-4,-2.02234745E-3
1.05560000E-4,-2.13874927E-3
1.05600000E-4,-2.00080693E-3
1.05640000E-4,-1.93025374E-3
1.05680000E-4,-2.21211155E-3
1.05720000E-4,-2.18545366E-3
1.05760000E-4,-1.88066717E-3
1.05800000E-4,-1.80461192E-3
1.05840000E-4,-1.98598942E-3
1.05880000E-4,-2.03940074E-3
1.05920000E-4,-2.15000420E-3
1.05960000E-4,-2.01281650E-3
1.06000000E-4,-1.93210423E-3
1.06040000E-4,-1.91992936E-3
1.06080000E-4,-2.12059140E-3
1.06120000E-4,-1.95110581E-3
1.06160000E-4,-1.94847963E-3
1.06200000E-4,-1.78135564E-3
1.06240000E-4,-1.95605696E-3
1.06280000E-4,-1.83944697E-3
1.06320000E-4,-1.83710702E-3
1.06360000E-4,-1.97999121E-3
1.06400000E-4,-1.81835357E-3
1.06440000E-4,-1.94085159E-3
1.06480000E-4,-1.86421709E-3
1.06520000E-4,-1.89896683E-3
1.06560000E-4,-1.89020299E-3
1.06600000E-4,-1.93755137E-3
1.06640000E-4,-1.86514614E-3
1.06680000E-4,-1.81038740E-3
1.06720000E-4,-1.88159588E-3
1.06760000E-4,-1.71385553E-3
1.06800000E-4,-1.68359710E-3
1.06840000E-4,-1.84478422E-3
1.06880000E-4,-1.80334533E-3
1.06920000E-4,-1.84495493E-3
1.06960000E-4,-1.93974513E-3
1.07000000E-4,-1.74859977E-3
1.07040000E-4,-1.76797356E-3
1.07080000E-4,-1.87467711E-3
1.07120000E-4,-1.93532389E-3
1.07160000E-4,-1.89109791E-3
1.07200000E-4,-1.71188362E-3
1.07240000E-4,-1.73836674E-3
1.07280000E-4,-1.67737354E-3
1.07320000E-4,-1.60406755E-3
1.07360000E-4,-1.72644256E-3
1.07400000E-4,-1.70672506E-3
1.07440000E-4,-1.62469504E-3
1.07480000E-4,-1.66864209E-3
1.07520000E-4,-1.68413041E-3
1.07560000E-4,-1.56706250E-3
1.07600000E-4,-1.58443746E-3
1.07640000E-4,-1.57443553E-3
1.07680000E-4,-1.69236686E-3
1.07720000E-4,-1.53867090E-3
1.07760000E-4,-1.50323773E-3
1.07800000E-4,-1.53511096E-3
1.07840000E-4,-1.48568611E-3
1.07880000E-4,-1.64890098E-3
1.07920000E-4,-1.47684090E-3
1.07960000E-4,-1.72858037E-3
1.08000000E-4,-1.61195983E-3
1.08040000E-4,-1.63899312E-3
1.08080000E-4,-1.50981794E-3
1.08120000E-4,-1.33030344E-3
1.08160000E-4,-1.50511163E-3
1.08200000E-4,-1.44107461E-3
1.08240000E-4,-1.43770240E-3
1.08280000E-4,-1.63093358E-3
1.08320000E-4,-1.43143953E-3
1.08360000E-4,-1.35628410E-3
1.08400000E-4,-1.52006835E-3
1.08440000E-4,-1.51771255E-3
1.08480000E-4,-1.35609663E-3
1.08520000E-4,-1.57873231E-3
1.08560000E-4,-1.41457082E-3
1.08600000E-4,-1.26139860E-3
1.08640000E-4,-1.32302737E-3
1.08680000E-4,-1.41468257E-3
1.08720000E-4,-1.33945227E-3
1.08760000E-4,-1.53580669E-3
1.08800000E-4,-1.47025833E-3
1.08840000E-4,-1.44491567E-3
1.08880000E-4,-1.42540691E-3
1.08920000E-4,-1.38585059E-3
1.08960000E-4,-1.43337163E-3
1.09000000E-4,-1.31844976E-3
1.09040000E-4,-1.22660636E-3
1.09080000E-4,-1.34134992E-3
1.09120000E-4,-1.32420155E-3
1.09160000E-4,-1.59065855E-3
1.09200000E-4,-1.49193253E-3
1.09240000E-4,-1.37802311E-3
1.09280000E-4,-1.41076106E-3
1.09320000E-4,-1.28173015E-3
1.09360000E-4,-1.35877344E-3
1.09400000E-4,-1.34551838E-3
1.09440000E-4,-1.17988249E-3
1.09480000E-4,-1.19885500E-3
1.09520000E-4,-1.14742659E-3
1.09560000E-4,-1.32898518E-3
1.09600000E-4,-1.21881987E-3
1.09640000E-4,-1.35429867E-3
1.09680000E-4,-1.29489117E-3
1.09720000E-4,-1.26672426E-3
1.09760000E-4,-1.23847233E-3
1.09800000E-4,-1.30208037E-3
1.09840000E-4,-1.05566781E-3
1.09880000E-4,-1.16660430E-3
1.09920000E-4,-1.18283299E-3
1.09960000E-4,-1.28312939E-3
1.10000000E-4,-1.22780749E-3
1.10040000E-4,-1.37071974E-3
1.10080000E-4,-1.20807928E-3
1.10120000E-4,-1.23274895E-3
1.10160000E-4,-1.01065889E-3
1.10200000E-4,-1.24665425E-3
1.10240000E-4,-1.26504028E-3
1.10280000E-4,-1.27126219E-3
1.10320000E-4,-1.19915406E-3
1.10360000E-4,-1.09322571E-3
1.10400000E-4,-1.27341078E-3
1.10440000E-4,-1.12761023E-3
1.10480000E-4,-1.16808170E-3
1.10520000E-4,-1.08489555E-3
1.10560000E-4,-1.08266805E-3
1.10600000E-4,-1.22818077E-3
1.10640000E-4,-1.22545528E-3
1.10680000E-4,-1.05014361E-3
1.10720000E-4,-1.05321268E-3
1.10760000E-4,-1.04071514E-3
1.10800000E-4,-1.11448512E-3
1.10840000E-4,-1.28007015E-3
1.10880000E-4,-1.12761056E-3
1.10920000E-4,-1.19471263E-3
1.10960000E-4,-1.21582728E-3
1.11000000E-4,-1.19214147E-3
1.11040000E-4,-1.11716475E-3
1.11080000E-4,-9.58746369E-4
1.11120000E-4,-9.71421875E-4
1.11160000E-4,-1.03732060E-3
1.11200000E-4,-1.06806044E-3
1.11240000E-4,-1.09075546E-3
1.11280000E-4,-1.08754360E-3
1.11320000E-4,-1.16482938E-3
1.11360000E-4,-1.01256030E-3
1.11400000E-4,-1.03745582E-3
1.11440000E-4,-1.10390827E-3
1.11480000E-4,-1.04009376E-3
1.11520000E-4,-1.01539751E-3
1.11560000E-4,-9.30011664E-4
1.11600000E-4,-1.11184707E-3
1.11640000E-4,-9.94899116E-4
1.11680000E-4,-1.04055605E-3
1.11720000E-4,-1.04682029E-3
1.11760000E-4,-1.08270867E-3
1.11800000E-4,-1.10545128E-3
1.11840000E-4,-9.63308490E-4
1.11880000E-4,-9.48230335E-4
1.11920000E-4,-9.77075075E-4
1.11960000E-4,-8.09046099E-4
1.12000000E-4,-9.34198133E-4
1.12040000E-4,-1.11178128E-3
1.12080000E-4,-1.10342606E-3
1.12120000E-4,-9.49208443E-4
1.12160000E-4,-9.94191947E-4
1.12200000E-4,-9.90591531E-4
1.12240000E-4,-1.06245180E-3
1.12280000E-4,-9.49093153E-4
1.12320000E-4,-8.75972860E-4
1.12360000E-4,-9.77344765E-4
1.12400000E-4,-8.67995135E-4
1.12440000E-4,-9.16105795E-4
1.12480000E-4,-1.06210804E-3
1.12520000E-4,-9.03435926E-4
1.12560000E-4,-9.31232043E-4
1.12600000E-4,-9.84639382E-4
1.12640000E-4,-9.91637483E-4
1.12680000E-4,-8.36813149E-4
1.12720000E-4,-1.04753364E-3
1.12760000E-4,-9.16640701E-4
1.12800000E-4,-8.42033915E-4
1.12840000E-4,-9.60915568E-4
1.12880000E-4,-8.57024856E-4
1.12920000E-4,-1.06389283E-3
1.12960000E-4,-8.77256257E-4
1.13000000E-4,-8.08240044E-4
1.13040000E-4,-9.00547217E-4
1.13080000E-4,-7.88032638E-4
1.13120000E-4,-7.87698423E-4
1.13160000E-4,-8.90921553E-4
1.13200000E-4,-7.79702874E-4
1.13240000E-4,-7.55511807E-4
1.13280000E-4,-7.23688752E-4
1.13320000E-4,-7.27112338E-4
1.13360000E-4,-8.43670630E-4
1.13400000E-4,-8.33010267E-4
1.13440000E-4,-7.89143258E-4
1.13480000E-4,-8.76186883E-4
1.13520000E-4,-7.53346385E-4
1.13560000E-4,-8.26978649E-4
1.13600000E-4,-8.22170852E-4
1.13640000E-4,-7.34790389E-4
1.13680000E-4,-7.93689901E-4
1.13720000E-4,-6.73925613E-4
1.13760000E-4,-7.99866850E-4
1.13800000E-4,-7.68937111E-4
1.13840000E-4,-8.97879704E-4
1.13880000E-4,-8.08444941E-4
1.13920000E-4,-7.85128470E-4
1.13960000E-4,-7.63564996E-4
1.14000000E-4,-8.15511678E-4
1.14040000E-4,-6.32957516E-4
1.14080000E-4,-8.31058811E-4
1.14120000E-4,-7.69408989E-4
1.14160000E-4,-7.55053719E-4
1.14200000E-4,-8.26830200E-4
1.14240000E-4,-8.31983427E-4
1.14280000E-4,-7.75655890E-4
1.14320000E-4,-6.39071723E-4
1.14360000E-4,-7.15916153E-4
1.14400000E-4,-8.20514968E-4
1.14440000E-4,-7.93810503E-4
1.14480000E-4,-6.39224988E-4
1.14520000E-4,-7.46015528E-4
1.14560000E-4,-7.60073470E-4
1.14600000E-4,-7.55504159E-4
1.14640000E-4,-7.19481398E-4
1.14680000E-4,-7.09256349E-4
1.14720000E-4,-7.58648461E-4
1.14760000E-4,-6.92702212E-4
1.14800000E-4,-7.85877191E-4
1.14840000E-4,-6.86912350E-4
1.14880000E-4,-6.15697078E-4
1.14920000E-4,-7.08979345E-4
1.14960000E-4,-7.68398533E-4
1.15000000E-4,-7.29503696E-4
1.15040000E-4,-7.34881628E-4
1.15080000E-4,-7.45105370E-4
1.15120000E-4,-7.34146106E-4
1.15160000E-4,-5.97183521E-4
1.15200000E-4,-6.82611870E-4
1.15240000E-4,-6.51477415E-4
1.15280000E-4,-7.35256565E-4
1.15320000E-4,-6.34375277E-4
1.15360000E-4,-6.20728016E-4
1.15400000E-4,-6.18623132E-4
1.15440000E-4,-7.35822103E-4
1.15480000E-4,-6.58517067E-4
1.15520000E-4,-6.35510178E-4
1.15560000E-4,-6.00647133E-4
1.15600000E-4,-6.19164361E-4
1.15640000E-4,-4.92714320E-4
1.15680000E-4,-6.42655088E-4
1.15720000E-4,-6.34292632E-4
1.15760000E-4,-6.52677547E-4
1.15800000E-4,-6.26318264E-4
1.15840000E-4,-4.53997219E-4
1.15880000E-4,-5.71202084E-4
1.15920000E-4,-6.32918711E-4
1.15960000E-4,-6.06385430E-4
1.16000000E-4,-6.49647943E-4
1.16040000E-4,-6.26387768E-4
1.16080000E-4,-6.28972654E-4
1.16120000E-4,-5.55757289E-4
1.16160000E-4,-5.52307277E-4
1.16200000E-4,-5.44029450E-4
1.16240000E-4,-5.16885006E-4
1.16280000E-4,-4.60944737E-4
1.16320000E-4,-6.60271418E-4
1.16360000E-4,-5.62837835E-4
1.16400000E-4,-5.76854321E-4
1.16440000E-4,-5.08895351E-4
1.16480000E-4,-6.22948961E-4
1.16520000E-4,-6.35776377E-4
1.16560000E-4,-5.13103468E-4
1.16600000E-4,-5.80660302E-4
1.16640000E-4,-6.11840466E-4
1.16680000E-4,-6.39965115E-4
1.16720000E-4,-6.67816394E-4
1.16760000E-4,-6.71749995E-4
1.16800000E-4,-5.98508785E-4
1.16840000E-4,-5.70704847E-4
1.16880000E-4,-5.41378702E-4
1.16920000E-4,-5.64841190E-4
1.16960000E-4,-4.85936137E-4
1.17000000E-4,-5.97530926E-4
1.17040000E-4,-5.35296081E-4
1.17080000E-4,-5.56577306E-4
1.17120000E-4,-4.21647125E-4
1.17160000E-4,-5.67078234E-4
1.17200000E-4,-4.90227261E-4
1.17240000E-4,-4.86113615E-4
1.17280000E-4,-5.42825827E-4
1.17320000E-4,-5.16149352E-4
1.17360000E-4,-5.61192346E-4
1.17400000E-4,-5.81426923E-4
1.17440000E-4,-4.86856232E-4
1.17480000E-4,-4.68973836E-4
1.17520000E-4,-4.49396837E-4
1.17560000E-4,-4.76883611E-4
1.17600000E-4,-4.92199345E-4
1.17640000E-4,-3.66834585E-4
1.17680000E-4,-5.73206917E-4
1.17720000E-4,-4.78847122E-4
1.17760000E-4,-4.64521169E-4
1.17800000E-4,-4.36778953E-4
1.17840000E-4,-4.06063618E-4
1.17880000E-4,-5.50957179E-4
1.17920000E-4,-4.83160668E-4
1.17960000E-4,-4.78510780E-4
1.18000000E-4,-4.73265724E-4
1.18040000E-4,-5.59794994E-4
1.18080000E-4,-4.79792671E-4
1.18120000E-4,-5.65218664E-4
1.18160000E-4,-5.59138465E-4
1.18200000E-4,-5.24788898E-4
1.18240000E-4,-3.89102272E-4
1.18280000E-4,-4.21106144E-4
1.18320000E-4,-4.45444095E-4
1.18360000E-4,-3.91136984E-4
1.18400000E-4,-4.45262620E-4
1.18440000E-4,-5.51366057E-4
1.18480000E-4,-4.64762668E-4
1.18520000E-4,-5.20395606E-4
1.18560000E-4,-4.66489209E-4
1.18600000E-4,-4.69245204E-4
1.18640000E-4,-3.83539422E-4
1.18680000E-4,-4.41670692E-4
1.18720000E-4,-4.39083192E-4
1.18760000E-4,-4.35627219E-4
1.18800000E-4,-4.59730605E-4
1.18840000E-4,-4.88132515E-4
1.18880000E-4,-3.32623653E-4
1.18920000E-4,-4.71407680E-4
1.18960000E-4,-4.38172233E-4
1.19000000E-4,-4.04038348E-4
1.19040000E-4,-4.71557769E-4
1.19080000E-4,-4.69644765E-4
1.19120000E-4,-4.56006001E-4
1.19160000E-4,-4.80775089E-4
1.19200000E-4,-3.90659088E-4
1.19240000E-4,-4.40699365E-4
1.19280000E-4,-4.24185644E-4
1.19320000E-4,-3.48328086E-4
1.19360000E-4,-3.60788118E-4
1.19400000E-4,-3.26798133E-4
1.19440000E-4,-4.98047944E-4
1.19480000E-4,-3.98648209E-4
1.19520000E-4,-4.45865552E-4
1.19560000E-4,-4.43473031E-4
1.19600000E-4,-4.58948058E-4
1.19640000E-4,-4.80117083E-4
1.19680000E-4,-3.33582105E-4
1.19720000E-4,-3.82030519E-4
1.19760000E-4,-4.51725634E-4
1.19800000E-4,-3.60875551E-4
1.19840000E-4,-3.62941830E-4
1.19880000E-4,-3.18967580E-4
1.19920000E-4,-3.48563310E-4
1.19960000E-4,-3.48735553E-4
1.20000000E-4,-3.46373215E-4
1.20040000E-4,-3.79639543E-4
1.20080000E-4,-2.77400766E-4
1.20120000E-4,-3.64719011E-4
1.20160000E-4,-4.09296451E-4
1.20200000E-4,-3.90160936E-4
1.20240000E-4,-3.59241029E-4
1.20280000E-4,-4.33580634E-4
1.20320000E-4,-4.36785571E-4
1.20360000E-4,-4.30540883E-4
1.20400000E-4,-3.86656402E-4
1.20440000E-4,-4.00026879E-4
1.20480000E-4,-3.56945154E-4
1.20520000E-4,-3.28552074E-4
1.20560000E-4,-4.22232700E-4
1.20600000E-4,-3.71599963E-4
1.20640000E-4,-3.47226172E-4
1.20680000E-4,-3.78716910E-4
1.20720000E-4,-2.81331030E-4
1.20760000E-4,-4.03233332E-4
1.20800000E-4,-3.92458643E-4
1.20840000E-4,-3.83859819E-4
1.20880000E-4,-3.88169426E-4
1.20920000E-4,-3.30037298E-4
1.20960000E-4,-2.69524122E-4
1.21000000E-4,-4.15074745E-4
1.21040000E-4,-3.25707216E-4
1.21080000E-4,-4.16319118E-4
1.21120000E-4,-3.05475138E-4
1.21160000E-4,-4.35928695E-4
1.21200000E-4,-3.55710031E-4
1.21240000E-4,-2.75246588E-4
1.21280000E-4,-3.87020858E-4
1.21320000E-4,-2.85006997E-4
1.21360000E-4,-2.93385455E-4
1.21400000E-4,-3.66966536E-4
1.21440000E-4,-3.34164324E-4
1.21480000E-4,-2.96468284E-4
1.21520000E-4,-2.74612547E-4
1.21560000E-4,-3.30304889E-4
1.21600000E-4,-3.44857321E-4
1.21640000E-4,-2.60099454E-4
1.21680000E-4,-3.15593861E-4
1.21720000E-4,-2.71069122E-4
1.21760000E-4,-2.99417646E-4
1.21800000E-4,-2.81999079E-4
1.21840000E-4,-3.50406447E-4
1.21880000E-4,-3.20422410E-4
1.21920000E-4,-4.00753607E-4
1.21960000E-4,-3.52045861E-4
1.22000000E-4,-3.05750864E-4
1.22040000E-4,-2.72559524E-4
1.22080000E-4,-3.54782163E-4
1.22120000E-4,-3.53296891E-4
1.22160000E-4,-2.71660276E-4
1.22200000E-4,-2.76476351E-4
1.22240000E-4,-2.86445786E-4
1.22280000E-4,-2.68024125E-4
1.22320000E-4,-2.98337581E-4
1.22360000E-4,-3.42215195E-4
1.22400000E-4,-3.01668604E-4
1.22440000E-4,-2.95758397E-4
1.22480000E-4,-3.34973698E-4
1.22520000E-4,-2.49983315E-4
1.22560000E-4,-2.87872292E-4
1.22600000E-4,-2.66875901E-4
1.22640000E-4,-2.36948350E-4
1.22680000E-4,-2.63740201E-4
1.22720000E-4,-2.86782576E-4
1.22760000E-4,-2.98006713E-4
1.22800000E-4,-2.70116802E-4
1.22840000E-4,-2.87917926E-4
1.22880000E-4,-1.50205476E-4
1.22920000E-4,-2.64427199E-4
1.22960000E-4,-2.90331485E-4
1.23000000E-4,-2.49229530E-4
1.23040000E-4,-2.80068956E-4
1.23080000E-4,-2.72616363E-4
1.23120000E-4,-2.87327086E-4
1.23160000E-4,-3.23787402E-4
1.23200000E-4,-2.08716880E-4
1.23240000E-4,-2.87270896E-4
1.23280000E-4,-2.06447745E-4
1.23320000E-4,-3.24766025E-4
1.23360000E-4,-1.81942195E-4
1.23400000E-4,-1.54599302E-4
1.23440000E-4,-2.03438121E-4
1.23480000E-4,-2.79548470E-4
1.23520000E-4,-1.83357648E-4
1.23560000E-4,-2.82160307E-4
1.23600000E-4,-2.24835503E-4
1.23640000E-4,-2.60904870E-4
1.23680000E-4,-2.56827960E-4
1.23720000E-4,-2.82191044E-4
1.23760000E-4,-2.48926367E-4
1.23800000E-4,-2.33907159E-4
1.23840000E-4,-2.75920301E-4
1.23880000E-4,-1.16205678E-4
1.23920000E-4,-3.12993153E-4
1.23960000E-4,-1.70678233E-4
1.24000000E-4,-1.73254117E-4
1.24040000E-4,-1.76331777E-4
1.24080000E-4,-1.98486672E-4
1.24120000E-4,-2.15165016E-4
1.24160000E-4,-2.73955599E-4
1.24200000E-4,-2.24979517E-4
1.24240000E-4,-2.54816079E-4
1.24280000E-4,-1.78603810E-4
1.24320000E-4,-1.98196669E-4
1.24360000E-4,-2.33955262E-4
1.24400000E-4,-1.85047617E-4
1.24440000E-4,-1.95326042E-4
1.24480000E-4,-2.03147231E-4
1.24520000E-4,-2.61535563E-4
1.24560000E-4,-1.52001159E-4
1.24600000E-4,-2.72441516E-4
1.24640000E-4,-2.08323184E-4
1.24680000E-4,-2.60430531E-4
1.24720000E-4,-2.79697195E-4
1.24760000E-4,-2.12311012E-4
1.24800000E-4,-2.74544473E-4
1.24840000E-4,-1.95047283E-4
1.24880000E-4,-2.98004758E-4
1.24920000E-4,-2.93383023E-4
1.24960000E-4,-2.51113266E-4
1.25000000E-4,-2.70910278E-4
1.25040000E-4,-1.88960285E-4
1.25080000E-4,-2.94912955E-4
1.25120000E-4,-2.32783263E-4
1.25160000E-4,-1.99675408E-4
1.25200000E-4,-1.81924304E-4
1.25240000E-4,-1.88027258E-4
1.25280000E-4,-1.99450398E-4
1.25320000E-4,-2.21880057E-4
1.25360000E-4,-2.18987085E-4
1.25400000E-4,-2.41084617E-4
1.25440000E-4,-1.46789281E-4
1.25480000E-4,-2.49438013E-4
1.25520000E-4,-1.86780472E-4
1.25560000E-4,-2.67137552E-4
1.25600000E-4,-2.23151495E-4
1.25640000E-4,-3.14054917E-4
1.25680000E-4,-1.73688191E-4
1.25720000E-4,-2.08840762E-4
1.25760000E-4,-2.17710268E-4
1.25800000E-4,-1.76310843E-4
1.25840000E-4,-1.87792043E-4
1.25880000E-4,-2.14116556E-4
1.25920000E-4,-2.40734285E-4
1.25960000E-4,-1.98876811E-4
1.26000000E-4,-1.48150041E-4
1.26040000E-4,-2.24817192E-4
1.26080000E-4,-2.23046515E-4
1.26120000E-4,-1.55084760E-4
1.26160000E-4,-1.12628569E-4
1.26200000E-4,-2.08107263E-4
1.26240000E-4,-2.52004503E-4
1.26280000E-4,-1.56875494E-4
1.26320000E-4,-1.68511208E-4
1.26360000E-4,-1.80671930E-4
1.26400000E-4,-1.33421618E-4
1.26440000E-4,-1.96335354E-4
1.26480000E-4,-1.25852180E-4
1.26520000E-4,-1.17744031E-4
1.26560000E-4,-1.27171550E-4
1.26600000E-4,-1.46728408E-4
1.26640000E-4,-1.55094488E-4
1.26680000E-4,-1.92870770E-4
1.26720000E-4,-1.32433773E-4
1.26760000E-4,-1.86804142E-4
1.26800000E-4,-1.17739587E-4
1.26840000E-4,-1.13193402E-4
1.26880000E-4,-1.45664832E-4
1.26920000E-4,-1.48588769E-4
1.26960000E-4,-2.11786186E-4
1.27000000E-4,-1.91638966E-4
1.27040000E-4,-4.44627379E-5
1.27080000E-4,-1.60074680E-4
1.27120000E-4,-1.40886790E-4
1.27160000E-4,-1.81851816E-4
1.27200000E-4,-1.11427283E-4
1.27240000E-4,-1.72066640E-4
1.27280000E-4,-1.55840910E-4
1.27320000E-4,-2.01677943E-4
1.27360000E-4,-9.58280310E-5
1.27400000E-4,-1.49210260E-4
1.27440000E-4,-1.71222714E-4
1.27480000E-4,-1.78187045E-4
1.27520000E-4,-1.24860826E-4
1.27560000E-4,-1.39393794E-4
1.27600000E-4,-1.24766546E-4
1.27640000E-4,-1.48476703E-4
1.27680000E-4,-1.47251346E-4
1.27720000E-4,-6.17235003E-5
1.27760000E-4,-1.26914764E-4
1.27800000E-4,-1.22826381E-4
1.27840000E-4,-1.47869460E-4
1.27880000E-4,-1.13282323E-4
1.27920000E-4,-1.01986784E-4
1.27960000E-4,-1.53987558E-4
1.28000000E-4,-1.70379723E-4
1.28040000E-4,-1.50479610E-4
1.28080000E-4,-1.19483457E-4
1.28120000E-4,-1.27237001E-4
1.28160000E-4,-1.68630885E-4
1.28200000E-4,-1.42936885E-4
1.28240000E-4,-1.31081215E-4
1.28280000E-4,-8.49061896E-5
1.28320000E-4,-1.40409361E-4
1.28360000E-4,-1.31258198E-4
1.28400000E-4,-1.61116016E-4
1.28440000E-4,-1.56626871E-4
1.28480000E-4,-1.35736853E-4
1.28520000E-4,-1.09341616E-4
1.28560000E-4,-1.54181926E-4
1.28600000E-4,-1.63528078E-4
1.28640000E-4,-5.66583450E-5
1.28680000E-4,-1.77036323E-4
1.28720000E-4,-1.56872041E-4
1.28760000E-4,-1.13744178E-4
1.28800000E-4,-1.40188796E-4
1.28840000E-4,-9.55968222E-5
1.28880000E-4,-1.08502821E-4
1.28920000E-4,-1.54253480E-4
1.28960000E-4,-1.19115205E-4
1.29000000E-4,-1.26017366E-4
1.29040000E-4,-1.82749690E-4
1.29080000E-4,-7.28119868E-5
1.29120000E-4,-1.39967734E-4
1.29160000E-4,-1.40937602E-4
1.29200000E-4,-1.40399786E-4
1.29240000E-4,-1.22325034E-4
1.29280000E-4,-1.16189437E-4
1.29320000E-4,-1.14930196E-4
1.29360000E-4,-5.06975845E-5
1.29400000E-4,-1.20769172E-4
1.29440000E-4,-3.00688352E-5
1.29480000E-4,-1.35827643E-4
1.29520000E-4,-9.93623673E-5
1.29560000E-4,-1.33357311E-4
1.29600000E-4,-1.07762150E-4
1.29640000E-4,-1.20642476E-4
1.29680000E-4,-8.89447813E-5
1.29720000E-4,-9.78362881E-5
1.29760000E-4,-1.07665896E-4
1.29800000E-4,-1.40983435E-4
1.29840000E-4,-1.12812428E-4
1.29880000E-4,-1.80668525E-4
1.29920000E-4,-1.38390595E-4
1.29960000E-4,-7.78365824E-5
1.30000000E-4,-1.31467548E-4
1.30040000E-4,-6.63799109E-5
1.30080000E-4,-9.65746055E-5
1.30120000E-4,-6.97106472E-5
1.30160000E-4,-1.74272517E-4
1.30200000E-4,-9.65172706E-5
1.30240000E-4,-5.83661469E-5
1.30280000E-4,-1.29902721E-4
1.30320000E-4,-1.27123733E-4
1.30360000E-4,-1.27699638E-4
1.30400000E-4,-4.51568889E-5
1.30440000E-4,-1.18430190E-4
1.30480000E-4,-1.16321177E-4
1.30520000E-4,-1.33870760E-4
1.30560000E-4,-1.27431045E-4
1.30600000E-4,-5.21047692E-5
1.30640000E-4,-1.25771957E-4
1.30680000E-4,-6.49132264E-5
1.30720000E-4,-4.41395282E-5
1.30760000E-4,-7.03222291E-5
1.30800000E-4,-4.84293653E-5
1.30840000E-4,-1.56159771E-4
1.30880000E-4,-7.14914243E-5
1.30920000E-4,-5.40812784E-5
1.30960000E-4,-8.46632792E-5
1.31000000E-4,-4.52550888E-5
1.31040000E-4,-5.61759860E-5
1.31080000E-4,-5.90988263E-5
1.31120000E-4,-1.32906347E-4
1.31160000E-4,-6.46941388E-5
1.31200000E-4,-1.14836735E-4
1.31240000E-4,-6.32571136E-5
1.31280000E-4,-5.98254976E-5
1.31320000E-4,-9.30537064E-5
1.31360000E-4,-1.28993583E-4
1.31400000E-4,-8.60588768E-5
1.31440000E-4,-6.32216084E-5
1.31480000E-4,-8.33459020E-5
1.31520000E-4,-7.60932942E-5
1.31560000E-4,-9.09521419E-5
1.31600000E-4,-9.56356654E-5
1.31640000E-4,-7.82392905E-5
1.31680000E-4,-1.05585856E-4
1.31720000E-4,-1.03160309E-4
1.31760000E-4,-5.94598493E-5
1.31800000E-4,-9.61199889E-5
1.31840000E-4,-2.89349736E-5
1.31880000E-4,-7.41579074E-5
1.31920000E-4,-3.64623159E-5
1.31960000E-4,-4.65927506E-5
1.32000000E-4,-4.38181113E-5
1.32040000E-4,-1.65703659E-5
1.32080000E-4,-7.16109674E-5
1.32120000E-4,-6.49483789E-5
1.32160000E-4,-1.09060587E-4
1.32200000E-4,-2.80878628E-5
1.32240000E-4,-1.01841425E-4
1.32280000E-4,-1.15941710E-4
1.32320000E-4,-1.18892970E-4
1.32360000E-4,-9.71549068E-5
1.32400000E-4,-5.28486924E-5
1.32440000E-4,-9.47126993E-5
1.32480000E-4,-2.53838907E-5
1.32520000E-4,-1.11987557E-4
1.32560000E-4,-2.09743388E-5
1.32600000E-4,-5.07728485E-5
1.32640000E-4,-8.85478906E-5
1.32680000E-4,-7.20571535E-5
1.32720000E-4,-4.88096716E-5
1.32760000E-4,-6.88639751E-5
1.32800000E-4,-5.99271021E-5
1.32840000E-4,-8.26753068E-5
1.32880000E-4,-3.99469562E-5
1.32920000E-4,-1.11654477E-4
1.32960000E-4,-1.93791467E-5
1.33000000E-4,-7.24789351E-5
1.33040000E-4,-1.04112600E-4
1.33080000E-4,-1.04596571E-4
1.33120000E-4,-5.51778990E-5
1.33160000E-4,-7.41395015E-5
1.33200000E-4,-2.93674458E-5
1.33240000E-4,-9.33414014E-5
1.33280000E-4,-3.50480263E-5
1.33320000E-4,-7.20478170E-5
1.33360000E-4,-1.43912772E-5
1.33400000E-4,-9.95403039E-5
1.33440000E-4,-9.56664786E-5
1.33480000E-4,-2.30035195E-5
1.33520000E-4,-3.03406419E-5
1.33560000E-4,-5.56235034E-5
1.33600000E-4,-3.71901388E-7
1.33640000E-4,-5.94390973E-5
1.33680000E-4,-6.37754357E-5
1.33720000E-4,-5.48460203E-5
1.33760000E-4,-5.73152931E-5
1.33800000E-4,-7.41253490E-5
1.33840000E-4,-2.59916197E-5
1.33880000E-4,-9.07015559E-6
1.33920000E-4,-3.53574651E-5
1.33960000E-4,-4.30157755E-5
1.34000000E-4,-8.46239783E-5
1.34040000E-4,-4.88264753E-5
1.34080000E-4,-1.06826901E-4
1.34120000E-4,-5.83529004E-5
1.34160000E-4,-6.48679555E-5
1.34200000E-4,-2.79026973E-5
1.34240000E-4,-1.85357457E-5
1.34280000E-4,-6.33803284E-5
1.34320000E-4,-5.18331722E-5
1.34360000E-4,-2.63901221E-5
1.34400000E-4,-1.11800266E-5
1.34440000E-4,-7.61380692E-5
1.34480000E-4,-1.46347693E-5
1.34520000E-4,2.08555647E-5
1.34560000E-4,-3.77337355E-5
1.34600000E-4,-2.67195212E-5
1.34640000E-4,-8.34992163E-6
1.34680000E-4,-3.37191097E-5
1.34720000E-4,-1.21325185E-5
1.34760000E-4,-2.67271983E-5
1.34800000E-4,-1.69984322E-5
1.34840000E-4,-3.87332816E-5
1.34880000E-4,-7.53717060E-5
1.34920000E-4,-2.34062752E-5
1.34960000E-4,-2.96314324E-5
1.35000000E-4,-4.45336532E-5
1.35040000E-4,-9.57618475E-6
1.35080000E-4,-2.37299142E-5
1.35120000E-4,-6.24964820E-5
1.35160000E-4,-2.35162148E-5
1.35200000E-4,-1.25412156E-5
1.35240000E-4,-7.61196156E-5
1.35280000E-4,-2.93841733E-5
1.35320000E-4,-7.47037636E-6
1.35360000E-4,-5.71155556E-5
1.35400000E-4,-1.49514369E-5
1.35440000E-4,-5.27634816E-5
1.35480000E-4,-3.76409716E-5
1.35520000E-4,-1.42830256E-5
1.35560000E-4,-3.18963995E-5
1.35600000E-4,-4.12444795E-6
1.35640000E-4,-6.11521159E-5
1.35680000E-4,-9.18287990E-6
1.35720000E-4,-1.27785852E-5
1.35760000E-4,2.93892227E-6
1.35800000E-4,2.72558737E-5
1.35840000E-4,-5.19585518E-5
1.35880000E-4,-5.47018534E-5
1.35920000E-4,-4.56292835E-6
1.35960000E-4,-3.20883933E-5
1.36000000E-4,-3.25563231E-5
1.36040000E-4,7.00297925E-9
1.36080000E-4,-1.69480114E-5
1.36120000E-4,-1.92940424E-6
1.36160000E-4,-4.03715416E-5
1.36200000E-4,-2.84296860E-7
1.36240000E-4,-2.49495206E-5
1.36280000E-4,-4.11880681E-5
1.36320000E-4,-8.33717657E-5
1.36360000E-4,-2.23305305E-5
1.36400000E-4,1.36332837E-5
1.36440000E-4,9.61687452E-6
1.36480000E-4,8.55918288E-6
1.36520000E-4,1.22601818E-6
1.36560000E-4,-3.77898402E-5
1.36600000E-4,-3.83739085E-5
1.36640000E-4,7.67128342E-6
1.36680000E-4,-3.51501744E-5
1.36720000E-4,-4.88166540E-6
1.36760000E-4,-2.79152477E-5
1.36800000E-4,-2.34667382E-5
1.36840000E-4,-3.35801689E-5
1.36880000E-4,-2.48983179E-5
1.36920000E-4,-3.21229449E-5
1.36960000E-4,-3.32925216E-5
1.37000000E-4,-3.08834749E-6
1.37040000E-4,6.18086203E-6
1.37080000E-4,-1.74521904E-5
1.37120000E-4,8.87435166E-7
1.37160000E-4,-1.43159369E-5
1.37200000E-4,-2.10943889E-6
1.37240000E-4,1.60368197E-5
1.37280000E-4,-5.30925946E-5
1.37320000E-4,-4.99611285E-5
1.37360000E-4,-7.21120581E-6
1.37400000E-4,-2.19356235E-5
1.37440000E-4,-4.72408486E-5
1.37480000E-4,-5.09359458E-5
1.37520000E-4,-3.94128605E-5
1.37560000E-4,-1.19303410E-6
1.37600000E-4,-3.01388826E-5
1.37640000E-4,8.98678186E-6
1.37680000E-4,-2.18447574E-5
1.37720000E-4,3.41978793E-5
1.37760000E-4,-1.24981587E-6
1.37800000E-4,-2.16276534E-5
1.37840000E-4,-2.52913080E-5
1.37880000E-4,-3.07685571E-6
1.37920000E-4,-4.70518113E-5
1.37960000E-4,-1.90337736E-5
1.38000000E-4,-2.37132630E-5
1.38040000E-4,1.36249677E-5
1.38080000E-4,-3.16508570E-5
1.38120000E-4,8.31479428E-6
1.38160000E-4,-1.01576400E-5
1.38200000E-4,-2.28068218E-7
1.38240000E-4,-3.78001875E-5
1.38280000E-4,-4.16416928E-5
1.38320000E-4,-5.55618022E-6
1.38360000E-4,5.03428808E-5
1.38400000E-4,3.32086138E-5
1.38440000E-4,4.07088455E-7
1.38480000E-4,-9.79401352E-6
1.38520000E-4,-9.17836902E-6
1.38560000E-4,-1.96502001E-5
1.38600000E-4,-3.66827768E-5
1.38640000E-4,-9.97924569E-6
1.38680000E-4,1.28346291E-5
1.38720000E-4,-1.58419399E-5
1.38760000E-4,2.79592467E-5
1.38800000E-4,-1.09306503E-5
1.38840000E-4,1.01462672E-6
1.38880000E-4,-4.25196645E-5
1.38920000E-4,3.20242075E-5
1.38960000E-4,1.15815296E-5
1.39000000E-4,1.79973549E-5
1.39040000E-4,4.75082730E-6
1.39080000E-4,-4.65457058E-5
1.39120000E-4,-6.90032703E-6
1.39160000E-4,-2.30282498E-6
1.39200000E-4,-3.56053075E-6
1.39240000E-4,2.21974894E-5
1.39280000E-4,-8.82018800E-6
1.39320000E-4,4.08490905E-5
1.39360000E-4,-3.15525809E-5
1.39400000E-4,5.13404075E-7
1.39440000E-4,1.50143186E-5
1.39480000E-4,-1.14255406E-5
1.39520000E-4,2.51803716E-6
1.39560000E-4,1.42484323E-5
1.39600000E-4,-8.96803614E-6
1.39640000E-4,6.47032127E-6
1.39680000E-4,-1.59651069E-5
1.39720000E-4,-1.08006740E-5
1.39760000E-4,-1.17314126E-5
1.39800000E-4,4.24016248E-5
1.39840000E-4,2.39989040E-5
1.39880000E-4,-1.39585379E-5
1.39920000E-4,-1.55662803E-5
1.39960000E-4,-2.69572532E-5
1.40000000E-4,2.17526862E-5
1.40040000E-4,3.89320620E-5
1.40080000E-4,1.84549755E-5
1.40120000E-4,1.46965448E-5
1.40160000E-4,4.06801551E-6
1.40200000E-4,-8.38150732E-6
1.40240000E-4,-2.15869617E-6
1.40280000E-4,-1.19015401E-6
1.40320000E-4,8.57374549E-6
1.40360000E-4,-2.79355037E-5
1.40400000E-4,-1.02328960E-6
1.40440000E-4,-1.91150648E-5
1.40480000E-4,1.29133168E-5
1.40520000E-4,3.32464079E-5
1.40560000E-4,2.53294801E-5
1.40600000E-4,4.28170358E-5
1.40640000E-4,-1.86161786E-5
1.40680000E-4,-3.06295862E-5
1.40720000E-4,-4.92460921E-5
1.40760000E-4,-2.51280580E-5
1.40800000E-4,1.18216171E-5
1.40840000E-4,1.55282538E-5
1.40880000E-4,2.79982806E-5
1.40920000E-4,8.68977905E-6
1.40960000E-4,-7.59804475E-6
1.41000000E-4,-5.91940618E-6
1.41040000E-4,-3.51106923E-5
1.41080000E-4,3.48322158E-5
1.41120000E-4,-2.97290219E-5
1.41160000E-4,-1.00355220E-5
1.41200000E-4,1.01522673E-5
1.41240000E-4,-5.40478441E-6
1.41280000E-4,4.66631855E-5
1.41320000E-4,-1.04367115E-7
1.41360000E-4,-1.26757314E-5
1.41400000E-4,2.10135695E-5
1.41440000E-4,-4.50722423E-6
1.41480000E-4,1.33909837E-5
1.41520000E-4,1.37080136E-5
1.41560000E-4,-1.56115894E-5
1.41600000E-4,-3.63528127E-7
1.41640000E-4,5.68291049E-6
1.41680000E-4,6.58404694E-6
1.41720000E-4,2.70061350E-5
1.41760000E-4,-1.83545285E-5
1.41800000E-4,3.08698514E-5
1.41840000E-4,2.30012271E-5
1.41880000E-4,2.19862220E-5
1.41920000E-4,-1.30758947E-6
1.41960000E-4,1.90892739E-5
1.42000000E-4,1.09531917E-5
1.42040000E-4,-1.62241645E-6
1.42080000E-4,2.08277937E-5
1.42120000E-4,-1.76915055E-5
1.42160000E-4,-4.44122409E-5
1.42200000E-4,-3.53750508E-5
1.42240000E-4,3.02889874E-5
1.42280000E-4,-1.20835011E-6
1.42320000E-4,2.42435311E-5
1.42360000E-4,2.38573502E-5
1.42400000E-4,-1.71448418E-6
1.42440000E-4,-3.88571464E-6
1.42480000E-4,6.06150968E-6
1.42520000E-4,9.07524469E-6
1.42560000E-4,-2.71006301E-6
1.42600000E-4,1.70794338E-5
1.42640000E-4,1.08036174E-5
1.42680000E-4,4.55095622E-6
1.42720000E-4,2.95387588E-6
1.42760000E-4,-1.84623414E-5
1.42800000E-4,1.09706439E-5
1.42840000E-4,-2.24230656E-5
1.42880000E-4,2.00219007E-5
1.42920000E-4,3.63671628E-6
1.42960000E-4,-1.11844040E-5
1.43000000E-4,-1.92616445E-5
1.43040000E-4,-6.84424144E-6
1.43080000E-4,2.91619621E-6
1.43120000E-4,1.13771667E-5
1.43160000E-4,-6.10191084E-6
1.43200000E-4,1.64925330E-5
1.43240000E-4,1.18928280E-5
1.43280000E-4,3.87144812E-5
1.43320000E-4,-1.75967389E-5
1.43360000E-4,5.97711903E-6
1.43400000E-4,7.89064760E-6
1.43440000E-4,2.50014622E-6
1.43480000E-4,7.39464156E-6
1.43520000E-4,3.20287088E-5
1.43560000E-4,-2.93069161E-5
1.43600000E-4,-2.83263004E-5
1.43640000E-4,4.86498212E-6
1.43680000E-4,1.70994514E-5
1.43720000E-4,2.49207829E-5
1.43760000E-4,9.64480993E-8
1.43800000E-4,-2.03280161E-6
1.43840000E-4,-1.49945525E-5
1.43880000E-4,7.22536435E-6
1.43920000E-4,1.68434566E-5
1.43960000E-4,7.17980733E-6
1.44000000E-4,7.12950101E-6
1.44040000E-4,1.78939957E-5
1.44080000E-4,8.25658200E-6
1.44120000E-4,9.15757540E-6
1.44160000E-4,2.06132074E-5
1.44200000E-4,-1.93199999E-5
1.44240000E-4,3.42311530E-5
1.44280000E-4,1.24494862E-6
1.44320000E-4,-3.52340691E-5
1.44360000E-4,-8.67477173E-6
1.44400000E-4,-1.82102757E-5
1.44440000E-4,8.46503614E-6
1.44480000E-4,-8.34315054E-6
1.44520000E-4,2.43465947E-5
1.44560000E-4,3.28739409E-5
1.44600000E-4,-7.77529467E-6
1.44640000E-4,-2.76032913E-5
1.44680000E-4,-1.99536989E-6
1.44720000E-4,-3.63222784E-5
1.44760000E-4,-1.45344809E-5
1.44800000E-4,1.40856115E-5
1.44840000E-4,-1.03703205E-6
1.44880000E-4,-2.50282369E-5
1.44920000E-4,3.31041102E-5
1.44960000E-4,-7.54481064E-6
1.45000000E-4,2.03722330E-5
1.45040000E-4,4.31482644E-6
1.45080000E-4,8.13114521E-6
1.45120000E-4,-2.87326229E-5
1.45160000E-4,4.43144762E-5
1.45200000E-4,-6.34734848E-6
1.45240000E-4,1.41329805E-5
1.45280000E-4,2.54654454E-5
1.45320000E-4,-1.54095439E-5
1.45360000E-4,3.13323190E-7
1.45400000E-4,4.94092321E-6
1.45440000E-4,2.83488608E-5
1.45480000E-4,-3.16991606E-5
1.45520000E-4,5.54052690E-6
1.45560000E-4,2.97614529E-5
1.45600000E-4,1.95081754E-5
1.45640000E-4,-3.92967792E-5
1.45680000E-4,4.24369775E-5
1.45720000E-4,-4.10696862E-7
1.45760000E-4,1.55683749E-5
1.45800000E-4,5.91060707E-5
1.45840000E-4,-3.04603296E-6
1.45880000E-4,-2.20347293E-5
1.45920000E-4,-1.17893879E-6
1.45960000E-4,1.49167387E-5
1.46000000E-4,1.00303973E-5
1.46040000E-4,-6.00659109E-6
1.46080000E-4,8.04505702E-6
1.46120000E-4,-1.24703481E-5
1.46160000E-4,9.10743120E-6
1.46200000E-4,-7.08499654E-6
1.46240000E-4,1.61139434E-5
1.46280000E-4,1.85726780E-5
1.46320000E-4,2.26829845E-6
1.46360000E-4,-1.15819241E-5
1.46400000E-4,4.62909076E-6
1.46440000E-4,2.91207935E-5
1.46480000E-4,-3.26388732E-5
1.46520000E-4,-2.40232167E-5
1.46560000E-4,3.97107848E-5
1.46600000E-4,-1.91631982E-6
1.46640000E-4,1.17165317E-5
1.46680000E-4,6.24771571E-5
1.46720000E-4,3.75219671E-6
1.46760000E-4,8.48268866E-6
1.46800000E-4,-2.08959658E-5
1.46840000E-4,1.99900480E-5
1.46880000E-4,2.04991098E-5
1.46920000E-4,-2.66289508E-5
1.46960000E-4,4.47450968E-6
1.47000000E-4,3.00477349E-6
1.47040000E-4,2.51633214E-5
1.47080000E-4,4.75481285E-5
1.47120000E-4,1.67956870E-5
1.47160000E-4,1.69933074E-5
1.47200000E-4,-8.92216593E-7
1.47240000E-4,2.55477857E-5
1.47280000E-4,-1.73474770E-5
1.47320000E-4,5.43641427E-6
1.47360000E-4,1.90116067E-5
1.47400000E-4,1.20639839E-5
1.47440000E-4,1.80124897E-5
1.47480000E-4,1.74214214E-5
1.47520000E-4,4.05943244E-6
1.47560000E-4,7.24416128E-6
1.47600000E-4,2.12212607E-5
1.47640000E-4,1.04473151E-5
1.47680000E-4,4.29796548E-6
1.47720000E-4,-2.05647071E-5
1.47760000E-4,5.23993938E-5
1.47800000E-4,2.83933021E-5
1.47840000E-4,1.57001345E-5
1.47880000E-4,-2.81819046E-5
1.47920000E-4,4.67439426E-5
1.47960000E-4,1.30003777E-5
1.48000000E-4,1.42701307E-7
1.48040000E-4,1.81471294E-5
1.48080000E-4,-4.01177689E-5
1.48120000E-4,1.50425760E-5
1.48160000E-4,1.18225231E-5
1.48200000E-4,2.14171740E-5
1.48240000E-4,1.76940960E-5
1.48280000E-4,1.96167512E-5
1.48320000E-4,-3.47074231E-6
1.48360000E-4,3.43604140E-5
1.48400000E-4,2.97905018E-5
1.48440000E-4,-3.19800097E-6
1.48480000E-4,5.14019347E-6
1.48520000E-4,2.49033021E-5
1.48560000E-4,2.77811385E-5
1.48600000E-4,9.26975612E-6
1.48640000E-4,1.69948047E-5
1.48680000E-4,3.51619774E-5
1.48720000E-4,2.03830000E-5
1.48760000E-4,1.54195158E-5
1.48800000E-4,-1.91419584E-5
1.48840000E-4,2.97656681E-5
1.48880000E-4,-2.64990317E-5
1.48920000E-4,-1.20038010E-5
1.48960000E-4,7.09489064E-7
1.49000000E-4,1.56857340E-5
1.49040000E-4,-4.28294863E-6
1.49080000E-4,1.78288772E-6
1.49120000E-4,2.45321797E-5
1.49160000E-4,-2.89861397E-6
1.49200000E-4,-2.74469093E-6
1.49240000E-4,4.63874591E-5
1.49280000E-4,-1.09473873E-5
1.49320000E-4,1.07339801E-5
1.49360000E-4,-1.70561653E-7
1.49400000E-4,8.68247237E-7
1.49440000E-4,-8.65737671E-6
1.49480000E-4,1.66714232E-5
1.49520000E-4,1.35490743E-5
1.49560000E-4,3.47954120E-6
1.49600000E-4,7.07606663E-6
1.49640000E-4,2.39924954E-5
1.49680000E-4,4.06876621E-5
1.49720000E-4,7.80935640E-6
1.49760000E-4,4.70694412E-5
1.49800000E-4,2.13875338E-5
1.49840000E-4,2.86007453E-5
1.49880000E-4,3.85362776E-5
1.49920000E-4,1.26707974E-5
1.49960000E-4,1.16883411E-5
1.50000000E-4,9.97313866E-6
1.50040000E-4,2.10623690E-5
1.50080000E-4,5.99210904E-5
1.50120000E-4,2.21990344E-5
1.50160000E-4,3.92550795E-6
1.50200000E-4,-1.33442953E-5
1.50240000E-4,1.88951535E-5
1.50280000E-4,2.18446093E-6
1.50320000E-4,5.27246731E-5
1.50360000E-4,3.94261130E-5
1.50400000E-4,2.93795906E-6
1.50440000E-4,1.75471538E-5
1.50480000E-4,2.72338820E-5
1.50520000E-4,-6.99424489E-6
1.50560000E-4,4.36230814E-5
1.50600000E-4,5.56749411E-5
1.50640000E-4,2.28860519E-5
1.50680000E-4,1.59478896E-5
1.50720000E-4,1.82408852E-5
1.50760000E-4,1.83351940E-5
1.50800000E-4,2.00706239E-5
1.50840000E-4,1.82643932E-5
1.50880000E-4,4.00386867E-5
1.50920000E-4,7.31979925E-5
1.50960000E-4,3.49737793E-5
1.51000000E-4,-7.22605452E-6
1.51040000E-4,4.84604134E-5
1.51080000E-4,4.31983625E-5
1.51120000E-4,-1.07280327E-5
1.51160000E-4,4.39628374E-5
1.51200000E-4,2.86344768E-5
1.51240000E-4,4.76779999E-5
1.51280000E-4,2.96516277E-5
1.51320000E-4,1.32939664E-5
1.51360000E-4,5.51379541E-6
1.51400000E-4,1.84788555E-5
1.51440000E-4,1.62099211E-5
1.51480000E-4,-1.41191557E-5
1.51520000E-4,2.20069072E-5
1.51560000E-4,4.31156598E-5
1.51600000E-4,2.69995260E-5
1.51640000E-4,7.86738748E-6
1.51680000E-4,-7.18412146E-6
1.51720000E-4,1.44579641E-5
1.51760000E-4,3.10033372E-5
1.51800000E-4,2.18179461E-5
1.51840000E-4,-5.62207912E-6
1.51880000E-4,1.75210422E-5
1.51920000E-4,2.94030144E-5
1.51960000E-4,2.74237776E-5
1.52000000E-4,1.63380854E-5
1.52040000E-4,4.81654038E-5
1.52080000E-4,1.28546276E-5
1.52120000E-4,1.47671930E-5
1.52160000E-4,3.28436712E-5
1.52200000E-4,5.01021734E-5
1.52240000E-4,3.14459470E-5
1.52280000E-4,1.23209515E-5
1.52320000E-4,1.77511162E-5
1.52360000E-4,3.36618380E-5
1.52400000E-4,8.55544295E-7
1.52440000E-4,3.64179570E-5
1.52480000E-4,5.16459529E-5
1.52520000E-4,2.53061055E-5
1.52560000E-4,4.23209439E-5
1.52600000E-4,3.12545159E-5
1.52640000E-4,4.75998749E-5
1.52680000E-4,9.91721519E-6
1.52720000E-4,1.38544026E-5
1.52760000E-4,4.75882115E-5
1.52800000E-4,-2.26406273E-5
1.52840000E-4,5.74512740E-5
1.52880000E-4,4.09014950E-5
1.52920000E-4,1.29007569E-5
1.52960000E-4,5.00762812E-5
1.53000000E-4,9.49501401E-6
1.53040000E-4,3.43612628E-5
1.53080000E-4,1.47375433E-5
1.53120000E-4,6.31654048E-5
1.53160000E-4,2.96366169E-5
1.53200000E-4,6.19819983E-6
1.53240000E-4,3.60079914E-5
1.53280000E-4,2.12593313E-5
1.53320000E-4,-1.37140825E-5
1.53360000E-4,3.46400028E-5
1.53400000E-4,4.61919654E-5
1.53440000E-4,1.70129150E-5
1.53480000E-4,3.37335639E-5
1.53520000E-4,3.72243650E-5
1.53560000E-4,1.03365363E-5
1.53600000E-4,3.90050658E-5
1.53640000E-4,2.84986816E-6
1.53680000E-4,-1.03781963E-5
1.53720000E-4,-2.53576948E-6
1.53760000E-4,2.82541038E-5
1.53800000E-4,2.55659532E-5
1.53840000E-4,1.00048579E-5
1.53880000E-4,5.66615840E-5
1.53920000E-4,4.42171061E-5
1.53960000E-4,3.18616060E-5
1.54000000E-4,3.40355830E-5
1.54040000E-4,3.69980008E-5
1.54080000E-4,9.55720312E-6
1.54120000E-4,1.13275470E-5
1.54160000E-4,2.43997239E-5
1.54200000E-4,3.41809325E-5
1.54240000E-4,4.00356063E-5
1.54280000E-4,3.24618677E-5
1.54320000E-4,2.71497107E-5
1.54360000E-4,5.23745506E-5
1.54400000E-4,3.72007329E-5
1.54440000E-4,2.62207842E-5
1.54480000E-4,3.07371857E-5
1.54520000E-4,3.91293868E-5
1.54560000E-4,7.91716562E-5
1.54600000E-4,2.02055784E-5
1.54640000E-4,6.34256625E-5
1.54680000E-4,2.26756427E-5
1.54720000E-4,4.96268907E-5
1.54760000E-4,2.38495872E-5
1.54800000E-4,1.05519999E-5
1.54840000E-4,1.54598944E-5
1.54880000E-4,4.93580198E-6
1.54920000E-4,2.48283433E-5
1.54960000E-4,1.58375208E-5
1.55000000E-4,-4.43838801E-6
1.55040000E-4,2.49523209E-5
1.55080000E-4,1.61792414E-5
1.55120000E-4,4.23754750E-5
1.55160000E-4,2.33967827E-5
1.55200000E-4,2.82126952E-5
1.55240000E-4,1.83090634E-5
1.55280000E-4,3.40456252E-5
1.55320000E-4,-3.20103365E-6
1.55360000E-4,2.90133812E-5
1.55400000E-4,1.46224443E-5
1.55440000E-4,2.92632629E-5
1.55480000E-4,5.18827979E-5
1.55520000E-4,-6.18525245E-6
1.55560000E-4,1.26326981E-5
1.55600000E-4,2.67309427E-5
1.55640000E-4,4.24719487E-5
1.55680000E-4,5.75333949E-5
1.55720000E-4,2.16215273E-5
1.55760000E-4,4.62775672E-5
1.55800000E-4,5.08046309E-5
1.55840000E-4,3.30005411E-5
1.55880000E-4,2.51414632E-5
1.55920000E-4,2.91569187E-5
1.55960000E-4,5.50283212E-5
1.56000000E-4,3.55279213E-5
1.56040000E-4,7.02732353E-5
1.56080000E-4,3.07058003E-5
1.56120000E-4,3.08044484E-5
1.56160000E-4,1.49970095E-5
1.56200000E-4,3.88472731E-7
1.56240000E-4,2.97509338E-5
1.56280000E-4,3.80538996E-5
1.56320000E-4,5.50767583E-5
1.56360000E-4,-5.49146387E-6
1.56400000E-4,3.61259514E-5
1.56440000E-4,3.21231416E-5
1.56480000E-4,1.10287021E-6
1.56520000E-4,1.34206906E-5
1.56560000E-4,-1.83740216E-5
1.56600000E-4,6.78589133E-5
1.56640000E-4,4.25945817E-5
1.56680000E-4,5.37837189E-5
1.56720000E-4,4.12922630E-5
1.56760000E-4,1.99852414E-5
1.56800000E-4,5.16795032E-5
1.56840000E-4,3.37025695E-5
1.56880000E-4,2.76028967E-5
1.56920000E-4,3.56064468E-5
1.56960000E-4,5.95995877E-5
1.57000000E-4,5.78701087E-5
1.57040000E-4,4.44031870E-5
1.57080000E-4,2.36803577E-5
1.57120000E-4,6.16457533E-5
1.57160000E-4,3.17068914E-5
1.57200000E-4,3.06437447E-5
1.57240000E-4,-1.02418781E-5
1.57280000E-4,5.40399331E-5
1.57320000E-4,4.43643725E-5
1.57360000E-4,3.79664858E-5
1.57400000E-4,2.15727660E-5
1.57440000E-4,4.47406256E-5
1.57480000E-4,3.62526089E-5
1.57520000E-4,2.39134453E-5
1.57560000E-4,3.59085041E-5
1.57600000E-4,4.76529660E-5
1.57640000E-4,3.57006508E-5
1.57680000E-4,2.60052919E-5
1.57720000E-4,9.66889746E-6
1.57760000E-4,3.35255484E-5
1.57800000E-4,3.68759305E-5
1.57840000E-4,6.13333963E-5
1.57880000E-4,4.92518774E-5
1.57920000E-4,4.18678055E-5
1.57960000E-4,2.33846901E-5
1.58000000E-4,5.79160758E-5
1.58040000E-4,4.14759121E-5
1.58080000E-4,3.65682465E-5
1.58120000E-4,3.76505620E-5
1.58160000E-4,5.81345150E-5
1.58200000E-4,3.23097662E-5
1.58240000E-4,3.03530076E-5
1.58280000E-4,3.63053948E-5
1.58320000E-4,4.99080149E-5
1.58360000E-4,4.33999025E-5
1.58400000E-4,4.81879582E-5
1.58440000E-4,3.32559908E-6
1.58480000E-4,6.36963630E-5
1.58520000E-4,1.26809254E-5
1.58560000E-4,4.02728328E-5
1.58600000E-4,2.70707449E-6
1.58640000E-4,5.73029967E-5
1.58680000E-4,2.77701998E-5
1.58720000E-4,3.28637461E-5
1.58760000E-4,6.47428871E-5
1.58800000E-4,3.97753772E-5
1.58840000E-4,1.67797607E-5
1.58880000E-4,2.76701308E-5
1.58920000E-4,2.79867888E-5
1.58960000E-4,5.82102367E-5
1.59000000E-4,3.98301848E-5
1.59040000E-4,1.32685033E-5
1.59080000E-4,3.80819185E-5
1.59120000E-4,2.59844160E-5
1.59160000E-4,5.09170500E-5
1.59200000E-4,2.21281478E-5
1.59240000E-4,2.14161631E-5
1.59280000E-4,4.94159570E-5
1.59320000E-4,3.31359438E-5
1.59360000E-4,3.03523304E-5
1.59400000E-4,5.23003357E-5
1.59440000E-4,3.32163481E-5
1.59480000E-4,6.10861276E-5
1.59520000E-4,-2.92113022E-6
1.59560000E-4,7.03532295E-5
1.59600000E-4,5.21872776E-5
1.59640000E-4,2.18799254E-5
1.59680000E-4,4.81632104E-5
1.59720000E-4,1.23356094E-5
1.59760000E-4,-3.39490612E-6
1.59800000E-4,4.45903075E-5
1.59840000E-4,3.57944065E-5
1.59880000E-4,5.31625130E-6
1.59920000E-4,2.08522077E-5
1.59960000E-4,3.03573945E-5
1.60000000E-4,-9.39528379E-7
1.60040000E-4,7.87772531E-6
1.60080000E-4,3.64236027E-5
1.60120000E-4,5.45818490E-5
1.60160000E-4,2.69786787E-5
1.60200000E-4,1.69002002E-5
1.60240000E-4,2.43141506E-5
1.60280000E-4,4.82719006E-5
1.60320000E-4,2.59176206E-5
1.60360000E-4,9.10628680E-6
1.60400000E-4,8.33561299E-6
1.60440000E-4,1.40010587E-5
1.60480000E-4,5.96322320E-5
1.60520000E-4,3.72005422E-5
1.60560000E-4,4.16064797E-5
1.60600000E-4,2.72207117E-5
1.60640000E-4,2.92082168E-5
1.60680000E-4,-4.79608266E-6
1.60720000E-4,3.61856133E-5
1.60760000E-4,2.37975929E-5
1.60800000E-4,4.60475124E-5
1.60840000E-4,2.05301424E-5
1.60880000E-4,1.08387889E-5
1.60920000E-4,5.26045101E-5
1.60960000E-4,4.56096042E-5
1.61000000E-4,2.03850408E-5
1.61040000E-4,4.97591558E-5
1.61080000E-4,1.03005351E-5
1.61120000E-4,2.16343924E-5
1.61160000E-4,8.52703848E-5
1.61200000E-4,5.95774529E-5
1.61240000E-4,3.54822498E-5
1.61280000E-4,2.51916360E-5
1.61320000E-4,5.98799012E-5
1.61360000E-4,2.65384626E-5
1.61400000E-4,6.66401556E-5
1.61440000E-4,4.44047510E-5
1.61480000E-4,2.15536448E-5
1.61520000E-4,1.49614279E-5
1.61560000E-4,3.66307584E-6
1.61600000E-4,1.37328282E-5
1.61640000E-4,1.20072689E-5
1.61680000E-4,4.76549019E-5
1.61720000E-4,6.95080165E-5
1.61760000E-4,3.32549242E-5
1.61800000E-4,2.54758691E-5
1.61840000E-4,7.58084282E-5
1.61880000E-4,7.94389124E-6
1.61920000E-4,4.60770095E-5
1.61960000E-4,7.14001542E-5
1.62000000E-4,3.46404510E-5
1.62040000E-4,3.04598477E-5
1.62080000E-4,1.79319042E-5
1.62120000E-4,7.23898488E-5
1.62160000E-4,7.72040719E-6
1.62200000E-4,1.52892344E-5
1.62240000E-4,2.95046760E-5
1.62280000E-4,2.18087241E-5
1.62320000E-4,4.32147943E-5
1.62360000E-4,5.94749520E-5
1.62400000E-4,7.03862839E-5
1.62440000E-4,5.08173052E-5
1.62480000E-4,3.52366119E-5
1.62520000E-4,4.25509320E-5
1.62560000E-4,1.60973685E-5
1.62600000E-4,2.74508429E-5
1.62640000E-4,-9.41950712E-7
1.62680000E-4,3.08910420E-5
1.62720000E-4,3.27384905E-5
1.62760000E-4,3.55598026E-5
1.62800000E-4,3.37242560E-5
1.62840000E-4,2.62972498E-5
1.62880000E-4,3.26684622E-5
1.62920000E-4,1.02037085E-5
1.62960000E-4,1.75607532E-5
1.63000000E-4,3.89990385E-5
1.63040000E-4,2.18042513E-5
1.63080000E-4,3.51515823E-5
1.63120000E-4,2.79765845E-5
1.63160000E-4,-1.56909637E-5
1.63200000E-4,1.59250777E-5
1.63240000E-4,1.73046249E-5
1.63280000E-4,2.84374667E-5
1.63320000E-4,-6.15934111E-6
1.63360000E-4,2.55967855E-5
1.63400000E-4,3.82007177E-5
1.63440000E-4,4.77182640E-5
1.63480000E-4,4.53932822E-5
1.63520000E-4,2.21019503E-5
1.63560000E-4,7.01844005E-5
1.63600000E-4,-5.56964610E-6
1.63640000E-4,1.81089634E-5
1.63680000E-4,3.27645640E-5
1.63720000E-4,2.56505536E-5
1.63760000E-4,4.59121478E-5
1.63800000E-4,1.86862130E-5
1.63840000E-4,2.10169455E-5
1.63880000E-4,1.71384948E-5
1.63920000E-4,4.51777709E-5
1.63960000E-4,4.13888321E-5
1.64000000E-4,5.98102830E-5
1.64040000E-4,4.69826187E-5
1.64080000E-4,2.45890568E-5
1.64120000E-4,1.33944646E-5
1.64160000E-4,3.81143148E-5
1.64200000E-4,2.01677556E-5
1.64240000E-4,3.77263506E-5
1.64280000E-4,3.90487345E-5
1.64320000E-4,4.05149040E-5
1.64360000E-4,1.44946901E-5
1.64400000E-4,2.35035370E-5
1.64440000E-4,9.88027938E-6
1.64480000E-4,1.39480344E-5
1.64520000E-4,2.75505209E-5
1.64560000E-4,7.60705265E-5
1.64600000E-4,2.63761282E-5
1.64640000E-4,2.20732352E-5
1.64680000E-4,2.74156905E-5
1.64720000E-4,5.73006125E-5
1.64760000E-4,3.13645127E-5
1.64800000E-4,3.76277502E-5
1.64840000E-4,5.67184992E-5
1.64880000E-4,1.63330977E-5
1.64920000E-4,4.33178293E-5
1.64960000E-4,8.58482718E-6
1.65000000E-4,3.26888804E-5
1.65040000E-4,3.14402440E-5
1.65080000E-4,3.74769361E-5
1.65120000E-4,1.66254752E-5
1.65160000E-4,5.60521002E-5
1.65200000E-4,2.35588787E-5
1.65240000E-4,6.03264211E-5
1.65280000E-4,3.61994893E-5
1.65320000E-4,4.85065808E-5
1.65360000E-4,3.14156011E-5
1.65400000E-4,4.79043641E-5
1.65440000E-4,9.05460718E-6
1.65480000E-4,4.39194357E-5
1.65520000E-4,3.12045625E-5
1.65560000E-4,4.48474085E-5
1.65600000E-4,3.54658848E-5
1.65640000E-4,6.57748486E-5
1.65680000E-4,5.08755461E-5
1.65720000E-4,-1.22065522E-5
1.65760000E-4,3.97202262E-5
1.65800000E-4,6.52161290E-5
1.65840000E-4,7.15204697E-5
1.65880000E-4,6.26064753E-5
1.65920000E-4,-5.63415263E-6
1.65960000E-4,2.88622428E-5
1.66000000E-4,2.54771375E-5
1.66040000E-4,3.70251424E-5
1.66080000E-4,3.95335921E-5
1.66120000E-4,1.31345788E-5
1.66160000E-4,1.03598155E-5
1.66200000E-4,5.73042365E-5
1.66240000E-4,2.69528437E-5
1.66280000E-4,5.09829871E-5
1.66320000E-4,3.48936611E-5
1.66360000E-4,2.66246557E-5
1.66400000E-4,5.32042473E-5
1.66440000E-4,2.98853733E-5
1.66480000E-4,3.12183812E-5
1.66520000E-4,3.24109320E-5
1.66560000E-4,7.54569404E-6
1.66600000E-4,1.97825856E-5
1.66640000E-4,2.32142971E-5
1.66680000E-4,2.81172801E-5
1.66720000E-4,4.34797822E-5
1.66760000E-4,2.47376298E-5
1.66800000E-4,3.39773231E-5
1.66840000E-4,2.36298416E-5
1.66880000E-4,8.80435196E-7
1.66920000E-4,3.52829319E-5
1.66960000E-4,1.83855957E-5
1.67000000E-4,6.53343274E-5
1.67040000E-4,3.12696412E-5
1.67080000E-4,3.00638439E-5
1.67120000E-4,2.48092984E-5
1.67160000E-4,4.58037437E-5
1.67200000E-4,2.98659947E-5
1.67240000E-4,3.06757882E-5
1.67280000E-4,2.89731742E-5
1.67320000E-4,2.39290283E-5
1.67360000E-4,5.61423464E-5
1.67400000E-4,3.56193787E-5
1.67440000E-4,3.46430927E-5
1.67480000E-4,2.83868266E-5
1.67520000E-4,2.28413913E-5
1.67560000E-4,1.14166965E-5
1.67600000E-4,5.91313431E-5
1.67640000E-4,3.21503023E-5
1.67680000E-4,1.15079917E-5
1.67720000E-4,1.48246805E-5
1.67760000E-4,3.31243471E-5
1.67800000E-4,4.29847680E-5
1.67840000E-4,5.66790839E-5
1.67880000E-4,4.15743027E-5
1.67920000E-4,6.11860632E-5
1.67960000E-4,5.71349593E-5
1.68000000E-4,5.77896758E-5
1.68040000E-4,3.94804820E-5
1.68080000E-4,2.42155884E-5
1.68120000E-4,5.89429066E-5
1.68160000E-4,7.96078669E-5
1.68200000E-4,4.38741648E-5
1.68240000E-4,5.28727406E-5
1.68280000E-4,4.20480500E-5
1.68320000E-4,4.27412187E-5
1.68360000E-4,5.54711122E-5
1.68400000E-4,4.29699098E-5
1.68440000E-4,4.49823725E-5
1.68480000E-4,4.09317074E-5
1.68520000E-4,1.88267178E-5
1.68560000E-4,3.20655683E-5
1.68600000E-4,3.67171151E-5
1.68640000E-4,9.40786724E-6
1.68680000E-4,2.02572675E-5
1.68720000E-4,4.86971822E-5
1.68760000E-4,6.35995841E-5
1.68800000E-4,6.03563188E-5
1.68840000E-4,5.07627265E-5
1.68880000E-4,8.49599066E-5
1.68920000E-4,6.13828729E-5
1.68960000E-4,5.48123426E-5
1.69000000E-4,1.13583221E-5
1.69040000E-4,5.92490837E-5
1.69080000E-4,9.59483144E-5
1.69120000E-4,1.41994325E-5
1.69160000E-4,5.00016943E-5
1.69200000E-4,2.88284542E-5
1.69240000E-4,1.84999779E-6
1.69280000E-4,4.54126799E-5
1.69320000E-4,2.65813112E-5
1.69360000E-4,4.65958751E-5
1.69400000E-4,3.49692684E-5
1.69440000E-4,4.34643327E-5
1.69480000E-4,5.59003515E-5
1.69520000E-4,6.04075311E-5
1.69560000E-4,6.11853941E-6
1.69600000E-4,2.88506462E-5
1.69640000E-4,2.28354499E-5
1.69680000E-4,2.14057680E-5
1.69720000E-4,1.70109027E-5
1.69760000E-4,3.64958150E-5
1.69800000E-4,4.70571102E-5
1.69840000E-4,3.84762915E-5
1.69880000E-4,3.05354439E-6
1.69920000E-4,2.34137676E-5
1.69960000E-4,1.45591394E-5
1.70000000E-4,1.05593051E-5
1.70040000E-4,2.02270074E-5
1.70080000E-4,3.32654719E-5
1.70120000E-4,5.60464258E-5
1.70160000E-4,5.78958007E-5
1.70200000E-4,5.97052453E-5
1.70240000E-4,6.21327853E-5
1.70280000E-4,3.16722635E-5
1.70320000E-4,2.64742613E-5
1.70360000E-4,4.46601736E-5
1.70400000E-4,1.71047633E-5
1.70440000E-4,1.38380281E-5
1.70480000E-4,2.46682976E-5
1.70520000E-4,3.90370234E-5
1.70560000E-4,6.00359319E-5
1.70600000E-4,2.14044043E-5
1.70640000E-4,3.44457965E-5
1.70680000E-4,7.70593629E-5
1.70720000E-4,1.99591394E-5
1.70760000E-4,4.37933885E-5
1.70800000E-4,2.97805454E-5
1.70840000E-4,2.73920489E-5
1.70880000E-4,3.33240942E-5
1.70920000E-4,3.09835103E-5
1.70960000E-4,4.93139806E-5
1.71000000E-4,3.36431937E-5
1.71040000E-4,6.04123948E-5
1.71080000E-4,2.36281059E-5
1.71120000E-4,5.46254224E-5
1.71160000E-4,2.75591898E-5
1.71200000E-4,3.22466329E-5
1.71240000E-4,4.41042578E-5
1.71280000E-4,2.94389488E-5
1.71320000E-4,4.48530447E-5
1.71360000E-4,5.07918421E-5
1.71400000E-4,7.30388815E-5
1.71440000E-4,4.55385364E-5
1.71480000E-4,4.31337796E-5
1.71520000E-4,5.57840128E-5
1.71560000E-4,3.77257021E-5
1.71600000E-4,1.74208969E-5
1.71640000E-4,5.79327651E-5
1.71680000E-4,4.35162794E-5
1.71720000E-4,3.84406240E-5
1.71760000E-4,3.65211922E-5
1.71800000E-4,5.15691821E-5
1.71840000E-4,2.66954088E-5
1.71880000E-4,5.45171422E-5
1.71920000E-4,6.49913384E-5
1.71960000E-4,2.87423946E-5
1.72000000E-4,2.29785488E-5
1.72040000E-4,5.70807048E-5
1.72080000E-4,4.91920248E-5
1.72120000E-4,6.84728221E-5
1.72160000E-4,3.76259763E-5
1.72200000E-4,7.87608515E-5
1.72240000E-4,2.58608865E-5
1.72280000E-4,2.13766047E-5
1.72320000E-4,5.56797285E-5
1.72360000E-4,4.83316483E-5
1.72400000E-4,3.81851728E-5
1.72440000E-4,5.79344055E-5
1.72480000E-4,2.54492124E-6
1.72520000E-4,3.07729676E-5
1.72560000E-4,3.12355474E-5
1.72600000E-4,3.12259439E-5
1.72640000E-4,4.45385420E-5
1.72680000E-4,1.76953453E-5
1.72720000E-4,4.34359037E-5
1.72760000E-4,3.30834822E-5
1.72800000E-4,8.81548111E-5
1.72840000E-4,3.29616980E-5
1.72880000E-4,2.84957744E-5
1.72920000E-4,3.48763614E-5
1.72960000E-4,1.60904830E-5
1.73000000E-4,3.59419113E-5
1.73040000E-4,3.32630496E-5
1.73080000E-4,3.91277941E-5
1.73120000E-4,2.84172107E-5
1.73160000E-4,5.27028435E-5
1.73200000E-4,4.71214546E-5
1.73240000E-4,7.36303122E-5
1.73280000E-4,2.75993395E-5
1.73320000E-4,3.30874495E-5
1.73360000E-4,2.45291947E-5
1.73400000E-4,4.25261651E-5
1.73440000E-4,2.38804482E-5
1.73480000E-4,6.10229848E-5
1.73520000E-4,5.49227876E-5
1.73560000E-4,9.21890445E-5
1.73600000E-4,4.36658441E-5
1.73640000E-4,1.01454962E-5
1.73680000E-4,4.47862494E-5
1.73720000E-4,3.43059402E-5
1.73760000E-4,6.75120428E-5
1.73800000E-4,5.93626854E-5
1.73840000E-4,5.45332116E-5
1.73880000E-4,2.71255064E-5
1.73920000E-4,5.27329033E-5
1.73960000E-4,3.99930820E-5
1.74000000E-4,6.18144377E-6
1.74040000E-4,1.84484810E-5
1.74080000E-4,7.91601740E-5
1.74120000E-4,5.21238582E-5
1.74160000E-4,4.67481579E-5
1.74200000E-4,4.61851848E-5
1.74240000E-4,2.40367840E-5
1.74280000E-4,5.17675559E-5
1.74320000E-4,5.57030077E-5
1.74360000E-4,3.77392252E-5
1.74400000E-4,7.35509951E-5
1.74440000E-4,3.02391674E-5
1.74480000E-4,3.52155166E-5
1.74520000E-4,6.35290599E-5
1.74560000E-4,8.17036903E-5
1.74600000E-4,3.05827000E-5
1.74640000E-4,1.02218855E-5
1.74680000E-4,6.40259910E-5
1.74720000E-4,3.37148036E-6
1.74760000E-4,3.33728079E-5
1.74800000E-4,2.93084862E-5
1.74840000E-4,3.54299217E-5
1.74880000E-4,4.49435294E-5
1.74920000E-4,4.47674143E-5
1.74960000E-4,5.09877539E-6
1.75000000E-4,2.07147070E-5
1.75040000E-4,4.50455058E-5
1.75080000E-4,3.54507881E-5
1.75120000E-4,5.04518381E-5
1.75160000E-4,4.05422267E-5
1.75200000E-4,3.36908202E-5
1.75240000E-4,2.42656372E-5
1.75280000E-4,4.97161245E-6
1.75320000E-4,3.76988657E-5
1.75360000E-4,1.45285455E-5
1.75400000E-4,4.92286554E-5
1.75440000E-4,5.77179023E-5
1.75480000E-4,5.28586262E-5
1.75520000E-4,5.41508645E-5
1.75560000E-4,1.61974280E-5
1.75600000E-4,8.37747659E-5
1.75640000E-4,4.35103189E-5
1.75680000E-4,2.60001707E-5
1.75720000E-4,1.63420813E-5
1.75760000E-4,5.51273603E-5
1.75800000E-4,3.49596649E-5
1.75840000E-4,7.60377281E-6
1.75880000E-4,8.85483735E-5
1.75920000E-4,8.52953314E-6
1.75960000E-4,1.94495530E-5
1.76000000E-4,3.74792154E-5
1.76040000E-4,4.10579452E-5
1.76080000E-4,7.96267878E-5
1.76120000E-4,3.21805814E-5
1.76160000E-4,4.56434501E-5
1.76200000E-4,3.71363408E-5
1.76240000E-4,4.47895396E-5
1.76280000E-4,3.75843103E-5
1.76320000E-4,6.74319532E-5
1.76360000E-4,3.24245314E-5
1.76400000E-4,2.31195686E-5
1.76440000E-4,7.37634055E-6
1.76480000E-4,2.44115303E-5
1.76520000E-4,9.13459413E-8
1.76560000E-4,3.19304231E-5
1.76600000E-4,1.27381363E-5
1.76640000E-4,3.79912241E-5
1.76680000E-4,4.11374054E-5
1.76720000E-4,3.06441453E-5
1.76760000E-4,2.80009127E-5
1.76800000E-4,1.83718724E-5
1.76840000E-4,3.43580203E-5
1.76880000E-4,3.15875200E-5
1.76920000E-4,3.42733531E-5
1.76960000E-4,5.89839146E-5
1.77000000E-4,4.57413051E-6
1.77040000E-4,3.88178976E-5
1.77080000E-4,3.65593678E-5
1.77120000E-4,5.61167975E-5
1.77160000E-4,3.76554830E-5
1.77200000E-4,3.52809101E-5
1.77240000E-4,3.59421593E-5
1.77280000E-4,2.34028194E-5
1.77320000E-4,1.34983197E-5
1.77360000E-4,2.59672594E-5
1.77400000E-4,5.84444973E-5
1.77440000E-4,3.34980635E-5
1.77480000E-4,3.23857931E-5
1.77520000E-4,3.74943406E-5
1.77560000E-4,2.69711733E-5
1.77600000E-4,3.65664250E-5
1.77640000E-4,4.75982632E-5
1.77680000E-4,2.92845203E-5
1.77720000E-4,6.55299832E-5
1.77760000E-4,3.79773958E-5
1.77800000E-4,7.93725001E-5
1.77840000E-4,2.96032478E-5
1.77880000E-4,5.21314876E-5
1.77920000E-4,4.15463696E-5
1.77960000E-4,4.29796849E-5
1.78000000E-4,1.16573642E-6
1.78040000E-4,6.57277562E-5
1.78080000E-4,2.46255444E-5
1.78120000E-4,4.20276318E-5
1.78160000E-4,4.32592450E-5
1.78200000E-4,6.31558776E-5
1.78240000E-4,7.55433735E-5
1.78280000E-4,1.51604883E-5
1.78320000E-4,3.47062927E-5
1.78360000E-4,4.64511837E-5
1.78400000E-4,4.90789857E-5
1.78440000E-4,6.12601446E-5
1.78480000E-4,6.72547892E-5
1.78520000E-4,3.28298525E-5
1.78560000E-4,5.37454957E-5
1.78600000E-4,5.75317451E-5
1.78640000E-4,8.08217895E-5
1.78680000E-4,5.32017487E-5
1.78720000E-4,5.33979100E-5
1.78760000E-4,6.04627870E-5
1.78800000E-4,8.28753842E-5
1.78840000E-4,3.14116529E-5
1.78880000E-4,7.22976190E-5
1.78920000E-4,4.83007397E-5
1.78960000E-4,6.22870326E-5
1.79000000E-4,4.37628042E-5
1.79040000E-4,4.77991452E-5
1.79080000E-4,1.41718332E-5
1.79120000E-4,1.99267335E-5
1.79160000E-4,3.44483333E-5
1.79200000E-4,3.97683677E-5
1.79240000E-4,4.40549909E-5
1.79280000E-4,1.29424038E-5
1.79320000E-4,1.32822839E-5
1.79360000E-4,3.99989184E-5
1.79400000E-4,3.81357153E-5
1.79440000E-4,7.86073084E-6
1.79480000E-4,7.68229660E-5
1.79520000E-4,1.59783118E-5
1.79560000E-4,3.69124658E-5
1.79600000E-4,6.50872494E-5
1.79640000E-4,7.63302025E-5
1.79680000E-4,9.19380374E-5
1.79720000E-4,2.08679243E-5
1.79760000E-4,4.53962958E-5
1.79800000E-4,9.44539830E-5
1.79840000E-4,6.24730181E-5
1.79880000E-4,7.58040794E-5
1.79920000E-4,8.67843620E-5
1.79960000E-4,3.67590482E-5
1.80000000E-4,1.98927350E-5
1.80040000E-4,6.04140351E-5
1.80080000E-4,4.50613749E-5
1.80120000E-4,2.45401047E-5
1.80160000E-4,2.73359537E-5
1.80200000E-4,5.41395921E-5
1.80240000E-4,5.73888370E-5
1.80280000E-4,4.66177715E-5
1.80320000E-4,3.51949364E-5
1.80360000E-4,5.09019152E-5
1.80400000E-4,4.06082782E-5
1.80440000E-4,9.49629971E-5
1.80480000E-4,4.57323325E-5
1.80520000E-4,8.98451799E-5
1.80560000E-4,-5.57697032E-6
1.80600000E-4,5.81829425E-5
1.80640000E-4,6.44000984E-5
1.80680000E-4,3.60745102E-5
1.80720000E-4,4.53923381E-5
1.80760000E-4,3.48155075E-5
1.80800000E-4,3.96874198E-5
1.80840000E-4,2.56686830E-5
1.80880000E-4,1.87459988E-5
1.80920000E-4,5.71483298E-5
1.80960000E-4,6.06744550E-5
1.81000000E-4,3.65546281E-5
1.81040000E-4,4.50874865E-5
1.81080000E-4,7.99273192E-5
1.81120000E-4,6.64937093E-5
1.81160000E-4,5.31577938E-5
1.81200000E-4,4.03560886E-5
1.81240000E-4,2.73922110E-5
1.81280000E-4,3.22368768E-5
1.81320000E-4,4.33367692E-5
1.81360000E-4,4.97369257E-5
1.81400000E-4,2.64250898E-5
1.81440000E-4,4.76130452E-5
1.81480000E-4,1.74578518E-5
1.81520000E-4,2.25859115E-5
1.81560000E-4,6.47206379E-5
1.81600000E-4,2.76805544E-5
1.81640000E-4,2.50417947E-5
1.81680000E-4,5.59407015E-5
1.81720000E-4,4.52421439E-5
1.81760000E-4,5.08839671E-5
1.81800000E-4,3.96187457E-5
1.81840000E-4,5.52944154E-5
1.81880000E-4,2.60188627E-5
1.81920000E-4,5.13887279E-5
1.81960000E-4,3.79729040E-5
1.82000000E-4,3.62871510E-5
1.82040000E-4,2.88640930E-5
1.82080000E-4,5.44458264E-5
1.82120000E-4,1.51788275E-5
1.82160000E-4,5.32936924E-5
1.82200000E-4,5.45804567E-5
1.82240000E-4,3.64487511E-5
1.82280000E-4,3.80758817E-5
1.82320000E-4,4.42316114E-5
1.82360000E-4,2.66883802E-5
1.82400000E-4,5.38272446E-5
1.82440000E-4,1.16966285E-5
1.82480000E-4,6.91033820E-5
1.82520000E-4,7.28060896E-5
1.82560000E-4,3.16314653E-5
1.82600000E-4,6.80777720E-5
1.82640000E-4,3.85314997E-5
1.82680000E-4,3.43506293E-5
1.82720000E-4,4.70464195E-5
1.82760000E-4,6.23032069E-5
1.82800000E-4,7.75412831E-5
1.82840000E-4,6.03085778E-5
1.82880000E-4,7.54256423E-5
1.82920000E-4,6.02866433E-5
1.82960000E-4,4.42640650E-5
1.83000000E-4,7.27629930E-5
1.83040000E-4,3.99883994E-5
1.83080000E-4,6.63507535E-5
1.83120000E-4,4.22414265E-5
1.83160000E-4,5.64504500E-5
1.83200000E-4,6.18855261E-5
1.83240000E-4,3.50745445E-5
1.83280000E-4,2.01968904E-5
1.83320000E-4,3.34279971E-5
1.83360000E-4,4.61642135E-5
1.83400000E-4,3.84250887E-5
1.83440000E-4,2.78499079E-5
1.83480000E-4,8.12596309E-5
1.83520000E-4,1.44883863E-5
1.83560000E-4,3.28959517E-5
1.83600000E-4,3.66268483E-6
1.83640000E-4,5.22749012E-5
1.83680000E-4,6.39903999E-5
1.83720000E-4,4.82969727E-5
1.83760000E-4,5.76538154E-5
1.83800000E-4,4.36904394E-5
1.83840000E-4,5.31791180E-5
1.83880000E-4,3.23094610E-5
1.83920000E-4,4.07366523E-5
1.83960000E-4,7.56772026E-5
1.84000000E-4,3.13936856E-5
1.84040000E-4,7.53746971E-5
1.84080000E-4,3.78482301E-5
1.84120000E-4,5.19496982E-5
1.84160000E-4,2.21091124E-5
1.84200000E-4,8.05274856E-5
1.84240000E-4,2.32177208E-5
1.84280000E-4,3.58343846E-5
1.84320000E-4,3.26266245E-5
1.84360000E-4,5.60564871E-5
1.84400000E-4,2.92536785E-5
1.84440000E-4,5.06613699E-5
1.84480000E-4,4.95298544E-5
1.84520000E-4,5.36092919E-5
1.84560000E-4,5.02073733E-5
1.84600000E-4,3.79153021E-5
1.84640000E-4,7.85900102E-5
1.84680000E-4,8.04898059E-5
1.84720000E-4,6.14322924E-5
1.84760000E-4,6.81618575E-5
1.84800000E-4,6.18442606E-5
1.84840000E-4,7.24715215E-5
1.84880000E-4,7.51511463E-5
1.84920000E-4,1.35221446E-4
1.84960000E-4,8.13899219E-5
1.85000000E-4,4.21090375E-5
1.85040000E-4,5.34940308E-5
1.85080000E-4,6.29522681E-5
1.85120000E-4,5.90703270E-5
1.85160000E-4,2.88785888E-5
1.85200000E-4,4.34769784E-5
1.85240000E-4,5.84459278E-5
1.85280000E-4,5.94616959E-5
1.85320000E-4,8.65566913E-5
1.85360000E-4,6.51864888E-5
1.85400000E-4,5.80754730E-5
1.85440000E-4,4.53640139E-5
1.85480000E-4,5.16005485E-5
1.85520000E-4,4.86259999E-5
1.85560000E-4,7.04966240E-5
1.85600000E-4,5.09341303E-5
1.85640000E-4,9.67239092E-5
1.85680000E-4,1.89910168E-5
1.85720000E-4,2.66418314E-5
1.85760000E-4,1.70452731E-5
1.85800000E-4,5.76069232E-5
1.85840000E-4,3.62068135E-5
1.85880000E-4,4.98493353E-5
1.85920000E-4,3.90830954E-5
1.85960000E-4,1.65027945E-5
1.86000000E-4,4.05002841E-5
1.86040000E-4,3.77634294E-5
1.86080000E-4,3.27806334E-5
1.86120000E-4,4.63717140E-5
1.86160000E-4,5.01580778E-5
1.86200000E-4,1.90999646E-5
1.86240000E-4,2.91894199E-5
1.86280000E-4,6.05173848E-5
1.86320000E-4,3.91361865E-5
1.86360000E-4,4.40378916E-5
1.86400000E-4,1.33345547E-5
1.86440000E-4,3.30961089E-5
1.86480000E-4,3.41016345E-5
1.86520000E-4,3.67156464E-5
1.86560000E-4,5.94443104E-5
1.86600000E-4,2.16987463E-5
1.86640000E-4,2.94303467E-5
1.86680000E-4,2.82314540E-5
1.86720000E-4,4.54158652E-5
1.86760000E-4,5.35770863E-5
1.86800000E-4,2.09530970E-5
1.86840000E-4,3.30112604E-5
1.86880000E-4,6.03209756E-5
1.86920000E-4,7.02297859E-5
1.86960000E-4,3.50926571E-7
1.87000000E-4,6.17705988E-5
1.87040000E-4,3.49243026E-5
1.87080000E-4,3.57011086E-5
1.87120000E-4,1.13691844E-5
1.87160000E-4,4.76036610E-5
1.87200000E-4,1.55531828E-5
1.87240000E-4,7.24268228E-5
1.87280000E-4,3.39373450E-5
1.87320000E-4,5.10723559E-5
1.87360000E-4,2.60704565E-5
1.87400000E-4,-3.56909474E-6
1.87440000E-4,3.54526287E-5
1.87480000E-4,3.35113673E-5
1.87520000E-4,3.71600969E-5
1.87560000E-4,3.53691059E-5
1.87600000E-4,4.23264752E-5
1.87640000E-4,6.98433269E-6
1.87680000E-4,4.72048630E-5
1.87720000E-4,1.77097267E-5
1.87760000E-4,3.69870717E-5
1.87800000E-4,3.22042516E-5
1.87840000E-4,1.00408862E-6
1.87880000E-4,3.78108366E-5
1.87920000E-4,3.92143576E-6
1.87960000E-4,3.58040005E-5
1.88000000E-4,5.41957635E-5
1.88040000E-4,5.16742961E-5
1.88080000E-4,7.23904878E-5
1.88120000E-4,8.85538460E-6
1.88160000E-4,2.28910873E-5
1.88200000E-4,5.77197238E-5
1.88240000E-4,4.16068611E-5
1.88280000E-4,6.28186488E-5
1.88320000E-4,5.61995669E-5
1.88360000E-4,2.43813942E-5
1.88400000E-4,3.40718894E-5
1.88440000E-4,3.05570557E-5
1.88480000E-4,6.29796767E-5
1.88520000E-4,3.35123782E-5
1.88560000E-4,1.39530126E-5
1.88600000E-4,4.57534755E-5
1.88640000E-4,3.67178113E-5
1.88680000E-4,2.36176155E-5
1.88720000E-4,3.89698275E-5
1.88760000E-4,4.40935194E-5
1.88800000E-4,5.32288330E-5
1.88840000E-4,4.41173136E-5
1.88880000E-4,3.30666499E-5
1.88920000E-4,5.58654375E-5
1.88960000E-4,2.64846086E-5
1.89000000E-4,6.13099455E-5
1.89040000E-4,7.12696248E-5
1.89080000E-4,6.91003589E-5
1.89120000E-4,4.96754232E-5
1.89160000E-4,6.04982827E-5
1.89200000E-4,9.59957025E-5
1.89240000E-4,7.05349617E-5
1.89280000E-4,4.40280306E-5
1.89320000E-4,3.76587541E-5
1.89360000E-4,3.63933713E-5
1.89400000E-4,5.10238997E-5
1.89440000E-4,4.77278103E-5
1.89480000E-4,4.07719383E-5
1.89520000E-4,4.43263208E-5
1.89560000E-4,1.38595620E-5
1.89600000E-4,4.29576932E-5
1.89640000E-4,9.76448424E-6
1.89680000E-4,3.50735527E-5
1.89720000E-4,2.79392768E-5
1.89760000E-4,2.63669252E-5
1.89800000E-4,2.90037014E-5
1.89840000E-4,5.75451919E-5
1.89880000E-4,3.02117016E-5
1.89920000E-4,5.54063387E-5
1.89960000E-4,3.68292958E-5
1.90000000E-4,5.60649653E-5
1.90040000E-4,6.53719975E-5
1.90080000E-4,4.91809907E-5
1.90120000E-4,1.08985080E-5
1.90160000E-4,2.84918739E-5
1.90200000E-4,4.74353852E-5
1.90240000E-4,3.11450341E-5
1.90280000E-4,2.89399864E-5
1.90320000E-4,-1.51947684E-6
1.90360000E-4,3.62190968E-5
1.90400000E-4,2.70319510E-5
1.90440000E-4,3.43348174E-5
1.90480000E-4,3.50909382E-5
1.90520000E-4,1.81739563E-5
1.90560000E-4,4.40308725E-5
1.90600000E-4,5.37754792E-5
1.90640000E-4,2.39930962E-5
1.90680000E-4,2.99815418E-5
1.90720000E-4,5.03481261E-5
1.90760000E-4,2.87160350E-5
1.90800000E-4,4.68093742E-5
1.90840000E-4,3.65865475E-5
1.90880000E-4,3.69107110E-5
1.90920000E-4,7.48142226E-5
1.90960000E-4,3.17602590E-5
1.91000000E-4,5.30592125E-5
1.91040000E-4,7.78881345E-5
1.91080000E-4,5.69924327E-5
1.91120000E-4,3.03931954E-5
1.91160000E-4,1.38149491E-5
1.91200000E-4,2.39206265E-5
1.91240000E-4,4.76910366E-5
1.91280000E-4,4.04059181E-5
1.91320000E-4,3.64776189E-5
1.91360000E-4,2.69660330E-5
1.91400000E-4,2.08592173E-5
1.91440000E-4,4.70961155E-5
1.91480000E-4,-1.15605904E-5
1.91520000E-4,6.25928282E-5
1.91560000E-4,4.76431527E-5
1.91600000E-4,8.32284329E-6
1.91640000E-4,2.77873660E-5
1.91680000E-4,1.38317529E-5
1.91720000E-4,2.25781963E-5
1.91760000E-4,2.33717201E-5
1.91800000E-4,8.64402175E-6
1.91840000E-4,3.69048364E-5
1.91880000E-4,3.69033200E-5
1.91920000E-4,6.90738071E-6
1.91960000E-4,3.01152184E-5
1.92000000E-4,1.94139047E-5
1.92040000E-4,1.74705261E-5
1.92080000E-4,1.91746087E-5
1.92120000E-4,6.09757589E-5
1.92160000E-4,4.69019951E-5
1.92200000E-4,1.00586356E-5
1.92240000E-4,7.49288161E-5
1.92280000E-4,6.80486182E-5
1.92320000E-4,1.29086914E-5
1.92360000E-4,3.41787772E-5
1.92400000E-4,3.45708042E-5
1.92440000E-4,1.89671654E-5
1.92480000E-4,8.21592606E-5
1.92520000E-4,2.27264831E-5
1.92560000E-4,3.15251401E-5
1.92600000E-4,2.61252451E-5
1.92640000E-4,7.12100106E-5
1.92680000E-4,4.43956148E-5
1.92720000E-4,1.77664608E-5
1.92760000E-4,6.25339007E-5
1.92800000E-4,4.00015411E-5
1.92840000E-4,3.83261641E-5
1.92880000E-4,2.24595496E-5
1.92920000E-4,2.67419195E-5
1.92960000E-4,6.54707600E-5
1.93000000E-4,1.22968903E-5
1.93040000E-4,7.09077229E-6
1.93080000E-4,3.34375052E-5
1.93120000E-4,1.97099824E-5
1.93160000E-4,6.26283240E-5
1.93200000E-4,6.32265639E-5
1.93240000E-4,3.18427995E-5
1.93280000E-4,5.69899150E-5
1.93320000E-4,2.77276946E-5
1.93360000E-4,2.35256336E-5
1.93400000E-4,6.40121341E-5
1.93440000E-4,3.39630752E-5
1.93480000E-4,5.31572025E-5
1.93520000E-4,2.51851605E-5
1.93560000E-4,2.03713556E-5
1.93600000E-4,4.37876188E-5
1.93640000E-4,1.94269223E-5
1.93680000E-4,1.39744226E-5
1.93720000E-4,2.13980528E-5
1.93760000E-4,4.17647324E-5
1.93800000E-4,2.38491199E-5
1.93840000E-4,6.11014055E-5
1.93880000E-4,3.82288988E-5
1.93920000E-4,3.58713585E-5
1.93960000E-4,2.79732562E-5
1.94000000E-4,2.44079541E-5
1.94040000E-4,4.91826215E-5
1.94080000E-4,6.54345299E-5
1.94120000E-4,4.96323457E-5
1.94160000E-4,3.84798201E-5
1.94200000E-4,3.08199742E-5
1.94240000E-4,4.27374230E-5
1.94280000E-4,6.50132370E-7
1.94320000E-4,5.11973349E-5
1.94360000E-4,5.22056263E-5
1.94400000E-4,7.66127571E-5
1.94440000E-4,4.84594693E-5
1.94480000E-4,2.77340270E-5
1.94520000E-4,4.62258876E-5
1.94560000E-4,4.08520851E-5
1.94600000E-4,2.44874619E-5
1.94640000E-4,3.20294908E-5
1.94680000E-4,2.57369470E-5
1.94720000E-4,6.57933404E-5
1.94760000E-4,3.12371781E-5
1.94800000E-4,8.96713632E-5
1.94840000E-4,3.52638775E-5
1.94880000E-4,3.38788371E-5
1.94920000E-4,4.52053225E-5
1.94960000E-4,4.82360425E-5
1.95000000E-4,3.77437551E-5
1.95040000E-4,6.64929368E-5
1.95080000E-4,1.77296680E-5
1.95120000E-4,6.47114731E-5
1.95160000E-4,5.46685571E-5
1.95200000E-4,7.28697187E-5
1.95240000E-4,7.76178823E-5
1.95280000E-4,8.92927529E-6
1.95320000E-4,3.02916481E-5
1.95360000E-4,3.76810224E-5
1.95400000E-4,6.43871094E-5
1.95440000E-4,2.89589550E-5
1.95480000E-4,3.71373326E-5
1.95520000E-4,1.71079868E-5
1.95560000E-4,2.34902427E-5
1.95600000E-4,2.99064003E-6
1.95640000E-4,3.59598881E-5
1.95680000E-4,1.76876682E-5
1.95720000E-4,3.78432138E-5
1.95760000E-4,7.76522988E-6
1.95800000E-4,3.34878497E-5
1.95840000E-4,4.73847927E-5
1.95880000E-4,3.56736618E-5
1.95920000E-4,6.46000076E-5
1.95960000E-4,3.60587269E-5
1.96000000E-4,3.26152853E-5
1.96040000E-4,1.60611765E-5
1.96080000E-4,4.46257937E-5
1.96120000E-4,4.22584862E-6
1.96160000E-4,3.19369939E-5
1.96200000E-4,3.60592705E-5
1.96240000E-4,3.32676272E-5
1.96280000E-4,3.49358039E-5
1.96320000E-4,3.52594810E-5
1.96360000E-4,2.14967867E-5
1.96400000E-4,3.27611307E-5
1.96440000E-4,5.92835209E-5
1.96480000E-4,2.40618847E-5
1.96520000E-4,3.02541020E-5
1.96560000E-4,2.83984519E-5
1.96600000E-4,-1.07536976E-6
1.96640000E-4,3.57235962E-5
1.96680000E-4,2.48226403E-5
1.96720000E-4,3.73875673E-5
1.96760000E-4,5.61385508E-5
1.96800000E-4,5.38898724E-5
1.96840000E-4,5.36885232E-5
1.96880000E-4,7.67404908E-6
1.96920000E-4,5.45579595E-5
1.96960000E-4,3.16340497E-5
1.97000000E-4,2.90285636E-5
1.97040000E-4,6.50140644E-5
1.97080000E-4,5.62345000E-5
1.97120000E-4,1.33531132E-5
1.97160000E-4,3.11490491E-5
1.97200000E-4,4.34956895E-5
1.97240000E-4,1.25423947E-5
1.97280000E-4,9.10263422E-6
1.97320000E-4,4.79727044E-5
1.97360000E-4,4.50665724E-5
1.97400000E-4,5.33951920E-5
1.97440000E-4,4.43612444E-5
1.97480000E-4,3.86859854E-5
1.97520000E-4,4.22540341E-5
1.97560000E-4,5.34896344E-5
1.97600000E-4,4.91460958E-5
1.97640000E-4,9.45656987E-7
1.97680000E-4,5.18511550E-5
1.97720000E-4,4.58123363E-5
1.97760000E-4,2.91212799E-5
1.97800000E-4,2.60593557E-5
1.97840000E-4,6.24390387E-5
1.97880000E-4,9.11803606E-6
1.97920000E-4,5.10924674E-6
1.97960000E-4,3.92168196E-5
1.98000000E-4,1.18645023E-6
1.98040000E-4,7.02596359E-5
1.98080000E-4,4.41872274E-5
1.98120000E-4,5.45800561E-5
1.98160000E-4,5.72575065E-5
1.98200000E-4,3.94977626E-5
1.98240000E-4,2.70642328E-5
1.98280000E-4,2.81664802E-5
1.98320000E-4,2.21141860E-5
1.98360000E-4,3.43057956E-6
1.98400000E-4,3.68931539E-5
1.98440000E-4,5.98615907E-5
1.98480000E-4,3.60072476E-5
1.98520000E-4,3.79577978E-5
1.98560000E-4,3.23109297E-5
1.98600000E-4,5.18278568E-5
1.98640000E-4,2.19284865E-5
1.98680000E-4,3.71940095E-5
1.98720000E-4,2.53686570E-5
1.98760000E-4,6.51942517E-5
1.98800000E-4,6.82075480E-5
1.98840000E-4,3.28830294E-5
1.98880000E-4,3.69964940E-5
1.98920000E-4,3.36975627E-5
1.98960000E-4,5.44175977E-5
1.99000000E-4,5.66101237E-5
1.99040000E-4,7.81166158E-5
1.99080000E-4,5.62249537E-5
1.99120000E-4,2.14803072E-5
1.99160000E-4,3.42553954E-5
1.99200000E-4,7.82544790E-5
1.99240000E-4,3.08090737E-5
1.99280000E-4,3.71536977E-5
1.99320000E-4,1.46160070E-5
1.99360000E-4,5.14716022E-5
1.99400000E-4,1.84415573E-5
1.99440000E-4,4.19646988E-5
1.99480000E-4,6.68337324E-5
1.99520000E-4,4.51054633E-5
1.99560000E-4,1.30163327E-5
1.99600000E-4,3.12423184E-5
1.99640000E-4,1.38902974E-6
1.99680000E-4,6.50953080E-5
1.99720000E-4,2.08749433E-5
1.99760000E-4,2.49336957E-5
1.99800000E-4,7.77047906E-5
1.99840000E-4,5.89327404E-5
1.99880000E-4,5.19474475E-5
1.99920000E-4,2.18410822E-5
1.99960000E-4,6.83613185E-5
2.00000000E-4,7.13233834E-5
2.00040000E-4,4.15926991E-5
2.00080000E-4,3.17230466E-5
2.00120000E-4,4.22009335E-5
2.00160000E-4,5.46535463E-5
2.00200000E-4,1.40813676E-5
2.00240000E-4,7.41529544E-5
2.00280000E-4,4.02775726E-5
2.00320000E-4,5.14438788E-5
2.00360000E-4,4.90491643E-5
2.00400000E-4,3.76521928E-5
2.00440000E-4,3.54565960E-5
2.00480000E-4,3.51663357E-5
2.00520000E-4,8.13812626E-5
2.00560000E-4,3.27861361E-5
2.00600000E-4,4.04959163E-5
2.00640000E-4,2.53728341E-5
2.00680000E-4,4.72113003E-5
2.00720000E-4,5.66084357E-5
2.00760000E-4,3.71399171E-5
2.00800000E-4,1.17080249E-5
2.00840000E-4,1.02315367E-5
2.00880000E-4,3.31116633E-5
2.00920000E-4,8.42699407E-6
2.00960000E-4,5.38034791E-5
2.01000000E-4,4.07626209E-5
2.01040000E-4,2.78177787E-5
2.01080000E-4,1.57210295E-5
2.01120000E-4,7.49230464E-5
2.01160000E-4,6.02997659E-5
2.01200000E-4,7.04195957E-5
2.01240000E-4,1.50122682E-5
2.01280000E-4,6.38033939E-5
2.01320000E-4,6.98553432E-6
2.01360000E-4,1.72543758E-5
2.01400000E-4,7.12303239E-5
2.01440000E-4,3.95507964E-5
2.01480000E-4,6.99169998E-5
2.01520000E-4,3.03294423E-5
2.01560000E-4,4.03873500E-5
2.01600000E-4,3.34801821E-5
2.01640000E-4,4.74429478E-5
2.01680000E-4,5.49534673E-5
2.01720000E-4,2.86212207E-5
2.01760000E-4,4.34345685E-5
2.01800000E-4,3.32556014E-5
2.01840000E-4,2.20301005E-5
2.01880000E-4,3.50511509E-5
2.01920000E-4,5.94269440E-5
2.01960000E-4,3.46529918E-5
2.02000000E-4,3.24327234E-5
2.02040000E-4,7.10660328E-6
2.02080000E-4,3.27092413E-5
2.02120000E-4,1.79155392E-5
2.02160000E-4,3.10479596E-5
2.02200000E-4,3.67587239E-5
2.02240000E-4,4.31415426E-5
2.02280000E-4,4.13899384E-5
2.02320000E-4,1.76468033E-5
2.02360000E-4,3.20834306E-5
2.02400000E-4,4.48605216E-5
2.02440000E-4,3.21583418E-5
2.02480000E-4,1.39596296E-6
2.02520000E-4,2.08997484E-5
2.02560000E-4,4.83546414E-5
2.02600000E-4,6.65012704E-6
2.02640000E-4,2.14906737E-5
2.02680000E-4,8.43933572E-5
2.02720000E-4,4.64181865E-5
2.02760000E-4,2.03980489E-5
2.02800000E-4,6.97038536E-5
2.02840000E-4,3.29541544E-5
2.02880000E-4,3.96096095E-5
2.02920000E-4,5.99033234E-5
2.02960000E-4,3.90835913E-5
2.03000000E-4,2.45320939E-5
2.03040000E-4,4.98195330E-5
2.03080000E-4,3.61352307E-5
2.03120000E-4,1.95304246E-5
2.03160000E-4,9.15925387E-6
2.03200000E-4,4.08363113E-5
2.03240000E-4,2.89459564E-5
2.03280000E-4,7.93069063E-5
2.03320000E-4,5.02558962E-5
2.03360000E-4,3.15581468E-5
2.03400000E-4,2.49383973E-5
2.03440000E-4,4.45494807E-5
2.03480000E-4,-1.29272168E-6
2.03520000E-4,5.28104561E-5
2.03560000E-4,3.45578056E-5
2.03600000E-4,6.26874995E-5
2.03640000E-4,5.71833011E-5
2.03680000E-4,6.48760391E-5
2.03720000E-4,5.97847245E-5
2.03760000E-4,3.12214902E-5
2.03800000E-4,5.48825712E-5
2.03840000E-4,2.75813342E-5
2.03880000E-4,3.58853585E-5
2.03920000E-4,1.86814827E-5
2.03960000E-4,3.37088923E-5
2.04000000E-4,2.36891601E-5
2.04040000E-4,8.03651210E-6
2.04080000E-4,2.39783905E-5
2.04120000E-4,5.77423164E-5
2.04160000E-4,4.43010199E-5
2.04200000E-4,3.02712109E-5
2.04240000E-4,2.03922697E-5
2.04280000E-4,3.31270270E-5
2.04320000E-4,1.01388777E-5
2.04360000E-4,5.82239219E-5
2.04400000E-4,2.71278334E-5
2.04440000E-4,1.49052946E-5
2.04480000E-4,2.95947029E-5
2.04520000E-4,5.35243100E-5
2.04560000E-4,3.40837913E-5
2.04600000E-4,2.32146881E-5
2.04640000E-4,5.16920440E-5
2.04680000E-4,2.67519331E-5
2.04720000E-4,3.62601620E-5
2.04760000E-4,5.10850112E-5
2.04800000E-4,1.45393697E-5
2.04840000E-4,2.94814064E-5
2.04880000E-4,3.40537410E-5
2.04920000E-4,1.67638152E-5
2.04960000E-4,2.89246418E-5
2.05000000E-4,2.22983977E-5
2.05040000E-4,4.72402538E-5
2.05080000E-4,5.45288819E-5
2.05120000E-4,3.24175981E-5
2.05160000E-4,3.24562792E-5
2.05200000E-4,-6.56420450E-6
2.05240000E-4,2.30920837E-5
2.05280000E-4,5.77279159E-5
2.05320000E-4,1.52369921E-5
2.05360000E-4,2.61350774E-5
2.05400000E-4,4.14096127E-5
2.05440000E-4,4.26107369E-5
2.05480000E-4,5.33978337E-5
2.05520000E-4,7.17987424E-5
2.05560000E-4,5.64616175E-5
2.05600000E-4,2.39639233E-5
2.05640000E-4,3.10242036E-5
2.05680000E-4,2.29721385E-6
2.05720000E-4,3.64114052E-5
2.05760000E-4,5.47993058E-5
2.05800000E-4,3.31119208E-5
2.05840000E-4,-7.01143010E-6
2.05880000E-4,3.79489477E-5
2.05920000E-4,2.11043673E-6
2.05960000E-4,3.52078110E-5
2.06000000E-4,6.05794786E-5
2.06040000E-4,4.77936711E-5
2.06080000E-4,6.99389652E-7
2.06120000E-4,2.07630297E-5
2.06160000E-4,5.17692344E-5
2.06200000E-4,3.36222987E-5
2.06240000E-4,7.69434327E-6
2.06280000E-4,3.43598323E-5
2.06320000E-4,3.38009600E-5
2.06360000E-4,4.68236317E-5
2.06400000E-4,4.88472524E-5
2.06440000E-4,3.61553627E-5
2.06480000E-4,4.72530235E-5
2.06520000E-4,3.56894451E-5
2.06560000E-4,6.35785747E-5
2.06600000E-4,2.42277954E-5
2.06640000E-4,3.92801818E-5
2.06680000E-4,-8.13831082E-6
2.06720000E-4,5.88868115E-5
2.06760000E-4,2.36442707E-5
2.06800000E-4,-1.71017342E-5
2.06840000E-4,5.19814826E-6
2.06880000E-4,5.33155316E-5
2.06920000E-4,1.54036371E-5
2.06960000E-4,4.65842594E-5
2.07000000E-4,5.76599666E-5
2.07040000E-4,2.51607083E-5
2.07080000E-4,3.34104399E-5
2.07120000E-4,4.63075412E-5
2.07160000E-4,6.58063485E-5
2.07200000E-4,3.89473780E-5
2.07240000E-4,1.05910609E-6
2.07280000E-4,4.12135452E-6
2.07320000E-4,7.35658819E-5
2.07360000E-4,3.50488716E-5
2.07400000E-4,2.73372603E-5
2.07440000E-4,4.25376950E-5
2.07480000E-4,8.16697300E-5
2.07520000E-4,3.82076700E-5
2.07560000E-4,2.28274200E-5
2.07600000E-4,4.21235047E-5
2.07640000E-4,5.32426995E-5
2.07680000E-4,4.54185164E-5
2.07720000E-4,4.78151764E-5
2.07760000E-4,2.81783248E-5
2.07800000E-4,4.22952519E-5
2.07840000E-4,8.78398300E-6
2.07880000E-4,5.08394782E-5
2.07920000E-4,3.92818316E-5
2.07960000E-4,3.22862676E-5
2.08000000E-4,1.71166652E-5
2.08040000E-4,2.71591330E-5
2.08080000E-4,3.13082746E-5
2.08120000E-4,3.25836615E-5
2.08160000E-4,1.54145758E-5
2.08200000E-4,2.90068962E-5
2.08240000E-4,3.40320163E-5
2.08280000E-4,1.58534949E-5
2.08320000E-4,3.45928340E-5
2.08360000E-4,4.47675860E-5
2.08400000E-4,4.76766266E-5
2.08440000E-4,5.41464871E-5
2.08480000E-4,3.52012958E-6
2.08520000E-4,4.01310119E-5
2.08560000E-4,2.29798171E-5
2.08600000E-4,2.57138570E-6
2.08640000E-4,9.22583942E-6
2.08680000E-4,2.76564170E-5
2.08720000E-4,5.78952190E-5
2.08760000E-4,5.56091184E-5
2.08800000E-4,4.27634107E-5
2.08840000E-4,4.53711093E-5
2.08880000E-4,1.43591825E-5
2.08920000E-4,7.98531424E-5
2.08960000E-4,3.19645170E-5
2.09000000E-4,4.65439094E-5
2.09040000E-4,5.78704902E-5
2.09080000E-4,1.96679540E-5
2.09120000E-4,2.63672209E-5
2.09160000E-4,6.38109470E-5
2.09200000E-4,5.62758513E-5
2.09240000E-4,3.21174196E-5
2.09280000E-4,4.70768703E-5
2.09320000E-4,7.25074178E-5
2.09360000E-4,3.19639638E-5
2.09400000E-4,7.96425425E-5
2.09440000E-4,4.76076283E-5
2.09480000E-4,1.03576506E-5
2.09520000E-4,2.72757292E-5
2.09560000E-4,8.11605823E-5
2.09600000E-4,4.87017884E-5
2.09640000E-4,4.23697243E-5
2.09680000E-4,5.38487500E-5
2.09720000E-4,1.99179025E-5
2.09760000E-4,2.95045711E-5
2.09800000E-4,6.44152618E-5
2.09840000E-4,7.87541281E-5
2.09880000E-4,3.16932634E-5
2.09920000E-4,2.87263156E-5
2.09960000E-4,2.70937681E-5
2.10000000E-4,1.79581955E-6
2.10040000E-4,4.78590073E-5
2.10080000E-4,5.56588430E-5
2.10120000E-4,7.70435319E-5
2.10160000E-4,1.87252358E-6
2.10200000E-4,4.05651912E-5
2.10240000E-4,3.47557121E-5
2.10280000E-4,2.66550016E-5
2.10320000E-4,3.38484053E-5
2.10360000E-4,2.80176307E-5
2.10400000E-4,1.82174534E-5
2.10440000E-4,2.95307209E-5
2.10480000E-4,6.25588297E-5
2.10520000E-4,3.68616349E-5
2.10560000E-4,1.90424008E-5
2.10600000E-4,2.66565752E-5
2.10640000E-4,2.39282463E-5
2.10680000E-4,3.57790047E-5
2.10720000E-4,5.41304463E-5
2.10760000E-4,5.63067503E-5
2.10800000E-4,5.72679492E-5
2.10840000E-4,6.03384660E-5
2.10880000E-4,4.52738250E-5
2.10920000E-4,2.33785007E-5
2.10960000E-4,5.01867643E-5
2.11000000E-4,2.77975798E-5
2.11040000E-4,-5.78159069E-6
2.11080000E-4,2.61147451E-5
2.11120000E-4,3.65607125E-5
2.11160000E-4,8.52083102E-5
2.11200000E-4,2.77751971E-5
2.11240000E-4,4.33297311E-5
2.11280000E-4,4.58733810E-5
2.11320000E-4,1.71897453E-5
2.11360000E-4,1.52669851E-5
2.11400000E-4,5.47206086E-5
2.11440000E-4,2.96544125E-5
2.11480000E-4,2.23564574E-5
2.11520000E-4,1.82963604E-5
2.11560000E-4,-6.09394766E-6
2.11600000E-4,1.32910290E-5
2.11640000E-4,3.95561465E-5
2.11680000E-4,5.79345199E-5
2.11720000E-4,3.77362783E-5
2.11760000E-4,4.46842348E-5
2.11800000E-4,4.56884921E-5
2.11840000E-4,3.46345668E-5
2.11880000E-4,6.29349097E-6
2.11920000E-4,1.41105691E-5
2.11960000E-4,3.93407878E-5
2.12000000E-4,5.15367190E-5
2.12040000E-4,4.96088854E-5
2.12080000E-4,3.56201321E-5
2.12120000E-4,3.35819869E-5
2.12160000E-4,2.55185842E-5
2.12200000E-4,1.63328212E-5
2.12240000E-4,5.89232895E-5
2.12280000E-4,3.00833847E-5
2.12320000E-4,4.38773309E-5
2.12360000E-4,4.54815638E-5
2.12400000E-4,2.40554283E-5
2.12440000E-4,4.70652737E-5
2.12480000E-4,2.08365675E-5
2.12520000E-4,1.55367224E-5
2.12560000E-4,3.81662805E-5
2.12600000E-4,5.41542405E-5
2.12640000E-4,1.82888931E-5
2.12680000E-4,2.27017924E-5
2.12720000E-4,1.07422484E-5
2.12760000E-4,2.94846203E-5
2.12800000E-4,1.81450123E-5
2.12840000E-4,3.72537191E-5
2.12880000E-4,7.34856016E-5
2.12920000E-4,2.22523257E-5
2.12960000E-4,1.34455338E-5
2.13000000E-4,4.03317127E-5
2.13040000E-4,3.63628155E-5
2.13080000E-4,2.53444432E-5
2.13120000E-4,3.26283888E-5
2.13160000E-4,3.08987191E-5
2.13200000E-4,2.02511068E-5
2.13240000E-4,5.44025773E-5
2.13280000E-4,5.33463925E-5
2.13320000E-4,1.80190605E-5
2.13360000E-4,1.16537418E-5
2.13400000E-4,3.86901816E-5
2.13440000E-4,3.34040408E-5
2.13480000E-4,3.34486060E-5
2.13520000E-4,4.08297867E-6
2.13560000E-4,4.19062386E-5
2.13600000E-4,5.58701105E-5
2.13640000E-4,5.26127403E-5
2.13680000E-4,4.04110011E-5
2.13720000E-4,5.04803053E-5
2.13760000E-4,2.78284121E-5
2.13800000E-4,2.42866467E-5
2.13840000E-4,3.60022885E-5
2.13880000E-4,6.06044935E-5
2.13920000E-4,4.32382833E-5
2.13960000E-4,2.41821144E-5
2.14000000E-4,1.44460718E-5
2.14040000E-4,5.21095054E-5
2.14080000E-4,5.42985505E-5
2.14120000E-4,7.15182095E-5
2.14160000E-4,4.87481561E-5
2.14200000E-4,4.97079626E-5
2.14240000E-4,5.19016807E-5
2.14280000E-4,3.73002488E-5
2.14320000E-4,4.19609318E-5
2.14360000E-4,1.30564251E-5
2.14400000E-4,1.95642419E-5
2.14440000E-4,7.80245481E-5
2.14480000E-4,3.92635306E-5
2.14520000E-4,5.10245196E-5
2.14560000E-4,5.94443963E-5
2.14600000E-4,5.79898712E-5
2.14640000E-4,6.47040058E-5
2.14680000E-4,4.68791164E-5
2.14720000E-4,6.70327833E-5
2.14760000E-4,2.45044564E-5
2.14800000E-4,1.46078722E-5
2.14840000E-4,6.38096023E-5
2.14880000E-4,4.04701290E-5
2.14920000E-4,3.15212571E-6
2.14960000E-4,2.90277912E-5
2.15000000E-4,5.56481810E-5
2.15040000E-4,6.60340859E-5
2.15080000E-4,3.33971076E-5
2.15120000E-4,2.77220488E-5
2.15160000E-4,4.36253797E-5
2.15200000E-4,3.64599377E-5
2.15240000E-4,7.14208966E-5
2.15280000E-4,5.25274532E-5
2.15320000E-4,5.26067417E-5
2.15360000E-4,4.60209239E-5
2.15400000E-4,7.00213699E-5
2.15440000E-4,1.33754864E-5
2.15480000E-4,7.40739997E-5
2.15520000E-4,8.44946089E-5
2.15560000E-4,5.19514816E-5
2.15600000E-4,3.37612014E-5
2.15640000E-4,4.18790303E-5
2.15680000E-4,1.90729279E-5
2.15720000E-4,4.67145694E-5
2.15760000E-4,5.71182605E-5
2.15800000E-4,4.25384293E-5
2.15840000E-4,3.10241845E-5
2.15880000E-4,3.99417743E-5
2.15920000E-4,6.34843612E-5
2.15960000E-4,4.28506814E-5
2.16000000E-4,4.93617597E-5
2.16040000E-4,5.00052786E-6
2.16080000E-4,3.75320299E-5
2.16120000E-4,5.98372815E-5
2.16160000E-4,1.21606197E-5
2.16200000E-4,3.88267763E-5
2.16240000E-4,3.33928542E-5
2.16280000E-4,8.41367330E-5
2.16320000E-4,3.13707784E-5
2.16360000E-4,4.41632902E-5
2.16400000E-4,6.19186758E-5
2.16440000E-4,-2.31738758E-6
2.16480000E-4,9.32402019E-6
2.16520000E-4,5.71837302E-5
2.16560000E-4,4.27912770E-5
2.16600000E-4,3.49731308E-5
2.16640000E-4,-4.06326973E-6
2.16680000E-4,8.69632125E-6
2.16720000E-4,3.15103486E-5
2.16760000E-4,2.61698770E-5
2.16800000E-4,3.08416512E-5
2.16840000E-4,4.21809064E-5
2.16880000E-4,5.85270283E-5
2.16920000E-4,4.34730684E-5
2.16960000E-4,3.54096180E-5
2.17000000E-4,5.51327581E-5
2.17040000E-4,2.28129051E-5
2.17080000E-4,1.07707538E-5
2.17120000E-4,6.42350746E-5
2.17160000E-4,3.47677093E-5
2.17200000E-4,4.02882442E-5
2.17240000E-4,4.59905494E-5
2.17280000E-4,6.96260528E-5
2.17320000E-4,3.51777130E-5
2.17360000E-4,2.78095580E-5
2.17400000E-4,2.33047912E-5
2.17440000E-4,6.61374070E-5
2.17480000E-4,3.76458032E-5
2.17520000E-4,1.91880650E-5
2.17560000E-4,5.47646589E-5
2.17600000E-4,4.31695043E-5
2.17640000E-4,4.28639661E-5
2.17680000E-4,5.79124233E-5
2.17720000E-4,7.23384252E-6
2.17760000E-4,2.76391650E-5
2.17800000E-4,4.20104084E-5
2.17840000E-4,4.32540475E-5
2.17880000E-4,8.56196776E-5
2.17920000E-4,2.47551964E-5
2.17960000E-4,1.56302492E-5
2.18000000E-4,2.88007881E-5
2.18040000E-4,4.70490517E-5
2.18080000E-4,3.30448870E-5
2.18120000E-4,3.09015229E-5
2.18160000E-4,6.72541693E-5
2.18200000E-4,4.90173688E-5
2.18240000E-4,2.10599085E-5
2.18280000E-4,5.20028751E-5
2.18320000E-4,4.69814743E-5
2.18360000E-4,4.06355915E-5
2.18400000E-4,3.66866452E-5
2.18440000E-4,5.39686650E-5
2.18480000E-4,1.03207720E-5
2.18520000E-4,7.40882762E-5
2.18560000E-4,3.79835756E-5
2.18600000E-4,3.34127097E-5
2.18640000E-4,2.52549981E-5
2.18680000E-4,3.45077091E-5
2.18720000E-4,4.47621405E-5
2.18760000E-4,3.05631783E-5
2.18800000E-4,4.62323726E-5
2.18840000E-4,3.99941772E-6
2.18880000E-4,2.27906177E-5
2.18920000E-4,8.42388509E-6
2.18960000E-4,7.13099827E-6
2.19000000E-4,4.22806798E-5
2.19040000E-4,4.00120219E-5
2.19080000E-4,4.78095211E-5
2.19120000E-4,5.85733482E-5
2.19160000E-4,4.14996777E-5
2.19200000E-4,3.37970786E-5
2.19240000E-4,3.34255652E-5
2.19280000E-4,3.86400088E-5
2.19320000E-4,5.00396315E-5
2.19360000E-4,1.63570826E-5
2.19400000E-4,5.79604694E-5
2.19440000E-4,5.31896370E-5
2.19480000E-4,7.52542766E-5
2.19520000E-4,5.18583457E-5
2.19560000E-4,5.09213797E-5
2.19600000E-4,1.39413205E-5
2.19640000E-4,2.86085464E-5
2.19680000E-4,4.23164902E-5
2.19720000E-4,1.03631247E-5
2.19760000E-4,3.40551238E-5
2.19800000E-4,3.05007603E-5
2.19840000E-4,4.54128230E-5
2.19880000E-4,-1.30857160E-5
2.19920000E-4,4.66353477E-5
2.19960000E-4,4.72458042E-5
2.20000000E-4,4.52792132E-5
2.20040000E-4,3.28583006E-5
2.20080000E-4,4.14588795E-5
2.20120000E-4,-6.37763718E-6
2.20160000E-4,3.03261712E-5
2.20200000E-4,1.21231403E-5
2.20240000E-4,1.22432747E-5
2.20280000E-4,1.13906516E-5
2.20320000E-4,7.51714977E-5
2.20360000E-4,5.10106246E-5
2.20400000E-4,3.74101980E-5
2.20440000E-4,1.54276316E-5
2.20480000E-4,3.39221625E-5
2.20520000E-4,2.05169244E-5
2.20560000E-4,4.93746343E-5
2.20600000E-4,5.89078018E-5
2.20640000E-4,3.09115556E-5
2.20680000E-4,1.99633355E-5
2.20720000E-4,1.84717793E-5
2.20760000E-4,2.09515425E-5
2.20800000E-4,7.24183923E-5
2.20840000E-4,5.90566704E-5
2.20880000E-4,6.61946641E-6
2.20920000E-4,3.16907075E-5
2.20960000E-4,5.46606607E-5
2.21000000E-4,6.56492020E-5
2.21040000E-4,5.08746481E-6
2.21080000E-4,3.83807047E-5
2.21120000E-4,3.26135878E-5
2.21160000E-4,6.15952833E-6
2.21200000E-4,1.92519040E-5
2.21240000E-4,1.52144758E-5
2.21280000E-4,4.17699490E-5
2.21320000E-4,3.96613177E-5
2.21360000E-4,3.02159073E-5
2.21400000E-4,2.72163153E-5
2.21440000E-4,3.47739845E-5
2.21480000E-4,1.37037889E-5
2.21520000E-4,3.93448409E-5
2.21560000E-4,2.96137669E-5
2.21600000E-4,1.07776202E-5
2.21640000E-4,3.44377094E-5
2.21680000E-4,1.54370539E-5
2.21720000E-4,3.00020172E-5
2.21760000E-4,3.84941919E-5
2.21800000E-4,4.51328242E-5
2.21840000E-4,2.80592967E-5
2.21880000E-4,3.89992484E-5
2.21920000E-4,4.06872806E-5
2.21960000E-4,2.31344936E-5
2.22000000E-4,1.61947577E-5
2.22040000E-4,6.19922613E-5
2.22080000E-4,4.05190525E-5
2.22120000E-4,4.14105377E-5
2.22160000E-4,6.66663816E-5
2.22200000E-4,9.18295268E-6
2.22240000E-4,3.90984877E-5
2.22280000E-4,1.41494981E-5
2.22320000E-4,3.19538644E-5
2.22360000E-4,3.33303599E-5
2.22400000E-4,-6.32816055E-6
2.22440000E-4,2.58341455E-5
2.22480000E-4,4.22392140E-5
2.22520000E-4,1.38171235E-5
2.22560000E-4,3.61821610E-5
2.22600000E-4,3.58058220E-5
2.22640000E-4,2.94950344E-5
2.22680000E-4,2.79415274E-5
2.22720000E-4,4.09537754E-5
2.22760000E-4,2.49252080E-5
2.22800000E-4,2.71029520E-5
2.22840000E-4,2.93918659E-5
2.22880000E-4,1.64064448E-5
2.22920000E-4,1.82878918E-5
2.22960000E-4,3.75802953E-5
2.23000000E-4,3.80190332E-5
2.23040000E-4,5.02934233E-5
2.23080000E-4,2.55278253E-5
2.23120000E-4,3.86000784E-5
2.23160000E-4,2.87969829E-5
2.23200000E-4,1.06632651E-5
2.23240000E-4,3.71379430E-5
2.23280000E-4,2.51942586E-5
2.23320000E-4,2.47876404E-5
2.23360000E-4,4.51047289E-5
2.23400000E-4,3.21390966E-5
2.23440000E-4,5.41573495E-5
2.23480000E-4,6.19602083E-5
2.23520000E-4,-1.99643309E-5
2.23560000E-4,3.71126134E-5
2.23600000E-4,5.05491511E-5
2.23640000E-4,4.60553802E-5
2.23680000E-4,4.62691272E-5
2.23720000E-4,9.47052365E-6
2.23760000E-4,3.12078717E-5
2.23800000E-4,3.69418008E-5
2.23840000E-4,3.41495185E-5
2.23880000E-4,2.54812192E-5
2.23920000E-4,7.28142530E-5
2.23960000E-4,-1.68935486E-6
2.24000000E-4,2.65193224E-5
2.24040000E-4,3.34611468E-5
2.24080000E-4,3.92931708E-5
2.24120000E-4,5.10312621E-5
2.24160000E-4,3.77025373E-5
2.24200000E-4,2.79217578E-5
2.24240000E-4,1.13442745E-5
2.24280000E-4,4.20830880E-5
2.24320000E-4,5.50048418E-5
2.24360000E-4,2.62163877E-5
2.24400000E-4,3.97106418E-5
2.24440000E-4,2.31230590E-5
2.24480000E-4,1.67848533E-5
2.24520000E-4,2.68593168E-5
2.24560000E-4,5.08793036E-5
2.24600000E-4,-6.33910874E-6
2.24640000E-4,5.22621982E-5
2.24680000E-4,2.32026145E-5
2.24720000E-4,3.33336310E-5
2.24760000E-4,1.53046648E-5
2.24800000E-4,5.72062465E-5
2.24840000E-4,-1.49454383E-5
2.24880000E-4,2.70908674E-6
2.24920000E-4,2.68962717E-5
2.24960000E-4,6.98072605E-5
2.25000000E-4,1.95028634E-5
2.25040000E-4,3.69632871E-5
2.25080000E-4,1.78904385E-5
2.25120000E-4,-4.17506097E-7
2.25160000E-4,2.20987651E-5
2.25200000E-4,2.75924048E-6
2.25240000E-4,2.25076148E-5
2.25280000E-4,2.26417491E-5
2.25320000E-4,6.12065004E-5
2.25360000E-4,1.79695934E-5
2.25400000E-4,6.59940984E-5
2.25440000E-4,1.67900508E-5
2.25480000E-4,2.01682611E-5
2.25520000E-4,1.49827902E-5
